# Blender 4.3.0
# www.blender.org
o ribbon@.obj
v 8.436240 0.000002 51.000000
v 10.221030 0.598625 52.509815
v 8.526102 0.795948 50.578190
v 10.303604 1.484470 52.110306
v 8.539949 1.608497 50.156376
v 10.266963 2.465452 51.713795
v 8.475485 2.430308 49.734566
v 10.136196 3.452297 51.317482
v 8.331133 3.253759 49.312752
v 9.909916 4.435909 50.921379
v 8.106062 4.071018 48.890942
v 9.587613 5.406994 50.525482
v 7.800215 4.874117 48.469128
v 9.169694 6.356131 50.129791
v 7.414326 5.655024 48.047318
v 8.657488 7.273869 49.734318
v 6.949930 6.405730 47.625504
v 8.053263 8.150823 49.339062
v 6.409366 7.118324 47.203693
v 7.360221 8.977757 48.944019
v 5.795772 7.785073 46.781879
v 6.582495 9.745684 48.549198
v 5.113067 8.398508 46.360069
v 5.725121 10.445959 48.154602
v 4.365935 8.951496 45.938255
v 4.794016 11.070371 47.760231
v 3.559792 9.437324 45.516445
v 3.795941 11.611225 47.366085
v 2.700749 9.849765 45.094635
v 2.738455 12.061435 46.972172
v 1.795565 10.183164 44.672821
v 1.629853 12.414608 46.578487
v 0.851596 10.432489 44.251011
v 0.479109 12.665114 46.185032
v -0.123266 10.593405 43.829197
v -0.704190 12.808162 45.791817
v -1.120656 10.662327 43.407387
v -1.909942 12.839859 45.398838
v -2.131811 10.636460 42.985573
v -3.127594 12.757268 45.006096
v -3.147644 10.513864 42.563763
v -4.346241 12.558467 44.613602
v -4.158831 10.293465 42.141949
v -5.554734 12.242569 44.221344
v -5.155885 9.975102 41.720139
v -6.741755 11.809772 43.829330
v -6.129262 9.559535 41.298325
v -7.895952 11.261368 43.437561
v -7.069433 9.048459 40.876514
v -9.006021 10.599758 43.046036
v -7.966988 8.444514 40.454700
v -10.060829 9.828450 42.654762
v -8.812727 7.751256 40.032890
v -11.049520 8.952044 42.263737
v -9.597744 6.973169 39.611076
v -11.961612 7.976228 41.872959
v -10.313531 6.115613 39.189266
v -12.787125 6.907722 41.482437
v -10.952053 5.184810 38.767452
v -13.516663 5.754259 41.092167
v -11.505846 4.187785 38.345642
v -14.141533 4.524507 40.702148
v -11.968087 3.132329 37.923828
v -14.653826 3.228032 40.312386
v -12.332679 2.026921 37.502018
v -15.046513 1.875206 39.922882
v -12.594315 0.880678 37.080204
v -15.313532 0.477131 39.533638
v -12.748549 -0.296726 36.658394
v -15.449852 -0.954433 39.144646
v -12.791854 -1.495156 36.236580
v -15.451557 -2.407204 38.755917
v -12.721661 -2.704072 35.814770
v -15.315883 -3.868447 38.367451
v -12.536412 -3.912660 35.392960
v -15.041283 -5.325105 37.979240
v -12.235589 -5.109896 34.971146
v -14.627459 -6.763902 37.591297
v -11.819730 -6.284663 34.549332
v -14.075380 -8.171475 37.203617
v -11.290454 -7.425846 34.127522
v -13.387312 -9.534484 36.816196
v -10.650451 -8.522454 33.705711
v -12.566804 -10.839743 36.429043
v -9.903490 -9.563694 33.283897
v -11.618697 -12.074350 36.042160
v -9.054389 -10.539102 32.862083
v -10.549075 -13.225810 35.655540
v -8.108996 -11.438627 32.440269
v -9.365272 -14.282145 35.269188
v -7.074138 -12.252766 32.018459
v -8.075776 -15.232029 34.883102
v -5.957592 -12.972613 31.596649
v -6.690217 -16.064905 34.497288
v -4.768019 -13.589986 31.174837
v -5.219264 -16.771093 34.111736
v -3.514896 -14.097503 30.753025
v -3.674576 -17.341879 33.726460
v -2.208451 -14.488662 30.331213
v -2.068696 -17.769640 33.341454
v -0.859549 -14.757931 29.909401
v -0.414917 -18.047918 32.956718
v 0.520352 -14.900796 29.487591
v 1.272765 -18.171497 32.572254
v 1.919330 -14.913815 29.065779
v 2.979805 -18.136478 32.188061
v 3.325087 -14.794696 28.643967
v 4.691219 -17.940340 31.804142
v 4.725084 -14.542301 28.222153
v 6.391743 -17.581978 31.420496
v 6.106610 -14.156702 27.800341
v 8.065928 -17.061745 31.037127
v 7.456931 -13.639181 27.378529
v 9.698314 -16.381462 30.654032
v 8.763391 -12.992245 26.956718
v 11.273541 -15.544437 30.271210
v 10.013530 -12.219626 26.534906
v 12.776504 -14.555475 29.888664
v 11.195227 -11.326244 26.113094
v 14.192523 -13.420806 29.506393
v 12.296771 -10.318207 25.691284
v 15.507442 -12.148099 29.124401
v 13.307013 -9.202752 25.269470
v 16.707777 -10.746408 28.742685
v 14.215455 -7.988216 24.847658
v 17.780863 -9.226104 28.361248
v 15.012379 -6.683935 24.425848
v 18.714998 -7.598773 27.980087
v 15.688916 -5.300226 24.004034
v 19.499517 -5.877188 27.599203
v 16.237164 -3.848269 23.582222
v 20.124943 -4.075170 27.218599
v 16.650265 -2.340030 23.160410
v 20.583086 -2.207497 26.838274
v 16.922485 -0.788173 22.738600
v 20.867132 -0.289770 26.458229
v 17.049280 0.794089 22.316786
v 20.971725 1.661719 26.078461
v 17.027359 2.393048 21.894974
v 20.893047 3.630098 25.698977
v 16.854723 3.994653 21.473162
v 20.628872 5.598093 25.319773
v 16.530712 5.584625 21.051350
v 20.178606 7.548140 24.940845
v 16.056017 7.148606 20.629536
v 19.543325 9.462594 24.562204
v 15.432704 8.672249 20.207726
v 18.725779 11.323839 24.183847
v 14.664207 10.141374 19.785913
v 17.730410 13.114468 23.805767
v 13.755322 11.542099 19.364101
v 16.563318 14.817440 23.427967
v 12.712172 12.860958 18.942289
v 15.232260 16.416233 23.050453
v 11.542168 14.085057 18.520475
v 13.746548 17.895056 22.673220
v 10.253974 15.202157 18.098665
v 12.117044 19.238911 22.296270
v 8.857434 16.200827 17.676851
v 10.356071 20.433802 21.919605
v 7.363507 17.070539 17.255041
v 8.477308 21.466866 21.543222
v 5.784148 17.801796 16.833231
v 6.495671 22.326498 21.167130
v 4.132265 18.386208 16.411417
v 4.427255 23.002472 20.791315
v 2.421581 18.816599 15.989605
v 2.289148 23.486073 20.415789
v 0.666525 19.087082 15.567795
v 0.099302 23.770170 20.040543
v -1.117875 19.193123 15.145981
v -2.123575 23.849325 19.665583
v -2.916172 19.131609 14.724171
v -4.360268 23.719849 19.290907
v -4.712519 18.900894 14.302358
v -6.591077 23.379875 18.916517
v -6.490977 18.500816 13.880545
v -8.796167 22.829388 18.542414
v -8.235501 17.932737 13.458734
v -10.955600 22.070257 18.168592
v -9.930161 17.199541 13.036922
v -13.049565 21.106245 17.795052
v -11.559278 16.305626 12.615105
v -15.058577 19.942995 17.421810
v -13.107561 15.256878 12.193299
v -16.963633 18.588011 17.048853
v -14.560251 14.060660 11.771489
v -18.746386 17.050619 16.676180
v -15.903262 12.725717 11.349675
v -20.389338 15.341893 16.303793
v -17.123322 11.262168 10.927865
v -21.876001 13.474599 15.931699
v -18.208082 9.681394 10.506048
v -23.191040 11.463087 15.559880
v -19.146263 7.995975 10.084235
v -24.320457 9.323223 15.188357
v -19.927771 6.219532 9.662425
v -25.251736 7.072146 14.817119
v -20.543764 4.366712 9.240615
v -25.973936 4.728283 14.446174
v -20.986786 2.453001 8.818802
v -26.477837 2.311132 14.075512
v -21.250835 0.494613 8.396992
v -26.756046 -0.158904 13.705135
v -21.331436 -1.491647 7.975182
v -26.803085 -2.660684 13.335056
v -21.225691 -3.488531 7.553369
v -26.615459 -5.172506 12.965257
v -20.932341 -5.478497 7.131558
v -26.191723 -7.672287 12.595754
v -20.451771 -7.443852 6.709744
v -25.532505 -10.137775 12.226534
v -19.786062 -9.366913 6.287931
v -24.640556 -12.546703 11.857595
v -18.938931 -11.230215 5.866118
v -23.520712 -14.877068 11.488952
v -17.915783 -13.016581 5.444306
v -22.365341 -16.905321 11.120201
v 8.446224 0.088440 50.953133
v 8.456209 0.176879 50.906265
v 8.466193 0.265317 50.859398
v 8.476178 0.353756 50.812527
v 8.486163 0.442194 50.765659
v 8.496148 0.530633 50.718792
v 8.506133 0.619071 50.671925
v 8.516117 0.707510 50.625057
v 8.527641 0.886231 50.531319
v 8.529180 0.976514 50.484451
v 8.530718 1.066798 50.437584
v 8.532257 1.157081 50.390717
v 8.533795 1.247364 50.343849
v 8.535335 1.337648 50.296982
v 8.536873 1.427931 50.250111
v 8.538410 1.518214 50.203243
v 8.532786 1.699810 50.109509
v 8.525623 1.791121 50.062641
v 8.518461 1.882434 50.015774
v 8.511299 1.973747 49.968903
v 8.504136 2.065059 49.922035
v 8.496973 2.156372 49.875168
v 8.489811 2.247684 49.828300
v 8.482648 2.338996 49.781433
v 8.459446 2.521802 49.687695
v 8.443407 2.613297 49.640827
v 8.427367 2.704792 49.593960
v 8.411328 2.796286 49.547092
v 8.395289 2.887781 49.500225
v 8.379251 2.979276 49.453358
v 8.363212 3.070771 49.406487
v 8.347172 3.162265 49.359619
v 8.306126 3.344566 49.265884
v 8.281117 3.435372 49.219017
v 8.256109 3.526179 49.172150
v 8.231101 3.616986 49.125282
v 8.206093 3.707792 49.078411
v 8.181086 3.798599 49.031544
v 8.156077 3.889406 48.984676
v 8.131069 3.980212 48.937809
v 8.072079 4.160252 48.844074
v 8.038095 4.249485 48.797203
v 8.004112 4.338718 48.750336
v 7.970129 4.427951 48.703468
v 7.936146 4.517184 48.656601
v 7.902163 4.606418 48.609734
v 7.868181 4.695651 48.562866
v 7.834198 4.784884 48.515995
v 7.757339 4.960885 48.422260
v 7.714462 5.047652 48.375393
v 7.671586 5.134419 48.328526
v 7.628709 5.221187 48.281654
v 7.585833 5.307954 48.234787
v 7.542956 5.394722 48.187920
v 7.500079 5.481489 48.141052
v 7.457202 5.568256 48.094185
v 7.362726 5.738435 48.000450
v 7.311127 5.821847 47.953579
v 7.259527 5.905259 47.906712
v 7.207928 5.988671 47.859844
v 7.156328 6.072083 47.812977
v 7.104729 6.155495 47.766109
v 7.053129 6.238907 47.719242
v 7.001529 6.322318 47.672371
v 6.889867 6.484908 47.578636
v 6.829804 6.564085 47.531769
v 6.769741 6.643261 47.484901
v 6.709679 6.722439 47.438034
v 6.649616 6.801616 47.391163
v 6.589553 6.880793 47.344296
v 6.529491 6.959970 47.297428
v 6.469429 7.039147 47.250561
v 6.341189 7.192408 47.156826
v 6.273012 7.266491 47.109959
v 6.204835 7.340574 47.063087
v 6.136657 7.414658 47.016220
v 6.068480 7.488741 46.969353
v 6.000304 7.562824 46.922485
v 5.932126 7.636908 46.875618
v 5.863949 7.710990 46.828751
v 5.719915 7.853233 46.735012
v 5.644060 7.921392 46.688145
v 5.568203 7.989551 46.641277
v 5.492348 8.057710 46.594410
v 5.416491 8.125870 46.547539
v 5.340635 8.194030 46.500671
v 5.264779 8.262189 46.453804
v 5.188923 8.330348 46.406937
v 5.030052 8.459951 46.313202
v 4.947038 8.521394 46.266335
v 4.864023 8.582837 46.219467
v 4.781008 8.644279 46.172596
v 4.697994 8.705724 46.125729
v 4.614979 8.767167 46.078861
v 4.531964 8.828610 46.031994
v 4.448949 8.890053 45.985126
v 4.276363 9.005477 45.891388
v 4.186792 9.059457 45.844521
v 4.097221 9.113439 45.797653
v 4.007649 9.167418 45.750786
v 3.918078 9.221399 45.703918
v 3.828507 9.275380 45.657051
v 3.738935 9.329361 45.610184
v 3.649364 9.383342 45.563313
v 3.464343 9.483150 45.469578
v 3.368894 9.528977 45.422710
v 3.273445 9.574804 45.375843
v 3.177995 9.620631 45.328972
v 3.082546 9.666458 45.282104
v 2.987097 9.712285 45.235237
v 2.891648 9.758112 45.188370
v 2.796198 9.803938 45.141502
v 2.600173 9.886808 45.047768
v 2.499598 9.923853 45.000896
v 2.399022 9.960896 44.954029
v 2.298445 9.997941 44.907162
v 2.197870 10.034986 44.860294
v 2.097294 10.072030 44.813427
v 1.996717 10.109075 44.766556
v 1.896141 10.146117 44.719688
v 1.690680 10.210866 44.625954
v 1.585794 10.238568 44.579086
v 1.480909 10.266272 44.532219
v 1.376023 10.293975 44.485352
v 1.271138 10.321677 44.438480
v 1.166252 10.349380 44.391613
v 1.061367 10.377083 44.344746
v 0.956481 10.404786 44.297878
v 0.743278 10.450369 44.204140
v 0.634960 10.468249 44.157272
v 0.526642 10.486128 44.110405
v 0.418324 10.504008 44.063538
v 0.310006 10.521888 44.016670
v 0.201688 10.539766 43.969803
v 0.093370 10.557647 43.922932
v -0.014948 10.575526 43.876064
v -0.234087 10.601064 43.782330
v -0.344908 10.608722 43.735462
v -0.455729 10.616380 43.688595
v -0.566550 10.624038 43.641727
v -0.677372 10.631697 43.594856
v -0.788193 10.639354 43.547989
v -0.899014 10.647012 43.501122
v -1.009835 10.654670 43.454254
v -1.233006 10.659453 43.360519
v -1.345357 10.656579 43.313652
v -1.457708 10.653706 43.266781
v -1.570058 10.650833 43.219913
v -1.682409 10.647958 43.173046
v -1.794759 10.645083 43.126179
v -1.907110 10.642210 43.079308
v -2.019460 10.639336 43.032440
v -2.244681 10.622839 42.938705
v -2.357551 10.609217 42.891838
v -2.470422 10.595594 42.844971
v -2.583292 10.581973 42.798103
v -2.696162 10.568352 42.751236
v -2.809033 10.554730 42.704365
v -2.921903 10.541108 42.657497
v -3.034774 10.527486 42.610630
v -3.259998 10.489375 42.516895
v -3.372352 10.464886 42.470024
v -3.484706 10.440396 42.423157
v -3.597060 10.415908 42.376289
v -3.709414 10.391419 42.329422
v -3.821768 10.366930 42.282555
v -3.934122 10.342442 42.235687
v -4.046476 10.317954 42.188820
v -4.269614 10.258091 42.095081
v -4.380398 10.222718 42.048214
v -4.491182 10.187345 42.001347
v -4.601966 10.151971 41.954479
v -4.712749 10.116596 41.907608
v -4.823533 10.081223 41.860741
v -4.934317 10.045850 41.813873
v -5.045101 10.010476 41.767006
v -5.264038 9.928927 41.673271
v -5.372191 9.882754 41.626404
v -5.480344 9.836579 41.579533
v -5.588497 9.790406 41.532665
v -5.696651 9.744231 41.485798
v -5.804804 9.698056 41.438931
v -5.912956 9.651883 41.392063
v -6.021109 9.605708 41.345192
v -6.233726 9.502748 41.251457
v -6.338189 9.445962 41.204590
v -6.442653 9.389177 41.157722
v -6.547116 9.332391 41.110855
v -6.651580 9.275603 41.063988
v -6.756043 9.218817 41.017117
v -6.860507 9.162031 40.970249
v -6.964971 9.105246 40.923382
v -7.169161 8.981355 40.829643
v -7.268889 8.914250 40.782776
v -7.368618 8.847144 40.735909
v -7.468346 8.780039 40.689041
v -7.568074 8.712934 40.642174
v -7.667802 8.645828 40.595306
v -7.767531 8.578724 40.548439
v -7.867260 8.511619 40.501572
v -8.060959 8.367485 40.407833
v -8.154930 8.290457 40.360966
v -8.248901 8.213428 40.314095
v -8.342873 8.136399 40.267227
v -8.436843 8.059370 40.220360
v -8.530814 7.982342 40.173492
v -8.624785 7.905313 40.126625
v -8.718757 7.828284 40.079758
v -8.899951 7.664802 39.986023
v -8.987176 7.578348 39.939156
v -9.074400 7.491893 39.892284
v -9.161624 7.405439 39.845417
v -9.248848 7.318985 39.798550
v -9.336072 7.232531 39.751682
v -9.423296 7.146077 39.704811
v -9.510520 7.059623 39.657944
v -9.677277 6.877884 39.564209
v -9.756808 6.782600 39.517342
v -9.836340 6.687316 39.470474
v -9.915872 6.592032 39.423603
v -9.995404 6.496747 39.376736
v -10.074936 6.401464 39.329868
v -10.154468 6.306180 39.283001
v -10.233999 6.210896 39.236134
v -10.384478 6.012190 39.142395
v -10.455425 5.908767 39.095528
v -10.526372 5.805345 39.048660
v -10.597320 5.701922 39.001793
v -10.668266 5.598499 38.954926
v -10.739213 5.495077 38.908058
v -10.810160 5.391654 38.861191
v -10.881106 5.288232 38.814320
v -11.013586 5.074028 38.720585
v -11.075118 4.963249 38.673717
v -11.136651 4.852468 38.626846
v -11.198183 4.741688 38.579979
v -11.259715 4.630907 38.533112
v -11.321248 4.520127 38.486244
v -11.382780 4.409346 38.439377
v -11.444314 4.298565 38.392509
v -11.557206 4.070512 38.298775
v -11.608566 3.953239 38.251904
v -11.659926 3.835966 38.205036
v -11.711287 3.718693 38.158169
v -11.762647 3.601420 38.111298
v -11.814006 3.484148 38.064430
v -11.865366 3.366874 38.017563
v -11.916726 3.249601 37.970695
v -12.008597 3.009506 37.876961
v -12.049108 2.886682 37.830093
v -12.089618 2.763859 37.783222
v -12.130127 2.641036 37.736359
v -12.170637 2.518213 37.689487
v -12.211147 2.395390 37.642620
v -12.251657 2.272567 37.595753
v -12.292169 2.149744 37.548885
v -12.361749 1.899560 37.455147
v -12.390820 1.772200 37.408279
v -12.419889 1.644840 37.361412
v -12.448960 1.517480 37.314545
v -12.478030 1.390119 37.267677
v -12.507102 1.262759 37.220810
v -12.536173 1.135399 37.173943
v -12.565243 1.008039 37.127075
v -12.611451 0.749856 37.033337
v -12.628588 0.619033 36.986469
v -12.645725 0.488210 36.939598
v -12.662862 0.357388 36.892731
v -12.679999 0.226565 36.845863
v -12.697138 0.095742 36.798996
v -12.714274 -0.035081 36.752129
v -12.731411 -0.165903 36.705261
v -12.753362 -0.429885 36.611523
v -12.758172 -0.563043 36.564655
v -12.762984 -0.696202 36.517788
v -12.767797 -0.829361 36.470917
v -12.772608 -0.962521 36.424053
v -12.777418 -1.095680 36.377186
v -12.782230 -1.228837 36.330315
v -12.787043 -1.361997 36.283447
v -12.784055 -1.629480 36.189713
v -12.776256 -1.763803 36.142845
v -12.768456 -1.898128 36.095978
v -12.760657 -2.032453 36.049107
v -12.752858 -2.166776 36.002239
v -12.745059 -2.301100 35.955372
v -12.737261 -2.435425 35.908504
v -12.729460 -2.569748 35.861637
v -12.701077 -2.838361 35.767899
v -12.680493 -2.972649 35.721031
v -12.659911 -3.106936 35.674164
v -12.639329 -3.241224 35.627296
v -12.618745 -3.375510 35.580429
v -12.598162 -3.509799 35.533562
v -12.577579 -3.644087 35.486694
v -12.556996 -3.778373 35.439827
v -12.502988 -4.045687 35.346088
v -12.469563 -4.178712 35.299221
v -12.436138 -4.311737 35.252354
v -12.402713 -4.444764 35.205482
v -12.369287 -4.577792 35.158615
v -12.335863 -4.710817 35.111748
v -12.302438 -4.843841 35.064880
v -12.269012 -4.976868 35.018013
v -12.189382 -5.240424 34.924278
v -12.143175 -5.370953 34.877407
v -12.096969 -5.501482 34.830540
v -12.050763 -5.632014 34.783672
v -12.004556 -5.762543 34.736805
v -11.958349 -5.893073 34.689934
v -11.912143 -6.023602 34.643066
v -11.865937 -6.154132 34.596199
v -11.760921 -6.411461 34.502464
v -11.702113 -6.538258 34.455597
v -11.643305 -6.665058 34.408730
v -11.584496 -6.791857 34.361862
v -11.525688 -6.918653 34.314995
v -11.466880 -7.045452 34.268124
v -11.408072 -7.172252 34.221256
v -11.349262 -7.299048 34.174393
v -11.219342 -7.547693 34.080650
v -11.148231 -7.669536 34.033783
v -11.077120 -7.791381 33.986916
v -11.006008 -7.913226 33.940048
v -10.934896 -8.035073 33.893181
v -10.863785 -8.156918 33.846313
v -10.792673 -8.278764 33.799446
v -10.721562 -8.400609 33.752575
v -10.567454 -8.638147 33.658840
v -10.484459 -8.753839 33.611973
v -10.401464 -8.869533 33.565102
v -10.318468 -8.985226 33.518234
v -10.235473 -9.100919 33.471367
v -10.152477 -9.216614 33.424500
v -10.069482 -9.332307 33.377632
v -9.986485 -9.448000 33.330765
v -9.809146 -9.672073 33.237030
v -9.714802 -9.780451 33.190163
v -9.620457 -9.888830 33.143291
v -9.526113 -9.997209 33.096424
v -9.431767 -10.105587 33.049557
v -9.337423 -10.213965 33.002689
v -9.243078 -10.322344 32.955818
v -9.148734 -10.430722 32.908951
v -8.949345 -10.639049 32.815216
v -8.844301 -10.738997 32.768349
v -8.739258 -10.838943 32.721481
v -8.634214 -10.938889 32.674610
v -8.529170 -11.038837 32.627743
v -8.424127 -11.138785 32.580875
v -8.319083 -11.238732 32.534008
v -8.214041 -11.338678 32.487137
v -7.994012 -11.529086 32.393402
v -7.879028 -11.619546 32.346535
v -7.764044 -11.710006 32.299667
v -7.649060 -11.800462 32.252800
v -7.534075 -11.890924 32.205933
v -7.419091 -11.981385 32.159061
v -7.304107 -12.071844 32.112194
v -7.189122 -12.162304 32.065327
v -6.950078 -12.332747 31.971592
v -6.826017 -12.412730 31.924725
v -6.701957 -12.492713 31.877855
v -6.577896 -12.572697 31.830988
v -6.453835 -12.652679 31.784121
v -6.329775 -12.732662 31.737251
v -6.205714 -12.812646 31.690384
v -6.081653 -12.892627 31.643518
v -5.825418 -13.041210 31.549782
v -5.693243 -13.109808 31.502913
v -5.561068 -13.178405 31.456043
v -5.428893 -13.247004 31.409178
v -5.296718 -13.315599 31.362309
v -5.164543 -13.384195 31.315441
v -5.032369 -13.452793 31.268574
v -4.900194 -13.521390 31.221706
v -4.628783 -13.646378 31.127970
v -4.489547 -13.702768 31.081100
v -4.350312 -13.759159 31.034233
v -4.211076 -13.815550 30.987364
v -4.071840 -13.871942 30.940496
v -3.932604 -13.928330 30.893629
v -3.793368 -13.984721 30.846760
v -3.654132 -14.041112 30.799892
v -3.369736 -14.140965 30.706156
v -3.224575 -14.184427 30.659288
v -3.079415 -14.227890 30.612419
v -2.934254 -14.271352 30.565552
v -2.789094 -14.314815 30.518684
v -2.643933 -14.358278 30.471817
v -2.498772 -14.401739 30.424948
v -2.353612 -14.445201 30.378080
v -2.058573 -14.518583 30.284346
v -1.908695 -14.548502 30.237476
v -1.758817 -14.578422 30.190609
v -1.608939 -14.608339 30.143740
v -1.459061 -14.638259 30.096872
v -1.309183 -14.668179 30.050005
v -1.159305 -14.698096 30.003138
v -1.009427 -14.728016 29.956268
v -0.706227 -14.773808 29.862534
v -0.552905 -14.789681 29.815668
v -0.399582 -14.805554 29.768801
v -0.246260 -14.821428 29.721931
v -0.092938 -14.837301 29.675064
v 0.060385 -14.853174 29.628197
v 0.213707 -14.869048 29.581327
v 0.367029 -14.884921 29.534456
v 0.675794 -14.902244 29.440723
v 0.831236 -14.903690 29.393856
v 0.986678 -14.905137 29.346989
v 1.142120 -14.906584 29.300119
v 1.297562 -14.908031 29.253252
v 1.453004 -14.909477 29.206385
v 1.608446 -14.910923 29.159515
v 1.763888 -14.912369 29.112646
v 2.075525 -14.900579 29.018911
v 2.231720 -14.887343 28.972044
v 2.387916 -14.874108 28.925177
v 2.544111 -14.860873 28.878307
v 2.700306 -14.847637 28.831440
v 2.856501 -14.834401 28.784573
v 3.012697 -14.821166 28.737703
v 3.168891 -14.807932 28.690834
v 3.480642 -14.766652 28.597099
v 3.636197 -14.738607 28.550230
v 3.791752 -14.710566 28.503363
v 3.947307 -14.682521 28.456495
v 4.102863 -14.654477 28.409626
v 4.258418 -14.626432 28.362757
v 4.413973 -14.598388 28.315889
v 4.569529 -14.570346 28.269022
v 4.878587 -14.499457 28.175285
v 5.032090 -14.456610 28.128418
v 5.185593 -14.413769 28.081551
v 5.339096 -14.370924 28.034683
v 5.492599 -14.328079 27.987814
v 5.646101 -14.285235 27.940945
v 5.799604 -14.242389 27.894077
v 5.953107 -14.199547 27.847210
v 6.256646 -14.099200 27.753473
v 6.406682 -14.041698 27.706606
v 6.556718 -13.984196 27.659740
v 6.706754 -13.926693 27.612873
v 6.856789 -13.869191 27.566002
v 7.006824 -13.811689 27.519133
v 7.156860 -13.754185 27.472265
v 7.306896 -13.696683 27.425400
v 7.602093 -13.567299 27.331663
v 7.747255 -13.495418 27.284796
v 7.892417 -13.423534 27.237928
v 8.037580 -13.351653 27.191061
v 8.182742 -13.279771 27.144192
v 8.327904 -13.207890 27.097322
v 8.473066 -13.136007 27.050455
v 8.618229 -13.064127 27.003588
v 8.902295 -12.906399 26.909851
v 9.041200 -12.820552 26.862984
v 9.180103 -12.734706 26.816116
v 9.319008 -12.648860 26.769249
v 9.457912 -12.563012 26.722380
v 9.596816 -12.477165 26.675510
v 9.735721 -12.391319 26.628643
v 9.874625 -12.305473 26.581776
v 10.144830 -12.120362 26.488039
v 10.276129 -12.021098 26.441172
v 10.407429 -11.921834 26.394304
v 10.538728 -11.822569 26.347437
v 10.670027 -11.723304 26.300568
v 10.801328 -11.624040 26.253698
v 10.932628 -11.524776 26.206831
v 11.063927 -11.425510 26.159964
v 11.317620 -11.214241 26.066227
v 11.440014 -11.102237 26.019360
v 11.562407 -10.990232 25.972492
v 11.684800 -10.878227 25.925629
v 11.807194 -10.766224 25.878757
v 11.929589 -10.654218 25.831888
v 12.051983 -10.542216 25.785021
v 12.174376 -10.430212 25.738153
v 12.409019 -10.194267 25.644417
v 12.521269 -10.070329 25.597551
v 12.633517 -9.946388 25.550680
v 12.745766 -9.822449 25.503811
v 12.858015 -9.698509 25.456944
v 12.970264 -9.574572 25.410076
v 13.082514 -9.450631 25.363207
v 13.194762 -9.326690 25.316338
v 13.407951 -9.067803 25.222603
v 13.508888 -8.932857 25.175735
v 13.609827 -8.797907 25.128870
v 13.710766 -8.662958 25.081999
v 13.811703 -8.528010 25.035133
v 13.912641 -8.393060 24.988266
v 14.013579 -8.258113 24.941397
v 14.114518 -8.123164 24.894526
v 14.304003 -7.843296 24.800793
v 14.392550 -7.698375 24.753925
v 14.481097 -7.553455 24.707058
v 14.569645 -7.408535 24.660189
v 14.658192 -7.263615 24.613321
v 14.746737 -7.118695 24.566454
v 14.835285 -6.973775 24.519585
v 14.923832 -6.828855 24.472715
v 15.087549 -6.530189 24.378981
v 15.162720 -6.376444 24.332113
v 15.237890 -6.222699 24.285244
v 15.313062 -6.068953 24.238375
v 15.388232 -5.915207 24.191507
v 15.463403 -5.761462 24.144640
v 15.538573 -5.607716 24.097771
v 15.613746 -5.453971 24.050901
v 15.749832 -5.138897 23.957167
v 15.810749 -4.977568 23.910299
v 15.871665 -4.816240 23.863432
v 15.932582 -4.654911 23.816563
v 15.993498 -4.493583 23.769695
v 16.054415 -4.332254 23.722828
v 16.115332 -4.170927 23.675959
v 16.176247 -4.009598 23.629089
v 16.283064 -3.680686 23.535355
v 16.328964 -3.513104 23.488487
v 16.374865 -3.345522 23.441622
v 16.420765 -3.177940 23.394751
v 16.466665 -3.010358 23.347883
v 16.512566 -2.842777 23.301018
v 16.558464 -2.675195 23.254147
v 16.604362 -2.507612 23.207277
v 16.680511 -2.167603 23.113544
v 16.710758 -1.995174 23.066677
v 16.741005 -1.822744 23.019810
v 16.771252 -1.650316 22.972940
v 16.801498 -1.477888 22.926073
v 16.831745 -1.305459 22.879206
v 16.861992 -1.133030 22.832336
v 16.892239 -0.960602 22.785465
v 16.936573 -0.612366 22.691732
v 16.950661 -0.436559 22.644863
v 16.964750 -0.260752 22.597996
v 16.978838 -0.084945 22.551128
v 16.992926 0.090862 22.504259
v 17.007015 0.266669 22.457388
v 17.021103 0.442476 22.410522
v 17.035191 0.618283 22.363655
v 17.046844 0.971752 22.269918
v 17.044409 1.149413 22.223051
v 17.041973 1.327075 22.176184
v 17.039537 1.504737 22.129316
v 17.037102 1.682400 22.082447
v 17.034666 1.860062 22.035578
v 17.032230 2.037724 21.988710
v 17.029795 2.215386 21.941843
v 17.008177 2.571004 21.848106
v 16.988995 2.748960 21.801239
v 16.969812 2.926916 21.754372
v 16.950630 3.104873 21.707504
v 16.931450 3.282829 21.660635
v 16.912268 3.460785 21.613766
v 16.893085 3.638741 21.566898
v 16.873905 3.816697 21.520031
v 16.818722 4.171317 21.426294
v 16.782722 4.347980 21.379427
v 16.746721 4.524643 21.332560
v 16.710718 4.701307 21.285694
v 16.674719 4.877970 21.238823
v 16.638718 5.054635 21.191954
v 16.602715 5.231297 21.145086
v 16.566713 5.407961 21.098219
v 16.477968 5.758400 21.004482
v 16.425224 5.932176 20.957615
v 16.372480 6.105952 20.910749
v 16.319736 6.279727 20.863882
v 16.266993 6.453503 20.817011
v 16.214249 6.627279 20.770140
v 16.161505 6.801054 20.723272
v 16.108761 6.974830 20.676407
v 15.986760 7.317900 20.582670
v 15.917502 7.487193 20.535803
v 15.848246 7.656487 20.488935
v 15.778988 7.825780 20.442068
v 15.709731 7.995074 20.395199
v 15.640473 8.164368 20.348330
v 15.571218 8.333661 20.301462
v 15.501962 8.502954 20.254595
v 15.347316 8.835488 20.160858
v 15.261928 8.998720 20.113991
v 15.176539 9.161957 20.067123
v 15.091151 9.325191 20.020256
v 15.005762 9.488428 19.973387
v 14.920374 9.651666 19.926517
v 14.834986 9.814900 19.879650
v 14.749597 9.978137 19.832783
v 14.563220 10.297012 19.739046
v 14.462233 10.452646 19.692179
v 14.361244 10.608283 19.645309
v 14.260257 10.763919 19.598440
v 14.159269 10.919555 19.551575
v 14.058283 11.075191 19.504707
v 13.957295 11.230827 19.457838
v 13.856307 11.386462 19.410969
v 13.639416 11.688639 19.317234
v 13.523510 11.835179 19.270367
v 13.407604 11.981719 19.223499
v 13.291698 12.128259 19.176630
v 13.175793 12.274797 19.129763
v 13.059887 12.421338 19.082895
v 12.943981 12.567878 19.036026
v 12.828077 12.714420 18.989153
v 12.582171 12.996968 18.895422
v 12.452170 13.132977 18.848555
v 12.322170 13.268994 18.801687
v 12.192170 13.405003 18.754816
v 12.062170 13.541013 18.707949
v 11.932170 13.677023 18.661081
v 11.802170 13.813035 18.614214
v 11.672168 13.949046 18.567343
v 11.399035 14.209179 18.473608
v 11.255901 14.333301 18.426741
v 11.112768 14.457423 18.379873
v 10.969636 14.581545 18.333006
v 10.826503 14.705667 18.286139
v 10.683372 14.829789 18.239271
v 10.540238 14.953912 18.192400
v 10.397106 15.078032 18.145533
v 10.098803 15.313120 18.051798
v 9.943631 15.424082 18.004930
v 9.788461 15.535045 17.958063
v 9.633289 15.646008 17.911192
v 9.478118 15.756969 17.864325
v 9.322947 15.867933 17.817457
v 9.167776 15.978897 17.770590
v 9.012606 16.089865 17.723719
v 8.691442 16.297461 17.629984
v 8.525450 16.394096 17.583120
v 8.359458 16.490730 17.536253
v 8.193466 16.587364 17.489382
v 8.027474 16.683998 17.442514
v 7.861482 16.780634 17.395647
v 7.695491 16.877268 17.348780
v 7.529499 16.973904 17.301908
v 7.188022 17.151791 17.208174
v 7.012537 17.233042 17.161306
v 6.837053 17.314291 17.114439
v 6.661569 17.395542 17.067572
v 6.486084 17.476793 17.020704
v 6.310601 17.558044 16.973837
v 6.135116 17.639294 16.926966
v 5.959631 17.720543 16.880098
v 5.600605 17.866730 16.786364
v 5.417062 17.931664 16.739492
v 5.233520 17.996599 16.692625
v 5.049977 18.061535 16.645758
v 4.866435 18.126469 16.598890
v 4.682892 18.191402 16.552019
v 4.499350 18.256338 16.505152
v 4.315808 18.321274 16.458284
v 3.942189 18.434029 16.364550
v 3.752113 18.481850 16.317682
v 3.562037 18.529671 16.270815
v 3.371961 18.577492 16.223948
v 3.181885 18.625313 16.177076
v 2.991809 18.673134 16.130209
v 2.801733 18.720957 16.083342
v 2.611657 18.768778 16.036474
v 2.226575 18.846653 15.942736
v 2.031568 18.876707 15.895870
v 1.836562 18.906759 15.849003
v 1.641556 18.936813 15.802135
v 1.446550 18.966867 15.755268
v 1.251544 18.996920 15.708397
v 1.056537 19.026974 15.661527
v 0.861531 19.057028 15.614662
v 0.468258 19.098866 15.520927
v 0.269992 19.110647 15.474060
v 0.071725 19.122431 15.427193
v -0.126542 19.134212 15.380325
v -0.324808 19.145994 15.333454
v -0.523075 19.157776 15.286587
v -0.721342 19.169559 15.239719
v -0.919608 19.181341 15.192852
v -1.317686 19.186289 15.099113
v -1.517496 19.179453 15.052250
v -1.717307 19.172619 15.005380
v -1.917118 19.165783 14.958515
v -2.116929 19.158949 14.911644
v -2.316739 19.152115 14.864773
v -2.516550 19.145279 14.817909
v -2.716361 19.138445 14.771042
v -3.115766 19.105974 14.677303
v -3.315360 19.080339 14.630436
v -3.514954 19.054705 14.583567
v -3.714548 19.029070 14.536701
v -3.914142 19.003435 14.489834
v -4.113737 18.977800 14.442964
v -4.313331 18.952166 14.396095
v -4.512925 18.926531 14.349228
v -4.910126 18.856441 14.255493
v -5.107732 18.811987 14.208626
v -5.305338 18.767534 14.161758
v -5.502945 18.723082 14.114891
v -5.700551 18.678629 14.068020
v -5.898158 18.634174 14.021149
v -6.095764 18.589722 13.974285
v -6.293371 18.545271 13.927418
v -6.684813 18.437696 13.833679
v -6.878649 18.374577 13.786812
v -7.072485 18.311457 13.739944
v -7.266322 18.248337 13.693073
v -7.460157 18.185217 13.646206
v -7.653993 18.122095 13.599336
v -7.847829 18.058975 13.552471
v -8.041666 17.995855 13.505600
v -8.423797 17.851271 13.411865
v -8.612093 17.769804 13.364998
v -8.800388 17.688337 13.318127
v -8.988684 17.606873 13.271263
v -9.176980 17.525406 13.224396
v -9.365275 17.443939 13.177528
v -9.553571 17.362473 13.130657
v -9.741867 17.281008 13.083790
v -10.111175 17.100218 12.990055
v -10.292188 17.000893 12.943188
v -10.473200 16.901569 12.896320
v -10.654213 16.802246 12.849449
v -10.835226 16.702921 12.802582
v -11.016239 16.603598 12.755718
v -11.197253 16.504274 12.708847
v -11.378266 16.404951 12.661976
v -11.731309 16.189100 12.568245
v -11.903340 16.072571 12.521379
v -12.075372 15.956042 12.474510
v -12.247403 15.839516 12.427639
v -12.419435 15.722987 12.380772
v -12.591466 15.606460 12.333905
v -12.763497 15.489933 12.287038
v -12.935529 15.373407 12.240167
v -13.268971 15.123965 12.146432
v -13.430382 14.991053 12.099566
v -13.591791 14.858139 12.052697
v -13.753201 14.725225 12.005830
v -13.914612 14.592312 11.958959
v -14.076022 14.459398 11.912095
v -14.237432 14.326485 11.865224
v -14.398841 14.193572 11.818357
v -14.709475 13.912332 11.724622
v -14.858699 13.764004 11.677754
v -15.007922 13.615678 11.630887
v -15.157146 13.467352 11.584016
v -15.306370 13.319024 11.537149
v -15.455592 13.170697 11.490281
v -15.604816 13.022370 11.443414
v -15.754040 12.874045 11.396544
v -16.038824 12.563100 11.302808
v -16.174385 12.400483 11.255937
v -16.309948 12.237865 11.209073
v -16.445509 12.075249 11.162206
v -16.581072 11.912634 11.115338
v -16.716635 11.750018 11.068471
v -16.852196 11.587400 11.021600
v -16.987759 11.424784 10.974732
v -17.243851 11.086530 10.880998
v -17.364380 10.910888 10.834127
v -17.484909 10.735246 10.787256
v -17.605438 10.559605 10.740393
v -17.725967 10.383962 10.693521
v -17.846497 10.208320 10.646650
v -17.967024 10.032678 10.599783
v -18.087553 9.857037 10.552915
v -18.312325 9.494125 10.459181
v -18.416567 9.306857 10.412314
v -18.520809 9.119588 10.365447
v -18.625051 8.932320 10.318580
v -18.729294 8.745051 10.271712
v -18.833536 8.557782 10.224841
v -18.937778 8.370514 10.177974
v -19.042021 8.183245 10.131106
v -19.233097 7.798594 10.037372
v -19.319931 7.601211 9.990504
v -19.406765 7.403828 9.943637
v -19.493599 7.206442 9.896769
v -19.580433 7.009059 9.849898
v -19.667267 6.811678 9.803031
v -19.754101 6.614296 9.756164
v -19.840935 6.416915 9.709296
v -19.996214 6.013660 9.615558
v -20.064659 5.807795 9.568690
v -20.133102 5.601924 9.521823
v -20.201546 5.396057 9.474957
v -20.269991 5.190187 9.428088
v -20.338434 4.984315 9.381217
v -20.406878 4.778450 9.334350
v -20.475319 4.572578 9.287482
v -20.592987 4.154078 9.193748
v -20.642212 3.941442 9.146880
v -20.691437 3.728807 9.100013
v -20.740664 3.516172 9.053145
v -20.789886 3.303536 9.006274
v -20.839111 3.090904 8.959408
v -20.888336 2.878269 8.912540
v -20.937561 2.665633 8.865673
v -21.016125 2.235400 8.771935
v -21.045464 2.017803 8.725063
v -21.074802 1.800205 8.678196
v -21.104143 1.582606 8.631329
v -21.133480 1.365007 8.584461
v -21.162819 1.147409 8.537590
v -21.192158 0.929810 8.490726
v -21.221495 0.712212 8.443863
v -21.259790 0.273918 8.350121
v -21.268747 0.053222 8.303253
v -21.277702 -0.167473 8.256382
v -21.286657 -0.388169 8.209518
v -21.295614 -0.608865 8.162647
v -21.304569 -0.829560 8.115780
v -21.313524 -1.050256 8.068913
v -21.322479 -1.270951 8.022049
v -21.319687 -1.713523 7.928310
v -21.307938 -1.935399 7.881440
v -21.296188 -2.157275 7.834572
v -21.284441 -2.379151 7.787704
v -21.272692 -2.601027 7.740838
v -21.260942 -2.822903 7.693966
v -21.249191 -3.044779 7.647102
v -21.237440 -3.266656 7.600239
v -21.193098 -3.709639 7.506500
v -21.160503 -3.930746 7.459630
v -21.127909 -4.151854 7.412758
v -21.095316 -4.372961 7.365894
v -21.062719 -4.594068 7.319027
v -21.030125 -4.815175 7.272157
v -20.997530 -5.036282 7.225293
v -20.964933 -5.257389 7.178426
v -20.878942 -5.696868 7.084684
v -20.825546 -5.915244 7.037818
v -20.772150 -6.133614 6.990949
v -20.718754 -6.351987 6.944085
v -20.665358 -6.570363 6.897214
v -20.611961 -6.788733 6.850347
v -20.558565 -7.007106 6.803476
v -20.505169 -7.225481 6.756616
v -20.377804 -7.657525 6.662877
v -20.303837 -7.871201 6.616005
v -20.229868 -8.084872 6.569139
v -20.155901 -8.298545 6.522272
v -20.081934 -8.512218 6.475401
v -20.007965 -8.725892 6.428534
v -19.933998 -8.939565 6.381670
v -19.860031 -9.153238 6.334806
v -19.691936 -9.573946 6.241064
v -19.597811 -9.780980 6.194193
v -19.503687 -9.988013 6.147326
v -19.409559 -10.195047 6.100458
v -19.315434 -10.402080 6.053586
v -19.221310 -10.609115 6.006722
v -19.127182 -10.816149 5.959848
v -19.033056 -11.023181 5.912983
v -18.825249 -11.428701 5.819250
v -18.711565 -11.627187 5.772379
v -18.597881 -11.825671 5.725512
v -18.484198 -12.024156 5.678640
v -18.370516 -12.222641 5.631775
v -18.256832 -12.421127 5.584910
v -18.143148 -12.619612 5.538042
v -18.029467 -12.818096 5.491170
v 10.230206 0.697053 52.465424
v 10.239380 0.795480 52.421036
v 10.248555 0.893907 52.376644
v 10.257730 0.992334 52.332253
v 10.266905 1.090761 52.287865
v 10.276080 1.189189 52.243473
v 10.285254 1.287616 52.199085
v 10.294430 1.386043 52.154694
v 10.299534 1.593468 52.066250
v 10.295463 1.702466 52.022190
v 10.291391 1.811464 51.978134
v 10.287320 1.920462 51.934078
v 10.283248 2.029460 51.890022
v 10.279177 2.138458 51.845963
v 10.275105 2.247456 51.801907
v 10.271034 2.356454 51.757851
v 10.252433 2.575102 51.669758
v 10.237904 2.684751 51.625725
v 10.223374 2.794401 51.581692
v 10.208844 2.904050 51.537655
v 10.194315 3.013699 51.493622
v 10.179786 3.123349 51.449585
v 10.165256 3.232998 51.405552
v 10.150726 3.342648 51.361519
v 10.111053 3.561587 51.273472
v 10.085912 3.670878 51.229462
v 10.060769 3.780168 51.185448
v 10.035626 3.889459 51.141438
v 10.010485 3.998749 51.097424
v 9.985343 4.108038 51.053413
v 9.960200 4.217329 51.009403
v 9.935058 4.326619 50.965389
v 9.874104 4.543808 50.877388
v 9.838292 4.651706 50.833401
v 9.802481 4.759604 50.789413
v 9.766669 4.867502 50.745422
v 9.730858 4.975400 50.701435
v 9.695047 5.083299 50.657448
v 9.659236 5.191197 50.613457
v 9.623425 5.299096 50.569469
v 9.541178 5.512453 50.481514
v 9.494742 5.617913 50.437550
v 9.448307 5.723373 50.393585
v 9.401872 5.828833 50.349621
v 9.355436 5.934293 50.305653
v 9.309000 6.039753 50.261688
v 9.262565 6.145212 50.217724
v 9.216129 6.250673 50.173759
v 9.112782 6.458102 50.085850
v 9.055870 6.560074 50.041908
v 8.998958 6.662044 49.997967
v 8.942046 6.764014 49.954025
v 8.885135 6.865985 49.910084
v 8.828223 6.967956 49.866142
v 8.771311 7.069927 49.822201
v 8.714399 7.171899 49.778259
v 8.590352 7.371309 49.690403
v 8.523216 7.468747 49.646484
v 8.456080 7.566186 49.602566
v 8.388944 7.663626 49.558647
v 8.321808 7.761065 49.514732
v 8.254672 7.858504 49.470814
v 8.187535 7.955944 49.426895
v 8.120399 8.053384 49.382977
v 7.976258 8.242703 49.295166
v 7.899253 8.334587 49.251274
v 7.822249 8.426468 49.207378
v 7.745244 8.518349 49.163486
v 7.668239 8.610230 49.119595
v 7.591235 8.702114 49.075699
v 7.514230 8.793994 49.031807
v 7.437225 8.885876 48.987915
v 7.273807 9.063083 48.900150
v 7.187393 9.148408 48.856281
v 7.100979 9.233733 48.812412
v 7.014565 9.319057 48.768543
v 6.928151 9.404383 48.724674
v 6.841737 9.489709 48.680805
v 6.755323 9.575033 48.636936
v 6.668909 9.660359 48.593067
v 6.487232 9.823492 48.505356
v 6.391968 9.901301 48.461510
v 6.296704 9.979109 48.417667
v 6.201441 10.056917 48.373825
v 6.106176 10.134726 48.329979
v 6.010912 10.212534 48.286137
v 5.915649 10.290343 48.242290
v 5.820385 10.368151 48.198448
v 5.621665 10.515338 48.110783
v 5.518209 10.584718 48.066963
v 5.414753 10.654097 48.023148
v 5.311297 10.723475 47.979328
v 5.207841 10.792855 47.935509
v 5.104384 10.862233 47.891689
v 5.000928 10.931614 47.847870
v 4.897472 11.000993 47.804050
v 4.683118 11.130466 47.716438
v 4.572221 11.190560 47.672642
v 4.461324 11.250655 47.628849
v 4.350427 11.310752 47.585056
v 4.239530 11.370846 47.541264
v 4.128632 11.430941 47.497467
v 4.017735 11.491035 47.453674
v 3.906838 11.551131 47.409882
v 3.678442 11.661248 47.322319
v 3.560944 11.711272 47.278549
v 3.443445 11.761297 47.234779
v 3.325947 11.811318 47.191013
v 3.208449 11.861342 47.147243
v 3.090950 11.911365 47.103477
v 2.973452 11.961389 47.059708
v 2.855953 12.011412 47.015938
v 2.615277 12.100676 46.928429
v 2.492099 12.139918 46.884686
v 2.368921 12.179158 46.840942
v 2.245743 12.218401 46.797199
v 2.122565 12.257642 46.753456
v 1.999387 12.296884 46.709717
v 1.876209 12.336126 46.665974
v 1.753031 12.375366 46.622231
v 1.501993 12.442443 46.534771
v 1.374132 12.470278 46.491055
v 1.246272 12.498111 46.447334
v 1.118411 12.525945 46.403618
v 0.990551 12.553780 46.359901
v 0.862691 12.581614 46.316185
v 0.734830 12.609447 46.272469
v 0.606970 12.637281 46.228748
v 0.347631 12.681007 46.141342
v 0.216154 12.696903 46.097649
v 0.084676 12.712796 46.053959
v -0.046802 12.728692 46.010269
v -0.178279 12.744585 45.966579
v -0.309757 12.760479 45.922886
v -0.441235 12.776374 45.879196
v -0.572712 12.792268 45.835506
v -0.838162 12.811684 45.748150
v -0.972135 12.815206 45.704487
v -1.106107 12.818727 45.660824
v -1.240080 12.822251 45.617157
v -1.374052 12.825771 45.573494
v -1.508024 12.829292 45.529831
v -1.641997 12.832814 45.486164
v -1.775969 12.836338 45.442501
v -2.045237 12.830682 45.355198
v -2.180531 12.821506 45.311562
v -2.315826 12.812327 45.267925
v -2.451121 12.803152 45.224285
v -2.586416 12.793975 45.180649
v -2.721710 12.784799 45.137012
v -2.857005 12.775621 45.093372
v -2.992300 12.766444 45.049736
v -3.263000 12.735179 44.962486
v -3.398405 12.713090 44.918873
v -3.533810 12.691001 44.875263
v -3.669215 12.668913 44.831654
v -3.804620 12.646823 44.788040
v -3.940025 12.624733 44.744434
v -4.075431 12.602645 44.700825
v -4.210836 12.580556 44.657211
v -4.480518 12.523367 44.570019
v -4.614795 12.488268 44.526432
v -4.749072 12.453168 44.482849
v -4.883349 12.418069 44.439266
v -5.017626 12.382970 44.395679
v -5.151903 12.347870 44.352097
v -5.286180 12.312769 44.308514
v -5.420457 12.277669 44.264927
v -5.686625 12.194480 44.177788
v -5.818516 12.146393 44.134228
v -5.950408 12.098304 44.090672
v -6.082299 12.050215 44.047115
v -6.214190 12.002127 44.003555
v -6.346081 11.954039 43.959999
v -6.477973 11.905950 43.916443
v -6.609864 11.857861 43.872887
v -6.869999 11.748840 43.785797
v -6.998243 11.687905 43.742268
v -7.126487 11.626971 43.698738
v -7.254731 11.566038 43.655209
v -7.382976 11.505103 43.611679
v -7.511220 11.444169 43.568150
v -7.639463 11.383235 43.524620
v -7.767708 11.322302 43.481091
v -8.019293 11.187856 43.394058
v -8.142633 11.114343 43.350555
v -8.265975 11.040831 43.307053
v -8.389317 10.967318 43.263550
v -8.512657 10.893806 43.220047
v -8.635998 10.820293 43.176544
v -8.759339 10.746780 43.133041
v -8.882681 10.673270 43.089539
v -9.123222 10.514056 43.002560
v -9.240423 10.428355 42.959087
v -9.357624 10.342656 42.915611
v -9.474825 10.256955 42.872135
v -9.592026 10.171253 42.828663
v -9.709226 10.085552 42.785187
v -9.826427 9.999853 42.741711
v -9.943628 9.914152 42.698235
v -10.170684 9.731072 42.611313
v -10.280539 9.633694 42.567867
v -10.390392 9.536315 42.524422
v -10.500247 9.438938 42.480972
v -10.610102 9.341559 42.437527
v -10.719956 9.244180 42.394077
v -10.829811 9.146802 42.350632
v -10.939665 9.049423 42.307182
v -11.150864 8.843620 42.220314
v -11.252207 8.735197 42.176895
v -11.353550 8.626773 42.133476
v -11.454894 8.518349 42.090057
v -11.556237 8.409926 42.046638
v -11.657580 8.301502 42.003220
v -11.758924 8.193077 41.959801
v -11.860268 8.084653 41.916382
v -12.053336 7.857505 41.829567
v -12.145061 7.738782 41.786179
v -12.236783 7.620059 41.742786
v -12.328506 7.501337 41.699394
v -12.420231 7.382614 41.656002
v -12.511954 7.263891 41.612610
v -12.603678 7.145168 41.569221
v -12.695400 7.026445 41.525829
v -12.868185 6.779560 41.439072
v -12.949244 6.651397 41.395710
v -13.030305 6.523235 41.352345
v -13.111364 6.395072 41.308983
v -13.192424 6.266909 41.265617
v -13.273484 6.138746 41.222256
v -13.354543 6.010584 41.178894
v -13.435602 5.882421 41.135529
v -13.586092 5.617620 41.048832
v -13.655521 5.480980 41.005493
v -13.724952 5.344342 40.962158
v -13.794383 5.207703 40.918823
v -13.863812 5.071064 40.875488
v -13.933242 4.934424 40.832153
v -14.002672 4.797785 40.788818
v -14.072104 4.661146 40.745483
v -14.198454 4.380455 40.658844
v -14.255376 4.236402 40.615536
v -14.312297 4.092349 40.572227
v -14.369219 3.948296 40.528923
v -14.426140 3.804244 40.485615
v -14.483061 3.660191 40.442307
v -14.539983 3.516138 40.399002
v -14.596904 3.372085 40.355694
v -14.697456 3.077718 40.269108
v -14.741088 2.927404 40.225830
v -14.784720 2.777090 40.182552
v -14.828353 2.626776 40.139275
v -14.871984 2.476462 40.095997
v -14.915616 2.326148 40.052719
v -14.959249 2.175834 40.009441
v -15.002881 2.025520 39.966160
v -15.076181 1.719864 39.879635
v -15.105850 1.564522 39.836384
v -15.135519 1.409181 39.793137
v -15.165188 1.253839 39.749886
v -15.194857 1.098498 39.706635
v -15.224525 0.943156 39.663387
v -15.254194 0.787814 39.620136
v -15.283863 0.632473 39.576885
v -15.328678 0.318069 39.490414
v -15.343825 0.159006 39.447193
v -15.358972 -0.000057 39.403973
v -15.374119 -0.159120 39.360748
v -15.389265 -0.318182 39.317528
v -15.404412 -0.477245 39.274311
v -15.419559 -0.636308 39.231087
v -15.434706 -0.795370 39.187866
v -15.450042 -1.115852 39.101456
v -15.450232 -1.277271 39.058262
v -15.450422 -1.438690 39.015068
v -15.450612 -1.600109 38.971878
v -15.450800 -1.761528 38.928688
v -15.450989 -1.922947 38.885494
v -15.451179 -2.084366 38.842300
v -15.451368 -2.245785 38.799110
v -15.436481 -2.569564 38.712753
v -15.421407 -2.731925 38.669594
v -15.406332 -2.894285 38.626431
v -15.391256 -3.056646 38.583267
v -15.376182 -3.219006 38.540104
v -15.361106 -3.381366 38.496941
v -15.346031 -3.543727 38.453777
v -15.330956 -3.706087 38.410614
v -15.285371 -4.030299 38.324318
v -15.254860 -4.192150 38.281181
v -15.224349 -4.354001 38.238049
v -15.193838 -4.515852 38.194912
v -15.163327 -4.677700 38.151779
v -15.132816 -4.839554 38.108646
v -15.102305 -5.001405 38.065510
v -15.071795 -5.163255 38.022377
v -14.995302 -5.484971 37.936138
v -14.949322 -5.644840 37.893032
v -14.903340 -5.804704 37.849930
v -14.857360 -5.964570 37.806824
v -14.811380 -6.124439 37.763718
v -14.765400 -6.284303 37.720612
v -14.719419 -6.444169 37.677505
v -14.673439 -6.604037 37.634403
v -14.566116 -6.920298 37.548222
v -14.504774 -7.076696 37.505146
v -14.443433 -7.233094 37.462070
v -14.382092 -7.389489 37.418995
v -14.320748 -7.545885 37.375916
v -14.259406 -7.702281 37.332840
v -14.198065 -7.858680 37.289764
v -14.136724 -8.015079 37.246689
v -13.998929 -8.322922 37.160568
v -13.922478 -8.474365 37.117523
v -13.846025 -8.625811 37.074478
v -13.769573 -8.777257 37.031429
v -13.693121 -8.928702 36.988380
v -13.616670 -9.080148 36.945335
v -13.540216 -9.231593 36.902290
v -13.463763 -9.383039 36.859245
v -13.296144 -9.679512 36.773182
v -13.204977 -9.824541 36.730164
v -13.113811 -9.969570 36.687149
v -13.022643 -10.114599 36.644131
v -12.931476 -10.259628 36.601112
v -12.840308 -10.404656 36.558094
v -12.749140 -10.549685 36.515079
v -12.657971 -10.694713 36.472061
v -12.461459 -10.976920 36.386055
v -12.356114 -11.114099 36.343071
v -12.250770 -11.251277 36.300079
v -12.145425 -11.388455 36.257095
v -12.040079 -11.525634 36.214108
v -11.934733 -11.662814 36.171120
v -11.829389 -11.799993 36.128132
v -11.724043 -11.937171 36.085144
v -11.499850 -12.202291 35.999199
v -11.381002 -12.330229 35.956245
v -11.262156 -12.458170 35.913284
v -11.143310 -12.586110 35.870327
v -11.024462 -12.714049 35.827374
v -10.905615 -12.841990 35.784416
v -10.786769 -12.969931 35.741459
v -10.667923 -13.097869 35.698502
v -10.417542 -13.343181 35.612614
v -10.286008 -13.460550 35.569687
v -10.154474 -13.577921 35.526756
v -10.022940 -13.695292 35.483829
v -9.891406 -13.812661 35.440899
v -9.759872 -13.930031 35.397976
v -9.628339 -14.047401 35.355045
v -9.496805 -14.164773 35.312115
v -9.221994 -14.387687 35.226292
v -9.078717 -14.493230 35.183392
v -8.935440 -14.598772 35.140491
v -8.792163 -14.704314 35.097595
v -8.648886 -14.809858 35.054699
v -8.505608 -14.915401 35.011799
v -8.362330 -15.020944 34.968899
v -8.219053 -15.126486 34.925999
v -7.921825 -15.324573 34.840233
v -7.767874 -15.417114 34.797367
v -7.613923 -15.509655 34.754498
v -7.459971 -15.602199 34.711628
v -7.306020 -15.694740 34.668758
v -7.152069 -15.787282 34.625893
v -6.998119 -15.879822 34.583023
v -6.844168 -15.972364 34.540154
v -6.526778 -16.143372 34.454449
v -6.363339 -16.221836 34.411610
v -6.199900 -16.300303 34.368771
v -6.036460 -16.378767 34.325932
v -5.873021 -16.457233 34.283092
v -5.709582 -16.535698 34.240253
v -5.546143 -16.614162 34.197414
v -5.382703 -16.692627 34.154575
v -5.047632 -16.834513 34.068928
v -4.876000 -16.897934 34.026119
v -4.704368 -16.961355 33.983311
v -4.532736 -17.024775 33.940502
v -4.361104 -17.088196 33.897694
v -4.189473 -17.151617 33.854885
v -4.017840 -17.215036 33.812077
v -3.846208 -17.278458 33.769268
v -3.496145 -17.389408 33.683681
v -3.317714 -17.436937 33.640903
v -3.139283 -17.484467 33.598125
v -2.960851 -17.531996 33.555347
v -2.782420 -17.579525 33.512569
v -2.603989 -17.627054 33.469788
v -2.425558 -17.674583 33.427013
v -2.247127 -17.722113 33.384235
v -1.884943 -17.800560 33.298702
v -1.701190 -17.831480 33.255955
v -1.517437 -17.862400 33.213207
v -1.333683 -17.893320 33.170460
v -1.149930 -17.924238 33.127712
v -0.966177 -17.955158 33.084965
v -0.782424 -17.986078 33.042213
v -0.598670 -18.016998 32.999466
v -0.227397 -18.061649 32.913998
v -0.039877 -18.075380 32.871281
v 0.147643 -18.089111 32.828564
v 0.335164 -18.102844 32.785847
v 0.522684 -18.116575 32.743130
v 0.710204 -18.130304 32.700409
v 0.897725 -18.144035 32.657692
v 1.085245 -18.157768 32.614975
v 1.462436 -18.167606 32.529568
v 1.652107 -18.163715 32.486881
v 1.841778 -18.159824 32.444191
v 2.031449 -18.155935 32.401501
v 2.221120 -18.152044 32.358814
v 2.410791 -18.148153 32.316128
v 2.600462 -18.144260 32.273441
v 2.790133 -18.140369 32.230751
v 3.169961 -18.114685 32.145405
v 3.360119 -18.092892 32.102749
v 3.550276 -18.071098 32.060093
v 3.740433 -18.049307 32.017433
v 3.930590 -18.027514 31.974773
v 4.120747 -18.005720 31.932116
v 4.310904 -17.983927 31.889458
v 4.501061 -17.962133 31.846800
v 4.880166 -17.900520 31.761515
v 5.069113 -17.860703 31.718887
v 5.258060 -17.820885 31.676262
v 5.447007 -17.781065 31.633635
v 5.635954 -17.741247 31.591005
v 5.824901 -17.701433 31.548378
v 6.013848 -17.661613 31.505751
v 6.202796 -17.621796 31.463123
v 6.577763 -17.524174 31.377899
v 6.763783 -17.466370 31.335302
v 6.949804 -17.408567 31.292706
v 7.135825 -17.350763 31.250109
v 7.321846 -17.292959 31.207512
v 7.507865 -17.235155 31.164915
v 7.693887 -17.177351 31.122318
v 7.879908 -17.119547 31.079721
v 8.247304 -16.986158 30.994560
v 8.428679 -16.910570 30.951994
v 8.610056 -16.834984 30.909426
v 8.791431 -16.759398 30.866859
v 8.972808 -16.683811 30.824295
v 9.154184 -16.608225 30.781729
v 9.335561 -16.532637 30.739162
v 9.516936 -16.457048 30.696596
v 9.873339 -16.288460 30.611496
v 10.048364 -16.195457 30.568960
v 10.223389 -16.102455 30.526424
v 10.398414 -16.009453 30.483889
v 10.573440 -15.916447 30.441353
v 10.748466 -15.823443 30.398817
v 10.923491 -15.730442 30.356281
v 11.098516 -15.637439 30.313744
v 11.440536 -15.434553 30.228704
v 11.607532 -15.324669 30.186199
v 11.774528 -15.214782 30.143694
v 11.941524 -15.104898 30.101189
v 12.108520 -14.995014 30.058685
v 12.275515 -14.885130 30.016180
v 12.442512 -14.775244 29.973675
v 12.609508 -14.665359 29.931170
v 12.933839 -14.429400 29.846189
v 13.091175 -14.303328 29.803715
v 13.248510 -14.177252 29.761240
v 13.405847 -14.051178 29.718765
v 13.563183 -13.925103 29.676291
v 13.720518 -13.799029 29.633816
v 13.877852 -13.672955 29.591341
v 14.035188 -13.546880 29.548868
v 14.338626 -13.279394 29.463949
v 14.484728 -13.137981 29.421505
v 14.630831 -12.996567 29.379063
v 14.776933 -12.855157 29.336620
v 14.923034 -12.713745 29.294176
v 15.069136 -12.572334 29.251730
v 15.215238 -12.430922 29.209288
v 15.361341 -12.289510 29.166847
v 15.640812 -11.992355 29.081989
v 15.774182 -11.836614 29.039577
v 15.907553 -11.680869 28.997164
v 16.040924 -11.525126 28.954748
v 16.174294 -11.369382 28.912336
v 16.307665 -11.213637 28.869925
v 16.441034 -11.057896 28.827511
v 16.574408 -10.902151 28.785097
v 16.827009 -10.577485 28.700304
v 16.946241 -10.408563 28.657923
v 17.065474 -10.239639 28.615541
v 17.184706 -10.070717 28.573158
v 17.303938 -9.901794 28.530777
v 17.423168 -9.732872 28.488396
v 17.542400 -9.563946 28.446012
v 17.661633 -9.395027 28.403629
v 17.884655 -9.045290 28.318895
v 17.988449 -8.864475 28.276545
v 18.092241 -8.683661 28.234192
v 18.196033 -8.502846 28.191841
v 18.299826 -8.322031 28.149488
v 18.403620 -8.141216 28.107140
v 18.507412 -7.960401 28.064789
v 18.611204 -7.779589 28.022436
v 18.802166 -7.407485 27.937767
v 18.889336 -7.216197 27.895445
v 18.976503 -7.024909 27.853127
v 19.063671 -6.833623 27.810806
v 19.150841 -6.642335 27.768486
v 19.238010 -6.451049 27.726164
v 19.325180 -6.259762 27.683844
v 19.412348 -6.068474 27.641523
v 19.569008 -5.676963 27.556913
v 19.638500 -5.476737 27.514626
v 19.707993 -5.276514 27.472336
v 19.777485 -5.076291 27.430048
v 19.846975 -4.876067 27.387758
v 19.916466 -4.675844 27.345469
v 19.985958 -4.475619 27.303179
v 20.055450 -4.275393 27.260891
v 20.175848 -3.867650 27.176340
v 20.226753 -3.660131 27.134081
v 20.277657 -3.452612 27.091824
v 20.328562 -3.245093 27.049564
v 20.379467 -3.037574 27.007305
v 20.430372 -2.830054 26.965048
v 20.481277 -2.622535 26.922789
v 20.532181 -2.415016 26.880533
v 20.614647 -1.994416 26.796045
v 20.646206 -1.781335 26.753817
v 20.677767 -1.568255 26.711592
v 20.709328 -1.355174 26.669365
v 20.740889 -1.142093 26.627136
v 20.772449 -0.929012 26.584908
v 20.804010 -0.715931 26.542683
v 20.835571 -0.502850 26.500456
v 20.878754 -0.072938 26.416033
v 20.890375 0.143894 26.373837
v 20.901997 0.360726 26.331640
v 20.913620 0.577559 26.289446
v 20.925240 0.794391 26.247250
v 20.936861 1.011223 26.205053
v 20.948483 1.228055 26.162855
v 20.960104 1.444887 26.120657
v 20.962982 1.880428 26.036295
v 20.954241 2.099136 25.994131
v 20.945499 2.317845 25.951965
v 20.936758 2.536554 25.909800
v 20.928015 2.755263 25.867634
v 20.919273 2.973971 25.825470
v 20.910532 3.192680 25.783304
v 20.901791 3.411389 25.741138
v 20.863695 3.848764 25.656843
v 20.834341 4.067431 25.614710
v 20.804989 4.286097 25.572578
v 20.775635 4.504763 25.530445
v 20.746283 4.723429 25.488310
v 20.716928 4.942095 25.446175
v 20.687576 5.160761 25.404041
v 20.658224 5.379427 25.361908
v 20.578842 5.814765 25.277670
v 20.528812 6.031436 25.235567
v 20.478783 6.248109 25.193464
v 20.428755 6.464781 25.151360
v 20.378723 6.681452 25.109257
v 20.328693 6.898124 25.067154
v 20.278666 7.114796 25.025051
v 20.228636 7.331468 24.982948
v 20.108019 7.760857 24.898773
v 20.037432 7.973574 24.856705
v 19.966845 8.186291 24.814631
v 19.896257 8.399008 24.772558
v 19.825672 8.611726 24.730488
v 19.755085 8.824443 24.688419
v 19.684498 9.037160 24.646345
v 19.613911 9.249877 24.604273
v 19.452486 9.669399 24.520164
v 19.361649 9.876204 24.478125
v 19.270809 10.083010 24.436085
v 19.179970 10.289815 24.394045
v 19.089132 10.496620 24.352005
v 18.998295 10.703428 24.309965
v 18.907455 10.910230 24.267927
v 18.816616 11.117034 24.225887
v 18.615181 11.522798 24.141836
v 18.504585 11.721756 24.099827
v 18.393988 11.920716 24.057817
v 18.283392 12.119673 24.015808
v 18.172794 12.318632 23.973801
v 18.062197 12.517595 23.931793
v 17.951601 12.716550 23.889784
v 17.841005 12.915508 23.847775
v 17.600731 13.303688 23.763790
v 17.471054 13.492907 23.721813
v 17.341379 13.682127 23.679836
v 17.211702 13.871350 23.637859
v 17.082026 14.060565 23.595879
v 16.952349 14.249783 23.553900
v 16.822672 14.439002 23.511923
v 16.692997 14.628226 23.469946
v 16.415424 14.995085 23.386019
v 16.267529 15.172729 23.344072
v 16.119635 15.350373 23.302126
v 15.971739 15.528017 23.260181
v 15.823843 15.705662 23.218235
v 15.675946 15.883306 23.176289
v 15.528051 16.060947 23.134344
v 15.380157 16.238590 23.092400
v 15.067181 16.580547 23.008537
v 14.902101 16.744862 22.966623
v 14.737021 16.909176 22.924709
v 14.571943 17.073490 22.882795
v 14.406863 17.237803 22.840881
v 14.241784 17.402115 22.798967
v 14.076706 17.566429 22.757051
v 13.911628 17.730743 22.715134
v 13.565492 18.044373 22.631336
v 13.384436 18.193689 22.589453
v 13.203380 18.343006 22.547567
v 13.022324 18.492323 22.505686
v 12.841268 18.641642 22.463802
v 12.660212 18.790958 22.421919
v 12.479156 18.940275 22.380037
v 12.298100 19.089594 22.338154
v 11.921381 19.371677 22.254417
v 11.725718 19.504442 22.212566
v 11.530054 19.637209 22.170715
v 11.334391 19.769974 22.128864
v 11.138727 19.902740 22.087013
v 10.943064 20.035505 22.045162
v 10.747399 20.168272 22.003311
v 10.551734 20.301039 21.961456
v 10.147320 20.548588 21.877785
v 9.938568 20.663372 21.835962
v 9.729816 20.778162 21.794142
v 9.521065 20.892946 21.752321
v 9.312314 21.007730 21.710503
v 9.103562 21.122515 21.668684
v 8.894811 21.237297 21.626863
v 8.686059 21.352083 21.585041
v 8.257126 21.562380 21.501434
v 8.036944 21.657894 21.459646
v 7.816762 21.753408 21.417858
v 7.596581 21.848923 21.376074
v 7.376399 21.944437 21.334286
v 7.156217 22.039951 21.292498
v 6.936035 22.135466 21.250710
v 6.715853 22.230980 21.208918
v 6.265847 22.401606 21.125372
v 6.036023 22.476715 21.083616
v 5.806199 22.551825 21.041859
v 5.576375 22.626930 21.000099
v 5.346551 22.702040 20.958344
v 5.116727 22.777149 20.916588
v 4.886903 22.852255 20.874830
v 4.657079 22.927362 20.833071
v 4.189688 23.056204 20.749590
v 3.952120 23.109938 20.707865
v 3.714553 23.163671 20.666140
v 3.476985 23.217405 20.624413
v 3.239418 23.271139 20.582687
v 3.001850 23.324871 20.540962
v 2.764283 23.378605 20.499237
v 2.526716 23.432339 20.457510
v 2.045832 23.517637 20.374094
v 1.802516 23.549204 20.332399
v 1.559199 23.580769 20.290707
v 1.315883 23.612335 20.249014
v 1.072567 23.643904 20.207317
v 0.829251 23.675470 20.165623
v 0.585935 23.707037 20.123930
v 0.342618 23.738604 20.082237
v -0.147684 23.778965 19.998878
v -0.394671 23.787760 19.957216
v -0.641657 23.796555 19.915554
v -0.888643 23.805349 19.873890
v -1.135630 23.814144 19.832228
v -1.382616 23.822939 19.790565
v -1.629602 23.831734 19.748905
v -1.876589 23.840528 19.707245
v -2.372097 23.834940 19.623953
v -2.620618 23.820553 19.582321
v -2.869139 23.806168 19.540691
v -3.117661 23.791780 19.499062
v -3.366182 23.777393 19.457432
v -3.614704 23.763008 19.415800
v -3.863225 23.748621 19.374168
v -4.111746 23.734236 19.332539
v -4.608136 23.682074 19.249308
v -4.856003 23.644300 19.207706
v -5.103871 23.606525 19.166107
v -5.351738 23.568748 19.124510
v -5.599607 23.530975 19.082911
v -5.847474 23.493202 19.041309
v -6.095342 23.455427 18.999716
v -6.343209 23.417650 18.958117
v -6.836087 23.318710 18.874949
v -7.081097 23.257545 18.833384
v -7.326108 23.196379 18.791815
v -7.571118 23.135214 18.750250
v -7.816127 23.074049 18.708681
v -8.061137 23.012884 18.667112
v -8.306148 22.951717 18.625547
v -8.551158 22.890553 18.583979
v -9.036104 22.745039 18.500879
v -9.276042 22.660690 18.459345
v -9.515978 22.576342 18.417810
v -9.755915 22.491993 18.376272
v -9.995852 22.407646 18.334738
v -10.235789 22.323299 18.293203
v -10.475726 22.238953 18.251665
v -10.715662 22.154604 18.210127
v -11.188262 21.963146 18.127089
v -11.420924 21.856033 18.085585
v -11.653586 21.748920 18.044071
v -11.886250 21.641809 18.002567
v -12.118913 21.534697 17.961067
v -12.351577 21.427584 17.919563
v -12.584239 21.320473 17.878059
v -12.816901 21.213360 17.836555
v -13.272789 20.976995 17.753582
v -13.496014 20.847746 17.712109
v -13.719236 20.718496 17.670639
v -13.942459 20.589247 17.629166
v -14.165683 20.459995 17.587696
v -14.388907 20.330746 17.546223
v -14.612130 20.201496 17.504753
v -14.835353 20.072245 17.463280
v -15.270249 19.792440 17.380371
v -15.481922 19.641888 17.338932
v -15.693595 19.491333 17.297493
v -15.905268 19.340780 17.256054
v -16.116940 19.190226 17.214611
v -16.328613 19.039671 17.173168
v -16.540285 18.889118 17.131731
v -16.751959 18.738564 17.090292
v -17.161715 18.417191 17.007444
v -17.359798 18.246370 16.966036
v -17.557882 18.075548 16.924627
v -17.755966 17.904726 16.883219
v -17.954050 17.733906 16.841810
v -18.152136 17.563086 16.800402
v -18.350218 17.392263 16.758997
v -18.548302 17.221441 16.717588
v -18.928938 16.860762 16.634806
v -19.111486 16.670904 16.593428
v -19.294037 16.481045 16.552053
v -19.476587 16.291187 16.510675
v -19.659138 16.101330 16.469301
v -19.841686 15.911468 16.427923
v -20.024237 15.721610 16.386549
v -20.206789 15.531752 16.345171
v -20.554523 15.134416 16.262449
v -20.719707 14.926938 16.221106
v -20.884893 14.719460 16.179762
v -21.050077 14.511985 16.138418
v -21.215261 14.304507 16.097075
v -21.380447 14.097030 16.055727
v -21.545633 13.889553 16.014383
v -21.710817 13.682079 15.973040
v -22.022116 13.251099 15.890386
v -22.168230 13.027599 15.849073
v -22.314346 12.804095 15.807756
v -22.460461 12.580594 15.766442
v -22.606575 12.357092 15.725129
v -22.752691 12.133590 15.683816
v -22.898808 11.910089 15.642503
v -23.044926 11.686589 15.601193
v -23.316532 11.225325 15.518601
v -23.442022 10.987562 15.477319
v -23.567514 10.749800 15.436037
v -23.693005 10.512037 15.394754
v -23.818495 10.274274 15.353475
v -23.943987 10.036512 15.312193
v -24.069477 9.798748 15.270914
v -24.194969 9.560989 15.229631
v -24.423931 9.073103 15.147109
v -24.527405 8.822983 15.105861
v -24.630882 8.572863 15.064612
v -24.734360 8.322744 15.023364
v -24.837833 8.072622 14.982116
v -24.941307 7.822506 14.940867
v -25.044785 7.572383 14.899619
v -25.148262 7.322267 14.858367
v -25.331982 6.811718 14.775905
v -25.412226 6.551284 14.734691
v -25.492470 6.290856 14.693473
v -25.572712 6.030429 14.652255
v -25.652958 5.770000 14.611037
v -25.733204 5.509572 14.569823
v -25.813446 5.249139 14.528605
v -25.893690 4.988710 14.487388
v -26.029924 4.459713 14.404986
v -26.085913 4.191137 14.363803
v -26.141901 3.922564 14.322619
v -26.197889 3.653993 14.281432
v -26.253880 3.385421 14.240249
v -26.309868 3.116848 14.199062
v -26.365856 2.848276 14.157879
v -26.421846 2.579704 14.116695
v -26.508747 2.036684 14.034359
v -26.539660 1.762235 13.993206
v -26.570572 1.487786 13.952053
v -26.601484 1.213338 13.910900
v -26.632397 0.938890 13.869747
v -26.663307 0.664441 13.828598
v -26.694220 0.389993 13.787445
v -26.725134 0.115544 13.746288
v -26.761274 -0.436880 13.664017
v -26.766500 -0.714856 13.622898
v -26.771727 -0.992832 13.581779
v -26.776955 -1.270808 13.540657
v -26.782181 -1.548783 13.499538
v -26.787407 -1.826759 13.458420
v -26.792633 -2.104732 13.417297
v -26.797859 -2.382708 13.376175
v -26.782236 -2.939775 13.293964
v -26.761389 -3.218867 13.252877
v -26.740541 -3.497960 13.211789
v -26.719694 -3.777049 13.170701
v -26.698847 -4.056141 13.129613
v -26.677998 -4.335235 13.088521
v -26.657152 -4.614324 13.047433
v -26.636309 -4.893414 13.006349
v -26.568378 -5.450262 12.924203
v -26.521299 -5.728012 12.883145
v -26.474215 -6.005766 12.842088
v -26.427132 -6.283523 12.801030
v -26.380051 -6.561273 12.759973
v -26.332970 -6.839026 12.718919
v -26.285887 -7.116783 12.677861
v -26.238804 -7.394534 12.636806
v -26.118477 -7.946230 12.554727
v -26.045231 -8.220176 12.513703
v -25.971985 -8.494119 12.472680
v -25.898739 -8.768062 12.431657
v -25.825493 -9.042004 12.390630
v -25.752247 -9.315946 12.349607
v -25.679001 -9.589888 12.308584
v -25.605755 -9.863833 12.267557
v -25.433401 -10.405436 12.185541
v -25.334297 -10.673093 12.144549
v -25.235191 -10.940752 12.103553
v -25.136087 -11.208410 12.062560
v -25.036980 -11.476066 12.021567
v -24.937874 -11.743728 11.980575
v -24.838768 -12.011387 11.939582
v -24.739664 -12.279044 11.898593
v -24.516130 -12.805632 11.816634
v -24.391703 -13.064562 11.775676
v -24.267275 -13.323491 11.734717
v -24.142847 -13.582420 11.693755
v -24.018419 -13.841352 11.652793
v -23.893991 -14.100280 11.611831
v -23.769564 -14.359209 11.570872
v -23.645140 -14.618138 11.529914
v -23.392338 -15.102429 11.447982
v -23.263962 -15.327791 11.407012
v -23.135588 -15.553154 11.366038
v -23.007212 -15.778515 11.325065
v -22.878838 -16.003876 11.284092
v -22.750463 -16.229237 11.243122
v -22.622087 -16.454597 11.202147
v -22.493713 -16.679960 11.161175
v 8.634550 0.066516 51.167759
v 8.832861 0.133029 51.335514
v 9.031170 0.199543 51.503273
v 9.229480 0.266057 51.671028
v 9.427791 0.332571 51.838787
v 9.626101 0.399084 52.006542
v 9.824410 0.465598 52.174301
v 10.022720 0.532112 52.342056
v 8.723602 0.872450 50.748425
v 8.921103 0.948953 50.918659
v 9.118603 1.025455 51.088894
v 9.316103 1.101958 51.259129
v 9.513603 1.178460 51.429363
v 9.711103 1.254963 51.599598
v 9.908604 1.331465 51.769836
v 10.106105 1.407968 51.940071
v 8.731839 1.703714 50.329422
v 8.923730 1.798932 50.502468
v 9.115621 1.894149 50.675514
v 9.307510 1.989366 50.848560
v 9.499401 2.084583 51.021606
v 9.691291 2.179801 51.194656
v 9.883182 2.275018 51.367702
v 10.075071 2.370235 51.540749
v 8.660009 2.543863 49.910446
v 8.844533 2.657417 50.086323
v 9.029056 2.770971 50.262203
v 9.213579 2.884526 50.438084
v 9.398103 2.998080 50.613964
v 9.582626 3.111634 50.789845
v 9.767149 3.225189 50.965725
v 9.951673 3.338742 51.141605
v 8.506554 3.385109 49.491489
v 8.681974 3.516459 49.670223
v 8.857394 3.647810 49.848961
v 9.032814 3.779160 50.027699
v 9.208235 3.910510 50.206432
v 9.383656 4.041860 50.385170
v 9.559075 4.173210 50.563908
v 9.734495 4.304560 50.742641
v 8.270679 4.219460 49.072556
v 8.435296 4.367902 49.254173
v 8.599913 4.516343 49.435787
v 8.764530 4.664786 49.617401
v 8.929147 4.813227 49.799019
v 9.093763 4.961669 49.980633
v 9.258380 5.110110 50.162251
v 9.422997 5.258552 50.343864
v 7.952379 5.038785 48.653648
v 8.104544 5.203454 48.838165
v 8.256707 5.368123 49.022682
v 8.408872 5.532790 49.207203
v 8.561036 5.697458 49.391720
v 8.713200 5.862127 49.576237
v 8.865365 6.026796 49.760757
v 9.017529 6.191463 49.945274
v 7.552455 5.834896 48.234760
v 7.690584 6.014767 48.422207
v 7.828713 6.194639 48.609650
v 7.966843 6.374511 48.797096
v 8.104972 6.554383 48.984539
v 8.243100 6.734255 49.171986
v 8.381230 6.914126 49.359428
v 8.519360 7.093998 49.546875
v 7.072523 6.599629 47.815899
v 7.195116 6.793529 48.006294
v 7.317708 6.987428 48.196690
v 7.440300 7.181327 48.387085
v 7.562893 7.375226 48.577480
v 7.685486 7.569125 48.767876
v 7.808078 7.763025 48.958271
v 7.930670 7.956924 49.148666
v 6.515017 7.324928 47.397064
v 6.620667 7.531531 47.590431
v 6.726318 7.738135 47.783802
v 6.831968 7.944739 47.977173
v 6.937619 8.151341 48.170540
v 7.043270 8.357945 48.363911
v 7.148920 8.564549 48.557281
v 7.254570 8.771153 48.750648
v 5.883185 8.002918 46.978249
v 5.970599 8.220763 47.174618
v 6.058012 8.438611 47.370987
v 6.145426 8.656456 47.567356
v 6.232840 8.874302 47.763725
v 6.320254 9.092148 47.960094
v 6.407668 9.309993 48.156464
v 6.495081 9.527839 48.352829
v 5.181073 8.626002 46.559464
v 5.249079 8.853497 46.758854
v 5.317085 9.080991 46.958248
v 5.385091 9.308486 47.157639
v 5.453096 9.535980 47.357033
v 5.521103 9.763476 47.556427
v 5.589109 9.990970 47.755817
v 5.657115 10.218465 47.955212
v 4.413499 9.186927 46.140697
v 4.461064 9.422358 46.343140
v 4.508628 9.657789 46.545582
v 4.556193 9.893218 46.748024
v 4.603757 10.128649 46.950466
v 4.651322 10.364080 47.152908
v 4.698886 10.599511 47.355347
v 4.746451 10.834940 47.557789
v 3.586031 9.678866 45.721962
v 3.612270 9.920412 45.927475
v 3.638509 10.161957 46.132992
v 3.664747 10.403501 46.338509
v 3.690986 10.645046 46.544022
v 3.717225 10.886591 46.749538
v 3.743463 11.128136 46.955055
v 3.769702 11.369680 47.160572
v 2.704939 10.095506 45.303249
v 2.709129 10.341248 45.511864
v 2.713318 10.586987 45.720478
v 2.717507 10.832728 45.929092
v 2.721697 11.078470 46.137711
v 2.725886 11.324209 46.346325
v 2.730076 11.569952 46.554939
v 2.734265 11.815693 46.763554
v 1.777153 10.431102 44.884563
v 1.758740 10.679040 45.096302
v 1.740328 10.926979 45.308044
v 1.721916 11.174917 45.519783
v 1.703503 11.422856 45.731525
v 1.685091 11.670794 45.943264
v 1.666678 11.918733 46.155006
v 1.648266 12.166671 46.366745
v 0.810208 10.680558 44.465900
v 0.768821 10.928628 44.680794
v 0.727433 11.176698 44.895683
v 0.686046 11.424767 45.110577
v 0.644659 11.672836 45.325470
v 0.603271 11.920907 45.540359
v 0.561884 12.168975 45.755253
v 0.520496 12.417045 45.970142
v -0.187813 10.839490 44.047268
v -0.252360 11.085574 44.265335
v -0.316907 11.331659 44.483406
v -0.381454 11.577743 44.701473
v -0.446002 11.823828 44.919544
v -0.510549 12.069911 45.137611
v -0.575096 12.315995 45.355682
v -0.639643 12.562079 45.573750
v -1.208354 10.904276 43.628658
v -1.296053 11.146223 43.849930
v -1.383751 11.388172 44.071205
v -1.471450 11.630121 44.292477
v -1.559148 11.872066 44.513748
v -1.646847 12.114015 44.735023
v -1.734545 12.355963 44.956295
v -1.822243 12.597912 45.177567
v -2.242453 10.872107 43.210075
v -2.353096 11.107752 43.434578
v -2.463739 11.343397 43.659084
v -2.574381 11.579041 43.883587
v -2.685024 11.814689 44.108089
v -2.795667 12.050332 44.332592
v -2.906309 12.285978 44.557095
v -3.016952 12.521624 44.781597
v -3.280821 10.741042 42.791519
v -3.413999 10.968219 43.019283
v -3.547176 11.195396 43.247040
v -3.680354 11.422576 43.474800
v -3.813531 11.649754 43.702560
v -3.946709 11.876932 43.930321
v -4.079886 12.104110 44.158081
v -4.213064 12.331290 44.385841
v -4.313931 10.510032 42.372993
v -4.469032 10.726599 42.604038
v -4.624132 10.943167 42.835083
v -4.779233 11.159734 43.066124
v -4.934332 11.376301 43.297169
v -5.089433 11.592867 43.528214
v -5.244533 11.809435 43.759254
v -5.399633 12.026003 43.990299
v -5.332093 10.178954 41.954491
v -5.508301 10.382807 42.188847
v -5.684509 10.586658 42.423203
v -5.860717 10.790512 42.657555
v -6.036924 10.994364 42.891911
v -6.213131 11.198215 43.126266
v -6.389339 11.402068 43.360619
v -6.565547 11.605921 43.594975
v -6.325561 9.748628 41.536018
v -6.521860 9.937720 41.773712
v -6.718159 10.126813 42.011406
v -6.914458 10.315906 42.249096
v -7.110756 10.504998 42.486790
v -7.307055 10.694090 42.724480
v -7.503355 10.883183 42.962173
v -7.699654 11.072274 43.199867
v -7.284609 9.220827 41.117569
v -7.499786 9.393193 41.358627
v -7.714962 9.565559 41.599686
v -7.930139 9.737926 41.840744
v -8.145315 9.910292 42.081802
v -8.360492 10.082659 42.322861
v -8.575668 10.255025 42.563919
v -8.790845 10.427391 42.804977
v -8.199637 8.598285 40.699154
v -8.432286 8.752055 40.943604
v -8.664935 8.905827 41.188057
v -8.897585 9.059598 41.432507
v -9.130233 9.213368 41.676956
v -9.362882 9.367139 41.921410
v -9.595531 9.520909 42.165859
v -9.828180 9.674681 42.410309
v -9.061259 7.884677 40.280762
v -9.309793 8.018098 40.528633
v -9.558325 8.151519 40.776505
v -9.806857 8.284940 41.024376
v -10.055390 8.418362 41.272247
v -10.303923 8.551783 41.520119
v -10.552455 8.685204 41.767990
v -10.800986 8.818624 42.015862
v -9.860395 7.084620 39.862396
v -10.123048 7.196071 40.113716
v -10.385700 7.307522 40.365036
v -10.648353 7.418973 40.616356
v -10.911004 7.530425 40.867680
v -11.173656 7.641876 41.118999
v -11.436308 7.753326 41.370319
v -11.698959 7.864777 41.621639
v -10.588375 6.203625 39.444061
v -10.863218 6.291637 39.698860
v -11.138062 6.379649 39.953655
v -11.412907 6.467661 40.208450
v -11.687750 6.555674 40.463249
v -11.962593 6.643686 40.718048
v -12.237437 6.731698 40.972843
v -12.512281 6.819710 41.227638
v -11.237010 5.248082 39.025753
v -11.521966 5.311354 39.284054
v -11.806923 5.374626 39.542355
v -12.091879 5.437899 39.800655
v -12.376836 5.501171 40.058960
v -12.661792 5.564443 40.317261
v -12.946748 5.627715 40.575562
v -13.231706 5.690987 40.833866
v -11.798700 4.225198 38.607475
v -12.091554 4.262612 38.869308
v -12.384408 4.300025 39.131145
v -12.677263 4.337439 39.392979
v -12.970117 4.374853 39.654812
v -13.262970 4.412266 39.916649
v -13.555824 4.449680 40.178482
v -13.848680 4.487093 40.440315
v -12.266502 3.142962 38.189224
v -12.564918 3.153596 38.454620
v -12.863332 3.164230 38.720016
v -13.161748 3.174864 38.985413
v -13.460163 3.185498 39.250805
v -13.758578 3.196131 39.516201
v -14.056994 3.206765 39.781597
v -14.355411 3.217399 40.046993
v -12.634216 2.010064 37.771004
v -12.935754 1.993206 38.039986
v -13.237291 1.976349 38.308971
v -13.538828 1.959492 38.577957
v -13.840365 1.942635 38.846943
v -14.141903 1.925777 39.115929
v -14.443439 1.908920 39.384911
v -14.744975 1.892063 39.653900
v -12.896449 0.835840 37.352806
v -13.198584 0.791001 37.625412
v -13.500720 0.746163 37.898014
v -13.802855 0.701324 38.170616
v -14.104990 0.656485 38.443222
v -14.407125 0.611647 38.715828
v -14.709261 0.566808 38.988430
v -15.011396 0.521970 39.261032
v -13.048694 -0.369805 36.934643
v -13.348839 -0.442883 37.210896
v -13.648983 -0.515962 37.487144
v -13.949128 -0.589040 37.763393
v -14.249272 -0.662119 38.039646
v -14.549417 -0.735197 38.315895
v -14.849562 -0.808276 38.592148
v -15.149708 -0.881354 38.868397
v -13.087376 -1.596493 36.516506
v -13.382898 -1.697832 36.796432
v -13.678421 -1.799171 37.076363
v -13.973943 -1.900510 37.356289
v -14.269465 -2.001849 37.636215
v -14.564989 -2.103187 37.916138
v -14.860511 -2.204526 38.196068
v -15.156034 -2.305865 38.475990
v -13.009908 -2.833447 36.098400
v -13.298154 -2.962822 36.382034
v -13.586401 -3.092197 36.665665
v -13.874648 -3.221572 36.949295
v -14.162895 -3.350947 37.232925
v -14.451141 -3.480322 37.516556
v -14.739388 -3.609697 37.800190
v -15.027636 -3.739072 38.083820
v -12.814732 -4.069599 35.680321
v -13.093051 -4.226538 35.967690
v -13.371369 -4.383477 36.255051
v -13.649689 -4.540413 36.542419
v -13.928007 -4.697352 36.829781
v -14.206326 -4.854289 37.117149
v -14.484645 -5.011228 37.404510
v -14.762964 -5.168166 37.691879
v -12.501352 -5.293672 35.262272
v -12.767116 -5.477453 35.553398
v -13.032878 -5.661230 35.844528
v -13.298641 -5.845010 36.135654
v -13.564404 -6.028787 36.426785
v -13.830168 -6.212567 36.717911
v -14.095932 -6.396344 37.009041
v -14.361696 -6.580122 37.300167
v -12.070357 -6.494307 34.844254
v -12.320985 -6.703955 35.139172
v -12.571612 -6.913598 35.434093
v -12.822240 -7.123246 35.729012
v -13.072867 -7.332889 36.023933
v -13.323497 -7.542537 36.318855
v -13.574124 -7.752180 36.613773
v -13.824752 -7.961828 36.908695
v -11.523438 -7.660139 34.426262
v -11.756422 -7.894431 34.725006
v -11.989407 -8.128727 35.023746
v -12.222391 -8.363020 35.322487
v -12.455375 -8.597313 35.621231
v -12.688359 -8.831606 35.919971
v -12.921344 -9.065899 36.218712
v -13.154327 -9.300191 36.517456
v -10.863379 -8.779930 34.008301
v -11.076307 -9.037406 34.310898
v -11.289236 -9.294883 34.613487
v -11.502164 -9.552359 34.916080
v -11.715093 -9.809835 35.218674
v -11.928020 -10.067312 35.521267
v -12.140948 -10.324789 35.823860
v -12.353877 -10.582266 36.126450
v -10.094069 -9.842656 33.590370
v -10.284648 -10.121618 33.896843
v -10.475226 -10.400578 34.203316
v -10.665805 -10.679542 34.509789
v -10.856383 -10.958502 34.816261
v -11.046962 -11.237465 35.122738
v -11.237540 -11.516426 35.429211
v -11.428119 -11.795387 35.735683
v -9.220466 -10.837624 33.172470
v -9.386541 -11.136146 33.482849
v -9.552618 -11.434669 33.793236
v -9.718695 -11.733191 34.103619
v -9.884771 -12.031715 34.414001
v -10.050847 -12.330241 34.724388
v -10.216924 -12.628763 35.034771
v -10.382999 -12.927286 35.345158
v -8.248583 -11.754575 32.754593
v -8.388169 -12.070522 33.068916
v -8.527756 -12.386469 33.383240
v -8.667341 -12.702415 33.697567
v -8.806928 -13.018360 34.011890
v -8.946513 -13.334306 34.326214
v -9.086100 -13.650252 34.640537
v -9.225686 -13.966197 34.954861
v -7.185431 -12.583795 32.336754
v -7.296725 -12.914819 32.655048
v -7.408018 -13.245854 32.973343
v -7.519310 -13.576884 33.291637
v -7.630604 -13.907913 33.609928
v -7.741897 -14.238942 33.928223
v -7.853190 -14.569971 34.246517
v -7.964482 -14.901000 34.564808
v -6.038995 -13.316200 31.918941
v -6.120398 -13.659788 32.241238
v -6.201801 -14.003375 32.563530
v -6.283204 -14.346968 32.885822
v -6.364606 -14.690554 33.208115
v -6.446009 -15.034141 33.530407
v -6.527412 -15.377730 33.852703
v -6.608814 -15.721319 34.174992
v -4.818158 -13.943442 31.501160
v -4.868296 -14.296898 31.827482
v -4.918434 -14.650353 32.153805
v -4.968573 -15.003810 32.480129
v -5.018711 -15.357268 32.806450
v -5.068849 -15.710725 33.132771
v -5.118988 -16.064180 33.459095
v -5.169126 -16.417637 33.785416
v -3.532639 -14.457990 31.083406
v -3.550381 -14.818475 31.413788
v -3.568123 -15.178963 31.744169
v -3.585865 -15.539447 32.074551
v -3.603607 -15.899934 32.404934
v -3.621350 -16.260422 32.735317
v -3.639092 -16.620907 33.065697
v -3.656834 -16.981392 33.396076
v -2.192923 -14.853217 30.665684
v -2.177394 -15.217767 31.000154
v -2.161866 -15.582323 31.334625
v -2.146338 -15.946872 31.669098
v -2.130809 -16.311430 32.003571
v -2.115281 -16.675983 32.338039
v -2.099753 -17.040535 32.672512
v -2.084224 -17.405088 33.006985
v -0.810146 -15.123488 30.247992
v -0.760742 -15.489042 30.586582
v -0.711339 -15.854596 30.925173
v -0.661935 -16.220154 31.263763
v -0.612532 -16.585705 31.602354
v -0.563128 -16.951258 31.940945
v -0.513724 -17.316813 32.279537
v -0.464321 -17.682365 32.618130
v 0.603953 -15.264207 29.830330
v 0.687555 -15.627617 30.173071
v 0.771156 -15.991028 30.515810
v 0.854758 -16.354443 30.858551
v 0.938359 -16.717854 31.201290
v 1.021961 -17.081266 31.544031
v 1.105562 -17.444675 31.886772
v 1.189164 -17.808086 32.229515
v 2.037161 -15.271890 29.412699
v 2.154991 -15.629962 29.759621
v 2.272821 -15.988035 30.106541
v 2.390652 -16.346113 30.453461
v 2.508482 -16.704185 30.800381
v 2.626313 -17.062260 31.147301
v 2.744143 -17.420334 31.494221
v 2.861974 -17.778406 31.841141
v 3.476879 -15.144212 28.995096
v 3.628671 -15.493726 29.346228
v 3.780464 -15.843245 29.697357
v 3.932256 -16.192762 30.048489
v 4.084049 -16.542278 30.399620
v 4.235841 -16.891794 30.750750
v 4.387634 -17.241310 31.101881
v 4.539426 -17.590826 31.453012
v 4.910268 -14.880043 28.577524
v 5.095452 -15.217785 28.932896
v 5.280637 -15.555528 29.288267
v 5.465821 -15.893265 29.643639
v 5.651005 -16.231012 29.999010
v 5.836190 -16.568754 30.354382
v 6.021374 -16.906496 30.709753
v 6.206558 -17.244236 31.065125
v 6.324312 -14.479486 28.159985
v 6.542014 -14.802266 28.519627
v 6.759716 -15.125046 28.879271
v 6.977418 -15.447831 29.238913
v 7.195120 -15.770612 29.598557
v 7.412821 -16.093399 29.958200
v 7.630524 -16.416182 30.317841
v 7.848226 -16.738964 30.677483
v 7.705974 -13.943879 27.742474
v 7.955016 -14.248577 28.106419
v 8.204059 -14.553274 28.470364
v 8.453101 -14.857972 28.834309
v 8.702143 -15.162669 29.198254
v 8.951185 -15.467367 29.562199
v 9.200228 -15.772064 29.926142
v 9.449271 -16.076765 30.290087
v 9.042296 -13.275823 27.324995
v 9.321201 -13.559401 27.693272
v 9.600107 -13.842974 28.061548
v 9.879012 -14.126554 28.429825
v 10.157918 -14.410131 28.798101
v 10.436824 -14.693707 29.166378
v 10.715731 -14.977284 29.534657
v 10.994635 -15.260861 29.902933
v 10.320527 -12.479165 26.907545
v 10.627523 -12.738704 27.280184
v 10.934521 -12.998243 27.652822
v 11.241518 -13.257783 28.025461
v 11.548514 -13.517319 28.398104
v 11.855512 -13.776860 28.770744
v 12.162509 -14.036398 29.143385
v 12.469506 -14.295933 29.516024
v 11.528259 -11.558973 26.490128
v 11.861292 -11.791702 26.867163
v 12.194324 -12.024431 27.244196
v 12.527358 -12.257160 27.621229
v 12.860391 -12.489889 27.998264
v 13.193423 -12.722619 28.375298
v 13.526456 -12.955347 28.752329
v 13.859490 -13.188076 29.129360
v 12.653513 -10.521528 26.072744
v 13.010253 -10.724851 26.454203
v 13.366995 -10.928172 26.835657
v 13.723737 -11.131495 27.217113
v 14.080477 -11.334815 27.598572
v 14.437218 -11.538132 27.980030
v 14.793959 -11.741458 28.361486
v 15.150701 -11.944778 28.742943
v 13.684875 -9.374265 25.655384
v 14.062738 -9.545786 26.041296
v 14.440600 -9.717303 26.427210
v 14.818462 -9.888822 26.813124
v 15.196326 -10.060338 27.199036
v 15.574189 -10.231855 27.584948
v 15.952051 -10.403373 27.970861
v 16.329914 -10.574891 28.356775
v 14.611612 -8.125759 25.238058
v 15.007769 -8.263302 25.628458
v 15.403926 -8.400842 26.018856
v 15.800082 -8.538389 26.409256
v 16.196239 -8.675932 26.799656
v 16.592396 -8.813476 27.190052
v 16.988552 -8.951018 27.580452
v 17.384706 -9.088561 27.970850
v 15.423780 -6.785583 24.820763
v 15.835183 -6.887232 25.215677
v 16.246584 -6.988881 25.610592
v 16.657986 -7.090530 26.005508
v 17.069389 -7.192178 26.400423
v 17.480791 -7.293827 26.795338
v 17.892193 -7.395476 27.190256
v 18.303595 -7.497126 27.585173
v 16.112316 -5.364333 24.403498
v 16.535717 -5.428439 24.802959
v 16.959118 -5.492546 25.202423
v 17.382517 -5.556653 25.601885
v 17.805918 -5.620759 26.001348
v 18.229319 -5.684865 26.400812
v 18.652718 -5.748973 26.800274
v 19.076117 -5.813080 27.199739
v 16.669138 -3.873479 23.986263
v 17.101112 -3.898690 24.390305
v 17.533089 -3.923902 24.794346
v 17.965063 -3.949114 25.198387
v 18.397039 -3.974325 25.602428
v 18.829014 -3.999536 26.006472
v 19.260990 -4.024747 26.410513
v 19.692966 -4.049959 26.814554
v 17.087244 -2.325305 23.569063
v 17.524223 -2.310580 23.977715
v 17.961203 -2.295853 24.386368
v 18.398184 -2.281126 24.795017
v 18.835163 -2.266401 25.203671
v 19.272144 -2.251675 25.612322
v 19.709126 -2.236949 26.020971
v 20.146105 -2.222223 26.429621
v 17.360779 -0.732794 23.151890
v 17.799074 -0.677416 23.565184
v 18.237368 -0.622038 23.978474
v 18.675661 -0.566660 24.391766
v 19.113956 -0.511282 24.805059
v 19.552250 -0.455904 25.218353
v 19.990543 -0.400526 25.631643
v 20.428837 -0.345148 26.044935
v 17.485107 0.890493 22.734751
v 17.920935 0.986897 23.152714
v 18.356762 1.083300 23.570679
v 18.792589 1.179703 23.988644
v 19.228416 1.276106 24.406607
v 19.664242 1.372510 24.824570
v 20.100069 1.468913 25.242535
v 20.535896 1.565316 25.660500
v 17.456881 2.530498 22.317640
v 17.886402 2.667947 22.740307
v 18.315924 2.805398 23.162973
v 18.745445 2.942847 23.585640
v 19.174965 3.080297 24.008305
v 19.604485 3.217748 24.430971
v 20.034006 3.355198 24.853642
v 20.463528 3.492648 25.276310
v 17.274073 4.172813 21.900562
v 17.693424 4.350973 22.327963
v 18.112774 4.529133 22.755363
v 18.532124 4.707294 23.182764
v 18.951473 4.885453 23.610165
v 19.370823 5.063613 24.037565
v 19.790173 5.241773 24.464970
v 20.209520 5.419933 24.892372
v 16.936033 5.802794 21.483517
v 17.341354 6.020961 21.915686
v 17.746677 6.239130 22.347851
v 18.151999 6.457297 22.780014
v 18.557320 6.675465 23.212181
v 18.962641 6.893634 23.644348
v 19.367964 7.111803 24.076513
v 19.773285 7.329971 24.508678
v 16.443497 7.405715 21.066498
v 16.830975 7.662827 21.503460
v 17.218454 7.919935 21.940422
v 17.605934 8.177047 22.377386
v 17.993412 8.434159 22.814350
v 18.380890 8.691266 23.251314
v 18.768368 8.948376 23.688276
v 19.155848 9.205483 24.125238
v 15.798601 8.966868 20.649517
v 16.164499 9.261491 21.091309
v 16.530396 9.556111 21.533100
v 16.896294 9.850733 21.974894
v 17.262190 10.145355 22.416681
v 17.628088 10.439976 22.858471
v 17.993984 10.734597 23.300262
v 18.359882 11.029218 23.742058
v 15.004896 10.471718 20.232563
v 15.345585 10.802062 20.679213
v 15.686274 11.132405 21.125864
v 16.026964 11.462749 21.572512
v 16.367651 11.793094 22.019165
v 16.708340 12.123439 22.465816
v 17.049030 12.453782 22.912466
v 17.389721 12.784126 23.359116
v 14.067322 11.906026 19.815641
v 14.379320 12.269954 20.267183
v 14.691320 12.633880 20.718721
v 15.003322 12.997806 21.170261
v 15.315320 13.361732 21.621803
v 15.627319 13.725660 22.073345
v 15.939320 14.089587 22.524885
v 16.251320 14.453513 22.976425
v 12.992181 13.255988 19.398752
v 13.272191 13.651019 19.855213
v 13.552200 14.046050 20.311676
v 13.832211 14.441082 20.768139
v 14.112220 14.836112 21.224600
v 14.392230 15.231143 21.681063
v 14.672239 15.626176 22.137526
v 14.952250 16.021204 22.593990
v 11.787100 14.508392 18.981890
v 12.032030 14.931725 19.443308
v 12.276961 15.355059 19.904724
v 12.521894 15.778393 20.366138
v 12.766824 16.201729 20.827555
v 13.011754 16.625061 21.288971
v 13.256685 17.048395 21.750387
v 13.501617 17.471724 22.211802
v 10.460982 15.650685 18.565065
v 10.667990 16.099216 19.031467
v 10.874997 16.547747 19.497869
v 11.082005 16.996275 19.964270
v 11.289012 17.444803 20.430670
v 11.496021 17.893332 20.897072
v 11.703029 18.341860 21.363472
v 11.910036 18.790384 21.829870
v 9.023950 16.671158 18.148268
v 9.190465 17.141487 18.619684
v 9.356979 17.611820 19.091105
v 9.523495 18.082153 19.562521
v 9.690010 18.552483 20.033937
v 9.856525 19.022814 20.505352
v 10.023041 19.493145 20.976770
v 10.189555 19.963478 21.448189
v 7.487262 17.559019 17.731504
v 7.611018 18.047501 18.207972
v 7.734774 18.535978 18.684435
v 7.858529 19.024462 19.160902
v 7.982285 19.512941 19.637367
v 8.106041 20.001423 20.113831
v 8.229796 20.489904 20.590296
v 8.353552 20.978386 21.066761
v 5.863206 18.304541 17.314772
v 5.942264 18.807285 17.796316
v 6.021322 19.310028 18.277859
v 6.100380 19.812773 18.759403
v 6.179439 20.315519 19.240950
v 6.258496 20.818264 19.722492
v 6.337555 21.321007 20.204037
v 6.416613 21.823751 20.685587
v 4.165042 18.899126 16.898069
v 4.197818 19.412045 17.384724
v 4.230595 19.924963 17.871380
v 4.263371 20.437880 18.358036
v 4.296148 20.950798 18.844688
v 4.328925 21.463718 19.331347
v 4.361701 21.976637 19.818008
v 4.394478 22.489555 20.304663
v 2.406866 19.335430 16.481400
v 2.392151 19.854261 16.973194
v 2.377436 20.373093 17.464993
v 2.362721 20.891922 17.956787
v 2.348007 21.410749 18.448589
v 2.333292 21.929579 18.940397
v 2.318578 22.448410 19.432192
v 2.303863 22.967243 19.923988
v 0.603500 19.607426 16.064762
v 0.540476 20.127768 16.561733
v 0.477451 20.648111 17.058704
v 0.414426 21.168453 17.555676
v 0.351401 21.688797 18.052647
v 0.288376 22.209137 18.549627
v 0.225352 22.729483 19.046597
v 0.162327 23.249828 19.543571
v -1.229619 19.710480 15.648159
v -1.341364 20.227835 16.150333
v -1.453108 20.745192 16.652512
v -1.564853 21.262548 17.154690
v -1.676597 21.779903 17.656868
v -1.788342 22.297260 18.159056
v -1.900086 22.814613 18.661230
v -2.011831 23.331972 19.163404
v -3.076627 19.641415 15.231586
v -3.237082 20.151218 15.739002
v -3.397537 20.661024 16.246410
v -3.557992 21.170828 16.753826
v -3.718447 21.680630 17.261242
v -3.878902 22.190437 17.768667
v -4.039358 22.700237 18.276083
v -4.199813 23.210041 18.783495
v -4.921248 19.398560 14.815044
v -5.129976 19.896225 15.327728
v -5.338705 20.393888 15.840412
v -5.547433 20.891554 16.353088
v -5.756162 21.389217 16.865772
v -5.964890 21.886883 17.378469
v -6.173619 22.384548 17.891150
v -6.382348 22.882210 18.403833
v -6.747110 18.981770 14.398533
v -7.003242 19.462723 14.916515
v -7.259375 19.943674 15.434503
v -7.515506 20.424627 15.952484
v -7.771639 20.905579 16.470467
v -8.027771 21.386532 16.988453
v -8.283903 21.867485 17.506445
v -8.540034 22.348438 18.024431
v -8.537735 18.392462 13.982052
v -8.839968 18.852186 14.505367
v -9.142201 19.311911 15.028684
v -9.444435 19.771635 15.552002
v -9.746668 20.231359 16.075317
v -10.048901 20.691084 16.598633
v -10.351133 21.150808 17.121952
v -10.653367 21.610533 17.645267
v -10.276762 17.633619 13.565605
v -10.623363 18.067698 14.094288
v -10.969963 18.501776 14.622969
v -11.316564 18.935854 15.151649
v -11.663165 19.369932 15.680332
v -12.009764 19.804010 16.209011
v -12.356365 20.238089 16.737690
v -12.702966 20.672167 17.266369
v -11.948090 16.709778 13.149189
v -12.336901 17.113930 13.683266
v -12.725712 17.518082 14.217342
v -13.114522 17.922234 14.751423
v -13.503333 18.326385 15.285498
v -13.892145 18.730537 15.819576
v -14.280955 19.134689 16.353653
v -14.669765 19.538843 16.887730
v -13.536014 15.627005 12.732804
v -13.964466 15.997128 13.272312
v -14.392919 16.367260 13.811817
v -14.821371 16.737385 14.351322
v -15.249823 17.107510 14.890831
v -15.678274 17.477634 15.430336
v -16.106728 17.847761 15.969841
v -16.535181 18.217886 16.509344
v -15.025377 14.392876 12.316453
v -15.490503 14.725092 12.861421
v -15.955629 15.057310 13.406388
v -16.420755 15.389528 13.951352
v -16.885881 15.721745 14.496320
v -17.351007 16.053967 15.041286
v -17.816133 16.386185 15.586250
v -18.281260 16.718403 16.131212
v -16.401716 13.016403 11.900136
v -16.900169 13.307090 12.450593
v -17.398623 13.597777 13.001050
v -17.897076 13.888461 13.551507
v -18.395529 14.179147 14.101968
v -18.893982 14.469833 14.652425
v -19.392433 14.760520 15.202882
v -19.890884 15.051206 15.753339
v -17.651396 11.507994 11.483846
v -18.179472 11.753821 12.039826
v -18.707546 11.999645 12.595811
v -19.235622 12.245469 13.151791
v -19.763699 12.491295 13.707772
v -20.291773 12.737121 14.263753
v -20.819849 12.982944 14.819734
v -21.347923 13.228771 15.375714
v -18.761744 9.879357 11.067583
v -19.315407 10.077324 11.629118
v -19.869068 10.275290 12.190657
v -20.422731 10.473256 12.752195
v -20.976393 10.671222 13.313730
v -21.530054 10.869188 13.875265
v -22.083715 11.067155 14.436807
v -22.637379 11.265123 14.998345
v -19.721174 8.143448 10.651362
v -20.296085 8.290916 11.218486
v -20.870995 8.438390 11.785609
v -21.445904 8.585862 12.352736
v -22.020815 8.733334 12.919860
v -22.595726 8.880806 13.486983
v -23.170637 9.028278 14.054110
v -23.745546 9.175751 14.621234
v -20.519321 6.314263 10.235168
v -21.110872 6.408999 10.807914
v -21.702425 6.503737 11.380656
v -22.293978 6.598468 11.953399
v -22.885530 6.693204 12.526145
v -23.477081 6.787941 13.098887
v -24.068632 6.882676 13.671634
v -24.660185 6.977409 14.244376
v -21.147116 4.406887 9.819011
v -21.750467 4.447061 10.397407
v -22.353819 4.487236 10.975802
v -22.957170 4.527410 11.554198
v -23.560524 4.567585 12.132594
v -24.163877 4.607760 12.710990
v -24.767229 4.647934 13.289382
v -25.370581 4.688109 13.867778
v -21.596903 2.437238 9.402882
v -22.207020 2.421475 9.986958
v -22.817137 2.405712 10.571037
v -23.427254 2.389948 11.155113
v -24.037371 2.374187 11.739193
v -24.647490 2.358424 12.323277
v -25.257603 2.342661 12.907352
v -25.867718 2.326897 13.491432
v -21.862526 0.422001 8.986786
v -22.474218 0.349388 9.576580
v -23.085907 0.276776 10.166374
v -23.697596 0.204163 10.756168
v -24.309286 0.131550 11.345963
v -24.920979 0.058934 11.935757
v -25.532667 -0.013678 12.525551
v -26.144356 -0.086291 13.115341
v -21.939396 -1.621540 8.570721
v -22.547356 -1.751433 9.166264
v -23.155315 -1.881327 9.761806
v -23.763277 -2.011218 10.357349
v -24.371239 -2.141112 10.952888
v -24.979202 -2.271006 11.548431
v -25.587162 -2.400898 12.143974
v -26.195122 -2.530791 12.739513
v -21.824554 -3.675640 8.154691
v -22.423418 -3.862750 8.756009
v -23.022282 -4.049859 9.357331
v -23.621147 -4.236968 9.958650
v -24.220011 -4.424077 10.559972
v -24.818871 -4.611184 11.161294
v -25.417736 -4.798292 11.762616
v -26.016600 -4.985397 12.363935
v -21.516716 -5.722250 7.738689
v -22.101091 -5.966004 8.345822
v -22.685469 -6.209763 8.952958
v -23.269846 -6.453515 9.560090
v -23.854219 -6.697268 10.167222
v -24.438595 -6.941028 10.774354
v -25.022972 -7.184781 11.381490
v -25.607347 -7.428533 11.988622
v -21.016298 -7.743176 7.322721
v -21.580824 -8.042500 7.935698
v -22.145350 -8.341825 8.548673
v -22.709873 -8.641150 9.161649
v -23.274401 -8.940474 9.774625
v -23.838928 -9.239799 10.387601
v -24.403454 -9.539126 11.000578
v -24.967978 -9.838447 11.613554
v -20.325449 -9.720222 6.906785
v -20.864838 -10.073532 7.525633
v -21.404226 -10.426842 8.144491
v -21.943615 -10.780151 8.763342
v -22.483004 -11.133462 9.382190
v -23.022390 -11.486771 10.001042
v -23.561779 -11.840080 10.619895
v -24.101170 -12.193393 11.238746
v -19.448017 -11.635421 6.490874
v -19.957106 -12.040626 7.115633
v -20.466192 -12.445831 7.740397
v -20.975279 -12.851037 8.365157
v -21.484364 -13.256242 8.989917
v -21.993450 -13.661446 9.614678
v -22.502539 -14.066652 10.239436
v -23.011625 -14.471857 10.864196
v -18.410177 -13.448664 6.074965
v -18.904573 -13.880746 6.705618
v -19.398968 -14.312828 7.336276
v -19.893364 -14.744910 7.966929
v -20.387758 -15.176992 8.597583
v -20.882154 -15.609075 9.228240
v -21.376551 -16.041157 9.858893
v -21.870947 -16.473240 10.489548
v -19.332703 -11.836892 6.444666
v -19.217386 -12.038363 6.398455
v -19.102072 -12.239835 6.352244
v -18.986755 -12.441306 6.306029
v -18.871441 -12.642777 6.259817
v -18.756124 -12.844249 6.213602
v -18.640808 -13.045720 6.167389
v -18.525494 -13.247191 6.121180
v -19.840157 -12.245084 7.070078
v -19.723209 -12.449542 7.024519
v -19.606262 -12.654000 6.978963
v -19.489313 -12.858459 6.933405
v -19.372366 -13.062916 6.887846
v -19.255419 -13.267372 6.842290
v -19.138470 -13.471830 6.796732
v -19.021521 -13.676289 6.751175
v -20.347610 -12.653275 7.695491
v -20.229031 -12.860719 7.650591
v -20.110449 -13.068163 7.605682
v -19.991869 -13.275606 7.560782
v -19.873289 -13.483050 7.515876
v -19.754709 -13.690494 7.470977
v -19.636129 -13.897939 7.426077
v -19.517550 -14.105384 7.381174
v -20.855066 -13.061467 8.320907
v -20.734854 -13.271898 8.276656
v -20.614641 -13.482328 8.232409
v -20.494429 -13.692760 8.188167
v -20.374216 -13.903190 8.143916
v -20.254002 -14.113621 8.099666
v -20.133789 -14.324050 8.055423
v -20.013577 -14.534479 8.011176
v -21.362518 -13.469659 8.946321
v -21.240673 -13.683075 8.902732
v -21.118828 -13.896491 8.859137
v -20.996983 -14.109907 8.815543
v -20.875137 -14.323324 8.771953
v -20.753294 -14.536742 8.728362
v -20.631449 -14.750158 8.684771
v -20.509604 -14.963574 8.641173
v -21.869974 -13.877849 9.571738
v -21.746496 -14.094252 9.528800
v -21.623020 -14.310657 9.485862
v -21.499542 -14.527061 9.442927
v -21.376064 -14.743464 9.399989
v -21.252588 -14.959866 9.357051
v -21.129110 -15.176269 9.314113
v -21.005632 -15.392672 9.271173
v -22.377430 -14.286042 10.197150
v -22.252319 -14.505432 10.154872
v -22.127211 -14.724820 10.112586
v -22.002102 -14.944209 10.070304
v -21.876991 -15.163599 10.028022
v -21.751879 -15.382989 9.985740
v -21.626770 -15.602378 9.943458
v -21.501661 -15.821767 9.901173
v -22.884882 -14.694233 10.822570
v -22.758141 -14.916609 10.780940
v -22.631397 -15.138984 10.739314
v -22.504656 -15.361361 10.697684
v -22.377914 -15.583735 10.656058
v -22.251173 -15.806110 10.614433
v -22.124430 -16.028488 10.572803
v -21.997688 -16.250864 10.531181
v -20.227957 -9.933021 6.860571
v -20.130465 -10.145822 6.814363
v -20.032972 -10.358621 6.768148
v -19.935478 -10.571421 6.721941
v -19.837988 -10.784221 6.675726
v -19.740496 -10.997022 6.629519
v -19.643003 -11.209822 6.583304
v -19.545509 -11.422622 6.537088
v -20.763979 -10.292098 7.480082
v -20.663118 -10.510664 7.434523
v -20.562260 -10.729231 7.388968
v -20.461399 -10.947796 7.343409
v -20.360540 -11.166363 7.297854
v -20.259682 -11.384929 7.252295
v -20.158823 -11.603495 7.206740
v -20.057962 -11.822060 7.161192
v -21.300001 -10.651174 8.099596
v -21.195774 -10.875505 8.054697
v -21.091549 -11.099838 8.009795
v -20.987324 -11.324171 7.964899
v -20.883097 -11.548503 7.920000
v -20.778872 -11.772834 7.875101
v -20.674644 -11.997167 7.830196
v -20.570419 -12.221499 7.785296
v -21.836021 -11.010250 8.719092
v -21.728430 -11.240348 8.674853
v -21.620838 -11.470446 8.630612
v -21.513245 -11.700543 8.586364
v -21.405653 -11.930643 8.542125
v -21.298059 -12.160742 8.497886
v -21.190464 -12.390840 8.453639
v -21.082872 -12.620937 8.409396
v -22.372044 -11.369326 9.338603
v -22.261086 -11.605190 9.295020
v -22.150126 -11.841054 9.251433
v -22.039167 -12.076919 9.207847
v -21.928205 -12.312782 9.164260
v -21.817244 -12.548647 9.120673
v -21.706285 -12.784513 9.077085
v -21.595325 -13.020378 9.033503
v -22.908066 -11.728401 9.958114
v -22.793737 -11.970032 9.915183
v -22.679411 -12.211662 9.872254
v -22.565086 -12.453293 9.829322
v -22.450758 -12.694923 9.786391
v -22.336430 -12.936554 9.743466
v -22.222105 -13.178185 9.700534
v -22.107779 -13.419815 9.657603
v -23.444084 -12.087477 10.577623
v -23.326389 -12.334874 10.535346
v -23.208698 -12.582271 10.493075
v -23.091005 -12.829668 10.450801
v -22.973310 -13.077065 10.408527
v -22.855616 -13.324461 10.366256
v -22.737925 -13.571858 10.323981
v -22.620232 -13.819255 10.281707
v -23.980108 -12.446556 11.197127
v -23.859047 -12.699719 11.155509
v -23.737986 -12.952883 11.113896
v -23.616924 -13.206046 11.072276
v -23.495865 -13.459206 11.030662
v -23.374804 -13.712372 10.989047
v -23.253744 -13.965535 10.947429
v -23.132687 -14.218696 10.905810
v -20.939537 -7.962851 7.276506
v -20.862776 -8.182520 7.230290
v -20.786015 -8.402191 7.184073
v -20.709253 -8.621863 7.137857
v -20.632494 -8.841535 7.091641
v -20.555733 -9.061206 7.045425
v -20.478971 -9.280878 6.999208
v -20.402210 -9.500550 6.952993
v -21.501270 -8.268171 7.890132
v -21.421715 -8.493841 7.844574
v -21.342161 -8.719511 7.799013
v -21.262608 -8.945181 7.753449
v -21.183052 -9.170852 7.707888
v -21.103498 -9.396523 7.662324
v -21.023945 -9.622191 7.616758
v -20.944391 -9.847861 7.571199
v -22.063002 -8.573494 8.503766
v -21.980654 -8.805162 8.458856
v -21.898306 -9.036831 8.413949
v -21.815958 -9.268499 8.369039
v -21.733612 -9.500169 8.324133
v -21.651266 -9.731836 8.279222
v -21.568918 -9.963505 8.234316
v -21.486572 -10.195174 8.189405
v -22.624733 -8.878817 9.117391
v -22.539593 -9.116484 9.073136
v -22.454451 -9.354151 9.028878
v -22.369310 -9.591817 8.984621
v -22.284172 -9.829484 8.940367
v -22.199034 -10.067151 8.896112
v -22.113894 -10.304818 8.851854
v -22.028753 -10.542485 8.807596
v -23.186466 -9.184139 9.731023
v -23.098534 -9.427804 9.687417
v -23.010599 -9.671469 9.643816
v -22.922665 -9.915134 9.600210
v -22.834734 -10.158799 9.556608
v -22.746801 -10.402465 9.513006
v -22.658869 -10.646132 9.469399
v -22.570934 -10.889796 9.425799
v -23.748201 -9.489462 10.344652
v -23.657475 -9.739125 10.301702
v -23.566746 -9.988790 10.258753
v -23.476019 -10.238452 10.215803
v -23.385294 -10.488115 10.172850
v -23.294569 -10.737779 10.129896
v -23.203842 -10.987442 10.086944
v -23.113115 -11.237105 10.043994
v -24.309933 -9.794787 10.958281
v -24.216415 -10.050450 10.915978
v -24.122894 -10.306108 10.873682
v -24.029373 -10.561770 10.831385
v -23.935856 -10.817432 10.789087
v -23.842339 -11.073094 10.746787
v -23.748817 -11.328757 10.704490
v -23.655296 -11.584419 10.662188
v -24.871668 -10.100111 11.571909
v -24.775356 -10.361771 11.530264
v -24.679045 -10.623431 11.488619
v -24.582733 -10.885091 11.446974
v -24.486420 -11.146751 11.405326
v -24.390106 -11.408411 11.363681
v -24.293795 -11.670073 11.322036
v -24.197483 -11.931733 11.280391
v -21.461115 -5.946797 7.692468
v -21.405514 -6.171348 7.646246
v -21.349913 -6.395894 7.600031
v -21.294312 -6.620439 7.553814
v -21.238707 -6.844986 7.507596
v -21.183105 -7.069533 7.461371
v -21.127504 -7.294084 7.415155
v -21.071901 -7.518630 7.368940
v -22.043285 -6.196730 8.300256
v -21.985479 -6.427451 8.254685
v -21.927670 -6.658173 8.209115
v -21.869862 -6.888895 8.163549
v -21.812054 -7.119616 8.117978
v -21.754248 -7.350337 8.072404
v -21.696440 -7.581058 8.026837
v -21.638630 -7.811779 7.981268
v -22.625454 -6.446659 8.908036
v -22.565441 -6.683555 8.863114
v -22.505426 -6.920452 8.818196
v -22.445414 -7.157344 8.773278
v -22.385399 -7.394240 8.728360
v -22.325388 -7.631136 8.683434
v -22.265373 -7.868032 8.638516
v -22.205360 -8.104930 8.593598
v -23.207626 -6.696588 9.515821
v -23.145409 -6.939654 9.471551
v -23.083189 -7.182725 9.427278
v -23.020969 -7.425796 9.383004
v -22.958752 -7.668868 9.338735
v -22.896532 -7.911940 9.294465
v -22.834314 -8.155008 9.250192
v -22.772095 -8.398078 9.205918
v -23.789797 -6.946516 10.123601
v -23.725372 -7.195758 10.079980
v -23.660948 -7.445004 10.036359
v -23.596525 -7.694251 9.992738
v -23.532101 -7.943493 9.949117
v -23.467678 -8.192739 9.905496
v -23.403252 -8.441983 9.861871
v -23.338825 -8.691229 9.818246
v -24.371965 -7.196444 10.731381
v -24.305336 -7.451867 10.688409
v -24.238708 -7.707283 10.645436
v -24.172079 -7.962706 10.602464
v -24.105448 -8.218122 10.559491
v -24.038816 -8.473541 10.516519
v -23.972189 -8.728960 10.473546
v -23.905560 -8.984379 10.430574
v -24.954136 -7.446372 11.339166
v -24.885300 -7.707969 11.296842
v -24.816463 -7.969561 11.254518
v -24.747629 -8.231156 11.212193
v -24.678793 -8.492750 11.169869
v -24.609957 -8.754344 11.127545
v -24.541122 -9.015938 11.085221
v -24.472290 -9.277532 11.042901
v -25.536306 -7.696300 11.946946
v -25.465265 -7.964069 11.905271
v -25.394224 -8.231840 11.863599
v -25.323183 -8.499609 11.821923
v -25.252142 -8.767377 11.780252
v -25.181101 -9.035145 11.738576
v -25.110060 -9.302914 11.696900
v -25.039019 -9.570681 11.655230
v -21.790352 -3.903041 8.108468
v -21.756149 -4.130444 8.062249
v -21.721943 -4.357842 8.016026
v -21.687738 -4.585247 7.969803
v -21.653534 -4.812644 7.923585
v -21.619331 -5.040050 7.877362
v -21.585125 -5.267447 7.831136
v -21.550920 -5.494852 7.784913
v -22.387604 -4.096446 8.710431
v -22.351789 -4.330141 8.664853
v -22.315975 -4.563837 8.619279
v -22.280159 -4.797532 8.573701
v -22.244345 -5.031227 8.528123
v -22.208532 -5.264922 8.482549
v -22.172718 -5.498613 8.436975
v -22.136904 -5.732308 8.391397
v -22.984859 -4.289845 9.312398
v -22.947435 -4.529838 9.267467
v -22.910011 -4.769824 9.222535
v -22.872587 -5.009812 9.177606
v -22.835163 -5.249803 9.132676
v -22.797739 -5.489791 9.087747
v -22.760317 -5.729783 9.042817
v -22.722893 -5.969769 8.997884
v -23.582113 -4.483251 9.914365
v -23.543081 -4.729530 9.870080
v -23.504047 -4.975814 9.825795
v -23.465015 -5.222097 9.781510
v -23.425982 -5.468380 9.737226
v -23.386946 -5.714664 9.692941
v -23.347914 -5.960947 9.648656
v -23.308880 -6.207231 9.604375
v -24.179365 -4.676651 10.516332
v -24.138721 -4.929227 10.472695
v -24.098080 -5.181807 10.429055
v -24.057438 -5.434382 10.385415
v -24.016792 -5.686963 10.341779
v -23.976149 -5.939537 10.298139
v -23.935507 -6.192114 10.254498
v -23.894865 -6.444694 10.210862
v -24.776617 -4.870052 11.118302
v -24.734364 -5.128923 11.075311
v -24.692110 -5.387795 11.032315
v -24.649857 -5.646667 10.989324
v -24.607603 -5.905539 10.946332
v -24.565350 -6.164411 10.903340
v -24.523098 -6.423284 10.860345
v -24.480848 -6.682156 10.817348
v -25.373873 -5.063455 11.720269
v -25.330009 -5.328620 11.677922
v -25.286148 -5.593788 11.635575
v -25.242285 -5.858951 11.593228
v -25.198421 -6.124115 11.550881
v -25.154560 -6.389284 11.508531
v -25.110697 -6.654447 11.466184
v -25.066833 -6.919613 11.423837
v -25.971127 -5.256857 12.322236
v -25.925655 -5.528316 12.280534
v -25.880184 -5.799776 12.238832
v -25.834711 -6.071237 12.197129
v -25.789240 -6.342698 12.155427
v -25.743769 -6.614154 12.113729
v -25.698294 -6.885614 12.072026
v -25.652821 -7.157073 12.030320
v -21.926636 -1.849773 8.524498
v -21.913877 -2.078006 8.478271
v -21.901117 -2.306241 8.432045
v -21.888357 -2.534473 8.385818
v -21.875599 -2.762706 8.339592
v -21.862837 -2.990941 8.293365
v -21.850077 -3.219173 8.247140
v -21.837317 -3.447406 8.200917
v -22.533587 -1.986024 9.120682
v -22.519815 -2.220613 9.075096
v -22.506044 -2.455204 9.029510
v -22.492275 -2.689795 8.983925
v -22.478504 -2.924386 8.938343
v -22.464735 -3.158977 8.892762
v -22.450962 -3.393568 8.847177
v -22.437189 -3.628159 8.801591
v -23.140535 -2.122276 9.716866
v -23.125753 -2.363224 9.671925
v -23.110973 -2.604171 9.626984
v -23.096193 -2.845118 9.582043
v -23.081411 -3.086065 9.537098
v -23.066628 -3.327013 9.492154
v -23.051847 -3.567961 9.447213
v -23.037066 -3.808908 9.402272
v -23.747484 -2.258523 10.313049
v -23.731693 -2.505829 10.268749
v -23.715900 -2.753134 10.224449
v -23.700109 -3.000442 10.180149
v -23.684319 -3.247745 10.135850
v -23.668526 -3.495049 10.091550
v -23.652733 -3.742356 10.047250
v -23.636938 -3.989660 10.002950
v -24.354437 -2.394776 10.909233
v -24.337635 -2.648436 10.865574
v -24.320831 -2.902100 10.821918
v -24.304029 -3.155760 10.778263
v -24.287224 -3.409423 10.734605
v -24.270420 -3.663085 10.690946
v -24.253618 -3.916747 10.647286
v -24.236814 -4.170412 10.603631
v -24.961386 -2.531024 11.505413
v -24.943571 -2.791044 11.462399
v -24.925756 -3.051063 11.419384
v -24.907944 -3.311083 11.376370
v -24.890129 -3.571103 11.333356
v -24.872313 -3.831123 11.290338
v -24.854500 -4.091144 11.247323
v -24.836687 -4.351161 11.204309
v -25.568335 -2.667277 12.101597
v -25.549511 -2.933654 12.059223
v -25.530685 -3.200030 12.016854
v -25.511860 -3.466406 11.974481
v -25.493036 -3.732783 11.932107
v -25.474211 -3.999159 11.889733
v -25.455385 -4.265535 11.847360
v -25.436560 -4.531915 11.804990
v -26.175285 -2.803528 12.697784
v -26.155447 -3.076260 12.656055
v -26.135612 -3.348993 12.614324
v -26.115780 -3.621727 12.572595
v -26.095942 -3.894462 12.530862
v -26.076105 -4.167198 12.489133
v -26.056271 -4.439929 12.447400
v -26.036436 -4.712665 12.405667
v -21.871067 0.194940 8.940559
v -21.879608 -0.032120 8.894329
v -21.888149 -0.259180 8.848103
v -21.896690 -0.486240 8.801872
v -21.905230 -0.713300 8.755642
v -21.913771 -0.940360 8.709412
v -21.922312 -1.167420 8.663181
v -21.930855 -1.394480 8.616947
v -22.482344 0.115963 9.530991
v -22.490469 -0.117461 9.485401
v -22.498596 -0.350886 9.439812
v -22.506721 -0.584310 9.394222
v -22.514847 -0.817735 9.348629
v -22.522974 -1.051159 9.303036
v -22.531101 -1.284584 9.257446
v -22.539230 -1.518009 9.211857
v -23.093618 0.036987 10.121422
v -23.101330 -0.202802 10.076473
v -23.109043 -0.442591 10.031521
v -23.116756 -0.682380 9.986568
v -23.124468 -0.922170 9.941616
v -23.132177 -1.161958 9.896664
v -23.139891 -1.401748 9.851711
v -23.147606 -1.641538 9.806763
v -23.704895 -0.041990 10.711853
v -23.712193 -0.288144 10.667542
v -23.719492 -0.534297 10.623230
v -23.726789 -0.780452 10.578915
v -23.734087 -1.026604 10.534603
v -23.741383 -1.272759 10.490292
v -23.748682 -1.518912 10.445976
v -23.755980 -1.765065 10.401665
v -24.316170 -0.120968 11.302288
v -24.323055 -0.373487 11.258614
v -24.329939 -0.626004 11.214939
v -24.336823 -0.878522 11.171265
v -24.343706 -1.131040 11.127590
v -24.350590 -1.383558 11.083916
v -24.357473 -1.636076 11.040241
v -24.364355 -1.888593 10.996563
v -24.927446 -0.199948 11.892723
v -24.933916 -0.458827 11.849686
v -24.940386 -0.717713 11.806652
v -24.946854 -0.976595 11.763615
v -24.953323 -1.235475 11.720577
v -24.959791 -1.494357 11.677540
v -24.966261 -1.753240 11.634502
v -24.972731 -2.012123 11.591469
v -25.538721 -0.278925 12.483154
v -25.544775 -0.544172 12.440754
v -25.550829 -0.809419 12.398357
v -25.556883 -1.074666 12.355961
v -25.562941 -1.339913 12.313564
v -25.568996 -1.605158 12.271164
v -25.575050 -1.870405 12.228767
v -25.581104 -2.135651 12.186371
v -26.149998 -0.357903 13.073586
v -26.155640 -0.629514 13.031826
v -26.161278 -0.901125 12.990067
v -26.166918 -1.172737 12.948311
v -26.172560 -1.444348 12.906551
v -26.178202 -1.715960 12.864792
v -26.183840 -1.987571 12.823032
v -26.189480 -2.259179 12.781277
v -21.626417 2.213321 9.356647
v -21.655930 1.989407 9.310413
v -21.685444 1.765492 9.264179
v -21.714958 1.541577 9.217945
v -21.744473 1.317661 9.171715
v -21.773987 1.093746 9.125484
v -21.803501 0.869831 9.079250
v -21.833014 0.645916 9.033016
v -22.236708 2.191243 9.941360
v -22.266396 1.961012 9.895763
v -22.296085 1.730779 9.850166
v -22.325775 1.500547 9.804569
v -22.355463 1.270315 9.758972
v -22.385151 1.040083 9.713375
v -22.414841 0.809852 9.667778
v -22.444530 0.579620 9.622181
v -22.847000 2.169164 10.526073
v -22.876863 1.932615 10.481113
v -22.906727 1.696066 10.436150
v -22.936592 1.459518 10.391186
v -22.966455 1.222970 10.346226
v -22.996319 0.986421 10.301262
v -23.026182 0.749873 10.256298
v -23.056044 0.513324 10.211334
v -23.457291 2.147085 11.110786
v -23.487328 1.904219 11.066460
v -23.517365 1.661354 11.022129
v -23.547403 1.418488 10.977802
v -23.577442 1.175624 10.933475
v -23.607481 0.932759 10.889149
v -23.637518 0.689893 10.844818
v -23.667557 0.447028 10.800491
v -24.067585 2.125005 11.695503
v -24.097797 1.875823 11.651810
v -24.128010 1.626641 11.608120
v -24.158224 1.377459 11.564426
v -24.188437 1.128278 11.520733
v -24.218651 0.879096 11.477043
v -24.248863 0.629914 11.433350
v -24.279074 0.380729 11.389652
v -24.677876 2.102923 12.280216
v -24.708261 1.847427 12.237160
v -24.738651 1.591928 12.194099
v -24.769039 1.336430 12.151043
v -24.799427 1.080931 12.107983
v -24.829813 0.825430 12.064926
v -24.860203 0.569931 12.021870
v -24.890591 0.314433 11.978813
v -25.288166 2.080844 12.864929
v -25.318729 1.819027 12.822510
v -25.349291 1.557212 12.780087
v -25.379854 1.295397 12.737663
v -25.410416 1.033582 12.695244
v -25.440979 0.771767 12.652821
v -25.471542 0.509952 12.610397
v -25.502104 0.248137 12.567970
v -25.898457 2.058766 13.449642
v -25.929195 1.790631 13.407852
v -25.959932 1.522500 13.366066
v -25.990667 1.254368 13.324276
v -26.021406 0.986236 13.282490
v -26.052145 0.718104 13.240704
v -26.082880 0.449972 13.198917
v -26.113617 0.181841 13.157127
v -21.197092 4.188036 9.772773
v -21.247070 3.969187 9.726539
v -21.297047 3.750336 9.680301
v -21.347023 3.531487 9.634067
v -21.396999 3.312635 9.587829
v -21.446974 3.093787 9.541595
v -21.496950 2.874938 9.495354
v -21.546928 2.656086 9.449116
v -21.801195 4.221993 10.351802
v -21.851925 3.996929 10.306193
v -21.902653 3.771864 10.260589
v -21.953382 3.546799 10.214984
v -22.004108 3.321734 10.169379
v -22.054834 3.096669 10.123775
v -22.105564 2.871604 10.078171
v -22.156294 2.646539 10.032566
v -22.405298 4.255951 10.930827
v -22.456779 4.024674 10.885852
v -22.508261 3.793393 10.840880
v -22.559740 3.562115 10.795905
v -22.611219 3.330834 10.750930
v -22.662697 3.099552 10.705959
v -22.714178 2.868273 10.660984
v -22.765659 2.636993 10.616009
v -23.009403 4.289915 11.509852
v -23.061634 4.052416 11.465510
v -23.113867 3.814924 11.421168
v -23.166100 3.577427 11.376826
v -23.218330 3.339932 11.332480
v -23.270559 3.102437 11.288139
v -23.322792 2.864940 11.243797
v -23.375025 2.627446 11.199455
v -23.613508 4.323874 12.088881
v -23.666491 4.080163 12.045169
v -23.719475 3.836452 12.001456
v -23.772459 3.592741 11.957744
v -23.825439 3.349030 11.914035
v -23.878422 3.105319 11.870327
v -23.931406 2.861605 11.826614
v -23.984390 2.617895 11.782906
v -24.217611 4.357833 12.667911
v -24.271345 4.107905 12.624831
v -24.325081 3.857981 12.581752
v -24.378817 3.608054 12.538669
v -24.432550 3.358129 12.495593
v -24.486284 3.108203 12.452515
v -24.540020 2.858276 12.409435
v -24.593756 2.608348 12.366352
v -24.821714 4.391790 13.246936
v -24.876200 4.135651 13.204490
v -24.930685 3.879510 13.162044
v -24.985170 3.623368 13.119594
v -25.039658 3.367226 13.077144
v -25.094145 3.111085 13.034698
v -25.148630 2.854944 12.992249
v -25.203115 2.598801 12.949802
v -25.425817 4.425749 13.825965
v -25.481054 4.163395 13.784148
v -25.536291 3.901036 13.742332
v -25.591530 3.638679 13.700515
v -25.646767 3.376322 13.658698
v -25.702003 3.113968 13.616882
v -25.757242 2.851611 13.575066
v -25.812481 2.589254 13.533245
v -20.589077 6.102335 10.188931
v -20.658833 5.890401 10.142688
v -20.728586 5.678473 10.096450
v -20.798342 5.466539 10.050208
v -20.868097 5.254611 10.003970
v -20.937851 5.042677 9.957728
v -21.007607 4.830750 9.911490
v -21.077362 4.618815 9.865249
v -21.181940 6.191008 10.762301
v -21.253006 5.973012 10.716689
v -21.324072 5.755022 10.671077
v -21.395138 5.537025 10.625464
v -21.466204 5.319035 10.579852
v -21.537270 5.101039 10.534236
v -21.608337 4.883048 10.488627
v -21.679399 4.665052 10.443019
v -21.774801 6.279678 11.335673
v -21.847178 6.055625 11.290690
v -21.919554 5.831566 11.245704
v -21.991930 5.607514 11.200721
v -22.064308 5.383458 11.155738
v -22.136688 5.159402 11.110751
v -22.209063 4.935347 11.065768
v -22.281439 4.711288 11.020785
v -22.367666 6.368353 11.909045
v -22.441355 6.138235 11.864688
v -22.515043 5.908115 11.820334
v -22.588732 5.677999 11.775977
v -22.662420 5.447878 11.731624
v -22.736107 5.217764 11.687266
v -22.809795 4.987646 11.642909
v -22.883484 4.757526 11.598552
v -22.960529 6.457026 12.482417
v -23.035528 6.220842 12.438689
v -23.110525 5.984665 12.394961
v -23.185524 5.748485 12.351233
v -23.260525 5.512302 12.307506
v -23.335526 5.276125 12.263778
v -23.410524 5.039945 12.220050
v -23.485523 4.803763 12.176318
v -23.553391 6.545699 13.055789
v -23.629702 6.303454 13.012687
v -23.706013 6.061214 12.969584
v -23.782324 5.818968 12.926486
v -23.858635 5.576727 12.883389
v -23.934946 5.334487 12.840289
v -24.011257 5.092245 12.797187
v -24.087566 4.850000 12.754085
v -24.146254 6.634369 13.629161
v -24.223877 6.386067 13.586688
v -24.301498 6.137763 13.544215
v -24.379118 5.889455 13.501742
v -24.456741 5.641152 13.459269
v -24.534365 5.392849 13.416797
v -24.611986 5.144544 13.374328
v -24.689606 4.896237 13.331855
v -24.739119 6.723044 14.202533
v -24.818052 6.468677 14.160689
v -24.896984 6.214307 14.118846
v -24.975918 5.959941 14.077002
v -25.054852 5.705577 14.035155
v -25.133785 5.451210 13.993312
v -25.212717 5.196840 13.951468
v -25.291651 4.942474 13.909625
v -19.809856 7.940205 10.605117
v -19.898540 7.736960 10.558875
v -19.987223 7.533720 10.512630
v -20.075907 7.330474 10.466388
v -20.164591 7.127235 10.420142
v -20.253273 6.923993 10.373900
v -20.341957 6.720748 10.327655
v -20.430639 6.517509 10.281413
v -20.386618 8.081816 11.172866
v -20.477150 7.872716 11.127246
v -20.567682 7.663612 11.081626
v -20.658215 7.454512 11.036006
v -20.748745 7.245410 10.990390
v -20.839277 7.036305 10.944770
v -20.929810 6.827206 10.899150
v -21.020342 6.618104 10.853530
v -20.963377 8.223428 11.740615
v -21.055758 8.008466 11.695624
v -21.148138 7.793507 11.650630
v -21.240520 7.578545 11.605632
v -21.332901 7.363583 11.560637
v -21.425283 7.148621 11.515643
v -21.517664 6.933660 11.470649
v -21.610044 6.718698 11.425651
v -21.540134 8.365041 12.308364
v -21.634363 8.144218 12.263995
v -21.728594 7.923400 12.219623
v -21.822824 7.702579 12.175254
v -21.917055 7.481754 12.130881
v -22.011284 7.260933 12.086514
v -22.105516 7.040114 12.042140
v -22.199749 6.819293 11.997771
v -22.116896 8.506653 12.876113
v -22.212976 8.279971 12.832366
v -22.309055 8.053291 12.788619
v -22.405136 7.826613 12.744876
v -22.501215 7.599928 12.701129
v -22.597294 7.373250 12.657382
v -22.693373 7.146566 12.613635
v -22.789454 6.919887 12.569892
v -22.693655 8.648265 13.443862
v -22.791582 8.415724 13.400741
v -22.889511 8.183183 13.357623
v -22.987438 7.950645 13.314502
v -23.085365 7.718104 13.271377
v -23.183294 7.485561 13.228255
v -23.281221 7.253020 13.185134
v -23.379152 7.020482 13.142013
v -23.270416 8.789878 14.011611
v -23.370192 8.551476 13.969115
v -23.469971 8.313077 13.926616
v -23.569748 8.074679 13.884120
v -23.669525 7.836279 13.841620
v -23.769300 7.597878 13.799125
v -23.869080 7.359478 13.756625
v -23.968857 7.121077 13.714129
v -23.847172 8.931491 14.579360
v -23.948799 8.687230 14.537486
v -24.050425 8.442969 14.495612
v -24.152052 8.198709 14.453738
v -24.253677 7.954453 14.411868
v -24.355305 7.710189 14.369994
v -24.456930 7.465932 14.328120
v -24.558558 7.221672 14.286246
v -18.868347 9.686479 11.021338
v -18.974951 9.493600 10.975092
v -19.081554 9.300720 10.928847
v -19.188156 9.107844 10.882598
v -19.294760 8.914966 10.836352
v -19.401363 8.722086 10.790103
v -19.507967 8.529206 10.743857
v -19.614569 8.336328 10.697612
v -19.424370 9.878835 11.583494
v -19.533335 9.680345 11.537866
v -19.642298 9.481854 11.492243
v -19.751263 9.283366 11.446620
v -19.860226 9.084876 11.400992
v -19.969193 8.886387 11.355365
v -20.078156 8.687897 11.309737
v -20.187120 8.489407 11.264113
v -19.980394 10.071191 12.145651
v -20.091719 9.867091 12.100645
v -20.203043 9.662991 12.055643
v -20.314367 9.458891 12.010638
v -20.425694 9.254790 11.965632
v -20.537018 9.050691 11.920627
v -20.648344 8.846590 11.875621
v -20.759670 8.642488 11.830619
v -20.536417 10.263546 12.707808
v -20.650103 10.053836 12.663424
v -20.763788 9.844126 12.619040
v -20.877474 9.634416 12.574656
v -20.991159 9.424708 12.530272
v -21.104847 9.214993 12.485888
v -21.218533 9.005283 12.441504
v -21.332220 8.795573 12.397120
v -21.092442 10.455901 13.269964
v -21.208488 10.240584 13.226202
v -21.324537 10.025260 13.182440
v -21.440582 9.809938 13.138679
v -21.556629 9.594618 13.094911
v -21.672678 9.379296 13.051150
v -21.788723 9.163976 13.007388
v -21.904768 8.948655 12.963626
v -21.648462 10.648257 13.832121
v -21.766872 10.427326 13.788980
v -21.885281 10.206394 13.745836
v -22.003689 9.985463 13.702696
v -22.122097 9.764531 13.659552
v -22.240503 9.543600 13.616407
v -22.358912 9.322669 13.573268
v -22.477320 9.101737 13.530127
v -22.204485 10.840613 14.394281
v -22.325254 10.614072 14.351759
v -22.446024 10.387529 14.309237
v -22.566793 10.160988 14.266714
v -22.687563 9.934446 14.224192
v -22.808332 9.707904 14.181669
v -22.929102 9.481362 14.139151
v -23.049868 9.254820 14.096633
v -22.760509 11.032971 14.956445
v -22.883640 10.800817 14.914537
v -23.006769 10.568668 14.872637
v -23.129900 10.336516 14.830736
v -23.253031 10.104361 14.788836
v -23.376160 9.872209 14.746931
v -23.499289 9.640056 14.705034
v -23.622416 9.407903 14.663135
v -17.774769 11.327035 11.437596
v -17.898140 11.146075 11.391343
v -18.021511 10.965119 11.345094
v -18.144884 10.784157 11.298838
v -18.268255 10.603198 11.252588
v -18.391626 10.422236 11.206335
v -18.514999 10.241278 11.160086
v -18.638372 10.060318 11.113832
v -18.305687 11.567543 11.994191
v -18.431902 11.381266 11.948560
v -18.558117 11.194989 11.902923
v -18.684332 11.008711 11.857289
v -18.810547 10.822435 11.811655
v -18.936762 10.636156 11.766020
v -19.062977 10.449879 11.720388
v -19.189194 10.263601 11.674753
v -18.836605 11.808050 12.550794
v -18.965664 11.616455 12.505776
v -19.094721 11.424859 12.460759
v -19.223778 11.233265 12.415742
v -19.352837 11.041671 12.370725
v -19.481895 10.850076 12.325708
v -19.610952 10.658480 12.280691
v -19.740011 10.466889 12.235674
v -19.367523 12.048556 13.107392
v -19.499424 11.851647 13.062993
v -19.631325 11.654730 13.018594
v -19.763226 11.457817 12.974193
v -19.895128 11.260905 12.929795
v -20.027029 11.063995 12.885396
v -20.158930 10.867081 12.840994
v -20.290831 10.670168 12.796595
v -19.898443 12.289063 13.663991
v -20.033186 12.086834 13.620210
v -20.167931 11.884606 13.576426
v -20.302675 11.682372 13.532643
v -20.437418 11.480142 13.488862
v -20.572161 11.277911 13.445081
v -20.706905 11.075682 13.401296
v -20.841650 10.873453 13.357512
v -20.429359 12.529572 14.220590
v -20.566946 12.322024 14.177426
v -20.704535 12.114476 14.134259
v -20.842121 11.906928 14.091092
v -20.979708 11.699380 14.047929
v -21.117294 11.491832 14.004766
v -21.254881 11.284284 13.961598
v -21.392467 11.076735 13.918431
v -20.960278 12.770084 14.777188
v -21.100708 12.557215 14.734639
v -21.241138 12.344349 14.692094
v -21.381569 12.131483 14.649545
v -21.521999 11.918617 14.606999
v -21.662430 11.705752 14.564450
v -21.802858 11.492886 14.521901
v -21.943285 11.280021 14.479356
v -21.491198 13.010588 15.333787
v -21.634472 12.792405 15.291856
v -21.777742 12.574222 15.249929
v -21.921015 12.356039 15.207997
v -22.064289 12.137855 15.166066
v -22.207563 11.919672 15.124135
v -22.350834 11.701488 15.082204
v -22.494106 11.483306 15.040275
v -16.540569 12.848802 11.853879
v -16.679422 12.681200 11.807626
v -16.818275 12.513598 11.761374
v -16.957130 12.345998 11.715119
v -17.095984 12.178396 11.668866
v -17.234837 12.010796 11.622609
v -17.373690 11.843195 11.576356
v -17.512543 11.675595 11.530103
v -17.042315 13.134503 12.404950
v -17.184460 12.961918 12.359311
v -17.326603 12.789331 12.313672
v -17.468748 12.616747 12.268033
v -17.610893 12.444162 12.222390
v -17.753038 12.271575 12.176751
v -17.895184 12.098989 12.131112
v -18.037327 11.926404 12.085469
v -17.544058 13.420204 12.956025
v -17.689493 13.242635 12.910993
v -17.834930 13.065065 12.865973
v -17.980366 12.887494 12.820943
v -18.125803 12.709925 12.775918
v -18.271238 12.532355 12.730889
v -18.416676 12.354785 12.685861
v -18.562111 12.177215 12.640836
v -18.045801 13.705907 13.507096
v -18.194529 13.523352 13.462682
v -18.343256 13.340798 13.418267
v -18.491983 13.158243 13.373855
v -18.640711 12.975689 13.329442
v -18.789438 12.793134 13.285028
v -18.938168 12.610579 13.240617
v -19.086895 12.428025 13.196206
v -18.547546 13.991609 14.058168
v -18.699566 13.804072 14.014367
v -18.851583 13.616531 13.970567
v -19.003603 13.428991 13.926766
v -19.155622 13.241453 13.882966
v -19.307642 13.053914 13.839170
v -19.459660 12.866374 13.795369
v -19.611679 12.678834 13.751569
v -19.049292 14.277310 14.609239
v -19.204603 14.084787 14.566049
v -19.359913 13.892264 14.522866
v -19.515224 13.699741 14.479680
v -19.670532 13.507215 14.436494
v -19.825842 13.314691 14.393308
v -19.981153 13.122168 14.350125
v -20.136463 12.929645 14.306939
v -19.551035 14.563012 15.160310
v -19.709637 14.365504 15.117738
v -19.868238 14.167994 15.075166
v -20.026840 13.970487 15.032594
v -20.185442 13.772979 14.990022
v -20.344044 13.575471 14.947451
v -20.502645 13.377962 14.904878
v -20.661247 13.180453 14.862306
v -20.052778 14.848713 15.711381
v -20.214670 14.646219 15.669423
v -20.376564 14.443727 15.627465
v -20.538456 14.241235 15.585503
v -20.700350 14.038742 15.543548
v -20.862244 13.836247 15.501592
v -21.024137 13.633757 15.459630
v -21.186029 13.431265 15.417672
v -15.178303 14.239935 12.270196
v -15.331230 14.086994 12.223939
v -15.484156 13.934054 12.177678
v -15.637082 13.781111 12.131421
v -15.790009 13.628170 12.085164
v -15.942936 13.475228 12.038907
v -16.095861 13.322287 11.992650
v -16.248789 13.169344 11.946393
v -15.647133 14.567537 12.815774
v -15.803761 14.409982 12.770127
v -15.960391 14.252425 12.724477
v -16.117020 14.094870 12.678830
v -16.273649 13.937314 12.633181
v -16.430279 13.779757 12.587537
v -16.586908 13.622202 12.541886
v -16.743540 13.464646 12.496240
v -16.115963 14.895140 13.361352
v -16.276295 14.732969 13.316316
v -16.436628 14.570799 13.271279
v -16.596960 14.408630 13.226239
v -16.757294 14.246457 13.181203
v -16.917625 14.084287 13.136166
v -17.077957 13.922116 13.091123
v -17.238291 13.759945 13.046086
v -16.584791 15.222743 13.906926
v -16.748827 15.055958 13.862496
v -16.912861 14.889176 13.818070
v -17.076897 14.722387 13.773641
v -17.240932 14.555601 13.729215
v -17.404968 14.388816 13.684789
v -17.569004 14.222031 13.640363
v -17.733038 14.055244 13.595937
v -17.053619 15.550346 14.452504
v -17.221359 15.378945 14.408685
v -17.389097 15.207545 14.364869
v -17.556835 15.036146 14.321050
v -17.724573 14.864746 14.277234
v -17.892311 14.693345 14.233415
v -18.060049 14.521946 14.189599
v -18.227789 14.350548 14.145781
v -17.522449 15.877949 14.998081
v -17.693892 15.701935 14.954873
v -17.865334 15.525920 14.911668
v -18.036776 15.349905 14.868464
v -18.208216 15.173891 14.825251
v -18.379658 14.997877 14.782048
v -18.551098 14.821862 14.738839
v -18.722540 14.645847 14.695630
v -17.991278 16.205557 15.543655
v -18.166422 16.024927 15.501057
v -18.341566 15.844298 15.458462
v -18.516710 15.663667 15.415868
v -18.691854 15.483037 15.373269
v -18.866999 15.302406 15.330670
v -19.042143 15.121778 15.288072
v -19.217289 14.941150 15.245479
v -18.460108 16.533159 16.089228
v -18.638954 16.347916 16.047239
v -18.817802 16.162672 16.005251
v -18.996649 15.977427 15.963268
v -19.175497 15.792183 15.921280
v -19.354343 15.606939 15.879290
v -19.533192 15.421695 15.837308
v -19.712038 15.236450 15.795323
v -13.701498 15.489879 12.686544
v -13.866982 15.352754 12.640283
v -14.032467 15.215628 12.594022
v -14.197951 15.078503 12.547761
v -14.363437 14.941377 12.501500
v -14.528923 14.804252 12.455239
v -14.694407 14.667126 12.408979
v -14.859891 14.530002 12.362718
v -14.134026 15.855791 13.226654
v -14.303585 15.714454 13.181001
v -14.473145 15.573116 13.135346
v -14.642705 15.431780 13.089692
v -14.812265 15.290444 13.044038
v -14.981825 15.149104 12.998384
v -15.151384 15.007767 12.952729
v -15.320945 14.866430 12.907079
v -14.566552 16.221710 13.766769
v -14.740187 16.076160 13.721723
v -14.913821 15.930608 13.676678
v -15.087457 15.785058 13.631627
v -15.261090 15.639509 13.586579
v -15.434725 15.493960 13.541535
v -15.608360 15.348411 13.496484
v -15.781995 15.202860 13.451436
v -14.999081 16.587624 14.306881
v -15.176790 16.437862 14.262440
v -15.354500 16.288099 14.217999
v -15.532210 16.138338 14.173561
v -15.709920 15.988573 14.129120
v -15.887630 15.838813 14.084680
v -16.065338 15.689051 14.040238
v -16.243046 15.539291 13.995793
v -15.431607 16.953537 14.846989
v -15.613391 16.799564 14.803158
v -15.795175 16.645590 14.759323
v -15.976958 16.491617 14.715488
v -16.158743 16.337645 14.671654
v -16.340528 16.183672 14.627823
v -16.522312 16.029697 14.583988
v -16.704096 15.875719 14.540154
v -15.864134 17.319448 15.387108
v -16.049994 17.161264 15.343880
v -16.235853 17.003078 15.300653
v -16.421713 16.844893 15.257427
v -16.607571 16.686707 15.214199
v -16.793430 16.528521 15.170967
v -16.979290 16.370337 15.127743
v -17.165150 16.212152 15.084514
v -16.296661 17.685364 15.927219
v -16.486595 17.522966 15.884603
v -16.676529 17.360571 15.841980
v -16.866463 17.198172 15.799358
v -17.056396 17.035774 15.756737
v -17.246330 16.873379 15.714115
v -17.436266 16.710979 15.671491
v -17.626200 16.548582 15.628876
v -16.729189 18.051277 16.467333
v -16.923199 17.884668 16.425318
v -17.117208 17.718058 16.383303
v -17.311216 17.551449 16.341288
v -17.505226 17.384840 16.299273
v -17.699236 17.218229 16.257257
v -17.893244 17.051620 16.215242
v -18.087252 16.885012 16.173227
v -12.124526 16.589470 13.102924
v -12.300962 16.469162 13.056660
v -12.477398 16.348854 13.010395
v -12.653834 16.228546 12.964125
v -12.830271 16.108238 12.917866
v -13.006707 15.987926 12.871601
v -13.183143 15.867618 12.825336
v -13.359578 15.747312 12.779069
v -12.517742 16.989841 13.637604
v -12.698584 16.865753 13.591942
v -12.879423 16.741665 13.546280
v -13.060263 16.617577 13.500618
v -13.241104 16.493488 13.454956
v -13.421945 16.369400 13.409298
v -13.602785 16.245310 13.363632
v -13.783625 16.121222 13.317970
v -12.910956 17.390213 14.172283
v -13.096201 17.262342 14.127224
v -13.281446 17.134474 14.082165
v -13.466693 17.006603 14.037107
v -13.651937 16.878735 13.992050
v -13.837182 16.750866 13.946991
v -14.022428 16.622997 13.901932
v -14.207674 16.495127 13.856874
v -13.304172 17.790585 14.706966
v -13.493821 17.658936 14.662510
v -13.683471 17.527285 14.618053
v -13.873120 17.395636 14.573597
v -14.062771 17.263987 14.529140
v -14.252421 17.132336 14.484688
v -14.442071 17.000685 14.440231
v -14.631721 16.869036 14.395775
v -13.697388 18.190954 15.241646
v -13.891442 18.055523 15.197796
v -14.085497 17.920094 15.153942
v -14.279551 17.784662 15.110088
v -14.473605 17.649231 15.066238
v -14.667660 17.513802 15.022386
v -14.861714 17.378370 14.978531
v -15.055769 17.242939 14.934681
v -14.090604 18.591326 15.776329
v -14.289063 18.452116 15.733078
v -14.487523 18.312904 15.689831
v -14.685982 18.173693 15.646580
v -14.884440 18.034481 15.603333
v -15.082898 17.895269 15.560078
v -15.281357 17.756058 15.516834
v -15.479816 17.616846 15.473583
v -14.483819 18.991697 16.311005
v -14.686684 18.848705 16.268362
v -14.889546 18.705713 16.225718
v -15.092409 18.562719 16.183069
v -15.295274 18.419727 16.140425
v -15.498137 18.276737 16.097780
v -15.701000 18.133745 16.055132
v -15.903863 17.990751 16.012487
v -14.877033 19.392071 16.845688
v -15.084301 19.245298 16.803646
v -15.291570 19.098526 16.761604
v -15.498839 18.951754 16.719563
v -15.706107 18.804979 16.677519
v -15.913375 18.658205 16.635477
v -16.120644 18.511433 16.593431
v -16.327913 18.364660 16.551390
v -10.462464 17.530970 13.519337
v -10.648168 17.428322 13.473068
v -10.833871 17.325672 13.426800
v -11.019574 17.223022 13.380524
v -11.205278 17.120375 13.334259
v -11.390981 17.017725 13.287989
v -11.576684 16.915075 13.241722
v -11.762387 16.812426 13.195455
v -10.813756 17.961723 14.048618
v -11.004148 17.855749 14.002949
v -11.194543 17.749773 13.957279
v -11.384936 17.643801 13.911613
v -11.575329 17.537827 13.865944
v -11.765721 17.431850 13.820268
v -11.956115 17.325878 13.774605
v -12.146508 17.219904 13.728935
v -11.165046 18.392477 14.577900
v -11.360128 18.283176 14.532829
v -11.555211 18.173878 14.487762
v -11.750294 18.064577 14.442692
v -11.945378 17.955278 14.397621
v -12.140462 17.845980 14.352554
v -12.335545 17.736679 14.307484
v -12.530627 17.627380 14.262413
v -11.516336 18.823229 15.107183
v -11.716110 18.710606 15.062713
v -11.915883 18.597980 15.018242
v -12.115656 18.485355 14.973770
v -12.315429 18.372730 14.929302
v -12.515202 18.260107 14.884834
v -12.714974 18.147482 14.840364
v -12.914749 18.034859 14.795891
v -11.867628 19.253983 15.636463
v -12.072091 19.138033 15.592590
v -12.276554 19.022083 15.548721
v -12.481017 18.906134 15.504852
v -12.685480 18.790184 15.460979
v -12.889944 18.674234 15.417110
v -13.094407 18.558285 15.373241
v -13.298870 18.442335 15.329367
v -12.218918 19.684736 16.165737
v -12.428071 19.565462 16.122467
v -12.637224 19.446188 16.079197
v -12.846377 19.326912 16.035927
v -13.055532 19.207638 15.992661
v -13.264685 19.088364 15.949390
v -13.473838 18.969088 15.906120
v -13.682991 18.849812 15.862850
v -12.570209 20.115490 16.695019
v -12.784052 19.992889 16.652348
v -12.997896 19.870291 16.609676
v -13.211740 19.747690 16.567005
v -13.425583 19.625092 16.524338
v -13.639425 19.502489 16.481667
v -13.853269 19.379890 16.438995
v -14.067113 19.257290 16.396324
v -12.921499 20.546242 17.224300
v -13.140034 20.420317 17.182232
v -13.358566 20.294392 17.140160
v -13.577099 20.168468 17.098087
v -13.795632 20.042543 17.056015
v -14.014166 19.916618 17.013947
v -14.232698 19.790693 16.971874
v -14.451232 19.664768 16.929802
v -8.730960 18.308146 13.935778
v -8.924186 18.223829 13.889507
v -9.117411 18.139513 13.843235
v -9.310637 18.055197 13.796968
v -9.503861 17.970881 13.750694
v -9.697086 17.886566 13.704422
v -9.890311 17.802250 13.658150
v -10.083537 17.717934 13.611877
v -9.038123 18.765020 14.459694
v -9.236279 18.677855 14.414017
v -9.434433 18.590689 14.368343
v -9.632588 18.503525 14.322666
v -9.830744 18.416359 14.276993
v -10.028898 18.329193 14.231317
v -10.227053 18.242027 14.185638
v -10.425207 18.154863 14.139961
v -9.345286 19.221895 14.983604
v -9.548371 19.131882 14.938526
v -9.751456 19.041866 14.893448
v -9.954540 18.951851 14.848366
v -10.157625 18.861837 14.803288
v -10.360709 18.771822 14.758209
v -10.563793 18.681807 14.713127
v -10.766879 18.591791 14.668049
v -9.652450 19.678770 15.507519
v -9.860464 19.585905 15.463034
v -10.068479 19.493042 15.418552
v -10.276493 19.400177 15.374069
v -10.484508 19.307312 15.329582
v -10.692522 19.214449 15.285099
v -10.900537 19.121584 15.240616
v -11.108551 19.028721 15.196134
v -9.959612 20.135645 16.031429
v -10.172556 20.039930 15.987545
v -10.385500 19.944216 15.943657
v -10.598444 19.848503 15.899769
v -10.811388 19.752789 15.855881
v -11.024333 19.657074 15.811994
v -11.237276 19.561359 15.768106
v -11.450220 19.465647 15.724216
v -10.266774 20.592520 16.555340
v -10.484648 20.493956 16.512051
v -10.702522 20.395391 16.468758
v -10.920396 20.296827 16.425465
v -11.138269 20.198265 16.382172
v -11.356144 20.099701 16.338882
v -11.574018 20.001139 16.295593
v -11.791891 19.902575 16.252300
v -10.573937 21.049395 17.079254
v -10.796741 20.947981 17.036556
v -11.019543 20.846569 16.993862
v -11.242346 20.745155 16.951164
v -11.465150 20.643742 16.908470
v -11.687955 20.542328 16.865772
v -11.910758 20.440916 16.823082
v -12.133560 20.339504 16.780388
v -10.881101 21.506269 17.603168
v -11.108833 21.402004 17.561066
v -11.336567 21.297741 17.518967
v -11.564301 21.193478 17.476868
v -11.792033 21.089214 17.434765
v -12.019767 20.984953 17.392670
v -12.247500 20.880690 17.350567
v -12.475232 20.776428 17.308468
v -6.946068 18.916292 14.352257
v -7.145026 18.850813 14.305981
v -7.343985 18.785334 14.259703
v -7.542943 18.719856 14.213425
v -7.741901 18.654377 14.167152
v -7.940860 18.588900 14.120876
v -8.139818 18.523420 14.074600
v -8.338777 18.457939 14.028328
v -7.207323 19.394884 14.870834
v -7.411404 19.327047 14.825147
v -7.615484 19.259211 14.779466
v -7.819564 19.191374 14.733784
v -8.023645 19.123535 14.688103
v -8.227726 19.055696 14.642418
v -8.431807 18.987860 14.596737
v -8.635887 18.920023 14.551052
v -7.468577 19.873478 15.389412
v -7.677781 19.803282 15.344322
v -7.886984 19.733086 15.299229
v -8.096187 19.662889 15.254139
v -8.305389 19.592693 15.209049
v -8.514593 19.522497 15.163960
v -8.723796 19.452301 15.118866
v -8.932999 19.382105 15.073776
v -7.729831 20.352072 15.907986
v -7.944157 20.279516 15.863487
v -8.158483 20.206963 15.818989
v -8.372808 20.134407 15.774490
v -8.587133 20.061853 15.729992
v -8.801458 19.989298 15.685493
v -9.015784 19.916744 15.640999
v -9.230110 19.844189 15.596500
v -7.991086 20.830666 16.426563
v -8.210534 20.755754 16.382656
v -8.429982 20.680841 16.338749
v -8.649430 20.605928 16.294846
v -8.868877 20.531013 16.250938
v -9.088326 20.456099 16.207035
v -9.307773 20.381186 16.163128
v -9.527220 20.306273 16.119225
v -8.252341 21.309261 16.945141
v -8.476911 21.231991 16.901829
v -8.701481 21.154718 16.858513
v -8.926050 21.077446 16.815197
v -9.150620 21.000174 16.771885
v -9.375190 20.922901 16.728573
v -9.599760 20.845629 16.685261
v -9.824329 20.768356 16.641945
v -8.513596 21.787855 17.463715
v -8.743288 21.708223 17.420994
v -8.972980 21.628593 17.378273
v -9.202672 21.548965 17.335552
v -9.432364 21.469332 17.292831
v -9.662057 21.389700 17.250111
v -9.891749 21.310070 17.207390
v -10.121441 21.230442 17.164673
v -8.774849 22.266449 17.982302
v -9.009664 22.184458 17.940176
v -9.244478 22.102467 17.898046
v -9.479293 22.020477 17.855917
v -9.714108 21.938490 17.813791
v -9.948922 21.856501 17.771662
v -10.183737 21.774511 17.729527
v -10.418552 21.692520 17.687397
v -5.124121 19.352249 14.768761
v -5.326994 19.305939 14.722483
v -5.529868 19.259628 14.676205
v -5.732742 19.213318 14.629927
v -5.935616 19.167007 14.583649
v -6.138489 19.120699 14.537371
v -6.341362 19.074389 14.491093
v -6.544236 19.028078 14.444813
v -5.338117 19.848057 15.282041
v -5.546257 19.799891 15.236347
v -5.754398 19.751724 15.190660
v -5.962539 19.703556 15.144966
v -6.170680 19.655390 15.099274
v -6.378821 19.607222 15.053585
v -6.586961 19.559055 15.007896
v -6.795101 19.510889 14.962204
v -5.552113 20.343866 15.795307
v -5.765521 20.293842 15.750210
v -5.978928 20.243818 15.705110
v -6.192336 20.193794 15.660005
v -6.405744 20.143770 15.614906
v -6.619152 20.093746 15.569805
v -6.832559 20.043724 15.524704
v -7.045967 19.993698 15.479603
v -5.766108 20.839674 16.308578
v -5.984783 20.787794 16.264065
v -6.203458 20.735912 16.219555
v -6.422132 20.684031 16.175045
v -6.640807 20.632151 16.130531
v -6.859482 20.580271 16.086021
v -7.078156 20.528389 16.041508
v -7.296832 20.476507 15.996998
v -5.980104 21.335480 16.821850
v -6.204046 21.281740 16.777927
v -6.427988 21.228003 16.734005
v -6.651930 21.174265 16.690083
v -6.875872 21.120527 16.646160
v -7.099813 21.066792 16.602238
v -7.323755 21.013054 16.558311
v -7.547697 20.959316 16.514389
v -6.194100 21.831289 17.335135
v -6.423309 21.775694 17.291790
v -6.652518 21.720100 17.248455
v -6.881727 21.664507 17.205120
v -7.110936 21.608913 17.161785
v -7.340145 21.553320 17.118450
v -7.569354 21.497723 17.075119
v -7.798562 21.442127 17.031788
v -6.408095 22.327095 17.848406
v -6.642570 22.269644 17.805658
v -6.877047 22.212193 17.762915
v -7.111523 22.154739 17.720171
v -7.345999 22.097288 17.677427
v -7.580474 22.039837 17.634680
v -7.814951 21.982388 17.591936
v -8.049427 21.924938 17.549192
v -6.622091 22.822903 18.361677
v -6.861834 22.763596 18.319521
v -7.101577 22.704288 18.277365
v -7.341321 22.644983 18.235209
v -7.581063 22.585672 18.193056
v -7.820807 22.526363 18.150900
v -8.060550 22.467056 18.108744
v -8.300292 22.407749 18.066587
v -3.281585 19.614431 15.185303
v -3.486542 19.587446 15.139023
v -3.691500 19.560463 15.092739
v -3.896458 19.533480 15.046455
v -4.101416 19.506496 15.000175
v -4.306374 19.479513 14.953892
v -4.511332 19.452528 14.907608
v -4.716290 19.425543 14.861324
v -3.447403 20.122887 15.693302
v -3.657725 20.094555 15.647606
v -3.868047 20.066221 15.601909
v -4.078368 20.037889 15.556213
v -4.288690 20.009556 15.510517
v -4.499011 19.981222 15.464817
v -4.709333 19.952890 15.419121
v -4.919655 19.924559 15.373428
v -3.613222 20.631342 16.201298
v -3.828907 20.601662 16.156189
v -4.044593 20.571980 16.111076
v -4.260278 20.542299 16.065964
v -4.475963 20.512617 16.020851
v -4.691648 20.482935 15.975742
v -4.907334 20.453253 15.930631
v -5.123020 20.423571 15.885525
v -3.779041 21.139797 16.709301
v -4.000090 21.108767 16.664772
v -4.221139 21.077736 16.620247
v -4.442188 21.046707 16.575722
v -4.663237 21.015676 16.531197
v -4.884286 20.984646 16.486668
v -5.105335 20.953615 16.442142
v -5.326384 20.922586 16.397617
v -3.944860 21.648251 17.217300
v -4.171273 21.615873 17.173359
v -4.397686 21.583492 17.129421
v -4.624098 21.551111 17.085480
v -4.850511 21.518734 17.041538
v -5.076923 21.486357 16.997597
v -5.303337 21.453976 16.953659
v -5.529749 21.421595 16.909718
v -4.110679 22.156708 17.725313
v -4.342455 22.122980 17.681955
v -4.574232 22.089252 17.638601
v -4.806008 22.055525 17.595247
v -5.037785 22.021797 17.551893
v -5.269561 21.988070 17.508539
v -5.501338 21.954342 17.465181
v -5.733114 21.920612 17.421824
v -4.276498 22.665161 18.233313
v -4.513638 22.630083 18.190542
v -4.750778 22.595009 18.147772
v -4.987918 22.559933 18.105001
v -5.225059 22.524855 18.062231
v -5.462199 22.489777 18.019461
v -5.699339 22.454700 17.976690
v -5.936479 22.419626 17.933920
v -4.442317 23.173616 18.741312
v -4.684821 23.137190 18.699125
v -4.927325 23.100765 18.656939
v -5.169828 23.064339 18.614752
v -5.412333 23.027914 18.572569
v -5.654837 22.991488 18.530386
v -5.897340 22.955061 18.488203
v -6.139844 22.918636 18.446016
v -1.434842 19.702806 15.601875
v -1.640066 19.695133 15.555588
v -1.845289 19.687458 15.509300
v -2.050512 19.679783 15.463017
v -2.255735 19.672110 15.416729
v -2.460958 19.664436 15.370441
v -2.666181 19.656763 15.324158
v -2.871404 19.649088 15.277870
v -1.551999 20.219322 16.104630
v -1.762635 20.210810 16.058929
v -1.973270 20.202295 16.013222
v -2.183905 20.193783 15.967522
v -2.394541 20.185270 15.921818
v -2.605176 20.176758 15.876114
v -2.815811 20.168243 15.830410
v -3.026447 20.159731 15.784702
v -1.669156 20.735840 16.607391
v -1.885204 20.726488 16.562267
v -2.101251 20.717136 16.517147
v -2.317299 20.707785 16.472023
v -2.533346 20.698433 16.426899
v -2.749394 20.689079 16.381779
v -2.965442 20.679728 16.336655
v -3.181489 20.670376 16.291534
v -1.786313 21.252357 17.110149
v -2.007773 21.242167 17.065609
v -2.229233 21.231976 17.021069
v -2.450693 21.221783 16.976528
v -2.672153 21.211592 16.931988
v -2.893612 21.201403 16.887447
v -3.115072 21.191210 16.842907
v -3.336532 21.181017 16.798367
v -1.903469 21.768873 17.612911
v -2.130342 21.757845 17.568951
v -2.357214 21.746815 17.524994
v -2.584086 21.735785 17.481033
v -2.810958 21.724754 17.437077
v -3.037831 21.713724 17.393120
v -3.264703 21.702692 17.349159
v -3.491575 21.691660 17.305199
v -2.020626 22.285391 18.115679
v -2.252911 22.273521 18.072302
v -2.485195 22.261652 18.028925
v -2.717479 22.249781 17.985544
v -2.949764 22.237911 17.942171
v -3.182049 22.226042 17.898794
v -3.414333 22.214172 17.855417
v -3.646617 22.202303 17.812040
v -2.137783 22.801905 18.618437
v -2.375480 22.789196 18.575644
v -2.613177 22.776485 18.532850
v -2.850873 22.763777 18.490053
v -3.088570 22.751070 18.447260
v -3.326267 22.738363 18.404467
v -3.563964 22.725655 18.361673
v -3.801661 22.712944 18.318876
v -2.254940 23.318426 19.121191
v -2.498049 23.304878 19.078978
v -2.741158 23.291330 19.036766
v -2.984267 23.277781 18.994558
v -3.227377 23.264235 18.952345
v -3.470485 23.250687 18.910131
v -3.713595 23.237137 18.867922
v -3.956704 23.223587 18.825708
v 0.399820 19.618876 16.018471
v 0.196140 19.630327 15.972187
v -0.007540 19.641777 15.925900
v -0.211220 19.653229 15.879608
v -0.414900 19.664679 15.833320
v -0.618580 19.676128 15.787033
v -0.822259 19.687578 15.740742
v -1.025939 19.699030 15.694450
v 0.331382 20.138887 16.516022
v 0.122289 20.150005 16.470310
v -0.086804 20.161125 16.424599
v -0.295898 20.172243 16.378891
v -0.504991 20.183361 16.333179
v -0.714084 20.194479 16.287468
v -0.923177 20.205599 16.241756
v -1.132271 20.216717 16.196049
v 0.262944 20.658897 17.013573
v 0.048438 20.669685 16.968437
v -0.166069 20.680471 16.923306
v -0.380576 20.691259 16.878174
v -0.595082 20.702045 16.833042
v -0.809589 20.712831 16.787910
v -1.024095 20.723618 16.742775
v -1.238602 20.734406 16.697643
v 0.194506 21.178907 17.511120
v -0.025414 21.189362 17.466564
v -0.245334 21.199816 17.422012
v -0.465254 21.210272 17.377457
v -0.685173 21.220726 17.332905
v -0.905093 21.231180 17.288349
v -1.125013 21.241636 17.243797
v -1.344933 21.252094 17.199242
v 0.126068 21.698919 18.008671
v -0.099265 21.709042 17.964695
v -0.324598 21.719164 17.920719
v -0.549931 21.729288 17.876743
v -0.775265 21.739410 17.832767
v -1.000598 21.749533 17.788792
v -1.225931 21.759657 17.744816
v -1.451264 21.769781 17.700844
v 0.057630 22.218927 18.506227
v -0.173116 22.228718 18.462831
v -0.403863 22.238508 18.419432
v -0.634609 22.248301 18.376036
v -0.865356 22.258091 18.332640
v -1.096102 22.267881 18.289244
v -1.326849 22.277676 18.245848
v -1.557595 22.287470 18.202452
v -0.010808 22.738941 19.003778
v -0.246968 22.748400 18.960962
v -0.483128 22.757856 18.918142
v -0.719287 22.767317 18.875322
v -0.955447 22.776775 18.832502
v -1.191607 22.786234 18.789686
v -1.427767 22.795694 18.746866
v -1.663926 22.805155 18.704046
v -0.079246 23.258955 19.501329
v -0.320819 23.268082 19.459089
v -0.562392 23.277208 19.416847
v -0.803965 23.286335 19.374607
v -1.045538 23.295460 19.332365
v -1.287111 23.304586 19.290125
v -1.528684 23.313717 19.247883
v -1.770258 23.322845 19.205643
v 2.206492 19.365652 16.435104
v 2.006118 19.395874 16.388809
v 1.805744 19.426096 16.342518
v 1.605370 19.456318 16.296223
v 1.404996 19.486540 16.249931
v 1.204622 19.516760 16.203640
v 1.004248 19.546982 16.157345
v 0.803874 19.577204 16.111053
v 2.186409 19.884649 16.927479
v 1.980668 19.915039 16.881760
v 1.774926 19.945429 16.836040
v 1.569184 19.975821 16.790321
v 1.363443 20.006208 16.744606
v 1.157701 20.036598 16.698887
v 0.951959 20.066988 16.653168
v 0.746217 20.097380 16.607449
v 2.166327 20.403648 17.419849
v 1.955217 20.434206 17.374706
v 1.744108 20.464764 17.329563
v 1.532998 20.495321 17.284424
v 1.321889 20.525879 17.239277
v 1.110779 20.556437 17.194134
v 0.899670 20.586994 17.148991
v 0.688560 20.617554 17.103848
v 2.146244 20.922647 17.912220
v 1.929767 20.953375 17.867649
v 1.713290 20.984100 17.823082
v 1.496812 21.014826 17.778511
v 1.280335 21.045553 17.733944
v 1.063858 21.076279 17.689381
v 0.847381 21.107004 17.644810
v 0.630903 21.137728 17.600243
v 2.126162 21.441645 18.404594
v 1.904317 21.472538 18.360600
v 1.682472 21.503433 18.316608
v 1.460627 21.534330 18.272614
v 1.238782 21.565224 18.228622
v 1.016936 21.596115 18.184628
v 0.795091 21.627010 18.140633
v 0.573246 21.657906 18.096638
v 2.106079 21.960642 18.896978
v 1.878867 21.991705 18.853556
v 1.651654 22.022768 18.810141
v 1.424441 22.053829 18.766722
v 1.197228 22.084890 18.723303
v 0.970015 22.115953 18.679880
v 0.742802 22.147015 18.636465
v 0.515589 22.178074 18.593046
v 2.085997 22.479641 19.389347
v 1.853416 22.510870 19.346502
v 1.620835 22.542103 19.303659
v 1.388255 22.573334 19.260815
v 1.155674 22.604563 19.217970
v 0.923093 22.635792 19.175125
v 0.690513 22.667023 19.132284
v 0.457932 22.698254 19.089441
v 2.065914 22.998640 19.881720
v 1.827966 23.030037 19.839451
v 1.590017 23.061438 19.797182
v 1.352069 23.092836 19.754913
v 1.114120 23.124233 19.712645
v 0.876172 23.155632 19.670376
v 0.638224 23.187031 19.628107
v 0.400275 23.218431 19.585840
v 3.969689 18.947605 16.851774
v 3.774336 18.996082 16.805477
v 3.578983 19.044561 16.759178
v 3.383630 19.093040 16.712883
v 3.188277 19.141518 16.666588
v 2.992924 19.189995 16.620289
v 2.797572 19.238474 16.573994
v 2.602219 19.286953 16.527695
v 3.997189 19.461180 17.338997
v 3.796559 19.510315 17.293274
v 3.595929 19.559448 17.247547
v 3.395300 19.608583 17.201820
v 3.194670 19.657719 17.156097
v 2.994040 19.706854 17.110371
v 2.793411 19.755989 17.064644
v 2.592781 19.805126 17.018917
v 4.024688 19.974754 17.826225
v 3.818782 20.024548 17.781071
v 3.612875 20.074341 17.735916
v 3.406969 20.124132 17.690762
v 3.201062 20.173925 17.645607
v 2.995156 20.223717 17.600452
v 2.789249 20.273508 17.555298
v 2.583343 20.323299 17.510147
v 4.052188 20.488327 18.313454
v 3.841005 20.538778 18.268871
v 3.629822 20.589228 18.224285
v 3.418638 20.639675 18.179703
v 3.207455 20.690126 18.135120
v 2.996272 20.740576 18.090538
v 2.785089 20.791023 18.045956
v 2.573905 20.841473 18.001369
v 4.079688 21.001904 18.800678
v 3.863228 21.053011 18.756668
v 3.646768 21.104116 18.712658
v 3.430307 21.155222 18.668644
v 3.213847 21.206327 18.624634
v 2.997387 21.257435 18.580624
v 2.780927 21.308540 18.536613
v 2.564467 21.359644 18.492599
v 4.107188 21.515480 19.287907
v 3.885451 21.567244 19.244467
v 3.663714 21.619005 19.201025
v 3.441977 21.670767 19.157585
v 3.220240 21.722530 19.114145
v 2.998503 21.774292 19.070705
v 2.776766 21.826054 19.027273
v 2.555029 21.877817 18.983839
v 4.134687 22.029055 19.775139
v 3.907674 22.081474 19.732271
v 3.680660 22.133892 19.689402
v 3.453646 22.186314 19.646532
v 3.226632 22.238731 19.603664
v 2.999619 22.291151 19.560799
v 2.772605 22.343571 19.517929
v 2.545591 22.395992 19.475060
v 4.162188 22.542633 20.262367
v 3.929897 22.595709 20.220070
v 3.697606 22.648787 20.177774
v 3.465316 22.701864 20.135477
v 3.233025 22.754938 20.093180
v 3.000735 22.808014 20.050880
v 2.768444 22.861090 20.008583
v 2.536153 22.914167 19.966288
v 5.674521 18.370605 17.268473
v 5.485837 18.436670 17.222174
v 5.297152 18.502737 17.175871
v 5.108467 18.568800 17.129572
v 4.919782 18.634867 17.083273
v 4.731097 18.700932 17.036974
v 4.542412 18.766996 16.990671
v 4.353727 18.833059 16.944368
v 5.748436 18.874481 17.750586
v 5.554609 18.941675 17.704851
v 5.360782 19.008871 17.659115
v 5.166955 19.076067 17.613384
v 4.973127 19.143263 17.567650
v 4.779300 19.210459 17.521919
v 4.585473 19.277655 17.476189
v 4.391645 19.344851 17.430458
v 5.822353 19.378355 18.232693
v 5.623383 19.446682 18.187531
v 5.424413 19.515007 18.142365
v 5.225444 19.583332 18.097198
v 5.026474 19.651659 18.052032
v 4.827504 19.719984 18.006870
v 4.628535 19.788309 17.961708
v 4.429565 19.856636 17.916542
v 5.896269 19.882229 18.714806
v 5.692156 19.951685 18.670208
v 5.488045 20.021141 18.625614
v 5.283933 20.090595 18.581017
v 5.079821 20.160053 18.536419
v 4.875709 20.229511 18.491821
v 4.671596 20.298965 18.447224
v 4.467484 20.368422 18.402630
v 5.970184 20.386106 19.196920
v 5.760930 20.456692 19.152891
v 5.551675 20.527279 19.108864
v 5.342421 20.597868 19.064835
v 5.133166 20.668453 19.020805
v 4.923912 20.739038 18.976776
v 4.714657 20.809624 18.932747
v 4.505403 20.880213 18.888718
v 6.044100 20.889982 19.679031
v 5.829703 20.961699 19.635572
v 5.615306 21.033417 19.592112
v 5.400909 21.105133 19.548651
v 5.186512 21.176851 19.505190
v 4.972116 21.248569 19.461731
v 4.757719 21.320286 19.418270
v 4.543322 21.392004 19.374807
v 6.118016 21.393856 20.161144
v 5.898476 21.466705 20.118252
v 5.678936 21.539551 20.075359
v 5.459398 21.612398 20.032469
v 5.239859 21.685247 19.989576
v 5.020319 21.758095 19.946680
v 4.800780 21.830942 19.903795
v 4.581241 21.903788 19.860903
v 6.191931 21.897728 20.643263
v 5.967249 21.971706 20.600939
v 5.742568 22.045685 20.558615
v 5.517886 22.119661 20.516287
v 5.293204 22.193640 20.473965
v 5.068523 22.267618 20.431641
v 4.843841 22.341597 20.389313
v 4.619160 22.415577 20.346987
v 7.306812 17.641855 17.685202
v 7.126361 17.724689 17.638899
v 6.945910 17.807526 17.592596
v 6.765460 17.890360 17.546289
v 6.585009 17.973196 17.499987
v 6.404558 18.056032 17.453684
v 6.224107 18.138868 17.407377
v 6.043657 18.221703 17.361078
v 7.425601 18.131920 18.162233
v 7.240184 18.216341 18.116491
v 7.054767 18.300760 18.070753
v 6.869350 18.385181 18.025015
v 6.683933 18.469603 17.979277
v 6.498516 18.554022 17.933535
v 6.313098 18.638443 17.887796
v 6.127682 18.722862 17.842058
v 7.544390 18.621984 18.639261
v 7.354006 18.707989 18.594088
v 7.163622 18.793995 18.548910
v 6.973239 18.880001 18.503736
v 6.782856 18.966007 18.458561
v 6.592472 19.052011 18.413383
v 6.402089 19.138018 18.368210
v 6.211706 19.224024 18.323032
v 7.663179 19.112051 19.116289
v 7.467830 19.199642 19.071680
v 7.272480 19.287233 19.027069
v 7.077130 19.374825 18.982456
v 6.881780 19.462412 18.937847
v 6.686430 19.550001 18.893238
v 6.491080 19.637592 18.848625
v 6.295731 19.725183 18.804012
v 7.781969 19.602116 19.593321
v 7.581653 19.691292 19.549274
v 7.381337 19.780466 19.505228
v 7.181020 19.869642 19.461182
v 6.980704 19.958818 19.417135
v 6.780388 20.047993 19.373091
v 6.580071 20.137169 19.329044
v 6.379755 20.226345 19.284994
v 7.900758 20.092182 20.070347
v 7.695475 20.182941 20.026863
v 7.490192 20.273703 19.983383
v 7.284909 20.364462 19.939903
v 7.079627 20.455221 19.896420
v 6.874344 20.545982 19.852936
v 6.669062 20.636744 19.809456
v 6.463779 20.727505 19.765976
v 8.019547 20.582249 20.547379
v 7.809298 20.674595 20.504459
v 7.599049 20.766939 20.461542
v 7.388800 20.859283 20.418625
v 7.178551 20.951630 20.375708
v 6.968302 21.043974 20.332790
v 6.758053 21.136318 20.289873
v 6.547804 21.228661 20.246956
v 8.138336 21.072315 21.024406
v 7.923121 21.166245 20.982052
v 7.707906 21.260174 20.939697
v 7.492690 21.354105 20.897343
v 7.277475 21.448034 20.854992
v 7.062260 21.541965 20.812641
v 6.847044 21.635893 20.770287
v 6.631828 21.729820 20.727932
v 8.853207 16.769810 18.101961
v 8.682464 16.868460 18.055658
v 8.511721 16.967112 18.009352
v 8.340979 17.065762 17.963045
v 8.170235 17.164413 17.916739
v 7.999491 17.263065 17.870428
v 7.828749 17.361717 17.824121
v 7.658006 17.460367 17.777815
v 9.014971 17.242155 18.573942
v 8.839477 17.342825 18.528196
v 8.663982 17.443491 18.482450
v 8.488488 17.544159 18.436705
v 8.312995 17.644827 18.390959
v 8.137501 17.745495 18.345213
v 7.962007 17.846163 18.299467
v 7.786513 17.946831 18.253717
v 9.176735 17.714506 19.045919
v 8.996490 17.817190 19.000734
v 8.816244 17.919876 18.955549
v 8.635999 18.022556 18.910364
v 8.455754 18.125242 18.865179
v 8.275509 18.227926 18.819990
v 8.095263 18.330610 18.774805
v 7.915018 18.433294 18.729620
v 9.338498 18.186853 19.517897
v 9.153502 18.291555 19.473272
v 8.968506 18.396257 19.428648
v 8.783509 18.500957 19.384024
v 8.598514 18.605659 19.339399
v 8.413518 18.710360 19.294775
v 8.228521 18.815060 19.250151
v 8.043525 18.919760 19.205528
v 9.500263 18.659201 19.989874
v 9.310516 18.765919 19.945810
v 9.120769 18.872637 19.901747
v 8.931021 18.979353 19.857681
v 8.741274 19.086071 19.813618
v 8.551527 19.192789 19.769556
v 8.361779 19.299507 19.725492
v 8.172031 19.406223 19.681429
v 9.662027 19.131548 20.461849
v 9.467529 19.240282 20.418346
v 9.273031 19.349016 20.374844
v 9.078532 19.457750 20.331341
v 8.884034 19.566484 20.287838
v 8.689536 19.675219 20.244337
v 8.495037 19.783953 20.200834
v 8.300539 19.892689 20.157330
v 9.823792 19.603897 20.933826
v 9.624541 19.714647 20.890884
v 9.425292 19.825397 20.847942
v 9.226043 19.936148 20.805002
v 9.026793 20.046900 20.762060
v 8.827544 20.157652 20.719118
v 8.628295 20.268402 20.676178
v 8.429046 20.379152 20.633238
v 9.985555 20.076246 21.405807
v 9.781554 20.189014 21.363424
v 9.577554 20.301781 21.321043
v 9.373553 20.414549 21.278662
v 9.169553 20.527317 21.236282
v 8.965552 20.640083 21.193903
v 8.761552 20.752851 21.151522
v 8.557552 20.865620 21.109138
v 10.301311 15.764074 18.518755
v 10.141642 15.877456 18.472441
v 9.981971 15.990841 18.426130
v 9.822301 16.104229 18.379820
v 9.662630 16.217613 18.333509
v 9.502960 16.330999 18.287203
v 9.343290 16.444387 18.240889
v 9.183619 16.557774 18.194578
v 10.503820 16.215025 18.985712
v 10.339650 16.330830 18.939959
v 10.175481 16.446638 18.894205
v 10.011312 16.562445 18.848452
v 9.847142 16.678255 18.802698
v 9.682973 16.794064 18.756945
v 9.518804 16.909870 18.711191
v 9.354634 17.025679 18.665438
v 10.706328 16.665976 19.452673
v 10.537660 16.784206 19.407478
v 10.368991 16.902437 19.362284
v 10.200323 17.020668 19.317087
v 10.031654 17.138899 19.271891
v 9.862986 17.257130 19.226692
v 9.694317 17.375360 19.181498
v 9.525648 17.493589 19.136303
v 10.908836 17.116928 19.919630
v 10.735669 17.237581 19.874990
v 10.562501 17.358234 19.830351
v 10.389334 17.478888 19.785713
v 10.216166 17.599541 19.741074
v 10.042998 17.720194 19.696434
v 9.869830 17.840847 19.651798
v 9.696663 17.961500 19.607161
v 11.111345 17.567879 20.386589
v 10.933679 17.690954 20.342508
v 10.756011 17.814030 20.298426
v 10.578344 17.937107 20.254345
v 10.400678 18.060181 20.210264
v 10.223011 18.183256 20.166182
v 10.045344 18.306332 20.122101
v 9.867677 18.429409 20.078020
v 11.313855 18.018831 20.853548
v 11.131689 18.144329 20.810024
v 10.949523 18.269827 20.766502
v 10.767357 18.395323 20.722977
v 10.585191 18.520823 20.679453
v 10.403025 18.646320 20.635929
v 10.220858 18.771818 20.592403
v 10.038692 18.897316 20.548878
v 11.516363 18.469782 21.320505
v 11.329698 18.597702 21.277536
v 11.143033 18.725624 21.234570
v 10.956367 18.853544 21.191603
v 10.769703 18.981464 21.148636
v 10.583037 19.109385 21.105669
v 10.396372 19.237305 21.062702
v 10.209705 19.365225 21.019735
v 11.718872 18.920732 21.787460
v 11.527707 19.051077 21.745050
v 11.336543 19.181419 21.702641
v 11.145379 19.311764 21.660231
v 10.954214 19.442106 21.617821
v 10.763050 19.572451 21.575413
v 10.571886 19.702791 21.533005
v 10.380720 19.833134 21.490599
v 11.639752 14.635312 18.935575
v 11.492406 14.762234 18.889265
v 11.345059 14.889154 18.842951
v 11.197714 15.016077 18.796637
v 11.050367 15.142999 18.750322
v 10.903020 15.269919 18.704008
v 10.755674 15.396842 18.657694
v 10.608329 15.523764 18.611380
v 11.880470 15.061446 19.397547
v 11.728910 15.191167 19.351786
v 11.577350 15.320892 19.306026
v 11.425790 15.450609 19.260267
v 11.274230 15.580331 19.214506
v 11.122670 15.710052 19.168745
v 10.971109 15.839773 19.122988
v 10.819549 15.969494 19.077229
v 12.121188 15.487578 19.859518
v 11.965414 15.620100 19.814314
v 11.809640 15.752621 19.769108
v 11.653867 15.885142 19.723900
v 11.498093 16.017666 19.678696
v 11.342319 16.150185 19.633490
v 11.186544 16.282705 19.588282
v 11.030771 16.415226 19.543074
v 12.361906 15.913716 20.321487
v 12.201919 16.049036 20.276834
v 12.041931 16.184357 20.232182
v 11.881943 16.319677 20.187531
v 11.721955 16.454996 20.142878
v 11.561968 16.590315 20.098227
v 11.401980 16.725636 20.053574
v 11.241992 16.860956 20.008923
v 12.602623 16.339848 20.783455
v 12.438422 16.477968 20.739355
v 12.274221 16.616087 20.695257
v 12.110020 16.754208 20.651161
v 11.945818 16.892326 20.607061
v 11.781616 17.030445 20.562962
v 11.617415 17.168564 20.518866
v 11.453215 17.306684 20.474770
v 12.843339 16.765980 21.245428
v 12.674925 16.906900 21.201885
v 12.506510 17.047819 21.158339
v 12.338096 17.188738 21.114794
v 12.169681 17.329657 21.071249
v 12.001266 17.470575 21.027706
v 11.832851 17.611494 20.984161
v 11.664436 17.752413 20.940615
v 13.084057 17.192114 21.707397
v 12.911428 17.335831 21.664406
v 12.738800 17.479551 21.621416
v 12.566172 17.623270 21.578426
v 12.393543 17.766987 21.535437
v 12.220915 17.910706 21.492445
v 12.048286 18.054424 21.449455
v 11.875657 18.198143 21.406466
v 13.324775 17.618240 22.169365
v 13.147933 17.764757 22.126928
v 12.971090 17.911276 22.084492
v 12.794249 18.057795 22.042053
v 12.617406 18.204311 21.999617
v 12.440564 18.350830 21.957180
v 12.263721 18.497347 21.914742
v 12.086880 18.643866 21.872305
v 12.858282 13.395147 19.352436
v 12.724384 13.534300 19.306116
v 12.590487 13.673455 19.259800
v 12.456590 13.812611 19.213484
v 12.322691 13.951767 19.167164
v 12.188792 14.090921 19.120846
v 12.054895 14.230078 19.074528
v 11.920998 14.369234 19.028212
v 13.134396 13.793320 19.809446
v 12.996599 13.935620 19.763680
v 12.858804 14.077922 19.717911
v 12.721008 14.220225 19.672142
v 12.583213 14.362523 19.626377
v 12.445417 14.504825 19.580610
v 12.307622 14.647124 19.534843
v 12.169826 14.789424 19.489075
v 13.410506 14.191495 20.266459
v 13.268813 14.336941 20.221241
v 13.127120 14.482386 20.176023
v 12.985428 14.627834 20.130808
v 12.843734 14.773276 20.085590
v 12.702041 14.918721 20.040373
v 12.560348 15.064168 19.995157
v 12.418655 15.209614 19.949942
v 13.686620 14.589672 20.723471
v 13.541029 14.738262 20.678804
v 13.395438 14.886852 20.634136
v 13.249847 15.035443 20.589470
v 13.104257 15.184032 20.544802
v 12.958666 15.332623 20.500137
v 12.813075 15.481214 20.455471
v 12.667484 15.629804 20.410803
v 13.962730 14.987847 21.180485
v 13.813242 15.139581 21.136368
v 13.663754 15.291316 21.092251
v 13.514266 15.443052 21.048134
v 13.364778 15.594786 21.004017
v 13.215288 15.746520 20.959902
v 13.065801 15.898254 20.915785
v 12.916312 16.049994 20.871670
v 14.238844 15.386023 21.637497
v 14.085458 15.540902 21.593931
v 13.932072 15.695782 21.550365
v 13.778686 15.850660 21.506800
v 13.625299 16.005543 21.463234
v 13.471913 16.160423 21.419666
v 13.318527 16.315302 21.376101
v 13.165140 16.470182 21.332539
v 14.514956 15.784200 22.094509
v 14.357671 15.942223 22.051495
v 14.200388 16.100245 22.008480
v 14.043105 16.258270 21.965464
v 13.885820 16.416292 21.922449
v 13.728536 16.574316 21.879433
v 13.571253 16.732342 21.836418
v 13.413970 16.890371 21.793402
v 14.791069 16.182371 22.551525
v 14.629888 16.343540 22.509060
v 14.468706 16.504709 22.466597
v 14.307525 16.665878 22.424131
v 14.146344 16.827047 22.381666
v 13.985163 16.988216 22.339201
v 13.823981 17.149384 22.296734
v 13.662800 17.310553 22.254267
v 13.947862 12.056022 19.769320
v 13.828403 12.206017 19.722998
v 13.708941 12.356013 19.676676
v 13.589481 12.506009 19.630354
v 13.470021 12.656005 19.584032
v 13.350562 12.806000 19.537714
v 13.231101 12.955996 19.491392
v 13.111641 13.105992 19.445070
v 14.256306 12.423405 20.221409
v 14.133291 12.576857 20.175636
v 14.010277 12.730308 20.129862
v 13.887262 12.883759 20.084089
v 13.764248 13.037213 20.038313
v 13.641233 13.190663 19.992537
v 13.518219 13.344114 19.946764
v 13.395204 13.497567 19.900990
v 14.564753 12.790788 20.673494
v 14.438183 12.947695 20.628265
v 14.311614 13.104604 20.583038
v 14.185046 13.261512 20.537811
v 14.058476 13.418419 20.492582
v 13.931907 13.575326 20.447355
v 13.805339 13.732235 20.402130
v 13.678770 13.889143 20.356905
v 14.873198 13.158170 21.125582
v 14.743074 13.318534 21.080902
v 14.612951 13.478898 21.036222
v 14.482827 13.639262 20.991543
v 14.352704 13.799625 20.946863
v 14.222581 13.959994 20.902184
v 14.092457 14.120355 20.857500
v 13.962334 14.280719 20.812819
v 15.181643 13.525553 21.577669
v 15.047966 13.689373 21.533535
v 14.914288 13.853192 21.489401
v 14.780609 14.017013 21.445267
v 14.646932 14.180833 21.401133
v 14.513254 14.344652 21.357000
v 14.379576 14.508471 21.312866
v 14.245897 14.672293 21.268732
v 15.490088 13.892936 22.029758
v 15.352855 14.060211 21.986174
v 15.215622 14.227488 21.942587
v 15.078390 14.394763 21.899000
v 14.941157 14.562040 21.855412
v 14.803926 14.729315 21.811823
v 14.666693 14.896590 21.768238
v 14.529461 15.063866 21.724651
v 15.798533 14.260319 22.481844
v 15.657746 14.431051 22.438805
v 15.516960 14.601783 22.395763
v 15.376174 14.772513 22.352722
v 15.235387 14.943247 22.309683
v 15.094599 15.113978 22.266642
v 14.953813 15.284711 22.223604
v 14.813026 15.455445 22.180565
v 16.106979 14.627702 22.933931
v 15.962638 14.801892 22.891439
v 15.818296 14.976079 22.848948
v 15.673955 15.150268 22.806454
v 15.529614 15.324455 22.763962
v 15.385273 15.498644 22.721470
v 15.240932 15.672832 22.678978
v 15.096590 15.847018 22.636484
v 14.900722 10.631084 20.186239
v 14.796546 10.790453 20.139915
v 14.692371 10.949820 20.093592
v 14.588198 11.109187 20.047266
v 14.484021 11.268555 20.000942
v 14.379846 11.427921 19.954618
v 14.275672 11.587291 19.908291
v 14.171497 11.746659 19.861965
v 15.238222 10.965161 20.633432
v 15.130860 11.128260 20.587652
v 15.023498 11.291360 20.541870
v 14.916135 11.454459 20.496090
v 14.808773 11.617558 20.450310
v 14.701409 11.780656 20.404528
v 14.594047 11.943755 20.358747
v 14.486684 12.106854 20.312965
v 15.575723 11.299236 21.080626
v 15.465173 11.466067 21.035387
v 15.354622 11.632898 20.990149
v 15.244072 11.799727 20.944912
v 15.133521 11.966561 20.899673
v 15.022971 12.133392 20.854435
v 14.912420 12.300220 20.809198
v 14.801871 12.467049 20.763960
v 15.913225 11.633311 21.527819
v 15.799486 11.803873 21.483124
v 15.685748 11.974435 21.438429
v 15.572010 12.144997 21.393734
v 15.458272 12.315557 21.349039
v 15.344535 12.486120 21.304344
v 15.230797 12.656682 21.259649
v 15.117059 12.827244 21.214954
v 16.250727 11.967386 21.975012
v 16.133802 12.141679 21.930861
v 16.016874 12.315972 21.886709
v 15.899949 12.490265 21.842558
v 15.783024 12.664560 21.798405
v 15.666099 12.838853 21.754253
v 15.549171 13.013145 21.710104
v 15.432245 13.187439 21.665955
v 16.588228 12.301464 22.422207
v 16.468115 12.479490 22.378599
v 16.348001 12.657514 22.334990
v 16.227888 12.835538 22.291382
v 16.107775 13.013563 22.247776
v 15.987661 13.191587 22.204168
v 15.867547 13.369612 22.160561
v 15.747433 13.547636 22.116951
v 16.925730 12.635539 22.869400
v 16.802427 12.817295 22.826338
v 16.679127 12.999051 22.783272
v 16.555826 13.180807 22.740206
v 16.432524 13.362563 22.697142
v 16.309223 13.544320 22.654079
v 16.185923 13.726076 22.611013
v 16.062620 13.907832 22.567947
v 17.263231 12.969612 23.316595
v 17.136742 13.155100 23.274075
v 17.010252 13.340587 23.231552
v 16.883764 13.526077 23.189030
v 16.757275 13.711561 23.146509
v 16.630785 13.897049 23.103989
v 16.504297 14.082538 23.061466
v 16.377810 14.268025 23.018944
v 15.710412 9.134075 20.603188
v 15.622223 9.301280 20.556858
v 15.534034 9.468485 20.510530
v 15.445845 9.635691 20.464203
v 15.357656 9.802896 20.417873
v 15.269466 9.970100 20.371546
v 15.181276 10.137306 20.325218
v 15.093085 10.304513 20.278893
v 16.073509 9.432665 21.045521
v 15.982518 9.603840 20.999731
v 15.891529 9.775014 20.953943
v 15.800537 9.946189 20.908155
v 15.709547 10.117363 20.862366
v 15.618557 10.288538 20.816578
v 15.527566 10.459713 20.770788
v 15.436575 10.630887 20.725000
v 16.436605 9.731256 21.487852
v 16.342813 9.906399 21.442604
v 16.249022 10.081543 21.397356
v 16.155230 10.256687 21.352106
v 16.061440 10.431829 21.306858
v 15.967649 10.606974 21.261610
v 15.873857 10.782118 21.216360
v 15.780065 10.957262 21.171112
v 16.799702 10.029846 21.930183
v 16.703108 10.208960 21.885473
v 16.606518 10.388072 21.840763
v 16.509926 10.567184 21.796053
v 16.413332 10.746298 21.751345
v 16.316740 10.925410 21.706640
v 16.220148 11.104524 21.661930
v 16.123556 11.283637 21.617220
v 17.162796 10.328438 22.372513
v 17.063402 10.511518 22.328342
v 16.964010 10.694602 22.284174
v 16.864618 10.877685 22.240004
v 16.765224 11.060767 22.195837
v 16.665831 11.243849 22.151669
v 16.566439 11.426933 22.107500
v 16.467045 11.610012 22.063334
v 17.525892 10.627027 22.814842
v 17.423698 10.814079 22.771214
v 17.321505 11.001129 22.727587
v 17.219311 11.188180 22.683958
v 17.117117 11.375232 22.640329
v 17.014921 11.562284 22.596701
v 16.912727 11.749335 22.553072
v 16.810535 11.936386 22.509443
v 17.888988 10.925618 23.257177
v 17.783995 11.116639 23.214088
v 17.678999 11.307660 23.171000
v 17.574003 11.498680 23.127913
v 17.469009 11.689701 23.084824
v 17.364016 11.880722 23.041733
v 17.259020 12.071741 22.998644
v 17.154024 12.262761 22.955557
v 18.252085 11.224209 23.699507
v 18.144289 11.419198 23.656958
v 18.036493 11.614188 23.614408
v 17.928698 11.809176 23.571861
v 17.820902 12.004168 23.529310
v 17.713106 12.199157 23.486761
v 17.605310 12.394147 23.444214
v 17.497517 12.589137 23.401665
v 16.371841 7.579177 21.020166
v 16.300188 7.752639 20.973835
v 16.228533 7.926100 20.927504
v 16.156878 8.099562 20.881172
v 16.085222 8.273023 20.834841
v 16.013567 8.446485 20.788509
v 15.941912 8.619946 20.742178
v 15.870256 8.793407 20.695847
v 16.756922 7.840456 21.457666
v 16.682869 8.018085 21.411873
v 16.608816 8.195713 21.366077
v 16.534763 8.373346 21.320282
v 16.460711 8.550972 21.274488
v 16.386656 8.728604 21.228695
v 16.312603 8.906231 21.182898
v 16.238550 9.083859 21.137102
v 17.142004 8.101733 21.895164
v 17.065552 8.283530 21.849907
v 16.989101 8.465327 21.804649
v 16.912651 8.647124 21.759392
v 16.836201 8.828921 21.714132
v 16.759748 9.010719 21.668875
v 16.683298 9.192516 21.623617
v 16.606848 9.374314 21.578360
v 17.527084 8.363010 22.332663
v 17.448236 8.548977 22.287941
v 17.369387 8.734941 22.243219
v 17.290537 8.920908 22.198500
v 17.211689 9.106873 22.153778
v 17.132839 9.292838 22.109055
v 17.053991 9.478803 22.064335
v 16.975142 9.664768 22.019615
v 17.912165 8.624290 22.770164
v 17.830919 8.814423 22.725981
v 17.749672 9.004556 22.681797
v 17.668425 9.194689 22.637609
v 17.587177 9.384822 22.593426
v 17.505932 9.574956 22.549240
v 17.424685 9.765088 22.505053
v 17.343437 9.955221 22.460867
v 18.297245 8.885567 23.207666
v 18.213600 9.079869 23.164017
v 18.129955 9.274169 23.120367
v 18.046310 9.468471 23.076719
v 17.962666 9.662771 23.033070
v 17.879021 9.857072 22.989420
v 17.795376 10.051373 22.945772
v 17.711731 10.245675 22.902122
v 18.682325 9.146845 23.645163
v 18.596283 9.345314 23.602049
v 18.510241 9.543782 23.558937
v 18.424198 9.742250 23.515823
v 18.338156 9.940721 23.472712
v 18.252111 10.139190 23.429602
v 18.166069 10.337659 23.386488
v 18.080029 10.536127 23.343374
v 19.067406 9.408122 24.082663
v 18.978966 9.610759 24.040089
v 18.890526 9.813400 23.997513
v 18.802084 10.016034 23.954937
v 18.713644 10.218671 23.912361
v 18.625204 10.421307 23.869787
v 18.536762 10.623944 23.827209
v 18.448322 10.826582 23.784630
v 16.881308 5.980896 21.437183
v 16.826580 6.158998 21.390846
v 16.771854 6.337101 21.344511
v 16.717127 6.515203 21.298178
v 16.662401 6.693305 21.251841
v 16.607676 6.871408 21.205503
v 16.552948 7.049510 21.159170
v 16.498222 7.227613 21.112835
v 17.284645 6.203390 21.869881
v 17.227936 6.385819 21.824076
v 17.171228 6.568249 21.778275
v 17.114519 6.750679 21.732473
v 17.057810 6.933108 21.686670
v 17.001101 7.115537 21.640867
v 16.944391 7.297966 21.595066
v 16.887684 7.480396 21.549265
v 17.687986 6.425885 22.302578
v 17.629293 6.612641 22.257307
v 17.570602 6.799398 22.212040
v 17.511911 6.986155 22.166771
v 17.453220 7.172911 22.121500
v 17.394529 7.359667 22.076229
v 17.335836 7.546423 22.030962
v 17.277145 7.733180 21.985693
v 18.091326 6.648380 22.735275
v 18.030651 6.839463 22.690538
v 17.969978 7.030547 22.645803
v 17.909304 7.221631 22.601068
v 17.848631 7.412714 22.556330
v 17.787956 7.603796 22.511593
v 17.727282 7.794879 22.466858
v 17.666609 7.985962 22.422123
v 18.494663 6.870875 23.167976
v 18.432007 7.066287 23.123774
v 18.369350 7.261695 23.079569
v 18.306696 7.457105 23.035366
v 18.244040 7.652515 22.991163
v 18.181383 7.847926 22.946960
v 18.118725 8.043337 22.902756
v 18.056068 8.238746 22.858551
v 18.898003 7.093370 23.600677
v 18.833364 7.293108 23.557005
v 18.768724 7.492844 23.513336
v 18.704086 7.692581 23.469667
v 18.639446 7.892317 23.425995
v 18.574806 8.092056 23.382324
v 18.510168 8.291793 23.338655
v 18.445528 8.491533 23.294987
v 19.301342 7.315866 24.033375
v 19.234720 7.519929 23.990236
v 19.168098 7.723993 23.947100
v 19.101477 7.928056 23.903965
v 19.034855 8.132120 23.860826
v 18.968233 8.336185 23.817688
v 18.901611 8.540248 23.774551
v 18.834990 8.744312 23.731415
v 19.704681 7.538361 24.466074
v 19.636076 7.746751 24.423468
v 19.567472 7.955142 24.380865
v 19.498869 8.163530 24.338261
v 19.430264 8.371922 24.295656
v 19.361660 8.580313 24.253050
v 19.293055 8.788703 24.210447
v 19.224451 8.997094 24.167845
v 17.236513 4.353922 21.854223
v 17.198954 4.535031 21.807884
v 17.161394 4.716139 21.761545
v 17.123835 4.897248 21.715208
v 17.086275 5.078357 21.668869
v 17.048716 5.259466 21.622530
v 17.011154 5.440575 21.576193
v 16.973593 5.621685 21.529858
v 17.654305 4.536527 22.282154
v 17.615187 4.722082 22.236345
v 17.576069 4.907636 22.190536
v 17.536949 5.093190 22.144728
v 17.497831 5.278744 22.098919
v 17.458712 5.464298 22.053112
v 17.419592 5.649852 22.007303
v 17.380472 5.835406 21.961494
v 18.072096 4.719133 22.710085
v 18.031420 4.909132 22.664804
v 17.990742 5.099133 22.619526
v 17.950066 5.289131 22.574249
v 17.909388 5.479131 22.528969
v 17.868710 5.669131 22.483686
v 17.828032 5.859130 22.438410
v 17.787355 6.049129 22.393131
v 18.489887 4.901738 23.138014
v 18.447651 5.096182 23.093264
v 18.405415 5.290627 23.048513
v 18.363178 5.485072 23.003763
v 18.320944 5.679517 22.959013
v 18.278708 5.873961 22.914263
v 18.236471 6.068408 22.869513
v 18.194235 6.262852 22.824762
v 18.907679 5.084343 23.565945
v 18.863884 5.283233 23.521727
v 18.820089 5.482123 23.477507
v 18.776295 5.681015 23.433287
v 18.732500 5.879904 23.389067
v 18.688704 6.078794 23.344845
v 18.644909 6.277685 23.300625
v 18.601114 6.476575 23.256403
v 19.325470 5.266949 23.993874
v 19.280117 5.470285 23.950182
v 19.234762 5.673620 23.906492
v 19.189409 5.876956 23.862804
v 19.144056 6.080291 23.819113
v 19.098701 6.283627 23.775421
v 19.053349 6.486963 23.731730
v 19.007996 6.690299 23.688040
v 19.743259 5.449554 24.421808
v 19.696348 5.657336 24.378647
v 19.649435 5.865117 24.335485
v 19.602522 6.072898 24.292324
v 19.555611 6.280679 24.249163
v 19.508699 6.488460 24.205999
v 19.461786 6.696241 24.162838
v 19.414875 6.904022 24.119677
v 20.161051 5.632160 24.849739
v 20.112579 5.844386 24.807106
v 20.064110 6.056613 24.764473
v 20.015638 6.268839 24.721840
v 19.967169 6.481065 24.679207
v 19.918697 6.693292 24.636576
v 19.870226 6.905518 24.593943
v 19.821756 7.117744 24.551310
v 17.436569 2.712977 22.271297
v 17.416256 2.895457 22.224957
v 17.395945 3.077936 22.178616
v 17.375631 3.260416 22.132273
v 17.355320 3.442895 22.085932
v 17.335009 3.625375 22.039589
v 17.314697 3.807854 21.993248
v 17.294384 3.990334 21.946907
v 17.864960 2.854950 22.694490
v 17.843517 3.041953 22.648674
v 17.822075 3.228956 22.602858
v 17.800632 3.415959 22.557041
v 17.779190 3.602962 22.511225
v 17.757748 3.789964 22.465408
v 17.736307 3.976967 22.419594
v 17.714867 4.163970 22.373777
v 18.293350 2.996924 23.117682
v 18.270779 3.188451 23.072392
v 18.248205 3.379977 23.027100
v 18.225634 3.571503 22.981810
v 18.203062 3.763029 22.936522
v 18.180490 3.954554 22.891233
v 18.157917 4.146080 22.845943
v 18.135345 4.337607 22.800652
v 18.721743 3.138898 23.540876
v 18.698040 3.334947 23.496113
v 18.674337 3.530997 23.451349
v 18.650635 3.727046 23.406584
v 18.626932 3.923095 23.361820
v 18.603230 4.119144 23.317057
v 18.579527 4.315194 23.272293
v 18.555824 4.511244 23.227528
v 19.150133 3.280871 23.964067
v 19.125299 3.481444 23.919830
v 19.100468 3.682017 23.875593
v 19.075634 3.882589 23.831356
v 19.050802 4.083162 23.787119
v 19.025969 4.283735 23.742882
v 19.001137 4.484308 23.698643
v 18.976305 4.684880 23.654402
v 19.578522 3.422844 24.387260
v 19.552559 3.627939 24.343548
v 19.526596 3.833035 24.299837
v 19.500633 4.038133 24.256124
v 19.474672 4.243229 24.212414
v 19.448711 4.448325 24.168701
v 19.422749 4.653421 24.124989
v 19.396786 4.858517 24.081278
v 20.006914 3.564818 24.810455
v 19.979820 3.774437 24.767269
v 19.952728 3.984057 24.724081
v 19.925634 4.193676 24.680895
v 19.898542 4.403296 24.637709
v 19.871450 4.612915 24.594526
v 19.844357 4.822535 24.551338
v 19.817265 5.032154 24.508152
v 20.435305 3.706791 25.233648
v 20.407082 3.920934 25.190989
v 20.378859 4.135077 25.148331
v 20.350636 4.349220 25.105671
v 20.322412 4.563363 25.063011
v 20.294189 4.777505 25.020350
v 20.265966 4.991648 24.977692
v 20.237743 5.205791 24.935034
v 17.481972 1.072716 22.688402
v 17.478834 1.254938 22.642056
v 17.475698 1.437161 22.595713
v 17.472561 1.619384 22.549368
v 17.469425 1.801607 22.503021
v 17.466290 1.983829 22.456675
v 17.463152 2.166052 22.410330
v 17.460016 2.348275 22.363987
v 17.917097 1.173679 23.106892
v 17.913261 1.360464 23.061068
v 17.909424 1.547246 23.015244
v 17.905588 1.734030 22.969419
v 17.901751 1.920813 22.923595
v 17.897915 2.107597 22.877771
v 17.894077 2.294380 22.831951
v 17.890238 2.481164 22.786129
v 18.352222 1.274644 23.525379
v 18.347687 1.465989 23.480078
v 18.343149 1.657333 23.434778
v 18.338610 1.848677 23.389477
v 18.334074 2.040020 23.344175
v 18.329536 2.231366 23.298876
v 18.324999 2.422709 23.253574
v 18.320459 2.614053 23.208273
v 18.787350 1.375608 23.943867
v 18.782112 1.571513 23.899088
v 18.776873 1.767418 23.854311
v 18.771635 1.963323 23.809534
v 18.766397 2.159228 23.764755
v 18.761158 2.355133 23.719978
v 18.755920 2.551038 23.675198
v 18.750683 2.746943 23.630417
v 19.222477 1.476572 24.362352
v 19.216539 1.677038 24.318098
v 19.210600 1.877504 24.273842
v 19.204660 2.077970 24.229586
v 19.198721 2.278435 24.185329
v 19.192783 2.478901 24.141075
v 19.186844 2.679367 24.096817
v 19.180904 2.879833 24.052561
v 19.657602 1.577536 24.780838
v 19.650963 1.782563 24.737106
v 19.644323 1.987589 24.693371
v 19.637682 2.192616 24.649637
v 19.631042 2.397642 24.605906
v 19.624403 2.602669 24.562172
v 19.617764 2.807695 24.518438
v 19.611126 3.012722 24.474705
v 20.092730 1.678500 25.199322
v 20.085388 1.888087 25.156111
v 20.078049 2.097674 25.112902
v 20.070709 2.307262 25.069693
v 20.063368 2.516849 25.026482
v 20.056028 2.726437 24.983271
v 20.048689 2.936024 24.940062
v 20.041348 3.145611 24.896852
v 20.527857 1.779464 25.617811
v 20.519815 1.993612 25.575123
v 20.511774 2.207760 25.532433
v 20.503733 2.421908 25.489744
v 20.495691 2.636056 25.447060
v 20.487652 2.850204 25.404373
v 20.479610 3.064352 25.361685
v 20.471569 3.278500 25.318996
v 17.374594 -0.552429 23.105541
v 17.388409 -0.372064 23.059191
v 17.402222 -0.191699 23.012842
v 17.416037 -0.011334 22.966494
v 17.429850 0.169032 22.920143
v 17.443665 0.349397 22.873795
v 17.457479 0.529762 22.827446
v 17.471292 0.710127 22.781097
v 17.812614 -0.492492 23.519354
v 17.826155 -0.307569 23.473526
v 17.839695 -0.122645 23.427694
v 17.853235 0.062279 23.381863
v 17.866776 0.247202 23.336035
v 17.880316 0.432126 23.290207
v 17.893856 0.617050 23.244375
v 17.907396 0.801973 23.198544
v 18.250633 -0.432556 23.933165
v 18.263899 -0.243074 23.887854
v 18.277166 -0.053592 23.842543
v 18.290432 0.135890 23.797232
v 18.303698 0.325372 23.751921
v 18.316965 0.514854 23.706610
v 18.330231 0.704336 23.661299
v 18.343494 0.893818 23.615990
v 18.688652 -0.372619 24.346975
v 18.701645 -0.178579 24.302185
v 18.714638 0.015461 24.257395
v 18.727629 0.209502 24.212605
v 18.740622 0.403542 24.167810
v 18.753613 0.597582 24.123018
v 18.766605 0.791623 24.078228
v 18.779598 0.985663 24.033438
v 19.126673 -0.312683 24.760786
v 19.139391 -0.114084 24.716515
v 19.152109 0.084514 24.672241
v 19.164827 0.283113 24.627970
v 19.177546 0.481712 24.583696
v 19.190264 0.680310 24.539425
v 19.202980 0.878909 24.495152
v 19.215698 1.077508 24.450880
v 19.564693 -0.252747 25.174599
v 19.577139 -0.049590 25.130844
v 19.589582 0.153567 25.087090
v 19.602026 0.356724 25.043335
v 19.614470 0.559881 24.999582
v 19.626911 0.763039 24.955830
v 19.639357 0.966196 24.912075
v 19.651800 1.169353 24.868320
v 20.002714 -0.192810 25.588409
v 20.014883 0.014905 25.545176
v 20.027054 0.222620 25.501942
v 20.039223 0.430336 25.458708
v 20.051392 0.638051 25.415474
v 20.063562 0.845767 25.372238
v 20.075731 1.053482 25.329004
v 20.087900 1.261197 25.285769
v 20.440733 -0.132874 26.002218
v 20.452629 0.079400 25.959503
v 20.464525 0.291674 25.916788
v 20.476421 0.503947 25.874075
v 20.488316 0.716221 25.831358
v 20.500210 0.928495 25.788643
v 20.512106 1.140768 25.745930
v 20.524002 1.353042 25.703215
v 17.117636 -2.148360 23.522711
v 17.148029 -1.971413 23.476360
v 17.178423 -1.794468 23.430008
v 17.208815 -1.617522 23.383654
v 17.239208 -1.440576 23.337301
v 17.269600 -1.263631 23.290951
v 17.299994 -1.086686 23.244596
v 17.330387 -0.909739 23.198242
v 17.554762 -2.129117 23.931879
v 17.585300 -1.947653 23.886044
v 17.615839 -1.766191 23.840206
v 17.646378 -1.584728 23.794371
v 17.676916 -1.403266 23.748533
v 17.707457 -1.221803 23.702696
v 17.737995 -1.040341 23.656858
v 17.768534 -0.858878 23.611023
v 17.991888 -2.109874 24.341047
v 18.022572 -1.923894 24.295725
v 18.053257 -1.737914 24.250404
v 18.083942 -1.551935 24.205084
v 18.114626 -1.365955 24.159763
v 18.145311 -1.179976 24.114439
v 18.175997 -0.993997 24.069118
v 18.206682 -0.808017 24.023798
v 18.429014 -2.090630 24.750212
v 18.459845 -1.900134 24.705406
v 18.490675 -1.709638 24.660601
v 18.521505 -1.519141 24.615795
v 18.552338 -1.328645 24.570990
v 18.583168 -1.138149 24.526184
v 18.613998 -0.947652 24.481379
v 18.644829 -0.757156 24.436573
v 18.866140 -2.071387 25.159380
v 18.897120 -1.876374 25.115089
v 18.928095 -1.681361 25.070799
v 18.959070 -1.486348 25.026510
v 18.990047 -1.291334 24.982220
v 19.021027 -1.096321 24.937929
v 19.052002 -0.901308 24.893639
v 19.082977 -0.706295 24.849350
v 19.303267 -2.052145 25.568548
v 19.334391 -1.852614 25.524773
v 19.365513 -1.653084 25.480999
v 19.396637 -1.453554 25.437223
v 19.427759 -1.254024 25.393448
v 19.458883 -1.054494 25.349674
v 19.490005 -0.854964 25.305899
v 19.521128 -0.655434 25.262125
v 19.740395 -2.032902 25.977713
v 19.771664 -1.828855 25.934454
v 19.802933 -1.624808 25.891193
v 19.834202 -1.420761 25.847935
v 19.865469 -1.216714 25.804676
v 19.896738 -1.012667 25.761419
v 19.928007 -0.808620 25.718159
v 19.959276 -0.604573 25.674900
v 20.177521 -2.013659 26.386877
v 20.208935 -1.805095 26.344133
v 20.240351 -1.596531 26.301390
v 20.271765 -1.387967 26.258646
v 20.303181 -1.179403 26.215904
v 20.334595 -0.970839 26.173164
v 20.366009 -0.762276 26.130421
v 20.397423 -0.553712 26.087675
v 16.715593 -3.701460 23.939907
v 16.762051 -3.529441 23.893553
v 16.808506 -3.357421 23.847197
v 16.854961 -3.185402 23.800838
v 16.901419 -3.013383 23.754484
v 16.947874 -2.841363 23.708130
v 16.994329 -2.669343 23.661774
v 17.040787 -2.497324 23.615417
v 17.148125 -3.722234 24.344461
v 17.195137 -3.545777 24.298616
v 17.242149 -3.369320 24.252773
v 17.289162 -3.192863 24.206930
v 17.336174 -3.016407 24.161085
v 17.383186 -2.839949 24.115244
v 17.430199 -2.663492 24.069401
v 17.477211 -2.487036 24.023556
v 17.580656 -3.743007 24.749016
v 17.628225 -3.562113 24.703684
v 17.675795 -3.381218 24.658354
v 17.723362 -3.200324 24.613022
v 17.770931 -3.019430 24.567692
v 17.818499 -2.838535 24.522360
v 17.866068 -2.657641 24.477030
v 17.913635 -2.476748 24.431698
v 18.013187 -3.763782 25.153570
v 18.061312 -3.578450 25.108751
v 18.109436 -3.393118 25.063932
v 18.157560 -3.207786 25.019114
v 18.205685 -3.022454 24.974295
v 18.253809 -2.837122 24.929476
v 18.301935 -2.651790 24.884657
v 18.350060 -2.466459 24.839836
v 18.445721 -3.784555 25.558121
v 18.494400 -3.594786 25.513815
v 18.543081 -3.405017 25.469509
v 18.591763 -3.215248 25.425201
v 18.640442 -3.025478 25.380896
v 18.689121 -2.835709 25.336590
v 18.737803 -2.645940 25.292282
v 18.786484 -2.456170 25.247974
v 18.878250 -3.805329 25.962677
v 18.927488 -3.611122 25.918882
v 18.976725 -3.416915 25.875088
v 19.025961 -3.222708 25.831293
v 19.075197 -3.028502 25.787498
v 19.124435 -2.834295 25.743704
v 19.173672 -2.640088 25.699909
v 19.222908 -2.445882 25.656115
v 19.310783 -3.826103 26.367231
v 19.360575 -3.627459 26.323950
v 19.410368 -3.428814 26.280668
v 19.460159 -3.230170 26.237387
v 19.509953 -3.031526 26.194105
v 19.559746 -2.832882 26.150822
v 19.609539 -2.634237 26.107538
v 19.659332 -2.435593 26.064253
v 19.743317 -3.846877 26.771784
v 19.793665 -3.643795 26.729012
v 19.844013 -3.440714 26.686243
v 19.894361 -3.237632 26.643475
v 19.944712 -3.034550 26.600702
v 19.995060 -2.831468 26.557932
v 20.045408 -2.628386 26.515162
v 20.095757 -2.425305 26.472393
v 16.174187 -5.198682 24.357138
v 16.236055 -5.033032 24.310778
v 16.297924 -4.867382 24.264420
v 16.359795 -4.701732 24.218060
v 16.421663 -4.536081 24.171701
v 16.483532 -4.370431 24.125341
v 16.545401 -4.204781 24.078981
v 16.607269 -4.039130 24.032623
v 16.598539 -5.258467 24.757109
v 16.661362 -5.088495 24.711256
v 16.724184 -4.918523 24.665405
v 16.787004 -4.748551 24.619556
v 16.849827 -4.578578 24.573706
v 16.912649 -4.408606 24.527853
v 16.975470 -4.238635 24.482004
v 17.038290 -4.068663 24.436155
v 17.022892 -5.318252 25.157082
v 17.086666 -5.143958 25.111740
v 17.150442 -4.969665 25.066401
v 17.214216 -4.795371 25.021059
v 17.277990 -4.621077 24.975716
v 17.341764 -4.446783 24.930372
v 17.405539 -4.272489 24.885031
v 17.469315 -4.098196 24.839689
v 17.447245 -5.378037 25.557053
v 17.511972 -5.199422 25.512218
v 17.576700 -5.020806 25.467386
v 17.641426 -4.842191 25.422554
v 17.706154 -4.663576 25.377720
v 17.770882 -4.484960 25.332888
v 17.835609 -4.306344 25.288054
v 17.900335 -4.127729 25.243221
v 17.871597 -5.437822 25.957024
v 17.937277 -5.254885 25.912699
v 18.002958 -5.071948 25.868372
v 18.068638 -4.889010 25.824047
v 18.134317 -4.706073 25.779724
v 18.199997 -4.523136 25.735401
v 18.265678 -4.340198 25.691076
v 18.331360 -4.157262 25.646751
v 18.295950 -5.497606 26.356997
v 18.362583 -5.310347 26.313181
v 18.429216 -5.123088 26.269367
v 18.495848 -4.935830 26.225552
v 18.562481 -4.748571 26.181738
v 18.629116 -4.561312 26.137920
v 18.695747 -4.374053 26.094105
v 18.762381 -4.186794 26.050289
v 18.720303 -5.557393 26.756968
v 18.787889 -5.365812 26.713661
v 18.855474 -5.174231 26.670353
v 18.923059 -4.982651 26.627047
v 18.990646 -4.791070 26.583740
v 19.058233 -4.599489 26.540432
v 19.125818 -4.407908 26.497126
v 19.193403 -4.216328 26.453817
v 19.144657 -5.617177 27.156940
v 19.213196 -5.421275 27.114141
v 19.281734 -5.225373 27.071342
v 19.350273 -5.029469 27.028543
v 19.418812 -4.833568 26.985746
v 19.487350 -4.637666 26.942949
v 19.555889 -4.441763 26.900150
v 19.624428 -4.245861 26.857351
v 15.500284 -6.627667 24.774401
v 15.576789 -6.469750 24.728039
v 15.653294 -6.311834 24.681675
v 15.729798 -6.153917 24.635311
v 15.806301 -5.996000 24.588949
v 15.882805 -5.838083 24.542587
v 15.959309 -5.680167 24.496223
v 16.035812 -5.522250 24.449858
v 15.913020 -6.725143 25.169821
v 15.990857 -6.563055 25.123964
v 16.068693 -6.400967 25.078108
v 16.146530 -6.238879 25.032248
v 16.224367 -6.076791 24.986391
v 16.302204 -5.914703 24.940535
v 16.380041 -5.752615 24.894674
v 16.457878 -5.590527 24.848816
v 16.325756 -6.822621 25.565241
v 16.404926 -6.656362 25.519890
v 16.484097 -6.490103 25.474539
v 16.563267 -6.323843 25.429184
v 16.642437 -6.157584 25.383831
v 16.721607 -5.991325 25.338480
v 16.800777 -5.825065 25.293127
v 16.879948 -5.658806 25.247774
v 16.738489 -6.920099 25.960663
v 16.818993 -6.749668 25.915817
v 16.899496 -6.579237 25.870970
v 16.980000 -6.408807 25.826120
v 17.060503 -6.238376 25.781273
v 17.141006 -6.067945 25.736427
v 17.221510 -5.897514 25.691580
v 17.302013 -5.727084 25.646730
v 17.151226 -7.017576 26.356083
v 17.233063 -6.842974 26.311743
v 17.314899 -6.668372 26.267401
v 17.396734 -6.493770 26.223057
v 17.478571 -6.319168 26.178717
v 17.560410 -6.144566 26.134375
v 17.642244 -5.969964 26.090033
v 17.724081 -5.795361 26.045689
v 17.563961 -7.115054 26.751503
v 17.647131 -6.936281 26.707668
v 17.730301 -6.757507 26.663832
v 17.813471 -6.578733 26.619993
v 17.896641 -6.399960 26.576159
v 17.979809 -6.221187 26.532322
v 18.062979 -6.042413 26.488483
v 18.146149 -5.863639 26.444647
v 17.976696 -7.212531 27.146923
v 18.061199 -7.029586 27.103594
v 18.145700 -6.846641 27.060263
v 18.230204 -6.663696 27.016930
v 18.314707 -6.480751 26.973600
v 18.399210 -6.297807 26.930269
v 18.483711 -6.114861 26.886936
v 18.568214 -5.931917 26.843603
v 18.389431 -7.310009 27.542347
v 18.475267 -7.122894 27.499519
v 18.561102 -6.935778 27.456696
v 18.646938 -6.748661 27.413870
v 18.732775 -6.561546 27.371044
v 18.818611 -6.374430 27.328217
v 18.904446 -6.187313 27.285391
v 18.990282 -6.000196 27.242567
v 14.701853 -7.976850 25.191692
v 14.792093 -7.827942 25.145325
v 14.882335 -7.679034 25.098957
v 14.972575 -7.530126 25.052591
v 15.062816 -7.381217 25.006224
v 15.153057 -7.232309 24.959860
v 15.243298 -7.083401 24.913494
v 15.333538 -6.934493 24.867126
v 15.099704 -8.110406 25.582594
v 15.191640 -7.957509 25.536730
v 15.283575 -7.804612 25.490866
v 15.375510 -7.651716 25.445002
v 15.467444 -7.498819 25.399137
v 15.559379 -7.345921 25.353271
v 15.651314 -7.193025 25.307407
v 15.743249 -7.040129 25.261543
v 15.497554 -8.243960 25.973494
v 15.591183 -8.087075 25.928129
v 15.684812 -7.930190 25.882767
v 15.778440 -7.773305 25.837404
v 15.872068 -7.616420 25.792042
v 15.965697 -7.459536 25.746677
v 16.059326 -7.302650 25.701317
v 16.152954 -7.145765 25.655954
v 15.895406 -8.377516 26.364395
v 15.990728 -8.216642 26.319534
v 16.086050 -8.055769 26.274673
v 16.181374 -7.894895 26.229813
v 16.276695 -7.734022 26.184952
v 16.372019 -7.573148 26.140091
v 16.467340 -7.412276 26.095230
v 16.562662 -7.251403 26.050369
v 16.293255 -8.511070 26.755297
v 16.390272 -8.346206 26.710938
v 16.487289 -8.181347 26.666578
v 16.584305 -8.016486 26.622221
v 16.681322 -7.851624 26.577860
v 16.778337 -7.686763 26.533501
v 16.875355 -7.521902 26.489141
v 16.972372 -7.357039 26.444784
v 16.691107 -8.644625 27.146194
v 16.789818 -8.475776 27.102337
v 16.888529 -8.306926 27.058479
v 16.987240 -8.138076 27.014622
v 17.085951 -7.969226 26.970764
v 17.184660 -7.800377 26.926907
v 17.283371 -7.631526 26.883051
v 17.382082 -7.462676 26.839195
v 17.088955 -8.778180 27.537096
v 17.189360 -8.605342 27.493742
v 17.289764 -8.432505 27.450386
v 17.390169 -8.259666 27.407032
v 17.490574 -8.086828 27.363678
v 17.590979 -7.913989 27.320322
v 17.691383 -7.741154 27.276968
v 17.791788 -7.568314 27.233612
v 17.486805 -8.911732 27.927999
v 17.588905 -8.734908 27.885147
v 17.691004 -8.558080 27.842293
v 17.793102 -8.381255 27.799438
v 17.895203 -8.204428 27.756586
v 17.997301 -8.027603 27.713734
v 18.099398 -7.850778 27.670879
v 18.201496 -7.673952 27.628025
v 13.787846 -9.235546 25.609015
v 13.890818 -9.096823 25.562647
v 13.993788 -8.958099 25.516277
v 14.096758 -8.819376 25.469908
v 14.199729 -8.680651 25.423538
v 14.302700 -8.541929 25.377169
v 14.405670 -8.403206 25.330799
v 14.508640 -8.264482 25.284428
v 14.167741 -9.403288 25.995424
v 14.272744 -9.260790 25.949553
v 14.377748 -9.118291 25.903681
v 14.482752 -8.975793 25.857809
v 14.587755 -8.833295 25.811939
v 14.692758 -8.690796 25.766068
v 14.797762 -8.548298 25.720198
v 14.902766 -8.405800 25.674330
v 14.547636 -9.571029 26.381836
v 14.654673 -9.424757 26.336462
v 14.761708 -9.278483 26.291092
v 14.868744 -9.132211 26.245720
v 14.975780 -8.985938 26.200346
v 15.082817 -8.839664 26.154972
v 15.189853 -8.693392 26.109602
v 15.296888 -8.547118 26.064230
v 14.927531 -9.738773 26.768251
v 15.036599 -9.588725 26.723377
v 15.145669 -9.438678 26.678503
v 15.254738 -9.288626 26.633631
v 15.363807 -9.138581 26.588755
v 15.472875 -8.988533 26.543879
v 15.581944 -8.838485 26.499004
v 15.691014 -8.688437 26.454132
v 15.307427 -9.906515 27.154659
v 15.418528 -9.752692 27.110285
v 15.529629 -9.598869 27.065908
v 15.640730 -9.445046 27.021534
v 15.751832 -9.291220 26.977158
v 15.862935 -9.137399 26.932781
v 15.974036 -8.983578 26.888407
v 16.085136 -8.829755 26.844030
v 15.687324 -10.074258 27.541069
v 15.800457 -9.916659 27.497190
v 15.913590 -9.759062 27.453314
v 16.026724 -9.601463 27.409435
v 16.139858 -9.443866 27.365559
v 16.252993 -9.286267 27.321680
v 16.366127 -9.128670 27.277805
v 16.479261 -8.971072 27.233931
v 16.067219 -10.241998 27.927481
v 16.182384 -10.080627 27.884100
v 16.297550 -9.919254 27.840723
v 16.412718 -9.757882 27.797346
v 16.527884 -9.596509 27.753965
v 16.643051 -9.435136 27.710587
v 16.758217 -9.273765 27.667208
v 16.873384 -9.112391 27.623831
v 16.447113 -10.409743 28.313894
v 16.564312 -10.244596 28.271015
v 16.681511 -10.079448 28.228136
v 16.798710 -9.914300 28.185257
v 16.915911 -9.749152 28.142374
v 17.033110 -9.584005 28.099491
v 17.150309 -9.418855 28.056612
v 17.267508 -9.253709 28.013733
v 12.768108 -10.394055 26.026369
v 12.882704 -10.266578 25.979996
v 12.997300 -10.139109 25.933622
v 13.111896 -10.011635 25.887251
v 13.226491 -9.884162 25.840878
v 13.341087 -9.756689 25.794502
v 13.455683 -9.629215 25.748131
v 13.570279 -9.501741 25.701759
v 13.127195 -10.593843 26.408323
v 13.244139 -10.462835 26.362444
v 13.361081 -10.331828 26.316565
v 13.478024 -10.200822 26.270687
v 13.594967 -10.069814 26.224808
v 13.711909 -9.938807 26.178928
v 13.828853 -9.807800 26.133051
v 13.945795 -9.676793 26.087175
v 13.486284 -10.793632 26.790276
v 13.605575 -10.659090 26.744890
v 13.724864 -10.524549 26.699507
v 13.844153 -10.390008 26.654123
v 13.963444 -10.255467 26.608740
v 14.082733 -10.120927 26.563358
v 14.202022 -9.986385 26.517975
v 14.321310 -9.851845 26.472591
v 13.845373 -10.993420 27.172224
v 13.967010 -10.855345 27.127338
v 14.088646 -10.717270 27.082449
v 14.210281 -10.579195 27.037561
v 14.331918 -10.441121 26.992672
v 14.453554 -10.303046 26.947784
v 14.575191 -10.164970 26.902899
v 14.696826 -10.026896 26.858013
v 14.204461 -11.193207 27.554178
v 14.328444 -11.051600 27.509785
v 14.452427 -10.909990 27.465393
v 14.576411 -10.768382 27.421001
v 14.700394 -10.626774 27.376608
v 14.824376 -10.485166 27.332214
v 14.948359 -10.343556 27.287821
v 15.072344 -10.201947 27.243429
v 14.563548 -11.392994 27.936132
v 14.689879 -11.247852 27.892235
v 14.816209 -11.102710 27.848337
v 14.942538 -10.957568 27.804440
v 15.068869 -10.812427 27.760544
v 15.195200 -10.667284 27.716646
v 15.321529 -10.522141 27.672745
v 15.447859 -10.376999 27.628845
v 14.922636 -11.592782 28.318085
v 15.051312 -11.444106 28.274681
v 15.179989 -11.295430 28.231279
v 15.308665 -11.146755 28.187876
v 15.437343 -10.998079 28.144474
v 15.566021 -10.849402 28.101070
v 15.694697 -10.700727 28.057669
v 15.823374 -10.552048 28.014265
v 15.281724 -11.792569 28.700035
v 15.412748 -11.640360 28.657129
v 15.543772 -11.488152 28.614222
v 15.674795 -11.335940 28.571314
v 15.805819 -11.183730 28.528406
v 15.936842 -11.031520 28.485500
v 16.067865 -10.879311 28.442591
v 16.198889 -10.727101 28.399681
v 11.653288 -11.443702 26.443752
v 11.778316 -11.328429 26.397375
v 11.903344 -11.213159 26.350998
v 12.028373 -11.097885 26.304621
v 12.153401 -10.982615 26.258244
v 12.278428 -10.867344 26.211868
v 12.403457 -10.752071 26.165495
v 12.528485 -10.636799 26.119120
v 11.988955 -11.673163 26.821278
v 12.116616 -11.554625 26.775394
v 12.244278 -11.436085 26.729509
v 12.371941 -11.317545 26.683626
v 12.499602 -11.199006 26.637741
v 12.627266 -11.080467 26.591858
v 12.754928 -10.961927 26.545971
v 12.882589 -10.843390 26.500086
v 12.324622 -11.902625 27.198803
v 12.454919 -11.780819 27.153408
v 12.585216 -11.659012 27.108015
v 12.715512 -11.537207 27.062620
v 12.845810 -11.415401 27.017227
v 12.976105 -11.293592 26.971832
v 13.106402 -11.171786 26.926441
v 13.236699 -11.049979 26.881050
v 12.660288 -12.132087 27.576328
v 12.793219 -12.007013 27.531427
v 12.926149 -11.881940 27.486526
v 13.059081 -11.756866 27.441626
v 13.192012 -11.631791 27.396723
v 13.324943 -11.506716 27.351818
v 13.457874 -11.381642 27.306917
v 13.590806 -11.256569 27.262016
v 12.995956 -12.361547 27.953854
v 13.131521 -12.233206 27.909443
v 13.267087 -12.104864 27.865030
v 13.402653 -11.976523 27.820620
v 13.538218 -11.848182 27.776209
v 13.673782 -11.719839 27.731798
v 13.809347 -11.591498 27.687391
v 13.944913 -11.463159 27.642982
v 13.331622 -12.591009 28.331379
v 13.469822 -12.459400 28.287462
v 13.608021 -12.327790 28.243544
v 13.746220 -12.196181 28.199625
v 13.884418 -12.064572 28.155708
v 14.022619 -11.932962 28.111790
v 14.160818 -11.801353 28.067869
v 14.299017 -11.669740 28.023949
v 13.667291 -12.820470 28.708900
v 13.808125 -12.685595 28.665474
v 13.948958 -12.550717 28.622046
v 14.089792 -12.415840 28.578621
v 14.230626 -12.280964 28.535192
v 14.371459 -12.146089 28.491764
v 14.512293 -12.011211 28.448339
v 14.653127 -11.876335 28.404915
v 14.002958 -13.049932 29.086426
v 14.146425 -12.911788 29.043489
v 14.289893 -12.773644 29.000555
v 14.433361 -12.635501 28.957621
v 14.576828 -12.497355 28.914684
v 14.720296 -12.359211 28.871750
v 14.863765 -12.221067 28.828815
v 15.007234 -12.082923 28.785881
v 10.454720 -12.376923 26.861166
v 10.588912 -12.274678 26.814787
v 10.723104 -12.172435 26.768408
v 10.857297 -12.070191 26.722027
v 10.991489 -11.967948 26.675648
v 11.125683 -11.865701 26.629269
v 11.259875 -11.763460 26.582890
v 11.394068 -11.661217 26.536510
v 10.764608 -12.633482 27.234293
v 10.901694 -12.528258 27.188400
v 11.038779 -12.423034 27.142509
v 11.175864 -12.317813 27.096617
v 11.312950 -12.212591 27.050726
v 11.450035 -12.107369 27.004835
v 11.587120 -12.002147 26.958942
v 11.724207 -11.896924 26.913052
v 11.074498 -12.890042 27.607420
v 11.214477 -12.781842 27.562016
v 11.354454 -12.673641 27.516611
v 11.494431 -12.565438 27.471207
v 11.634411 -12.457238 27.425806
v 11.774390 -12.349037 27.380405
v 11.914368 -12.240834 27.335001
v 12.054346 -12.132632 27.289597
v 11.384389 -13.146601 27.980549
v 11.527260 -13.035422 27.935635
v 11.670132 -12.924242 27.890718
v 11.813004 -12.813062 27.845802
v 11.955873 -12.701881 27.800890
v 12.098744 -12.590701 27.755976
v 12.241615 -12.479521 27.711060
v 12.384487 -12.368340 27.666143
v 11.694279 -13.403162 28.353678
v 11.840043 -13.289002 28.309252
v 11.985807 -13.174843 28.264826
v 12.131572 -13.060685 28.220398
v 12.277336 -12.946523 28.175972
v 12.423100 -12.832366 28.131546
v 12.568863 -12.718207 28.087118
v 12.714626 -12.604049 28.042688
v 12.004169 -13.659722 28.726807
v 12.152825 -13.542584 28.682869
v 12.301482 -13.425447 28.638931
v 12.450139 -13.308310 28.594994
v 12.598796 -13.191172 28.551054
v 12.747453 -13.074032 28.507116
v 12.896110 -12.956894 28.463177
v 13.044766 -12.839758 28.419235
v 12.314058 -13.916282 29.099934
v 12.465608 -13.796165 29.056484
v 12.617157 -13.676047 29.013033
v 12.768706 -13.555930 28.969584
v 12.920256 -13.435813 28.926132
v 13.071806 -13.315696 28.882683
v 13.223356 -13.195580 28.839231
v 13.374907 -13.075462 28.795782
v 12.623949 -14.172841 29.473061
v 12.778392 -14.049746 29.430098
v 12.932835 -13.926650 29.387135
v 13.087278 -13.803550 29.344173
v 13.241720 -13.680458 29.301210
v 13.396162 -13.557364 29.258247
v 13.550605 -13.434267 29.215284
v 13.705049 -13.311167 29.172323
v 9.184321 -13.187304 27.278610
v 9.326347 -13.098787 27.232229
v 9.468373 -13.010270 27.185844
v 9.610398 -12.921753 27.139460
v 9.752424 -12.833236 27.093077
v 9.894450 -12.744720 27.046696
v 10.036476 -12.656201 27.000311
v 10.178501 -12.567684 26.953926
v 9.466349 -13.468211 27.647373
v 9.611496 -13.377022 27.601473
v 9.756642 -13.285833 27.555574
v 9.901790 -13.194645 27.509674
v 10.046937 -13.103456 27.463776
v 10.192083 -13.012269 27.417877
v 10.337230 -12.921078 27.371981
v 10.482376 -12.829892 27.326084
v 9.748375 -13.749118 28.016134
v 9.896644 -13.655259 27.970720
v 10.044912 -13.561399 27.925306
v 10.193180 -13.467540 27.879892
v 10.341448 -13.373681 27.834478
v 10.489717 -13.279822 27.789064
v 10.637985 -13.185962 27.743650
v 10.786253 -13.092102 27.698236
v 10.030402 -14.030021 28.384897
v 10.181792 -13.933496 28.339968
v 10.333181 -13.836966 28.295038
v 10.484571 -13.740435 28.250111
v 10.635960 -13.643904 28.205181
v 10.787350 -13.547374 28.160254
v 10.938740 -13.450844 28.115322
v 11.090129 -13.354313 28.070391
v 10.312428 -14.310929 28.753658
v 10.466939 -14.211728 28.709215
v 10.621450 -14.112527 28.664772
v 10.775962 -14.013327 28.620325
v 10.930472 -13.914124 28.575882
v 11.084983 -13.814922 28.531439
v 11.239493 -13.715722 28.486994
v 11.394005 -13.616522 28.442547
v 10.594457 -14.591835 29.122421
v 10.752088 -14.489964 29.078463
v 10.909720 -14.388092 29.034502
v 11.067353 -14.286222 28.990541
v 11.224984 -14.184348 28.946583
v 11.382616 -14.082474 28.902624
v 11.540248 -13.980604 28.858664
v 11.697881 -13.878731 28.814703
v 10.876483 -14.872743 29.491180
v 11.037235 -14.768199 29.447704
v 11.197989 -14.663656 29.404230
v 11.358744 -14.559114 29.360756
v 11.519496 -14.454571 29.317282
v 11.680248 -14.350027 29.273806
v 11.841002 -14.245484 29.230333
v 12.001757 -14.140939 29.186859
v 11.158509 -15.153647 29.859941
v 11.322383 -15.046433 29.816952
v 11.486259 -14.939219 29.773962
v 11.650133 -14.832006 29.730972
v 11.814008 -14.724787 29.687981
v 11.977881 -14.617578 29.644991
v 12.141757 -14.510360 29.602001
v 12.305632 -14.403150 29.559011
v 7.854454 -13.869650 27.696087
v 8.002934 -13.795422 27.649700
v 8.151414 -13.721193 27.603313
v 8.299894 -13.646965 27.556927
v 8.448375 -13.572736 27.510540
v 8.596855 -13.498503 27.464153
v 8.745335 -13.424279 27.417767
v 8.893816 -13.350051 27.371380
v 8.106814 -14.172002 28.060514
v 8.258613 -14.095428 28.014610
v 8.410411 -14.018852 27.968704
v 8.562209 -13.942278 27.922798
v 8.714007 -13.865701 27.876894
v 8.865806 -13.789125 27.830990
v 9.017604 -13.712550 27.785082
v 9.169403 -13.635976 27.739176
v 8.359175 -14.474352 28.424940
v 8.514291 -14.395432 28.379517
v 8.669408 -14.316509 28.334091
v 8.824524 -14.237587 28.288668
v 8.979641 -14.158667 28.243244
v 9.134757 -14.079743 28.197821
v 9.289873 -14.000822 28.152397
v 9.444990 -13.921900 28.106972
v 8.611535 -14.776703 28.789366
v 8.769970 -14.695431 28.744421
v 8.928405 -14.614165 28.699480
v 9.086839 -14.532896 28.654539
v 9.245274 -14.451627 28.609594
v 9.403708 -14.370358 28.564651
v 9.562142 -14.289090 28.519711
v 9.720577 -14.207821 28.474770
v 8.863895 -15.079054 29.153793
v 9.025648 -14.995435 29.109331
v 9.187401 -14.911822 29.064871
v 9.349154 -14.828206 29.020411
v 9.510906 -14.744591 28.975948
v 9.672660 -14.660977 28.931488
v 9.834413 -14.577361 28.887026
v 9.996165 -14.493745 28.842566
v 9.116257 -15.381405 29.518217
v 9.281327 -15.295439 29.474237
v 9.446398 -15.209480 29.430256
v 9.611469 -15.123519 29.386276
v 9.776540 -15.037557 29.342297
v 9.941610 -14.951592 29.298319
v 10.106682 -14.865631 29.254337
v 10.271753 -14.779670 29.210358
v 9.368617 -15.683756 29.882643
v 9.537006 -15.595443 29.839146
v 9.705395 -15.507138 29.795647
v 9.873784 -15.418830 29.752150
v 10.042173 -15.330518 29.708651
v 10.210563 -15.242211 29.665152
v 10.378952 -15.153903 29.621655
v 10.547340 -15.065593 29.578154
v 9.620977 -15.986105 30.247068
v 9.792685 -15.895447 30.204052
v 9.964392 -15.804794 30.161036
v 10.136099 -15.714138 30.118019
v 10.307806 -15.623484 30.075001
v 10.479513 -15.532827 30.031984
v 10.651219 -15.442171 29.988968
v 10.822928 -15.351516 29.945950
v 6.477830 -14.419972 28.113594
v 6.631348 -14.360461 28.067205
v 6.784866 -14.300949 28.020815
v 6.938384 -14.241437 27.974426
v 7.091902 -14.181926 27.928038
v 7.245420 -14.122412 27.881645
v 7.398938 -14.062902 27.835255
v 7.552456 -14.003390 27.788866
v 6.699014 -14.740741 28.473715
v 6.856014 -14.679224 28.427803
v 7.013014 -14.617703 28.381891
v 7.170014 -14.556183 28.335979
v 7.327014 -14.494661 28.290068
v 7.484015 -14.433140 28.244156
v 7.641015 -14.371619 28.198246
v 7.798015 -14.310099 28.152334
v 6.920198 -15.061517 28.833836
v 7.080680 -14.997989 28.788403
v 7.241163 -14.934458 28.742968
v 7.401645 -14.870928 28.697535
v 7.562128 -14.807396 28.652100
v 7.722610 -14.743865 28.606667
v 7.883093 -14.680335 28.561232
v 8.043575 -14.616805 28.515799
v 7.141383 -15.382291 29.193956
v 7.305347 -15.316751 29.149000
v 7.469312 -15.251211 29.104044
v 7.633276 -15.185671 29.059088
v 7.797241 -15.120131 29.014132
v 7.961206 -15.054590 28.969175
v 8.125171 -14.989051 28.924219
v 8.289136 -14.923512 28.879263
v 7.362567 -15.703065 29.554077
v 7.530015 -15.635515 29.509600
v 7.697461 -15.567966 29.465120
v 7.864908 -15.500417 29.420643
v 8.032355 -15.432868 29.376163
v 8.199802 -15.365319 29.331688
v 8.367249 -15.297770 29.287209
v 8.534696 -15.230219 29.242729
v 7.583751 -16.023840 29.914200
v 7.754681 -15.954277 29.870201
v 7.925610 -15.884718 29.826199
v 8.096539 -15.815159 29.782198
v 8.267468 -15.745602 29.738197
v 8.438398 -15.676044 29.694199
v 8.609327 -15.606484 29.650198
v 8.780256 -15.536925 29.606197
v 7.804935 -16.344614 30.274319
v 7.979347 -16.273045 30.230797
v 8.153759 -16.201477 30.187275
v 8.328171 -16.129910 30.143753
v 8.502582 -16.058342 30.100231
v 8.676993 -15.986768 30.056709
v 8.851405 -15.915201 30.013187
v 9.025816 -15.843633 29.969664
v 8.026120 -16.665386 30.634439
v 8.204014 -16.591808 30.591394
v 8.381907 -16.518230 30.548351
v 8.559801 -16.444653 30.505306
v 8.737695 -16.371075 30.462261
v 8.915589 -16.297495 30.419218
v 9.093483 -16.223919 30.376173
v 9.271377 -16.150343 30.333130
v 5.067384 -14.835536 28.531130
v 5.224500 -14.791030 28.484735
v 5.381616 -14.746524 28.438343
v 5.538731 -14.702019 28.391951
v 5.695847 -14.657512 28.345556
v 5.852963 -14.613004 28.299162
v 6.010079 -14.568500 28.252771
v 6.167196 -14.523989 28.206379
v 5.256181 -15.171617 28.886976
v 5.416910 -15.125447 28.841057
v 5.577639 -15.079279 28.795137
v 5.738369 -15.033108 28.749218
v 5.899097 -14.986941 28.703299
v 6.059826 -14.940772 28.657379
v 6.220555 -14.894603 28.611464
v 6.381285 -14.848435 28.565546
v 5.444979 -15.507695 29.242823
v 5.609321 -15.459862 29.197378
v 5.773664 -15.412032 29.151936
v 5.938006 -15.364202 29.106491
v 6.102348 -15.316371 29.061047
v 6.266690 -15.268539 29.015602
v 6.431032 -15.220710 28.970158
v 6.595374 -15.172880 28.924715
v 5.633776 -15.843774 29.598669
v 5.801731 -15.794281 29.553701
v 5.969687 -15.744787 29.508732
v 6.137641 -15.695294 29.463762
v 6.305597 -15.645802 29.418795
v 6.473552 -15.596309 29.373825
v 6.641507 -15.546816 29.328854
v 6.809463 -15.497324 29.283882
v 5.822573 -16.179857 29.954515
v 5.994142 -16.128702 29.910021
v 6.165709 -16.077547 29.865526
v 6.337277 -16.026392 29.821030
v 6.508846 -15.975234 29.776537
v 6.680415 -15.924079 29.732042
v 6.851983 -15.872924 29.687546
v 7.023551 -15.821769 29.643049
v 6.011371 -16.515938 30.310362
v 6.186553 -16.463121 30.266342
v 6.361734 -16.410303 30.222322
v 6.536915 -16.357487 30.178303
v 6.712096 -16.304668 30.134281
v 6.887278 -16.251850 30.090260
v 7.062459 -16.199034 30.046240
v 7.237640 -16.146217 30.002220
v 6.200169 -16.852016 30.666206
v 6.378963 -16.797537 30.622662
v 6.557757 -16.743057 30.579115
v 6.736552 -16.688580 30.535570
v 6.915347 -16.634098 30.492023
v 7.094141 -16.579618 30.448479
v 7.272935 -16.525141 30.404932
v 7.451730 -16.470661 30.361385
v 6.388966 -17.188095 31.022055
v 6.571373 -17.131952 30.978983
v 6.753780 -17.075811 30.935911
v 6.936188 -17.019670 30.892839
v 7.118595 -16.963530 30.849768
v 7.301003 -16.907387 30.806698
v 7.483411 -16.851246 30.763626
v 7.665819 -16.795105 30.720554
v 3.636145 -15.114856 28.948700
v 3.795410 -15.085507 28.902304
v 3.954676 -15.056156 28.855906
v 4.113941 -15.026804 28.809509
v 4.273207 -14.997452 28.763111
v 4.432472 -14.968101 28.716715
v 4.591737 -14.938747 28.670319
v 4.751002 -14.909394 28.623920
v 3.791647 -15.463067 29.300301
v 3.954623 -15.432406 29.254375
v 4.117599 -15.401746 29.208448
v 4.280574 -15.371085 29.162521
v 4.443550 -15.340425 29.116598
v 4.606525 -15.309765 29.070673
v 4.769501 -15.279104 29.024746
v 4.932477 -15.248445 28.978819
v 3.947150 -15.811275 29.651903
v 4.113835 -15.779306 29.606449
v 4.280521 -15.747338 29.560995
v 4.447207 -15.715370 29.515541
v 4.613893 -15.683401 29.470087
v 4.780579 -15.651432 29.424631
v 4.947265 -15.619464 29.379177
v 5.113950 -15.587496 29.333723
v 4.102653 -16.159487 30.003506
v 4.273048 -16.126209 29.958521
v 4.443445 -16.092934 29.913538
v 4.613841 -16.059656 29.868555
v 4.784237 -16.026381 29.823572
v 4.954633 -15.993098 29.778587
v 5.125029 -15.959823 29.733604
v 5.295425 -15.926545 29.688623
v 4.258155 -16.507694 30.355106
v 4.432261 -16.473108 30.310595
v 4.606368 -16.438524 30.266081
v 4.780474 -16.403938 30.221569
v 4.954580 -16.369352 30.177057
v 5.128686 -16.334768 30.132547
v 5.302792 -16.300182 30.088034
v 5.476899 -16.265598 30.043522
v 4.413658 -16.855902 30.706709
v 4.591474 -16.820009 30.662666
v 4.769291 -16.784115 30.618626
v 4.947107 -16.748220 30.574585
v 5.124924 -16.712328 30.530544
v 5.302740 -16.676435 30.486502
v 5.480556 -16.640541 30.442463
v 5.658373 -16.604647 30.398422
v 4.569160 -17.204109 31.058311
v 4.750687 -17.166908 31.014742
v 4.932214 -17.129707 30.971172
v 5.113740 -17.092505 30.927601
v 5.295267 -17.055304 30.884031
v 5.476794 -17.018103 30.840462
v 5.658321 -16.980900 30.796892
v 5.839848 -16.943697 30.753323
v 4.724663 -17.552317 31.409914
v 4.909900 -17.513805 31.366816
v 5.095137 -17.475296 31.323717
v 5.280373 -17.436787 31.280619
v 5.465611 -17.398275 31.237520
v 5.650847 -17.359766 31.194422
v 5.836085 -17.321257 31.151323
v 6.021321 -17.282745 31.108223
v 2.197129 -15.257703 29.366301
v 2.357098 -15.243516 29.319901
v 2.517067 -15.229330 29.273500
v 2.677036 -15.215143 29.227102
v 2.837004 -15.200957 29.180700
v 2.996973 -15.186770 29.134298
v 3.156942 -15.172585 29.087898
v 3.316910 -15.158396 29.041498
v 2.318733 -15.614825 29.713690
v 2.482476 -15.599689 29.667757
v 2.646218 -15.584552 29.621826
v 2.809960 -15.569413 29.575891
v 2.973702 -15.554276 29.529959
v 3.137445 -15.539141 29.484028
v 3.301187 -15.524002 29.438093
v 3.464929 -15.508864 29.392159
v 2.440337 -15.971946 30.061075
v 2.607853 -15.955858 30.015612
v 2.775369 -15.939771 29.970146
v 2.942885 -15.923681 29.924681
v 3.110401 -15.907593 29.879215
v 3.277916 -15.891507 29.833752
v 3.445432 -15.875417 29.788288
v 3.612948 -15.859330 29.742823
v 2.561941 -16.329075 30.408464
v 2.733231 -16.312035 30.363468
v 2.904520 -16.294996 30.318472
v 3.075809 -16.277958 30.273474
v 3.247099 -16.260920 30.228477
v 3.418388 -16.243881 30.183479
v 3.589677 -16.226841 30.138483
v 3.760967 -16.209803 30.093487
v 2.683545 -16.686197 30.755852
v 2.858608 -16.668207 30.711323
v 3.033671 -16.650217 30.666794
v 3.208734 -16.632229 30.622265
v 3.383797 -16.614239 30.577736
v 3.558860 -16.596247 30.533207
v 3.733923 -16.578259 30.488678
v 3.908986 -16.560270 30.444149
v 2.805150 -17.043318 31.103239
v 2.983986 -17.024378 31.059179
v 3.162822 -17.005436 31.015118
v 3.341659 -16.986496 30.971056
v 3.520495 -16.967556 30.926994
v 3.699332 -16.948614 30.882933
v 3.878168 -16.929676 30.838873
v 4.057004 -16.910736 30.794811
v 2.926754 -17.400442 31.450626
v 3.109364 -17.380550 31.407034
v 3.291974 -17.360661 31.363440
v 3.474584 -17.340769 31.319847
v 3.657194 -17.320877 31.276253
v 3.839804 -17.300987 31.232660
v 4.022414 -17.281094 31.189066
v 4.205023 -17.261202 31.145473
v 3.048358 -17.757563 31.798016
v 3.234741 -17.736719 31.754889
v 3.421125 -17.715878 31.711763
v 3.607509 -17.695034 31.668640
v 3.793892 -17.674192 31.625513
v 3.980276 -17.653349 31.582388
v 4.166659 -17.632509 31.539263
v 4.353042 -17.611668 31.496138
v 0.763198 -15.265060 29.783926
v 0.922444 -15.265914 29.737524
v 1.081689 -15.266768 29.691118
v 1.240934 -15.267621 29.644714
v 1.400180 -15.268471 29.598312
v 1.559425 -15.269328 29.551910
v 1.718670 -15.270183 29.505507
v 1.877915 -15.271035 29.459101
v 0.850603 -15.627877 30.127131
v 1.013652 -15.628134 30.081192
v 1.176700 -15.628398 30.035254
v 1.339749 -15.628658 29.989315
v 1.502797 -15.628920 29.943377
v 1.665846 -15.629179 29.897436
v 1.828894 -15.629440 29.851498
v 1.991942 -15.629703 29.805557
v 0.938008 -15.990695 30.470337
v 1.104860 -15.990363 30.424862
v 1.271711 -15.990029 30.379387
v 1.438563 -15.989697 30.333914
v 1.605415 -15.989362 30.288439
v 1.772267 -15.989034 30.242966
v 1.939118 -15.988700 30.197491
v 2.105970 -15.988367 30.152016
v 1.025413 -16.353518 30.813540
v 1.196068 -16.352592 30.768530
v 1.366722 -16.351667 30.723520
v 1.537377 -16.350742 30.678509
v 1.708032 -16.349815 30.633499
v 1.878687 -16.348890 30.588491
v 2.049342 -16.347965 30.543480
v 2.219997 -16.347038 30.498470
v 1.112817 -16.716335 31.156746
v 1.287275 -16.714817 31.112200
v 1.461733 -16.713299 31.067656
v 1.636192 -16.711781 31.023109
v 1.810650 -16.710262 30.978565
v 1.985108 -16.708742 30.934019
v 2.159566 -16.707224 30.889473
v 2.334024 -16.705706 30.844927
v 1.200222 -17.079155 31.499950
v 1.378483 -17.077042 31.455868
v 1.556745 -17.074930 31.411787
v 1.735006 -17.072819 31.367706
v 1.913267 -17.070707 31.323624
v 2.091529 -17.068594 31.279543
v 2.269790 -17.066483 31.235462
v 2.448051 -17.064371 31.191381
v 1.287627 -17.441969 31.843157
v 1.469691 -17.439264 31.799538
v 1.651756 -17.436560 31.755922
v 1.833821 -17.433855 31.712307
v 2.015885 -17.431150 31.668688
v 2.197950 -17.428444 31.625071
v 2.380014 -17.425741 31.581455
v 2.562079 -17.423038 31.537838
v 1.375031 -17.804789 32.186363
v 1.560899 -17.801491 32.143211
v 1.746767 -17.798193 32.100056
v 1.932635 -17.794895 32.056904
v 2.118503 -17.791597 32.013752
v 2.304371 -17.788300 31.970600
v 2.490239 -17.785002 31.927446
v 2.676106 -17.781704 31.884295
v -0.653024 -15.139124 30.201586
v -0.495902 -15.154760 30.155178
v -0.338779 -15.170396 30.108770
v -0.181657 -15.186031 30.062365
v -0.024535 -15.201666 30.015957
v 0.132587 -15.217300 29.969549
v 0.289709 -15.232936 29.923143
v 0.446831 -15.248572 29.876738
v -0.599820 -15.504439 30.540636
v -0.438898 -15.519836 30.494692
v -0.277977 -15.535233 30.448746
v -0.117055 -15.550631 30.402800
v 0.043867 -15.566028 30.356853
v 0.204789 -15.581424 30.310909
v 0.365711 -15.596822 30.264963
v 0.526633 -15.612221 30.219017
v -0.546617 -15.869757 30.879688
v -0.381895 -15.884915 30.834204
v -0.217174 -15.900074 30.788719
v -0.052452 -15.915235 30.743235
v 0.112270 -15.930393 30.697750
v 0.276991 -15.945553 30.652266
v 0.441713 -15.960711 30.606781
v 0.606435 -15.975868 30.561295
v -0.493414 -16.235075 31.218739
v -0.324892 -16.249994 31.173716
v -0.156371 -16.264915 31.128693
v 0.012151 -16.279837 31.083670
v 0.180672 -16.294758 31.038645
v 0.349193 -16.309679 30.993620
v 0.517715 -16.324600 30.948597
v 0.686236 -16.339521 30.903574
v -0.440210 -16.600389 31.557791
v -0.267889 -16.615072 31.513227
v -0.095568 -16.629755 31.468666
v 0.076753 -16.644438 31.424103
v 0.249074 -16.659121 31.379539
v 0.421396 -16.673803 31.334978
v 0.593717 -16.688488 31.290415
v 0.766038 -16.703171 31.245852
v -0.387007 -16.965702 31.896843
v -0.210886 -16.980148 31.852741
v -0.034765 -16.994593 31.808640
v 0.141356 -17.009039 31.764538
v 0.317477 -17.023483 31.720436
v 0.493598 -17.037930 31.676336
v 0.669719 -17.052374 31.632235
v 0.845840 -17.066820 31.588133
v -0.333804 -17.331018 32.235897
v -0.153883 -17.345224 32.192257
v 0.026038 -17.359432 32.148617
v 0.205959 -17.373640 32.104977
v 0.385879 -17.387846 32.061337
v 0.565800 -17.402054 32.017696
v 0.745721 -17.416260 31.974054
v 0.925641 -17.430468 31.930412
v -0.280600 -17.696335 32.574947
v -0.096880 -17.710304 32.531773
v 0.086841 -17.724272 32.488590
v 0.270561 -17.738241 32.445412
v 0.454282 -17.752211 32.402233
v 0.638002 -17.766178 32.359055
v 0.821723 -17.780148 32.315876
v 1.005443 -17.794117 32.272694
v -2.039281 -14.883247 30.619274
v -1.885639 -14.913275 30.572863
v -1.731997 -14.943307 30.526453
v -1.578355 -14.973338 30.480043
v -1.424713 -15.003367 30.433632
v -1.271071 -15.033396 30.387222
v -1.117429 -15.063428 30.340813
v -0.963788 -15.093459 30.294403
v -2.019989 -15.247912 30.954203
v -1.862583 -15.278053 30.908251
v -1.705177 -15.308195 30.862297
v -1.547771 -15.338336 30.816345
v -1.390365 -15.368478 30.770393
v -1.232960 -15.398621 30.724442
v -1.075554 -15.428761 30.678488
v -0.918148 -15.458902 30.632534
v -2.000696 -15.612571 31.289131
v -1.839527 -15.642828 31.243637
v -1.678357 -15.673080 31.198143
v -1.517187 -15.703332 31.152649
v -1.356018 -15.733585 31.107153
v -1.194848 -15.763839 31.061657
v -1.033678 -15.794091 31.016163
v -0.872508 -15.824342 30.970669
v -1.981404 -15.977240 31.624060
v -1.816471 -16.007607 31.579023
v -1.651537 -16.037970 31.533987
v -1.486603 -16.068335 31.488951
v -1.321670 -16.098698 31.443913
v -1.156736 -16.129063 31.398876
v -0.991802 -16.159426 31.353838
v -0.826869 -16.189791 31.308800
v -1.962112 -16.341906 31.958988
v -1.793414 -16.372379 31.914410
v -1.624717 -16.402853 31.869831
v -1.456019 -16.433329 31.825251
v -1.287322 -16.463804 31.780672
v -1.118624 -16.494280 31.736094
v -0.949927 -16.524755 31.691513
v -0.781229 -16.555229 31.646935
v -1.942820 -16.706570 32.293919
v -1.770358 -16.737156 32.249798
v -1.597897 -16.767742 32.205677
v -1.425435 -16.798328 32.161556
v -1.252974 -16.828915 32.117435
v -1.080513 -16.859499 32.073311
v -0.908051 -16.890085 32.029190
v -0.735590 -16.920673 31.985065
v -1.923527 -17.071232 32.628849
v -1.747302 -17.101929 32.585186
v -1.571077 -17.132627 32.541519
v -1.394851 -17.163324 32.497856
v -1.218626 -17.194021 32.454189
v -1.042401 -17.224720 32.410526
v -0.866175 -17.255417 32.366863
v -0.689950 -17.286114 32.323200
v -1.904235 -17.435896 32.963776
v -1.724246 -17.466705 32.920570
v -1.544257 -17.497515 32.877361
v -1.364267 -17.528324 32.834156
v -1.184278 -17.559132 32.790951
v -1.004289 -17.589941 32.747746
v -0.824299 -17.620749 32.704540
v -0.644310 -17.651556 32.661335
v -3.383781 -14.501899 31.036993
v -3.234924 -14.545816 30.990580
v -3.086067 -14.589731 30.944166
v -2.937209 -14.633645 30.897753
v -2.788352 -14.677559 30.851339
v -2.639495 -14.721475 30.804926
v -2.490637 -14.765388 30.758512
v -2.341780 -14.809302 30.712099
v -3.397827 -14.862843 31.367828
v -3.245273 -14.907207 31.321869
v -3.092719 -14.951574 31.275909
v -2.940164 -14.995941 31.229950
v -2.787610 -15.040306 31.183990
v -2.635056 -15.084672 31.138031
v -2.482502 -15.129039 31.092073
v -2.329948 -15.173407 31.046114
v -3.411872 -15.223778 31.698666
v -3.255622 -15.268599 31.653160
v -3.099371 -15.313416 31.607656
v -2.943120 -15.358233 31.562151
v -2.786869 -15.403051 31.516645
v -2.630618 -15.447870 31.471142
v -2.474368 -15.492688 31.425636
v -2.318117 -15.537506 31.380131
v -3.425918 -15.584716 32.029503
v -3.265970 -15.629986 31.984449
v -3.106023 -15.675255 31.939400
v -2.946075 -15.720525 31.894348
v -2.786128 -15.765796 31.849298
v -2.626180 -15.811064 31.804247
v -2.466233 -15.856336 31.759197
v -2.306285 -15.901606 31.714146
v -3.439963 -15.945656 32.360340
v -3.276319 -15.991378 32.315742
v -3.112675 -16.037102 32.271145
v -2.949030 -16.082823 32.226551
v -2.785386 -16.128546 32.181957
v -2.621742 -16.174265 32.137356
v -2.458098 -16.219988 32.092762
v -2.294454 -16.265709 32.048168
v -3.454009 -16.306595 32.691174
v -3.286668 -16.352768 32.647034
v -3.119327 -16.398941 32.602894
v -2.951986 -16.445114 32.558750
v -2.784645 -16.491287 32.514606
v -2.617304 -16.537462 32.470467
v -2.449963 -16.583635 32.426327
v -2.282622 -16.629810 32.382183
v -3.468054 -16.667534 33.022011
v -3.297017 -16.714159 32.978321
v -3.125979 -16.760784 32.934635
v -2.954942 -16.807411 32.890949
v -2.783904 -16.854034 32.847263
v -2.612866 -16.900660 32.803574
v -2.441828 -16.947285 32.759884
v -2.270791 -16.993912 32.716198
v -3.482100 -17.028469 33.352844
v -3.307365 -17.075546 33.309612
v -3.132631 -17.122623 33.266376
v -2.957896 -17.169701 33.223148
v -2.783162 -17.216778 33.179913
v -2.608428 -17.263855 33.136681
v -2.433693 -17.310932 33.093449
v -2.258959 -17.358009 33.050213
v -4.675322 -14.000613 31.454742
v -4.532486 -14.057785 31.408325
v -4.389651 -14.114957 31.361908
v -4.246816 -14.172127 31.315493
v -4.103980 -14.229300 31.269075
v -3.961145 -14.286472 31.222658
v -3.818309 -14.343644 31.176241
v -3.675474 -14.400816 31.129824
v -4.721861 -14.354851 31.781517
v -4.575426 -14.412806 31.735552
v -4.428991 -14.470758 31.689585
v -4.282556 -14.528710 31.643620
v -4.136121 -14.586663 31.597654
v -3.989686 -14.644617 31.551687
v -3.843251 -14.702569 31.505720
v -3.696816 -14.760522 31.459755
v -4.768400 -14.709087 32.108292
v -4.618365 -14.767821 32.062778
v -4.468330 -14.826555 32.017262
v -4.318296 -14.885290 31.971746
v -4.168261 -14.944024 31.926229
v -4.018227 -15.002758 31.880714
v -3.868192 -15.061492 31.835199
v -3.718158 -15.120228 31.789686
v -4.814939 -15.063325 32.435062
v -4.661304 -15.122840 32.389999
v -4.507670 -15.182355 32.344936
v -4.354036 -15.241869 32.299873
v -4.200402 -15.301385 32.254810
v -4.046767 -15.360902 32.209743
v -3.893133 -15.420416 32.164680
v -3.739499 -15.479931 32.119617
v -4.861477 -15.417565 32.761837
v -4.704244 -15.477859 32.717224
v -4.547010 -15.538156 32.672611
v -4.389776 -15.598453 32.627998
v -4.232543 -15.658746 32.583385
v -4.075309 -15.719047 32.538773
v -3.918075 -15.779343 32.494160
v -3.760841 -15.839637 32.449551
v -4.908016 -15.771802 33.088612
v -4.747183 -15.832879 33.044449
v -4.586349 -15.893956 33.000286
v -4.425516 -15.955033 32.956127
v -4.264683 -16.016109 32.911964
v -4.103850 -16.077187 32.867802
v -3.943016 -16.138266 32.823643
v -3.782183 -16.199345 32.779476
v -4.954555 -16.126038 33.415386
v -4.790122 -16.187897 33.371674
v -4.625689 -16.249756 33.327961
v -4.461256 -16.311613 33.284252
v -4.296824 -16.373472 33.240543
v -4.132390 -16.435331 33.196831
v -3.967958 -16.497190 33.153118
v -3.803525 -16.559048 33.109409
v -5.001093 -16.480278 33.742157
v -4.833061 -16.542917 33.698895
v -4.665028 -16.605556 33.655636
v -4.496996 -16.668198 33.612377
v -4.328963 -16.730835 33.569118
v -4.160931 -16.793474 33.525860
v -3.992899 -16.856113 33.482597
v -3.824867 -16.918755 33.439335
v -5.903347 -13.385894 31.872522
v -5.767698 -13.455587 31.826101
v -5.632050 -13.525281 31.779682
v -5.496401 -13.594975 31.733261
v -5.360753 -13.664668 31.686840
v -5.225104 -13.734363 31.640421
v -5.089455 -13.804055 31.594000
v -4.953806 -13.873749 31.547581
v -5.981276 -13.730577 32.195263
v -5.842153 -13.801367 32.149292
v -5.703031 -13.872157 32.103321
v -5.563909 -13.942946 32.057346
v -5.424786 -14.013736 32.011375
v -5.285664 -14.084527 31.965401
v -5.146541 -14.155317 31.919428
v -5.007418 -14.226108 31.873455
v -6.059205 -14.075261 32.518005
v -5.916608 -14.147148 32.472481
v -5.774012 -14.219034 32.426956
v -5.631415 -14.290920 32.381432
v -5.488819 -14.362807 32.335907
v -5.346222 -14.434694 32.290382
v -5.203627 -14.506580 32.244858
v -5.061030 -14.578466 32.199333
v -6.137133 -14.419950 32.840744
v -5.991063 -14.492933 32.795666
v -5.844993 -14.565917 32.750591
v -5.698923 -14.638897 32.705513
v -5.552853 -14.711879 32.660435
v -5.406783 -14.784862 32.615360
v -5.260713 -14.857844 32.570282
v -5.114643 -14.930828 32.525204
v -6.215063 -14.764634 33.163486
v -6.065519 -14.838715 33.118855
v -5.915975 -14.912793 33.074226
v -5.766431 -14.986873 33.029598
v -5.616887 -15.060952 32.984966
v -5.467343 -15.135032 32.940338
v -5.317799 -15.209111 32.895710
v -5.168255 -15.283190 32.851078
v -6.292991 -15.109318 33.486225
v -6.139974 -15.184493 33.442043
v -5.986956 -15.259669 33.397861
v -5.833938 -15.334845 33.353680
v -5.680921 -15.410020 33.309498
v -5.527903 -15.485196 33.265316
v -5.374885 -15.560371 33.221134
v -5.221867 -15.635547 33.176952
v -6.370920 -15.454002 33.808964
v -6.214428 -15.530274 33.765232
v -6.057937 -15.606546 33.721497
v -5.901445 -15.682819 33.677761
v -5.744953 -15.759091 33.634029
v -5.588461 -15.835363 33.590298
v -5.431970 -15.911636 33.546562
v -5.275479 -15.987909 33.502827
v -6.448849 -15.798689 34.131706
v -6.288883 -15.876057 34.088421
v -6.128918 -15.953426 34.045132
v -5.968953 -16.030792 34.001850
v -5.808987 -16.108162 33.958561
v -5.649022 -16.185532 33.915272
v -5.489057 -16.262899 33.871990
v -5.329092 -16.340267 33.828701
v -7.058050 -12.665169 32.290333
v -6.930668 -12.746551 32.243908
v -6.803286 -12.827929 32.197487
v -6.675904 -12.909307 32.151062
v -6.548523 -12.990685 32.104641
v -6.421141 -13.072063 32.058216
v -6.293759 -13.153442 32.011791
v -6.166378 -13.234822 31.965364
v -7.166022 -12.997598 32.609070
v -7.035319 -13.080370 32.563091
v -6.904616 -13.163144 32.517109
v -6.773913 -13.245917 32.471134
v -6.643210 -13.328691 32.425152
v -6.512507 -13.411466 32.379173
v -6.381804 -13.494240 32.333195
v -6.251101 -13.577014 32.287216
v -7.273993 -13.330024 32.927807
v -7.139969 -13.414193 32.882275
v -7.005945 -13.498362 32.836739
v -6.871921 -13.582531 32.791203
v -6.737896 -13.666699 32.745670
v -6.603873 -13.750866 32.700138
v -6.469849 -13.835036 32.654598
v -6.335824 -13.919204 32.609066
v -7.381965 -13.662448 33.246548
v -7.244619 -13.748012 33.201454
v -7.107275 -13.833577 33.156364
v -6.969930 -13.919141 33.111271
v -6.832584 -14.004707 33.066181
v -6.695239 -14.090273 33.021091
v -6.557894 -14.175838 32.976002
v -6.420549 -14.261401 32.930912
v -7.489937 -13.994873 33.565285
v -7.349271 -14.081832 33.520638
v -7.208605 -14.168792 33.475994
v -7.067938 -14.255752 33.431347
v -6.927272 -14.342712 33.386700
v -6.786606 -14.429674 33.342052
v -6.645939 -14.516634 33.297405
v -6.505272 -14.603593 33.252758
v -7.597909 -14.327297 33.884022
v -7.453922 -14.415652 33.839817
v -7.309935 -14.504007 33.795616
v -7.165947 -14.592362 33.751415
v -7.021960 -14.680718 33.707214
v -6.877972 -14.769075 33.663013
v -6.733984 -14.857431 33.618809
v -6.589997 -14.945786 33.574612
v -7.705881 -14.659721 34.202759
v -7.558573 -14.749472 34.159000
v -7.411264 -14.839224 34.115246
v -7.263955 -14.928975 34.071487
v -7.116647 -15.018726 34.027729
v -6.969338 -15.108476 33.983974
v -6.822030 -15.198228 33.940216
v -6.674720 -15.287980 33.896458
v -7.813853 -14.992146 34.521496
v -7.663223 -15.083294 34.478184
v -7.512593 -15.174440 34.434868
v -7.361963 -15.265586 34.391556
v -7.211333 -15.356733 34.348244
v -7.060703 -15.447882 34.304932
v -6.910074 -15.539026 34.261616
v -6.759444 -15.630172 34.218304
v -8.130455 -11.846708 32.708168
v -8.012326 -11.938843 32.661743
v -7.894199 -12.030979 32.615314
v -7.776071 -12.123116 32.568886
v -7.657943 -12.215251 32.522461
v -7.539815 -12.307385 32.476032
v -7.421687 -12.399522 32.429604
v -7.303560 -12.491658 32.383179
v -8.266897 -12.164333 33.022934
v -8.145626 -12.258145 32.976948
v -8.024354 -12.351956 32.930962
v -7.903083 -12.445767 32.884975
v -7.781811 -12.539579 32.838989
v -7.660540 -12.633391 32.793007
v -7.539268 -12.727202 32.747021
v -7.417996 -12.821007 32.701035
v -8.403339 -12.481956 33.337700
v -8.278924 -12.577443 33.292152
v -8.154510 -12.672932 33.246613
v -8.030094 -12.768419 33.201069
v -7.905679 -12.863906 33.155521
v -7.781263 -12.959394 33.109978
v -7.656848 -13.054880 33.064434
v -7.532433 -13.150369 33.018887
v -8.539783 -12.799577 33.652466
v -8.412224 -12.896741 33.607365
v -8.284665 -12.993905 33.562260
v -8.157105 -13.091068 33.517155
v -8.029547 -13.188232 33.472050
v -7.901988 -13.285395 33.426949
v -7.774429 -13.382558 33.381844
v -7.646869 -13.479720 33.336742
v -8.676225 -13.117200 33.967232
v -8.545522 -13.216039 33.922569
v -8.414820 -13.314879 33.877907
v -8.284118 -13.413717 33.833241
v -8.153415 -13.512557 33.788582
v -8.022712 -13.611396 33.743919
v -7.892009 -13.710236 33.699253
v -7.761307 -13.809074 33.654591
v -8.812667 -13.434822 34.281994
v -8.678821 -13.535336 34.237774
v -8.544974 -13.635852 34.193554
v -8.411128 -13.736367 34.149330
v -8.277282 -13.836881 34.105110
v -8.143435 -13.937397 34.060886
v -8.009589 -14.037911 34.016666
v -7.875743 -14.138427 33.972446
v -8.949110 -13.752442 34.596760
v -8.812119 -13.854633 34.552979
v -8.675130 -13.956824 34.509197
v -8.538140 -14.059014 34.465420
v -8.401150 -14.161205 34.421638
v -8.264159 -14.263397 34.377857
v -8.127170 -14.365588 34.334080
v -7.990180 -14.467779 34.290295
v -9.085552 -14.070063 34.911526
v -8.945418 -14.173930 34.868183
v -8.805285 -14.277799 34.824844
v -8.665151 -14.381665 34.781506
v -8.525018 -14.485532 34.738163
v -8.384884 -14.589399 34.694828
v -8.244750 -14.693267 34.651485
v -8.104616 -14.797132 34.608150
v -9.112478 -10.939507 33.126038
v -9.004491 -11.041391 33.079605
v -8.896504 -11.143276 33.033176
v -8.788518 -11.245158 32.986748
v -8.680531 -11.347042 32.940315
v -8.572543 -11.448927 32.893883
v -8.464557 -11.550809 32.847458
v -8.356570 -11.652692 32.801025
v -9.275612 -11.239966 33.436859
v -9.164681 -11.343786 33.390869
v -9.053751 -11.447607 33.344875
v -8.942822 -11.551425 33.298882
v -8.831891 -11.655245 33.252892
v -8.720960 -11.759065 33.206898
v -8.610030 -11.862885 33.160904
v -8.499100 -11.966703 33.114910
v -9.438745 -11.540425 33.747681
v -9.324871 -11.646181 33.702126
v -9.210998 -11.751938 33.656570
v -9.097124 -11.857692 33.611015
v -8.983251 -11.963448 33.565460
v -8.869377 -12.069203 33.519905
v -8.755503 -12.174958 33.474350
v -8.641629 -12.280713 33.428795
v -9.601877 -11.840884 34.058502
v -9.485061 -11.948575 34.013382
v -9.368243 -12.056267 33.968269
v -9.251427 -12.163960 33.923149
v -9.134609 -12.271649 33.878033
v -9.017792 -12.379340 33.832916
v -8.900975 -12.487032 33.787800
v -8.784158 -12.594724 33.742683
v -9.765011 -12.141343 34.369324
v -9.645250 -12.250970 34.324646
v -9.525490 -12.360598 34.279964
v -9.405728 -12.470225 34.235283
v -9.285969 -12.579852 34.190605
v -9.166209 -12.689479 34.145931
v -9.046449 -12.799107 34.101254
v -8.926688 -12.908734 34.056572
v -9.928144 -12.441803 34.680145
v -9.805439 -12.553366 34.635902
v -9.682736 -12.664927 34.591667
v -9.560033 -12.776492 34.547428
v -9.437328 -12.888055 34.503185
v -9.314625 -12.999616 34.458942
v -9.191921 -13.111180 34.414700
v -9.069218 -13.222744 34.370457
v -10.091276 -12.742262 34.990971
v -9.965630 -12.855760 34.947166
v -9.839983 -12.969258 34.903362
v -9.714335 -13.082756 34.859562
v -9.588689 -13.196255 34.815754
v -9.463041 -13.309755 34.771954
v -9.337394 -13.423255 34.728146
v -9.211747 -13.536755 34.684345
v -10.254409 -13.042722 35.301792
v -10.125818 -13.158154 35.258427
v -9.997228 -13.273589 35.215061
v -9.868637 -13.389023 35.171696
v -9.740047 -13.504457 35.128326
v -9.611457 -13.619892 35.084961
v -9.482866 -13.735326 35.041595
v -9.354276 -13.850762 34.998226
v -9.997003 -9.953208 33.543938
v -9.899936 -10.063760 33.497505
v -9.802868 -10.174311 33.451073
v -9.705800 -10.284864 33.404640
v -9.608734 -10.395415 33.358204
v -9.511667 -10.505967 33.311771
v -9.414599 -10.616519 33.265335
v -9.317532 -10.727071 33.218903
v -10.184858 -10.234343 33.850845
v -10.085068 -10.347069 33.804848
v -9.985278 -10.459794 33.758850
v -9.885489 -10.572519 33.712849
v -9.785699 -10.685246 33.666847
v -9.685909 -10.797970 33.620850
v -9.586121 -10.910695 33.574848
v -9.486331 -11.023421 33.528851
v -10.372714 -10.515479 34.157753
v -10.270203 -10.630378 34.112190
v -10.167690 -10.745275 34.066624
v -10.065178 -10.860175 34.021057
v -9.962667 -10.975074 33.975494
v -9.860154 -11.089972 33.929928
v -9.757643 -11.204871 33.884361
v -9.655130 -11.319770 33.838799
v -10.560571 -10.796614 34.464661
v -10.455337 -10.913686 34.419529
v -10.350101 -11.030758 34.374397
v -10.244866 -11.147830 34.329269
v -10.139632 -11.264902 34.284142
v -10.034398 -11.381975 34.239010
v -9.929164 -11.499047 34.193878
v -9.823929 -11.616120 34.148750
v -10.748426 -11.077748 34.771568
v -10.640469 -11.196995 34.726871
v -10.532512 -11.316241 34.682175
v -10.424555 -11.435487 34.637482
v -10.316598 -11.554731 34.592785
v -10.208641 -11.673977 34.548088
v -10.100684 -11.793223 34.503395
v -9.992728 -11.912469 34.458698
v -10.936282 -11.358885 35.078476
v -10.825603 -11.480303 35.034218
v -10.714923 -11.601723 34.989952
v -10.604243 -11.723143 34.945694
v -10.493564 -11.844561 34.901432
v -10.382885 -11.965981 34.857170
v -10.272205 -12.087400 34.812912
v -10.161526 -12.208819 34.768646
v -11.124139 -11.640019 35.385384
v -11.010737 -11.763613 35.341560
v -10.897336 -11.887205 35.297729
v -10.783934 -12.010798 35.253906
v -10.670532 -12.134391 35.210079
v -10.557130 -12.257983 35.166252
v -10.443727 -12.381577 35.122425
v -10.330325 -12.505170 35.078598
v -11.311995 -11.921154 35.692291
v -11.195870 -12.046920 35.648899
v -11.079745 -12.172686 35.605507
v -10.963621 -12.298453 35.562115
v -10.847497 -12.424219 35.518723
v -10.731372 -12.549986 35.475330
v -10.615248 -12.675753 35.431942
v -10.499124 -12.801518 35.388550
v -10.777900 -8.898010 33.961864
v -10.692421 -9.016091 33.915428
v -10.606942 -9.134171 33.868988
v -10.521463 -9.252253 33.822556
v -10.435985 -9.370332 33.776115
v -10.350506 -9.488414 33.729683
v -10.265027 -9.606495 33.683243
v -10.179548 -9.724576 33.636806
v -10.988346 -9.157874 34.264889
v -10.900383 -9.278342 34.218884
v -10.812421 -9.398810 34.172878
v -10.724460 -9.519278 34.126869
v -10.636497 -9.639745 34.080868
v -10.548533 -9.760214 34.034863
v -10.460571 -9.880682 33.988853
v -10.372609 -10.001150 33.942848
v -11.198791 -9.417738 34.567913
v -11.108344 -9.540593 34.522339
v -11.017899 -9.663448 34.476761
v -10.927453 -9.786305 34.431190
v -10.837008 -9.909159 34.385612
v -10.746562 -10.032014 34.340042
v -10.656116 -10.154869 34.294464
v -10.565671 -10.277725 34.248894
v -11.409236 -9.677602 34.870937
v -11.316307 -9.802844 34.825790
v -11.223379 -9.928086 34.780647
v -11.130449 -10.053330 34.735504
v -11.037521 -10.178574 34.690361
v -10.944592 -10.303815 34.645218
v -10.851663 -10.429056 34.600075
v -10.758733 -10.554299 34.554932
v -11.619680 -9.937465 35.173958
v -11.524268 -10.065094 35.129250
v -11.428856 -10.192724 35.084534
v -11.333443 -10.320354 35.039822
v -11.238030 -10.447984 34.995113
v -11.142618 -10.575613 34.950401
v -11.047207 -10.703242 34.905689
v -10.951796 -10.830871 34.860977
v -11.830125 -10.197330 35.476986
v -11.732229 -10.327347 35.432705
v -11.634335 -10.457364 35.388420
v -11.536439 -10.587380 35.344139
v -11.438544 -10.717399 35.299862
v -11.340649 -10.847414 35.255581
v -11.242753 -10.977430 35.211300
v -11.144858 -11.107448 35.167019
v -12.040569 -10.457193 35.780006
v -11.940191 -10.589597 35.736160
v -11.839812 -10.722001 35.692307
v -11.739432 -10.854404 35.648460
v -11.639054 -10.986808 35.604610
v -11.538677 -11.119212 35.560760
v -11.438297 -11.251617 35.516911
v -11.337918 -11.384023 35.473061
v -12.251015 -10.717057 36.083031
v -12.148153 -10.851848 36.039612
v -12.045291 -10.986639 35.996193
v -11.942429 -11.121430 35.952774
v -11.839567 -11.256221 35.909355
v -11.736705 -11.391012 35.865940
v -11.633842 -11.525805 35.822521
v -11.530981 -11.660597 35.779102
v -11.450098 -7.784561 34.379822
v -11.376758 -7.908983 34.333382
v -11.303417 -8.033404 34.286942
v -11.230077 -8.157826 34.240501
v -11.156737 -8.282247 34.194061
v -11.083399 -8.406667 34.147621
v -11.010058 -8.531088 34.101181
v -10.936718 -8.655509 34.054741
v -11.680855 -8.021432 34.678993
v -11.605287 -8.148428 34.632980
v -11.529718 -8.275425 34.586967
v -11.454149 -8.402422 34.540955
v -11.378582 -8.529419 34.494942
v -11.303014 -8.656416 34.448929
v -11.227445 -8.783413 34.402920
v -11.151875 -8.910410 34.356911
v -11.911610 -8.258300 34.978165
v -11.833813 -8.387874 34.932579
v -11.756017 -8.517446 34.886993
v -11.678220 -8.647018 34.841408
v -11.600423 -8.776591 34.795822
v -11.522626 -8.906164 34.750240
v -11.444829 -9.035738 34.704659
v -11.367033 -9.165311 34.659073
v -12.142365 -8.495170 35.277332
v -12.062340 -8.627317 35.232174
v -11.982314 -8.759466 35.187019
v -11.902289 -8.891615 35.141861
v -11.822264 -9.023764 35.096706
v -11.742239 -9.155912 35.051548
v -11.662214 -9.288061 35.006393
v -11.582190 -9.420211 34.961235
v -12.373122 -8.732038 35.576500
v -12.290869 -8.866762 35.531773
v -12.208615 -9.001488 35.487041
v -12.126363 -9.136212 35.442314
v -12.044108 -9.270937 35.397583
v -11.961854 -9.405661 35.352859
v -11.879601 -9.540386 35.308128
v -11.797347 -9.675111 35.263401
v -12.603877 -8.968906 35.875671
v -12.519395 -9.106207 35.831371
v -12.434914 -9.243508 35.787071
v -12.350431 -9.380809 35.742767
v -12.265949 -9.518110 35.698471
v -12.181467 -9.655410 35.654167
v -12.096985 -9.792711 35.609867
v -12.012502 -9.930012 35.565567
v -12.834633 -9.205775 36.174839
v -12.747922 -9.345652 36.130966
v -12.661211 -9.485528 36.087093
v -12.574500 -9.625405 36.043221
v -12.487789 -9.765281 35.999352
v -12.401078 -9.905158 35.955475
v -12.314369 -10.045035 35.911606
v -12.227659 -10.184912 35.867729
v -13.065390 -9.442644 36.474010
v -12.976450 -9.585096 36.430565
v -12.887511 -9.727550 36.387119
v -12.798573 -9.870003 36.343674
v -12.709633 -10.012455 36.300228
v -12.620693 -10.154908 36.256783
v -12.531755 -10.297360 36.213341
v -12.442817 -10.439813 36.169895
v -12.009588 -6.623844 34.797810
v -11.948820 -6.753382 34.751366
v -11.888051 -6.882920 34.704926
v -11.827281 -7.012455 34.658478
v -11.766513 -7.141992 34.612038
v -11.705745 -7.271530 34.565590
v -11.644976 -7.401067 34.519150
v -11.584207 -7.530602 34.472706
v -12.258256 -6.836230 35.093155
v -12.195527 -6.968504 35.047134
v -12.132797 -7.100779 35.001118
v -12.070068 -7.233055 34.955101
v -12.007339 -7.365332 34.909081
v -11.944610 -7.497608 34.863060
v -11.881881 -7.629882 34.817043
v -11.819152 -7.762157 34.771023
v -12.506924 -7.048613 35.388500
v -12.442233 -7.183627 35.342903
v -12.377544 -7.318642 35.297310
v -12.312856 -7.453656 35.251717
v -12.248165 -7.588671 35.206123
v -12.183475 -7.723685 35.160530
v -12.118786 -7.858698 35.114933
v -12.054097 -7.993710 35.069340
v -12.755590 -7.260998 35.683842
v -12.688940 -7.398751 35.638672
v -12.622290 -7.536504 35.593506
v -12.555640 -7.674257 35.548332
v -12.488990 -7.812009 35.503166
v -12.422339 -7.949760 35.457996
v -12.355690 -8.087515 35.412827
v -12.289041 -8.225267 35.367657
v -13.004258 -7.473380 35.979187
v -12.935648 -7.613872 35.934441
v -12.867038 -7.754363 35.889698
v -12.798427 -7.894855 35.844952
v -12.729817 -8.035349 35.800209
v -12.661207 -8.175840 35.755463
v -12.592596 -8.316331 35.710716
v -12.523985 -8.456821 35.665974
v -13.252926 -7.685767 36.274536
v -13.182355 -7.828996 36.230213
v -13.111784 -7.972226 36.185894
v -13.041213 -8.115458 36.141575
v -12.970642 -8.258687 36.097252
v -12.900071 -8.401917 36.052933
v -12.829500 -8.545146 36.008614
v -12.758929 -8.688376 35.964294
v -13.501594 -7.898148 36.569878
v -13.429063 -8.044122 36.525986
v -13.356532 -8.190089 36.482086
v -13.284001 -8.336057 36.438194
v -13.211469 -8.482025 36.394295
v -13.138937 -8.627995 36.350399
v -13.066406 -8.773962 36.306503
v -12.993876 -8.919930 36.262611
v -13.750260 -8.110536 36.865223
v -13.675768 -8.259243 36.821754
v -13.601276 -8.407949 36.778282
v -13.526785 -8.556656 36.734810
v -13.452292 -8.705363 36.691341
v -13.377801 -8.854070 36.647869
v -13.303310 -9.002777 36.604397
v -13.228820 -9.151484 36.560928
v -12.453465 -5.427078 35.215828
v -12.405577 -5.560480 35.169380
v -12.357689 -5.693886 35.122932
v -12.309801 -5.827288 35.076485
v -12.261911 -5.960693 35.030037
v -12.214023 -6.094097 34.983593
v -12.166135 -6.227499 34.937149
v -12.118247 -6.360905 34.890701
v -12.717546 -5.613729 35.507374
v -12.667975 -5.750007 35.461349
v -12.618405 -5.886287 35.415325
v -12.568835 -6.022563 35.369301
v -12.519266 -6.158841 35.323273
v -12.469696 -6.295121 35.277248
v -12.420126 -6.431397 35.231224
v -12.370556 -6.567675 35.185200
v -12.981627 -5.800382 35.798923
v -12.930374 -5.939535 35.753319
v -12.879123 -6.078687 35.707718
v -12.827870 -6.217840 35.662113
v -12.776619 -6.356992 35.616508
v -12.725367 -6.496143 35.570904
v -12.674115 -6.635294 35.525299
v -12.622863 -6.774446 35.479698
v -13.245708 -5.987037 36.090473
v -13.192774 -6.129062 36.045288
v -13.139840 -6.271088 36.000107
v -13.086905 -6.413114 35.954926
v -13.033973 -6.555140 35.909744
v -12.981041 -6.697166 35.864559
v -12.928106 -6.839193 35.819378
v -12.875173 -6.981218 35.774193
v -13.509789 -6.173687 36.382023
v -13.455175 -6.318588 36.337261
v -13.400559 -6.463488 36.292500
v -13.345943 -6.608387 36.247738
v -13.291328 -6.753290 36.202976
v -13.236714 -6.898188 36.158215
v -13.182098 -7.043090 36.113457
v -13.127482 -7.187990 36.068695
v -13.773870 -6.360340 36.673573
v -13.717574 -6.508116 36.629230
v -13.661278 -6.655888 36.584892
v -13.604980 -6.803664 36.540554
v -13.548684 -6.951437 36.496212
v -13.492388 -7.099212 36.451874
v -13.436091 -7.246988 36.407532
v -13.379794 -7.394760 36.363194
v -14.037953 -6.546994 36.965122
v -13.979975 -6.697643 36.921204
v -13.921996 -6.848291 36.877285
v -13.864017 -6.998938 36.833366
v -13.806039 -7.149587 36.789448
v -13.748060 -7.300236 36.745529
v -13.690082 -7.450885 36.701611
v -13.632103 -7.601532 36.657692
v -14.302035 -6.733644 37.256672
v -14.242374 -6.887168 37.213173
v -14.182714 -7.040690 37.169678
v -14.123054 -7.194211 37.126183
v -14.063393 -7.347737 37.082684
v -14.003733 -7.501260 37.039185
v -13.944072 -7.654782 36.995689
v -13.884411 -7.808305 36.952194
v -12.779911 -4.205606 35.633873
v -12.745090 -4.341616 35.587425
v -12.710271 -4.477623 35.540974
v -12.675450 -4.613632 35.494522
v -12.640631 -4.749639 35.448074
v -12.605812 -4.885649 35.401623
v -12.570992 -5.021655 35.355171
v -12.536171 -5.157666 35.308723
v -13.056836 -4.365527 35.921654
v -13.020621 -4.504517 35.875622
v -12.984406 -4.643508 35.829590
v -12.948190 -4.782501 35.783562
v -12.911976 -4.921490 35.737526
v -12.875761 -5.060480 35.691498
v -12.839545 -5.199470 35.645466
v -12.803329 -5.338462 35.599434
v -13.333759 -4.525450 36.209438
v -13.296149 -4.667423 36.163826
v -13.258540 -4.809394 36.118210
v -13.220930 -4.951366 36.072598
v -13.183320 -5.093339 36.026985
v -13.145710 -5.235312 35.981369
v -13.108099 -5.377284 35.935757
v -13.070488 -5.519257 35.890141
v -13.610683 -4.685367 36.497223
v -13.571678 -4.830323 36.452026
v -13.532673 -4.975278 36.406830
v -13.493668 -5.120232 36.361633
v -13.454662 -5.265188 36.316441
v -13.415657 -5.410145 36.271244
v -13.376652 -5.555098 36.226048
v -13.337646 -5.700055 36.180851
v -13.887607 -4.845289 36.785004
v -13.847206 -4.993225 36.740227
v -13.806806 -5.141165 36.695450
v -13.766405 -5.289100 36.650673
v -13.726005 -5.437038 36.605892
v -13.685604 -5.584975 36.561115
v -13.645205 -5.732911 36.516338
v -13.604805 -5.880851 36.471561
v -14.164530 -5.005210 37.072788
v -14.122734 -5.156131 37.028427
v -14.080939 -5.307050 36.984070
v -14.039145 -5.457969 36.939709
v -13.997349 -5.608888 36.895351
v -13.955553 -5.759807 36.850990
v -13.913758 -5.910726 36.806633
v -13.871964 -6.061647 36.762272
v -14.441455 -5.165130 37.360573
v -14.398265 -5.319032 37.316628
v -14.355075 -5.472934 37.272686
v -14.311885 -5.626836 37.228745
v -14.268695 -5.780737 37.184807
v -14.225505 -5.934639 37.140862
v -14.182313 -6.088540 37.096924
v -14.139122 -6.242442 37.052982
v -14.718379 -5.325052 37.648354
v -14.673793 -5.481934 37.604828
v -14.629208 -5.638819 37.561306
v -14.584622 -5.795703 37.517784
v -14.540036 -5.952586 37.474258
v -14.495451 -6.109472 37.430737
v -14.450866 -6.266354 37.387215
v -14.406281 -6.423239 37.343689
v -12.988221 -2.970798 36.051949
v -12.966535 -3.108149 36.005493
v -12.944849 -3.245498 35.959038
v -12.923162 -3.382849 35.912586
v -12.901476 -3.520200 35.866135
v -12.879790 -3.657550 35.819683
v -12.858104 -3.794899 35.773228
v -12.836418 -3.932250 35.726776
v -13.275365 -3.103235 36.335995
v -13.252576 -3.243649 36.289955
v -13.229786 -3.384062 36.243916
v -13.206996 -3.524475 36.197876
v -13.184208 -3.664887 36.151840
v -13.161419 -3.805300 36.105804
v -13.138629 -3.945714 36.059765
v -13.115839 -4.086125 36.013725
v -13.562509 -3.235673 36.620041
v -13.538616 -3.379148 36.574417
v -13.514724 -3.522624 36.528793
v -13.490831 -3.666101 36.483170
v -13.466939 -3.809576 36.437546
v -13.443047 -3.953051 36.391922
v -13.419154 -4.096524 36.346298
v -13.395262 -4.240001 36.300674
v -13.849652 -3.368110 36.904087
v -13.824656 -3.514648 36.858879
v -13.799662 -3.661186 36.813667
v -13.774667 -3.807725 36.768459
v -13.749670 -3.954263 36.723251
v -13.724674 -4.100798 36.678043
v -13.699679 -4.247338 36.632835
v -13.674685 -4.393874 36.587624
v -14.136796 -3.500548 37.188133
v -14.110698 -3.650149 37.143337
v -14.084599 -3.799750 37.098545
v -14.058500 -3.949351 37.053749
v -14.032402 -4.098948 37.008957
v -14.006303 -4.248549 36.964165
v -13.980205 -4.398149 36.919369
v -13.954106 -4.547750 36.874577
v -14.423940 -3.632986 37.472179
v -14.396739 -3.785649 37.427799
v -14.369536 -3.938312 37.383419
v -14.342334 -4.090975 37.339043
v -14.315133 -4.243636 37.294662
v -14.287932 -4.396301 37.250282
v -14.260730 -4.548962 37.205906
v -14.233527 -4.701627 37.161526
v -14.711083 -3.765423 37.756226
v -14.682779 -3.921149 37.712261
v -14.654474 -4.076874 37.668297
v -14.626169 -4.232600 37.624332
v -14.597864 -4.388325 37.580368
v -14.569560 -4.544051 37.536404
v -14.541255 -4.699776 37.492439
v -14.512950 -4.855502 37.448475
v -14.998227 -3.897861 38.040272
v -14.968819 -4.056648 37.996719
v -14.939411 -4.215436 37.953171
v -14.910005 -4.374224 37.909622
v -14.880596 -4.533014 37.866074
v -14.851187 -4.691800 37.822525
v -14.821780 -4.850590 37.778976
v -14.792373 -5.009379 37.735428
v -13.078769 -1.733934 36.470051
v -13.070161 -1.871372 36.423595
v -13.061554 -2.008811 36.377140
v -13.052946 -2.146251 36.330685
v -13.044339 -2.283690 36.284225
v -13.035732 -2.421129 36.237770
v -13.027123 -2.558569 36.191315
v -13.018515 -2.696008 36.144859
v -13.373483 -1.838386 36.750389
v -13.364067 -1.978942 36.704346
v -13.354651 -2.119497 36.658298
v -13.345234 -2.260051 36.612255
v -13.335818 -2.400604 36.566208
v -13.326403 -2.541160 36.520164
v -13.316986 -2.681715 36.474121
v -13.307570 -2.822268 36.428078
v -13.668197 -1.942841 37.030727
v -13.657972 -2.086510 36.985096
v -13.647749 -2.230181 36.939465
v -13.637525 -2.373850 36.893829
v -13.627299 -2.517519 36.848198
v -13.617074 -2.661190 36.802563
v -13.606851 -2.804858 36.756931
v -13.596626 -2.948529 36.711296
v -13.962911 -2.047295 37.311066
v -13.951879 -2.194079 37.265846
v -13.940846 -2.340864 37.220623
v -13.929812 -2.487649 37.175400
v -13.918780 -2.634434 37.130180
v -13.907748 -2.781219 37.084957
v -13.896714 -2.928004 37.039738
v -13.885681 -3.074788 36.994514
v -14.257625 -2.151748 37.591404
v -14.245784 -2.301648 37.546593
v -14.233942 -2.451548 37.501785
v -14.222100 -2.601448 37.456978
v -14.210259 -2.751348 37.412167
v -14.198419 -2.901248 37.367355
v -14.186577 -3.051147 37.322548
v -14.174735 -3.201047 37.277737
v -14.552339 -2.256202 37.871742
v -14.539688 -2.409217 37.827343
v -14.527039 -2.562232 37.782944
v -14.514388 -2.715247 37.738548
v -14.501740 -2.868262 37.694149
v -14.489090 -3.021277 37.649750
v -14.476440 -3.174292 37.605354
v -14.463790 -3.327307 37.560955
v -14.847053 -2.360656 38.152081
v -14.833594 -2.516786 38.108093
v -14.820136 -2.672916 38.064110
v -14.806679 -2.829046 38.020119
v -14.793220 -2.985177 37.976135
v -14.779761 -3.141307 37.932148
v -14.766304 -3.297437 37.888161
v -14.752847 -3.453567 37.844177
v -15.141767 -2.465110 38.432419
v -15.127500 -2.624355 38.388844
v -15.113233 -2.783601 38.345268
v -15.098967 -2.942846 38.301693
v -15.084701 -3.102091 38.258118
v -15.070436 -3.261337 38.214542
v -15.056169 -3.420582 38.170967
v -15.041902 -3.579827 38.127396
v -13.052992 -0.506103 36.888184
v -13.057290 -0.642402 36.841724
v -13.061588 -0.778701 36.795265
v -13.065886 -0.915000 36.748802
v -13.070184 -1.051298 36.702343
v -13.074482 -1.187597 36.655884
v -13.078780 -1.323897 36.609425
v -13.083078 -1.460194 36.562965
v -13.352622 -0.582322 37.164845
v -13.356407 -0.721761 37.118790
v -13.360191 -0.861200 37.072739
v -13.363976 -1.000638 37.026688
v -13.367761 -1.140077 36.980637
v -13.371546 -1.279516 36.934586
v -13.375329 -1.418955 36.888535
v -13.379113 -1.558394 36.842484
v -13.652254 -0.658540 37.441502
v -13.655525 -0.801119 37.395859
v -13.658796 -0.943698 37.350216
v -13.662067 -1.086277 37.304573
v -13.665338 -1.228856 37.258930
v -13.668609 -1.371435 37.213287
v -13.671880 -1.514013 37.167645
v -13.675150 -1.656592 37.122002
v -13.951884 -0.734759 37.718159
v -13.954641 -0.880478 37.672928
v -13.957398 -1.026197 37.627693
v -13.960156 -1.171916 37.582458
v -13.962914 -1.317634 37.537224
v -13.965670 -1.463353 37.491989
v -13.968428 -1.609072 37.446754
v -13.971186 -1.754791 37.401520
v -14.251516 -0.810978 37.994820
v -14.253760 -0.959837 37.949993
v -14.256004 -1.108695 37.905167
v -14.258248 -1.257554 37.860344
v -14.260492 -1.406413 37.815517
v -14.262734 -1.555272 37.770691
v -14.264978 -1.704131 37.725864
v -14.267222 -1.852990 37.681038
v -14.551147 -0.887196 38.271477
v -14.552876 -1.039195 38.227062
v -14.554606 -1.191194 38.182644
v -14.556337 -1.343193 38.138229
v -14.558067 -1.495192 38.093811
v -14.559797 -1.647191 38.049393
v -14.561528 -1.799190 38.004974
v -14.563259 -1.951188 37.960556
v -14.850779 -0.963415 38.548138
v -14.851995 -1.118554 38.504128
v -14.853212 -1.273693 38.460121
v -14.854429 -1.428831 38.416111
v -14.855646 -1.583970 38.372101
v -14.856862 -1.739109 38.328094
v -14.858079 -1.894248 38.284084
v -14.859296 -2.049387 38.240074
v -15.150411 -1.039633 38.824795
v -15.151114 -1.197912 38.781197
v -15.151815 -1.356191 38.737595
v -15.152518 -1.514470 38.693996
v -15.153221 -1.672749 38.650394
v -15.153924 -1.831028 38.606792
v -15.154627 -1.989307 38.563194
v -15.155330 -2.147586 38.519592
v -12.913364 0.701879 37.306347
v -12.930282 0.567919 37.259884
v -12.947197 0.433958 37.213421
v -12.964112 0.299998 37.166958
v -12.981030 0.166037 37.120495
v -12.997946 0.032077 37.074032
v -13.014861 -0.101884 37.027569
v -13.031777 -0.235844 36.981106
v -13.215280 0.653903 37.579353
v -13.231975 0.516805 37.533298
v -13.248669 0.379707 37.487240
v -13.265364 0.242608 37.441181
v -13.282059 0.105510 37.395126
v -13.298755 -0.031588 37.349068
v -13.315449 -0.168687 37.303009
v -13.332143 -0.305785 37.256950
v -13.517194 0.605927 37.852364
v -13.533669 0.465691 37.806709
v -13.550141 0.325455 37.761055
v -13.566614 0.185218 37.715405
v -13.583089 0.044982 37.669754
v -13.599563 -0.095254 37.624100
v -13.616035 -0.235490 37.578449
v -13.632509 -0.375726 37.532799
v -13.819109 0.557950 38.125374
v -13.835361 0.414577 38.080124
v -13.851613 0.271203 38.034878
v -13.867866 0.127829 37.989632
v -13.884118 -0.015545 37.944382
v -13.900372 -0.158919 37.899136
v -13.916623 -0.302293 37.853889
v -13.932875 -0.445666 37.808643
v -14.121022 0.509974 38.398380
v -14.137053 0.363462 38.353539
v -14.153086 0.216951 38.308697
v -14.169116 0.070439 38.263855
v -14.185148 -0.076072 38.219013
v -14.201180 -0.222584 38.174171
v -14.217210 -0.369096 38.129330
v -14.233241 -0.515607 38.084488
v -14.422935 0.461998 38.671391
v -14.438746 0.312348 38.626953
v -14.454556 0.162699 38.582516
v -14.470367 0.013050 38.538078
v -14.486177 -0.136600 38.493641
v -14.501988 -0.286249 38.449207
v -14.517797 -0.435899 38.404770
v -14.533607 -0.585548 38.360332
v -14.724850 0.414021 38.944397
v -14.740439 0.261234 38.900368
v -14.756029 0.108447 38.856339
v -14.771618 -0.044340 38.812302
v -14.787208 -0.197127 38.768272
v -14.802796 -0.349914 38.724243
v -14.818384 -0.502702 38.680210
v -14.833973 -0.655489 38.636177
v -15.026765 0.366045 39.217407
v -15.042132 0.210120 39.173779
v -15.057501 0.054195 39.130154
v -15.072869 -0.101730 39.086525
v -15.088237 -0.257655 39.042900
v -15.103605 -0.413580 38.999275
v -15.118973 -0.569505 38.955650
v -15.134341 -0.725430 38.912022
v -12.663353 1.879594 37.724537
v -12.692491 1.749125 37.678070
v -12.721627 1.618656 37.631603
v -12.750764 1.488186 37.585136
v -12.779902 1.357717 37.538673
v -12.809038 1.227248 37.492207
v -12.838175 1.096779 37.445740
v -12.867312 0.966309 37.399273
v -12.964957 1.859628 37.993923
v -12.994161 1.726050 37.947861
v -13.023364 1.592471 37.901794
v -13.052568 1.458893 37.855732
v -13.081772 1.325315 37.809669
v -13.110974 1.191736 37.763603
v -13.140178 1.058158 37.717541
v -13.169381 0.924580 37.671478
v -13.266562 1.839662 38.263309
v -13.295832 1.702974 38.217648
v -13.325102 1.566287 38.171989
v -13.354371 1.429600 38.126328
v -13.383641 1.292912 38.080666
v -13.412911 1.156225 38.035004
v -13.442181 1.019537 37.989342
v -13.471450 0.882850 37.943676
v -13.568164 1.819695 38.532700
v -13.597501 1.679899 38.487438
v -13.626838 1.540102 38.442177
v -13.656175 1.400306 38.396919
v -13.685511 1.260510 38.351658
v -13.714847 1.120713 38.306396
v -13.744184 0.980917 38.261139
v -13.773520 0.841121 38.215878
v -13.869767 1.799729 38.802086
v -13.899170 1.656824 38.757225
v -13.928573 1.513918 38.712368
v -13.957976 1.371013 38.667511
v -13.987379 1.228107 38.622654
v -14.016781 1.085202 38.577797
v -14.046185 0.942296 38.532936
v -14.075588 0.799391 38.488083
v -14.171371 1.779763 39.071472
v -14.200840 1.633748 39.027016
v -14.230309 1.487734 38.982559
v -14.259778 1.341719 38.938103
v -14.289247 1.195705 38.893646
v -14.318716 1.049690 38.849190
v -14.348186 0.903676 38.804737
v -14.377656 0.757661 38.760284
v -14.472974 1.759797 39.340858
v -14.502510 1.610673 39.296806
v -14.532045 1.461550 39.252750
v -14.561581 1.312426 39.208698
v -14.591116 1.163303 39.164642
v -14.620653 1.014179 39.120590
v -14.650188 0.865055 39.076534
v -14.679724 0.715932 39.032482
v -14.774577 1.739830 39.610245
v -14.804179 1.587598 39.566597
v -14.833781 1.435365 39.522942
v -14.863383 1.283133 39.479294
v -14.892985 1.130900 39.435638
v -14.922587 0.978667 39.391991
v -14.952191 0.826435 39.348335
v -14.981794 0.674202 39.304684
v -12.307360 3.017085 38.142754
v -12.348216 2.891207 38.096287
v -12.389073 2.765330 38.049816
v -12.429930 2.639452 38.003349
v -12.470787 2.513574 37.956879
v -12.511644 2.387697 37.910408
v -12.552501 2.261819 37.863941
v -12.593359 2.135941 37.817471
v -12.606121 3.024664 38.408550
v -12.647326 2.895732 38.362480
v -12.688529 2.766799 38.316410
v -12.729733 2.637867 38.270340
v -12.770937 2.508935 38.224270
v -12.812140 2.380003 38.178200
v -12.853345 2.251071 38.132130
v -12.894549 2.122139 38.086060
v -12.904883 3.032243 38.674343
v -12.946434 2.900256 38.628670
v -12.987985 2.768270 38.583000
v -13.029535 2.636283 38.537331
v -13.071087 2.504296 38.491657
v -13.112638 2.372309 38.445984
v -13.154188 2.240323 38.400314
v -13.195741 2.108336 38.354641
v -13.203647 3.039822 38.940140
v -13.245544 2.904781 38.894867
v -13.287442 2.769740 38.849594
v -13.329340 2.634699 38.804317
v -13.371238 2.499657 38.759048
v -13.413136 2.364616 38.713776
v -13.455033 2.229575 38.668503
v -13.496931 2.094533 38.623230
v -13.502408 3.047401 39.205933
v -13.544653 2.909306 39.161060
v -13.586898 2.771209 39.116188
v -13.629143 2.633114 39.071312
v -13.671387 2.495018 39.026436
v -13.713632 2.356922 38.981564
v -13.755877 2.218826 38.936691
v -13.798121 2.080730 38.891815
v -13.801170 3.054981 39.471725
v -13.843761 2.913831 39.427250
v -13.886353 2.772680 39.382774
v -13.928946 2.631530 39.338303
v -13.971537 2.490379 39.293827
v -14.014129 2.349229 39.249352
v -14.056721 2.208078 39.204876
v -14.099312 2.066928 39.160400
v -14.099933 3.062560 39.737518
v -14.142872 2.918355 39.693443
v -14.185810 2.774150 39.649368
v -14.228747 2.629945 39.605293
v -14.271687 2.485740 39.561214
v -14.314625 2.341535 39.517139
v -14.357563 2.197330 39.473064
v -14.400500 2.053125 39.428989
v -14.398695 3.070139 40.003315
v -14.441979 2.922880 39.959641
v -14.485265 2.775620 39.915962
v -14.528550 2.628361 39.872284
v -14.571835 2.481101 39.828606
v -14.615119 2.333841 39.784931
v -14.658405 2.186582 39.741253
v -14.701691 2.039322 39.697575
v -11.850678 4.104950 38.561005
v -11.902657 3.984702 38.514530
v -11.954636 3.864453 38.468060
v -12.006614 3.744205 38.421585
v -12.058591 3.623956 38.375114
v -12.110568 3.503708 38.328644
v -12.162547 3.383459 38.282169
v -12.214525 3.263211 38.235695
v -12.144149 4.139388 38.823235
v -12.196745 4.016164 38.777157
v -12.249340 3.892940 38.731079
v -12.301936 3.769716 38.685005
v -12.354532 3.646492 38.638927
v -12.407127 3.523268 38.592850
v -12.459724 3.400044 38.546772
v -12.512321 3.276820 38.500698
v -12.437622 4.173826 39.085464
v -12.490836 4.047626 39.039783
v -12.544051 3.921427 38.994102
v -12.597263 3.795228 38.948418
v -12.650478 3.669028 38.902740
v -12.703692 3.542829 38.857059
v -12.756905 3.416629 38.811378
v -12.810118 3.290429 38.765694
v -12.731094 4.208264 39.347694
v -12.784925 4.079089 39.302406
v -12.838758 3.949914 39.257122
v -12.892589 3.820739 39.211838
v -12.946420 3.691564 39.166550
v -13.000252 3.562389 39.121265
v -13.054084 3.433214 39.075981
v -13.107917 3.304039 39.030697
v -13.024567 4.242702 39.609924
v -13.079017 4.110552 39.565033
v -13.133466 3.978401 39.520145
v -13.187916 3.846251 39.475254
v -13.242366 3.714100 39.430367
v -13.296816 3.581950 39.385475
v -13.351265 3.449799 39.340584
v -13.405713 3.317648 39.295696
v -13.318037 4.277141 39.872154
v -13.373104 4.142015 39.827660
v -13.428171 4.006888 39.783165
v -13.483238 3.871762 39.738670
v -13.538307 3.736636 39.694176
v -13.593375 3.601510 39.649685
v -13.648442 3.466384 39.605190
v -13.703509 3.331257 39.560696
v -13.611510 4.311578 40.134384
v -13.667196 4.173477 40.090286
v -13.722881 4.035375 40.046188
v -13.778567 3.897273 40.002090
v -13.834253 3.759172 39.957989
v -13.889938 3.621070 39.913891
v -13.945624 3.482969 39.869793
v -14.001308 3.344867 39.825695
v -13.904983 4.346016 40.396614
v -13.961286 4.204939 40.352909
v -14.017590 4.063862 40.309208
v -14.073894 3.922785 40.265503
v -14.130197 3.781708 40.221802
v -14.186500 3.640630 40.178101
v -14.242804 3.499553 40.134399
v -14.299108 3.358476 40.090694
v -11.299419 5.134429 38.979279
v -11.361830 5.020775 38.932804
v -11.424239 4.907121 38.886330
v -11.486650 4.793467 38.839855
v -11.549059 4.679813 38.793377
v -11.611469 4.566160 38.746902
v -11.673879 4.452506 38.700428
v -11.736290 4.338852 38.653954
v -11.585254 5.194827 39.237972
v -11.648540 5.078300 39.191891
v -11.711828 4.961773 39.145805
v -11.775115 4.845246 39.099724
v -11.838403 4.728719 39.053642
v -11.901690 4.612193 39.007561
v -11.964977 4.495666 38.961475
v -12.028266 4.379139 38.915394
v -11.871087 5.255226 39.496666
v -11.935252 5.135826 39.450974
v -11.999417 5.016426 39.405285
v -12.063581 4.897026 39.359596
v -12.127747 4.777626 39.313904
v -12.191913 4.658226 39.268215
v -12.256078 4.538826 39.222527
v -12.320242 4.419425 39.176834
v -12.156921 5.315625 39.755360
v -12.221964 5.193352 39.710064
v -12.287005 5.071079 39.664764
v -12.352049 4.948805 39.619469
v -12.417091 4.826532 39.574169
v -12.482134 4.704259 39.528873
v -12.547177 4.581985 39.483574
v -12.612221 4.459713 39.438278
v -12.442755 5.376024 40.014053
v -12.508675 5.250878 39.969151
v -12.574594 5.125731 39.924244
v -12.640515 5.000585 39.879341
v -12.706435 4.875439 39.834435
v -12.772355 4.750292 39.789528
v -12.838276 4.625145 39.744625
v -12.904197 4.500000 39.699718
v -12.728589 5.436423 40.272747
v -12.795386 5.308403 40.228237
v -12.862184 5.180384 40.183723
v -12.928982 5.052364 40.139210
v -12.995779 4.924345 40.094696
v -13.062576 4.796325 40.050186
v -13.129375 4.668305 40.005672
v -13.196173 4.540286 39.961159
v -13.014422 5.496822 40.531445
v -13.082099 5.365929 40.487320
v -13.149774 5.235036 40.443203
v -13.217448 5.104144 40.399082
v -13.285124 4.973251 40.354961
v -13.352799 4.842358 40.310841
v -13.420474 4.711465 40.266720
v -13.488149 4.580572 40.222603
v -13.300258 5.557221 40.790138
v -13.368810 5.423455 40.746410
v -13.437364 5.289689 40.702682
v -13.505917 5.155923 40.658955
v -13.574469 5.022158 40.615227
v -13.643021 4.888391 40.571499
v -13.711574 4.754625 40.527771
v -13.780128 4.620859 40.484043
v -10.660445 6.097453 39.397583
v -10.732516 5.991282 39.351105
v -10.804587 5.885110 39.304626
v -10.876657 5.778939 39.258148
v -10.948729 5.672768 39.211670
v -11.020799 5.566597 39.165192
v -11.092870 5.460425 39.118713
v -11.164939 5.354253 39.072231
v -10.936413 6.182716 39.652771
v -11.009607 6.073796 39.606682
v -11.082802 5.964876 39.560593
v -11.155996 5.855956 39.514503
v -11.229191 5.747036 39.468414
v -11.302385 5.638113 39.422325
v -11.375578 5.529195 39.376236
v -11.448771 5.420275 39.330147
v -11.212380 6.267980 39.907955
v -11.286699 6.156311 39.862255
v -11.361016 6.044641 39.816555
v -11.435333 5.932972 39.770859
v -11.509651 5.821303 39.725159
v -11.583970 5.709633 39.679455
v -11.658287 5.597964 39.633759
v -11.732604 5.486295 39.588058
v -11.488348 6.353243 40.163143
v -11.563788 6.238825 40.117832
v -11.639230 6.124407 40.072521
v -11.714670 6.009989 40.027210
v -11.790112 5.895571 39.981899
v -11.865555 5.781154 39.936588
v -11.940996 5.666735 39.891277
v -12.016437 5.552317 39.845970
v -11.764315 6.438506 40.418327
v -11.840879 6.321339 40.373405
v -11.917444 6.204172 40.328487
v -11.994009 6.087006 40.283566
v -12.070574 5.969838 40.238644
v -12.147140 5.852671 40.193722
v -12.223704 5.735505 40.148804
v -12.300269 5.618338 40.103882
v -12.040281 6.523770 40.673515
v -12.117970 6.403854 40.628983
v -12.195659 6.283938 40.584450
v -12.273347 6.164023 40.539921
v -12.351036 6.044107 40.495388
v -12.428724 5.924191 40.450859
v -12.506413 5.804275 40.406326
v -12.584102 5.684358 40.361794
v -12.316250 6.609033 40.928699
v -12.395062 6.486368 40.884560
v -12.473874 6.363703 40.840416
v -12.552687 6.241039 40.796272
v -12.631499 6.118374 40.752132
v -12.710312 5.995708 40.707989
v -12.789124 5.873044 40.663849
v -12.867937 5.750380 40.619705
v -12.592217 6.694296 41.183887
v -12.672154 6.568882 41.140133
v -12.752090 6.443469 41.096382
v -12.832026 6.318055 41.052628
v -12.911963 6.192641 41.008877
v -12.991899 6.067227 40.965122
v -13.071835 5.941814 40.921371
v -13.151770 5.816400 40.877617
v -9.941282 6.986732 39.815918
v -10.022169 6.888844 39.769432
v -10.103056 6.790955 39.722954
v -10.183943 6.693067 39.676472
v -10.264830 6.595179 39.629990
v -10.345716 6.497290 39.583508
v -10.426602 6.399402 39.537025
v -10.507488 6.301513 39.490543
v -10.205289 7.095579 40.067623
v -10.287530 6.995086 40.021526
v -10.369771 6.894593 39.975433
v -10.452012 6.794100 39.929337
v -10.534254 6.693608 39.883240
v -10.616495 6.593115 39.837147
v -10.698735 6.492622 39.791050
v -10.780976 6.392129 39.744957
v -10.469296 7.204425 40.319328
v -10.552892 7.101328 40.273621
v -10.636488 6.998231 40.227909
v -10.720083 6.895134 40.182201
v -10.803679 6.792037 40.136490
v -10.887275 6.688940 40.090782
v -10.970871 6.585843 40.045074
v -11.054466 6.482746 39.999367
v -10.733303 7.313272 40.571037
v -10.818254 7.207571 40.525711
v -10.903205 7.101870 40.480389
v -10.988156 6.996169 40.435066
v -11.073106 6.890467 40.389744
v -11.158055 6.784765 40.344421
v -11.243006 6.679064 40.299099
v -11.327957 6.573363 40.253777
v -10.997309 7.422119 40.822742
v -11.083613 7.313813 40.777805
v -11.169918 7.205507 40.732868
v -11.256224 7.097202 40.687931
v -11.342528 6.988896 40.642998
v -11.428834 6.880590 40.598061
v -11.515139 6.772285 40.553123
v -11.601443 6.663980 40.508186
v -11.261315 7.530966 41.074448
v -11.348976 7.420056 41.029900
v -11.436636 7.309146 40.985348
v -11.524296 7.198236 40.940796
v -11.611956 7.087326 40.896248
v -11.699615 6.976416 40.851696
v -11.787274 6.865506 40.807148
v -11.874933 6.754596 40.762596
v -11.525321 7.639812 41.326157
v -11.614336 7.526298 41.281990
v -11.703350 7.412784 41.237827
v -11.792364 7.299270 41.193665
v -11.881379 7.185755 41.149498
v -11.970394 7.072241 41.105335
v -12.059408 6.958727 41.061172
v -12.148422 6.845212 41.017006
v -11.789329 7.748658 41.577862
v -11.879697 7.632539 41.534084
v -11.970066 7.516420 41.490307
v -12.060435 7.400302 41.446529
v -12.150805 7.284184 41.402748
v -12.241173 7.168066 41.358971
v -12.331542 7.051947 41.315193
v -12.421911 6.935828 41.271416
v -9.150053 7.795782 40.234276
v -9.238845 7.706887 40.187790
v -9.327639 7.617992 40.141308
v -9.416431 7.529097 40.094822
v -9.505224 7.440201 40.048336
v -9.594017 7.351306 40.001854
v -9.682810 7.262411 39.955368
v -9.771604 7.173515 39.908882
v -9.400153 7.926762 40.482533
v -9.490515 7.835425 40.436432
v -9.580877 7.744089 40.390327
v -9.671239 7.652753 40.344227
v -9.761600 7.561417 40.298126
v -9.851962 7.470080 40.252022
v -9.942324 7.378744 40.205921
v -10.032686 7.287407 40.159821
v -9.650255 8.057741 40.730785
v -9.742186 7.963964 40.685066
v -9.834116 7.870186 40.639351
v -9.926046 7.776409 40.593632
v -10.017978 7.682631 40.547913
v -10.109908 7.588854 40.502193
v -10.201838 7.495077 40.456474
v -10.293769 7.401300 40.410755
v -9.900356 8.188722 40.979042
v -9.993855 8.092504 40.933708
v -10.087356 7.996285 40.888371
v -10.180855 7.900066 40.843037
v -10.274354 7.803848 40.797699
v -10.367853 7.707630 40.752365
v -10.461353 7.611411 40.707031
v -10.554853 7.515192 40.661694
v -10.150458 8.319702 41.227295
v -10.245526 8.221043 41.182343
v -10.340594 8.122383 41.137390
v -10.435662 8.023724 41.092438
v -10.530730 7.925063 41.047485
v -10.625799 7.826403 41.002533
v -10.720867 7.727744 40.957584
v -10.815936 7.629084 40.912632
v -10.400559 8.450682 41.475552
v -10.497196 8.349581 41.430984
v -10.593833 8.248480 41.386414
v -10.690470 8.147380 41.341843
v -10.787107 8.046279 41.297276
v -10.883744 7.945177 41.252708
v -10.980381 7.844077 41.208138
v -11.077018 7.742977 41.163567
v -10.650661 8.581661 41.723808
v -10.748866 8.478120 41.679619
v -10.847072 8.374579 41.635437
v -10.945277 8.271036 41.591248
v -11.043484 8.167495 41.547062
v -11.141689 8.063951 41.502876
v -11.239895 7.960410 41.458691
v -11.338101 7.856868 41.414505
v -10.900762 8.712642 41.972061
v -11.000536 8.606659 41.928257
v -11.100310 8.500675 41.884453
v -11.200085 8.394694 41.840652
v -11.299860 8.288710 41.796848
v -11.399634 8.182727 41.753048
v -11.499409 8.076744 41.709244
v -11.599183 7.970760 41.665443
v -8.295373 8.518995 40.652664
v -8.391109 8.439706 40.606178
v -8.486844 8.360415 40.559689
v -8.582580 8.281126 40.513199
v -8.678316 8.201837 40.466713
v -8.774053 8.122547 40.420227
v -8.869788 8.043257 40.373737
v -8.965524 7.963967 40.327251
v -8.529787 8.670505 40.897495
v -8.627287 8.588953 40.851387
v -8.724788 8.507403 40.805279
v -8.822289 8.425852 40.759171
v -8.919788 8.344302 40.713066
v -9.017289 8.262750 40.666954
v -9.114791 8.181200 40.620850
v -9.212292 8.099650 40.574741
v -8.764201 8.822015 41.142326
v -8.863466 8.738203 41.096600
v -8.962732 8.654391 41.050873
v -9.061997 8.570578 41.005146
v -9.161263 8.486766 40.959419
v -9.260529 8.402954 40.913689
v -9.359794 8.319142 40.867962
v -9.459060 8.235331 40.822235
v -8.998615 8.973525 41.387157
v -9.099646 8.887452 41.341812
v -9.200676 8.801379 41.296463
v -9.301706 8.715307 41.251114
v -9.402737 8.629232 41.205769
v -9.503767 8.543159 41.160419
v -9.604797 8.457087 41.115074
v -9.705827 8.371014 41.069725
v -9.233028 9.125034 41.631989
v -9.335824 9.036699 41.587021
v -9.438620 8.948365 41.542053
v -9.541415 8.860032 41.497086
v -9.644210 8.771698 41.452118
v -9.747005 8.683363 41.407150
v -9.849800 8.595030 41.362183
v -9.952595 8.506696 41.317215
v -9.467443 9.276544 41.876820
v -9.572002 9.185949 41.832233
v -9.676562 9.095353 41.787647
v -9.781122 9.004758 41.743057
v -9.885682 8.914163 41.698471
v -9.990243 8.823567 41.653885
v -10.094803 8.732972 41.609299
v -10.199362 8.642377 41.564709
v -9.701856 9.428054 42.121651
v -9.808181 9.335196 42.077446
v -9.914505 9.242341 42.033237
v -10.020830 9.149486 41.989029
v -10.127154 9.056630 41.944824
v -10.233479 8.963773 41.900616
v -10.339805 8.870917 41.856407
v -10.446129 8.778059 41.812202
v -9.936270 9.579563 42.366486
v -10.044359 9.484447 42.322655
v -10.152450 9.389329 42.278828
v -10.260539 9.294211 42.235001
v -10.368629 9.199094 42.191174
v -10.476718 9.103977 42.147346
v -10.584807 9.008860 42.103519
v -10.692896 8.913741 42.059692
v -7.386279 9.151656 41.071079
v -7.487949 9.082482 41.024590
v -7.589619 9.013312 40.978096
v -7.691288 8.944140 40.931606
v -7.792958 8.874969 40.885117
v -7.894628 8.805799 40.838627
v -7.996297 8.736628 40.792133
v -8.097967 8.667457 40.745644
v -7.603397 9.321956 41.312515
v -7.707009 9.250718 41.266403
v -7.810620 9.179482 41.220287
v -7.914231 9.108244 41.174171
v -8.017842 9.037007 41.128059
v -8.121454 8.965769 41.081944
v -8.225064 8.894529 41.035831
v -8.328675 8.823293 40.989716
v -7.820515 9.492255 41.553951
v -7.926068 9.418952 41.508213
v -8.031620 9.345649 41.462475
v -8.137173 9.272346 41.416740
v -8.242725 9.199042 41.371002
v -8.348278 9.125738 41.325264
v -8.453831 9.052434 41.279530
v -8.559382 8.979131 41.233791
v -8.037632 9.662556 41.795387
v -8.145126 9.587186 41.750027
v -8.252620 9.511816 41.704666
v -8.360114 9.436447 41.659306
v -8.467608 9.361075 41.613945
v -8.575103 9.285707 41.568588
v -8.682596 9.210337 41.523224
v -8.790091 9.134967 41.477867
v -8.254751 9.832857 42.036819
v -8.364186 9.755420 41.991837
v -8.473621 9.677984 41.946854
v -8.583057 9.600548 41.901871
v -8.692492 9.523112 41.856888
v -8.801928 9.445676 41.811905
v -8.911364 9.368239 41.766922
v -9.020798 9.290804 41.721939
v -8.471869 10.003157 42.278255
v -8.583245 9.923655 42.233650
v -8.694622 9.844151 42.189041
v -8.805999 9.764649 42.144436
v -8.917376 9.685148 42.099831
v -9.028751 9.605646 42.055225
v -9.140128 9.526144 42.010620
v -9.251506 9.446642 41.966015
v -8.688987 10.173457 42.519691
v -8.802304 10.091888 42.475460
v -8.915622 10.010320 42.431232
v -9.028940 9.928751 42.387001
v -9.142258 9.847183 42.342773
v -9.255576 9.765616 42.298546
v -9.368895 9.684047 42.254318
v -9.482213 9.602478 42.210087
v -8.906104 10.343757 42.761127
v -9.021363 10.260120 42.717274
v -9.136623 10.176487 42.673424
v -9.251883 10.092853 42.629570
v -9.367142 10.009218 42.585716
v -9.482402 9.925583 42.541866
v -9.597661 9.841950 42.498016
v -9.712921 9.758315 42.454163
v -6.432122 9.689984 41.489525
v -6.538683 9.631338 41.443031
v -6.645244 9.572694 41.396538
v -6.751805 9.514050 41.350044
v -6.858366 9.455405 41.303547
v -6.964927 9.396760 41.257053
v -7.071488 9.338116 41.210560
v -7.178049 9.279471 41.164066
v -6.630518 9.877217 41.727592
v -6.739177 9.816715 41.681469
v -6.847835 9.756212 41.635349
v -6.956494 9.695709 41.589230
v -7.065152 9.635206 41.543110
v -7.173811 9.574701 41.496990
v -7.282469 9.514198 41.450871
v -7.391128 9.453695 41.404751
v -6.828915 10.064451 41.965656
v -6.939671 10.002090 41.919910
v -7.050426 9.939728 41.874165
v -7.161182 9.877367 41.828419
v -7.271938 9.815005 41.782673
v -7.382695 9.752644 41.736923
v -7.493451 9.690282 41.691177
v -7.604207 9.627921 41.645432
v -7.027311 10.251685 42.203724
v -7.140164 10.187465 42.158352
v -7.253018 10.123245 42.112980
v -7.365871 10.059025 42.067608
v -7.478725 9.994805 42.022232
v -7.591578 9.930585 41.976860
v -7.704432 9.866364 41.931488
v -7.817285 9.802145 41.886116
v -7.225708 10.438919 42.441792
v -7.340659 10.372841 42.396793
v -7.455609 10.306763 42.351791
v -7.570560 10.240684 42.306793
v -7.685511 10.174606 42.261795
v -7.800462 10.108528 42.216797
v -7.915413 10.042449 42.171799
v -8.030364 9.976370 42.126801
v -7.424104 10.626153 42.679855
v -7.541152 10.558215 42.635231
v -7.658201 10.490278 42.590607
v -7.775249 10.422342 42.545982
v -7.892297 10.354405 42.501358
v -8.009346 10.286469 42.456734
v -8.126395 10.218532 42.412109
v -8.243443 10.150595 42.367485
v -7.622500 10.813387 42.917923
v -7.741646 10.743591 42.873672
v -7.860792 10.673797 42.829422
v -7.979938 10.604001 42.785172
v -8.099084 10.534206 42.740921
v -8.218230 10.464411 42.696671
v -8.337376 10.394614 42.652420
v -8.456522 10.324820 42.608170
v -7.820897 11.000622 43.155991
v -7.942140 10.928968 43.112114
v -8.063383 10.857314 43.068237
v -8.184627 10.785661 43.024361
v -8.305870 10.714008 42.980484
v -8.427114 10.642353 42.936607
v -8.548357 10.570699 42.892731
v -8.669601 10.499046 42.848854
v -5.442478 10.131140 41.907997
v -5.552863 10.083325 41.861500
v -5.663248 10.035512 41.815002
v -5.773634 9.987698 41.768505
v -5.884019 9.939883 41.722008
v -5.994404 9.892069 41.675510
v -6.104790 9.844254 41.629013
v -6.215176 9.796442 41.582516
v -5.620918 10.333352 42.142719
v -5.733536 10.283897 42.096596
v -5.846154 10.234444 42.050468
v -5.958772 10.184990 42.004341
v -6.071389 10.135535 41.958218
v -6.184007 10.086083 41.912090
v -6.296625 10.036628 41.865963
v -6.409243 9.987174 41.819836
v -5.799358 10.535566 42.377445
v -5.914209 10.484471 42.331692
v -6.029058 10.433376 42.285934
v -6.143908 10.382283 42.240181
v -6.258759 10.331188 42.194427
v -6.373609 10.280095 42.148670
v -6.488459 10.229001 42.102913
v -6.603308 10.177907 42.057159
v -5.977799 10.737778 42.612171
v -6.094882 10.685045 42.566788
v -6.211964 10.632310 42.521400
v -6.329046 10.579576 42.476017
v -6.446128 10.526842 42.430634
v -6.563210 10.474108 42.385250
v -6.680293 10.421374 42.339867
v -6.797375 10.368640 42.294479
v -6.156239 10.939990 42.846897
v -6.275554 10.885614 42.801884
v -6.394869 10.831242 42.756870
v -6.514184 10.776867 42.711857
v -6.633498 10.722492 42.666843
v -6.752812 10.668118 42.621830
v -6.872128 10.613747 42.576817
v -6.991442 10.559372 42.531803
v -6.334679 11.142203 43.081623
v -6.456225 11.086190 43.036980
v -6.577772 11.030175 42.992336
v -6.699319 10.974161 42.947693
v -6.820867 10.918147 42.903053
v -6.942414 10.862134 42.858406
v -7.063961 10.806119 42.813766
v -7.185508 10.750104 42.769123
v -6.513119 11.344415 43.316349
v -6.636899 11.286760 43.272076
v -6.760678 11.229106 43.227806
v -6.884458 11.171452 43.183533
v -7.008237 11.113798 43.139259
v -7.132017 11.056144 43.094990
v -7.255796 10.998490 43.050716
v -7.379575 10.940836 43.006447
v -6.691559 11.546627 43.551075
v -6.817571 11.487333 43.507172
v -6.943583 11.428041 43.463272
v -7.069595 11.368747 43.419373
v -7.195606 11.309452 43.375469
v -7.321618 11.250156 43.331570
v -7.447630 11.190864 43.287666
v -7.573642 11.131570 43.243767
v -4.427060 10.473246 42.326492
v -4.540189 10.436460 42.279991
v -4.653318 10.399673 42.233494
v -4.766448 10.362886 42.186993
v -4.879577 10.326099 42.140495
v -4.992705 10.289313 42.093994
v -5.105834 10.252527 42.047493
v -5.218964 10.215740 42.000992
v -4.584506 10.688399 42.557907
v -4.699981 10.650200 42.511772
v -4.815455 10.612001 42.465641
v -4.930929 10.573801 42.419510
v -5.046403 10.535602 42.373375
v -5.161878 10.497403 42.327244
v -5.277352 10.459205 42.281113
v -5.392826 10.421004 42.234978
v -4.741951 10.903554 42.789314
v -4.859771 10.863942 42.743553
v -4.977591 10.824330 42.697788
v -5.095410 10.784720 42.652023
v -5.213230 10.745107 42.606258
v -5.331050 10.705494 42.560493
v -5.448870 10.665883 42.514729
v -5.566689 10.626272 42.468964
v -4.899397 11.118710 43.020729
v -5.019563 11.077684 42.975334
v -5.139728 11.036661 42.929935
v -5.259892 10.995635 42.884537
v -5.380057 10.954611 42.839142
v -5.500222 10.913587 42.793747
v -5.620387 10.872562 42.748348
v -5.740552 10.831536 42.702953
v -5.056843 11.333862 43.252140
v -5.179353 11.291427 43.207111
v -5.301863 11.248989 43.162083
v -5.424373 11.206553 43.117054
v -5.546884 11.164115 43.072025
v -5.669394 11.121675 43.026997
v -5.791904 11.079240 42.981968
v -5.914414 11.036802 42.936939
v -5.214288 11.549017 43.483551
v -5.339144 11.505167 43.438892
v -5.463999 11.461317 43.394230
v -5.588855 11.417467 43.349571
v -5.713710 11.373616 43.304909
v -5.838565 11.329767 43.260246
v -5.963421 11.285916 43.215588
v -6.088277 11.242067 43.170925
v -5.371734 11.764172 43.714962
v -5.498935 11.718908 43.670670
v -5.626135 11.673646 43.626377
v -5.753336 11.628383 43.582085
v -5.880537 11.583119 43.537792
v -6.007738 11.537856 43.493500
v -6.134938 11.492594 43.449203
v -6.262139 11.447331 43.404915
v -5.529179 11.979325 43.946373
v -5.658725 11.932651 43.902451
v -5.788271 11.885975 43.858524
v -5.917817 11.839297 43.814598
v -6.047363 11.792623 43.770676
v -6.176909 11.745947 43.726749
v -6.306456 11.699271 43.682823
v -6.436001 11.652597 43.638901
v -3.395611 10.715374 42.745018
v -3.510401 10.689707 42.698517
v -3.625191 10.664039 42.652012
v -3.739981 10.638372 42.605507
v -3.854771 10.612705 42.559006
v -3.969561 10.587036 42.512505
v -4.084351 10.561368 42.466000
v -4.199141 10.535700 42.419495
v -3.531225 10.941373 42.973145
v -3.648451 10.914526 42.927006
v -3.765677 10.887679 42.880867
v -3.882903 10.860832 42.834728
v -4.000128 10.833987 42.788589
v -4.117354 10.807139 42.742455
v -4.234580 10.780293 42.696312
v -4.351806 10.753445 42.650177
v -3.666838 11.167371 43.201267
v -3.786500 11.139344 43.155495
v -3.906162 11.111320 43.109722
v -4.025824 11.083294 43.063950
v -4.145485 11.055269 43.018173
v -4.265147 11.027243 42.972401
v -4.384809 10.999216 42.926628
v -4.504470 10.971191 42.880852
v -3.802451 11.393371 43.429394
v -3.924549 11.364165 43.383984
v -4.046647 11.334961 43.338577
v -4.168744 11.305756 43.293167
v -4.290842 11.276550 43.247761
v -4.412939 11.247346 43.202351
v -4.535037 11.218143 43.156944
v -4.657135 11.188939 43.111534
v -3.938065 11.619370 43.657516
v -4.062598 11.588984 43.612473
v -4.187132 11.558602 43.567429
v -4.311666 11.528217 43.522385
v -4.436199 11.497834 43.477345
v -4.560732 11.467451 43.432301
v -4.685266 11.437067 43.387257
v -4.809799 11.406683 43.342213
v -4.073678 11.845366 43.885643
v -4.200648 11.813805 43.840965
v -4.327617 11.782243 43.796288
v -4.454587 11.750681 43.751606
v -4.581556 11.719116 43.706928
v -4.708525 11.687553 43.662251
v -4.835494 11.655993 43.617569
v -4.962463 11.624431 43.572891
v -4.209291 12.071368 44.113770
v -4.338697 12.038627 44.069454
v -4.468102 12.005885 44.025139
v -4.597507 11.973145 43.980827
v -4.726912 11.940402 43.936512
v -4.856318 11.907660 43.892197
v -4.985723 11.874918 43.847885
v -5.115128 11.842177 43.803570
v -4.344905 12.297369 44.341892
v -4.476746 12.263449 44.297943
v -4.608587 12.229528 44.253994
v -4.740427 12.195608 44.210045
v -4.872269 12.161686 44.166096
v -5.004110 12.127765 44.122147
v -5.135951 12.093844 44.078197
v -5.267792 12.059924 44.034248
v -2.357827 10.857544 43.163570
v -2.473202 10.842980 43.117065
v -2.588576 10.828419 43.070557
v -2.703950 10.813856 43.024052
v -2.819324 10.799293 42.977547
v -2.934699 10.784729 42.931038
v -3.050073 10.770166 42.884533
v -3.165447 10.755605 42.838028
v -2.470974 11.092248 43.388435
v -2.588852 11.076744 43.342293
v -2.706730 11.061241 43.296146
v -2.824608 11.045736 43.250004
v -2.942486 11.030232 43.203857
v -3.060364 11.014729 43.157715
v -3.178242 10.999226 43.111568
v -3.296120 10.983723 43.065426
v -2.584121 11.326953 43.613300
v -2.704503 11.310509 43.567520
v -2.824884 11.294066 43.521736
v -2.945266 11.277620 43.475952
v -3.065648 11.261174 43.430172
v -3.186030 11.244732 43.384388
v -3.306412 11.228286 43.338608
v -3.426795 11.211841 43.292824
v -2.697267 11.561657 43.838165
v -2.820153 11.544272 43.792744
v -2.943039 11.526886 43.747326
v -3.065924 11.509502 43.701904
v -3.188811 11.492116 43.656483
v -3.311697 11.474730 43.611061
v -3.434582 11.457346 43.565643
v -3.557468 11.439960 43.520222
v -2.810414 11.796362 44.063030
v -2.935803 11.778036 44.017971
v -3.061193 11.759710 43.972912
v -3.186583 11.741385 43.927853
v -3.311973 11.723059 43.882797
v -3.437362 11.704733 43.837738
v -3.562752 11.686406 43.792679
v -3.688142 11.668080 43.747620
v -2.923560 12.031066 44.287895
v -3.051454 12.011800 44.243198
v -3.179348 11.992533 44.198502
v -3.307241 11.973265 44.153805
v -3.435135 11.953999 44.109108
v -3.563029 11.934731 44.064411
v -3.690922 11.915464 44.019714
v -3.818815 11.896197 43.975018
v -3.036707 12.265770 44.512760
v -3.167104 12.245563 44.468426
v -3.297502 12.225355 44.424091
v -3.427899 12.205147 44.379757
v -3.558297 12.184937 44.335423
v -3.688694 12.164731 44.291084
v -3.819092 12.144525 44.246750
v -3.949489 12.124318 44.202415
v -3.149853 12.500475 44.737625
v -3.282754 12.479327 44.693653
v -3.415656 12.458180 44.649681
v -3.548557 12.437031 44.605705
v -3.681458 12.415883 44.561733
v -3.814360 12.394735 44.517761
v -3.947261 12.373587 44.473785
v -4.080162 12.352438 44.429813
v -1.323254 10.900702 43.582150
v -1.438154 10.897127 43.535641
v -1.553054 10.893554 43.489132
v -1.667954 10.889978 43.442623
v -1.782854 10.886405 43.396114
v -1.897753 10.882831 43.349606
v -2.012653 10.879255 43.303093
v -2.127553 10.875680 43.256584
v -1.413502 11.141949 43.803783
v -1.530951 11.137674 43.757633
v -1.648401 11.133400 43.711479
v -1.765850 11.129127 43.665329
v -1.883299 11.124851 43.619179
v -2.000748 11.120576 43.573032
v -2.118197 11.116302 43.526878
v -2.235647 11.112026 43.480728
v -1.503750 11.383197 44.025414
v -1.623748 11.378223 43.979622
v -1.743747 11.373247 43.933830
v -1.863746 11.368272 43.888039
v -1.983744 11.363298 43.842247
v -2.103743 11.358323 43.796455
v -2.223742 11.353347 43.750664
v -2.343740 11.348372 43.704872
v -1.593998 11.624444 44.247044
v -1.716546 11.618769 44.201614
v -1.839094 11.613094 44.156181
v -1.961642 11.607419 44.110748
v -2.084190 11.601744 44.065315
v -2.206738 11.596067 44.019882
v -2.329285 11.590393 43.974449
v -2.451833 11.584719 43.929020
v -1.684245 11.865692 44.468678
v -1.809343 11.859317 44.423603
v -1.934440 11.852941 44.378529
v -2.059537 11.846564 44.333458
v -2.184634 11.840190 44.288383
v -2.309732 11.833815 44.243309
v -2.434829 11.827439 44.198235
v -2.559927 11.821063 44.153164
v -1.774493 12.106939 44.690308
v -1.902140 12.099862 44.645596
v -2.029786 12.092786 44.600880
v -2.157433 12.085710 44.556168
v -2.285080 12.078635 44.511452
v -2.412726 12.071560 44.466736
v -2.540373 12.064484 44.422020
v -2.668020 12.057408 44.377308
v -1.864741 12.348186 44.911942
v -1.994937 12.340410 44.867584
v -2.125133 12.332634 44.823227
v -2.255329 12.324858 44.778873
v -2.385525 12.317080 44.734520
v -2.515721 12.309306 44.690163
v -2.645917 12.301530 44.645805
v -2.776113 12.293755 44.601452
v -1.954989 12.589436 45.133572
v -2.087734 12.580959 45.089577
v -2.220479 12.572482 45.045578
v -2.353225 12.564005 45.001583
v -2.485970 12.555529 44.957584
v -2.618716 12.547053 44.913589
v -2.751461 12.538574 44.869591
v -2.884207 12.530099 44.825596
v -0.301207 10.846689 44.000755
v -0.414600 10.853886 43.954243
v -0.527994 10.861084 43.907730
v -0.641387 10.868282 43.861217
v -0.754781 10.875481 43.814705
v -0.868174 10.882680 43.768196
v -0.981567 10.889879 43.721684
v -1.094961 10.897076 43.675171
v -0.368326 11.092314 44.219181
v -0.484292 11.099052 44.173023
v -0.600258 11.105791 44.126869
v -0.716224 11.112530 44.080711
v -0.832190 11.119268 44.034554
v -0.948155 11.126006 43.988400
v -1.064121 11.132746 43.942245
v -1.180087 11.139484 43.896088
v -0.435446 11.337936 44.437607
v -0.553984 11.344217 44.391804
v -0.672522 11.350496 44.346004
v -0.791060 11.356776 44.300205
v -0.909598 11.363055 44.254406
v -1.028137 11.369334 44.208603
v -1.146675 11.375613 44.162804
v -1.265213 11.381892 44.117004
v -0.502565 11.583562 44.656029
v -0.623676 11.589381 44.610584
v -0.744786 11.595201 44.565140
v -0.865897 11.601021 44.519699
v -0.987007 11.606841 44.474255
v -1.108118 11.612662 44.428810
v -1.229228 11.618481 44.383366
v -1.350339 11.624300 44.337921
v -0.569685 11.829187 44.874454
v -0.693368 11.834548 44.829369
v -0.817050 11.839909 44.784279
v -0.940733 11.845267 44.739189
v -1.064416 11.850629 44.694103
v -1.188099 11.855988 44.649014
v -1.311782 11.861348 44.603928
v -1.435465 11.866708 44.558838
v -0.636804 12.074811 45.092880
v -0.763059 12.079711 45.048149
v -0.889315 12.084611 45.003418
v -1.015570 12.089511 44.958683
v -1.141825 12.094412 44.913952
v -1.268081 12.099312 44.869221
v -1.394336 12.104213 44.824486
v -1.520591 12.109115 44.779755
v -0.703923 12.320436 45.311306
v -0.832751 12.324878 45.266930
v -0.961579 12.329319 45.222553
v -1.090407 12.333759 45.178177
v -1.219234 12.338201 45.133801
v -1.348062 12.342641 45.089424
v -1.476889 12.347082 45.045048
v -1.605717 12.351523 45.000671
v -0.771043 12.566061 45.529732
v -0.902443 12.570042 45.485710
v -1.033843 12.574022 45.441689
v -1.165243 12.578004 45.397667
v -1.296643 12.581986 45.353649
v -1.428043 12.585967 45.309628
v -1.559443 12.589948 45.265610
v -1.690843 12.593930 45.221588
v 0.699317 10.698217 44.419388
v 0.588426 10.715876 44.372871
v 0.477535 10.733535 44.326355
v 0.366643 10.751195 44.279839
v 0.255752 10.768854 44.233326
v 0.144861 10.786511 44.186813
v 0.033969 10.804172 44.140297
v -0.076922 10.821831 44.093781
v 0.655356 10.946067 44.634632
v 0.541892 10.963505 44.588470
v 0.428427 10.980944 44.542309
v 0.314963 10.998382 44.496147
v 0.201498 11.015821 44.449982
v 0.088033 11.033257 44.403820
v -0.025431 11.050697 44.357658
v -0.138896 11.068134 44.311497
v 0.611396 11.193916 44.849876
v 0.495358 11.211134 44.804070
v 0.379320 11.228352 44.758259
v 0.263282 11.245569 44.712448
v 0.147244 11.262787 44.666641
v 0.031206 11.280006 44.620831
v -0.084832 11.297223 44.575024
v -0.200870 11.314440 44.529213
v 0.567435 11.441764 45.065121
v 0.448824 11.458761 45.019665
v 0.330212 11.475759 44.974209
v 0.211601 11.492756 44.928753
v 0.092990 11.509753 44.883297
v -0.025621 11.526750 44.837841
v -0.144232 11.543747 44.792385
v -0.262843 11.560747 44.746929
v 0.523474 11.689612 45.280365
v 0.402290 11.706391 45.235264
v 0.281105 11.723167 45.190159
v 0.159921 11.739945 45.145058
v 0.038736 11.756721 45.099953
v -0.082448 11.773497 45.054852
v -0.203633 11.790275 45.009750
v -0.324817 11.807052 44.964645
v 0.479513 11.937463 45.495609
v 0.355756 11.954019 45.450859
v 0.231998 11.970575 45.406113
v 0.108240 11.987131 45.361362
v -0.015518 12.003687 45.316612
v -0.139275 12.020243 45.271862
v -0.263033 12.036798 45.227112
v -0.386791 12.053353 45.182362
v 0.435553 12.185311 45.710854
v 0.309222 12.201646 45.666458
v 0.182891 12.217982 45.622063
v 0.056560 12.234318 45.577663
v -0.069772 12.250652 45.533268
v -0.196103 12.266989 45.488869
v -0.322434 12.283324 45.444473
v -0.448765 12.299661 45.400078
v 0.391592 12.433159 45.926102
v 0.262688 12.449274 45.882057
v 0.133783 12.465388 45.838013
v 0.004879 12.481503 45.793968
v -0.124025 12.497619 45.749924
v -0.252930 12.513733 45.705883
v -0.381834 12.529848 45.661839
v -0.510739 12.545962 45.617794
v 1.669715 10.458819 44.838043
v 1.562276 10.486537 44.791527
v 1.454838 10.514254 44.745010
v 1.347399 10.541971 44.698490
v 1.239961 10.569689 44.651974
v 1.132523 10.597406 44.605453
v 1.025085 10.625124 44.558937
v 0.917646 10.652843 44.512417
v 1.648749 10.706772 45.050137
v 1.538758 10.734503 45.003967
v 1.428767 10.762235 44.957802
v 1.318776 10.789967 44.911633
v 1.208785 10.817698 44.865463
v 1.098794 10.845433 44.819298
v 0.988803 10.873163 44.773129
v 0.878812 10.900895 44.726959
v 1.627784 10.954724 45.262226
v 1.515240 10.982472 45.216408
v 1.402696 11.010219 45.170589
v 1.290153 11.037965 45.124775
v 1.177609 11.065712 45.078957
v 1.065065 11.093457 45.033138
v 0.952521 11.121205 44.987320
v 0.839977 11.148951 44.941502
v 1.606819 11.202678 45.474316
v 1.491722 11.230438 45.428848
v 1.376626 11.258200 45.383381
v 1.261529 11.285962 45.337914
v 1.146433 11.313723 45.292446
v 1.031336 11.341483 45.246979
v 0.916239 11.369245 45.201511
v 0.801143 11.397006 45.156044
v 1.585854 11.450631 45.686409
v 1.468204 11.478406 45.641289
v 1.350555 11.506182 45.596172
v 1.232906 11.533957 45.551056
v 1.115256 11.561734 45.505939
v 0.997607 11.589509 45.460819
v 0.879957 11.617285 45.415703
v 0.762308 11.645061 45.370586
v 1.564889 11.698585 45.898499
v 1.444687 11.726375 45.853729
v 1.324484 11.754166 45.808964
v 1.204282 11.781957 45.764198
v 1.084080 11.809746 45.719429
v 0.963878 11.837535 45.674664
v 0.843676 11.865326 45.629894
v 0.723473 11.893116 45.585129
v 1.543923 11.946537 46.110588
v 1.421168 11.974341 46.066170
v 1.298413 12.002146 46.021755
v 1.175658 12.029950 45.977337
v 1.052904 12.057755 45.932919
v 0.930149 12.085561 45.888504
v 0.807394 12.113364 45.844086
v 0.684639 12.141170 45.799667
v 1.522958 12.194489 46.322678
v 1.397650 12.222310 46.278610
v 1.272343 12.250130 46.234547
v 1.147035 12.277949 46.190479
v 1.021727 12.305769 46.146412
v 0.896420 12.333589 46.102345
v 0.771112 12.361406 46.058277
v 0.645804 12.389225 46.014210
v 2.601852 10.132795 45.256729
v 2.498764 10.170083 45.210205
v 2.395677 10.207372 45.163685
v 2.292590 10.244661 45.117165
v 2.189502 10.281949 45.070644
v 2.086415 10.319238 45.024124
v 1.983328 10.356525 44.977604
v 1.880240 10.393813 44.931084
v 2.603530 10.378779 45.465691
v 2.497931 10.416312 45.419518
v 2.392333 10.453845 45.373344
v 2.286734 10.491377 45.327171
v 2.181135 10.528910 45.280998
v 2.075536 10.566442 45.234825
v 1.969938 10.603975 45.188648
v 1.864339 10.641508 45.142475
v 2.605208 10.624763 45.674652
v 2.497098 10.662539 45.628826
v 2.388988 10.700318 45.583000
v 2.280878 10.738096 45.537174
v 2.172768 10.775874 45.491348
v 2.064658 10.813650 45.445522
v 1.956548 10.851426 45.399696
v 1.848438 10.889200 45.353870
v 2.606886 10.870749 45.883614
v 2.496265 10.908770 45.838135
v 2.385643 10.946791 45.792656
v 2.275022 10.984812 45.747177
v 2.164401 11.022833 45.701698
v 2.053779 11.060854 45.656219
v 1.943158 11.098874 45.610741
v 1.832537 11.136896 45.565262
v 2.608564 11.116735 46.092579
v 2.495431 11.154999 46.047447
v 2.382299 11.193264 46.002316
v 2.269166 11.231529 45.957184
v 2.156034 11.269794 45.912052
v 2.042901 11.308058 45.866920
v 1.929768 11.346324 45.821789
v 1.816636 11.384590 45.776657
v 2.610243 11.362720 46.301540
v 2.494599 11.401229 46.256756
v 2.378955 11.439739 46.211971
v 2.263311 11.478247 46.167187
v 2.147667 11.516756 46.122402
v 2.032023 11.555267 46.077618
v 1.916379 11.593775 46.032833
v 1.800735 11.632283 45.988049
v 2.611920 11.608706 46.510502
v 2.493765 11.647459 46.466064
v 2.375610 11.686213 46.421627
v 2.257455 11.724967 46.377190
v 2.139299 11.763720 46.332756
v 2.021144 11.802472 46.288319
v 1.902989 11.841226 46.243881
v 1.784834 11.879980 46.199444
v 2.613598 11.854691 46.719467
v 2.492932 11.893688 46.675377
v 2.372265 11.932686 46.631287
v 2.251599 11.971684 46.587196
v 2.130932 12.010681 46.543106
v 2.010265 12.049679 46.499016
v 1.889599 12.088675 46.454926
v 1.768932 12.127673 46.410835
v 3.488132 9.725161 45.675438
v 3.390233 9.771454 45.628914
v 3.292334 9.817747 45.582390
v 3.194435 9.864041 45.535866
v 3.096536 9.910335 45.489342
v 2.998636 9.956628 45.442818
v 2.900738 10.002920 45.396297
v 2.802838 10.049213 45.349773
v 3.511921 9.967172 45.881298
v 3.411572 10.013932 45.835117
v 3.311223 10.060690 45.788940
v 3.210874 10.107450 45.742760
v 3.110524 10.154209 45.696579
v 3.010175 10.200969 45.650402
v 2.909827 10.247727 45.604221
v 2.809478 10.294487 45.558044
v 3.535710 10.209182 46.087158
v 3.432911 10.256407 46.041321
v 3.330112 10.303633 45.995487
v 3.227313 10.350859 45.949654
v 3.124514 10.398084 45.903820
v 3.021715 10.445310 45.857983
v 2.918916 10.492536 45.812149
v 2.816117 10.539762 45.766315
v 3.559499 10.451193 46.293018
v 3.454250 10.498884 46.247528
v 3.349000 10.546576 46.202038
v 3.243752 10.594268 46.156548
v 3.138503 10.641960 46.111057
v 3.033254 10.689651 46.065567
v 2.928005 10.737343 46.020077
v 2.822756 10.785035 45.974586
v 3.583287 10.693204 46.498878
v 3.475589 10.741363 46.453732
v 3.367890 10.789519 46.408585
v 3.260191 10.837679 46.363441
v 3.152492 10.885837 46.318295
v 3.044793 10.933994 46.273148
v 2.937094 10.982153 46.228001
v 2.829396 11.030312 46.182854
v 3.607076 10.935215 46.704739
v 3.496927 10.983840 46.659935
v 3.386779 11.032465 46.615135
v 3.276630 11.081089 46.570332
v 3.166481 11.129714 46.525532
v 3.056332 11.178338 46.480728
v 2.946184 11.226963 46.435928
v 2.836035 11.275587 46.391129
v 3.630865 11.177227 46.910599
v 3.518266 11.226317 46.866142
v 3.405668 11.275409 46.821682
v 3.293069 11.324500 46.777225
v 3.180470 11.373591 46.732769
v 3.067872 11.422680 46.688313
v 2.955273 11.471771 46.643852
v 2.842674 11.520863 46.599396
v 3.654653 11.419238 47.116459
v 3.539605 11.468796 47.072346
v 3.424556 11.518353 47.028233
v 3.309507 11.567911 46.984119
v 3.194459 11.617466 46.940006
v 3.079411 11.667023 46.895893
v 2.964362 11.716578 46.851780
v 2.849313 11.766137 46.807667
v 4.321558 9.241587 46.094173
v 4.229618 9.296247 46.047646
v 4.137676 9.350907 46.001118
v 4.045735 9.405566 45.954594
v 3.953794 9.460226 45.908066
v 3.861853 9.514886 45.861542
v 3.769913 9.569547 45.815014
v 3.677972 9.624207 45.768486
v 4.366754 9.477696 46.296955
v 4.272443 9.533036 46.250771
v 4.178133 9.588375 46.204586
v 4.083822 9.643715 46.158401
v 3.989512 9.699054 46.112217
v 3.895201 9.754394 46.066032
v 3.800891 9.809731 46.019848
v 3.706580 9.865071 45.973663
v 4.411948 9.713807 46.499737
v 4.315269 9.769826 46.453896
v 4.218588 9.825844 46.408051
v 4.121909 9.881863 46.362209
v 4.025229 9.937882 46.316364
v 3.928549 9.993900 46.270523
v 3.831869 10.049919 46.224678
v 3.735189 10.105938 46.178837
v 4.457143 9.949917 46.702522
v 4.358094 10.006615 46.657021
v 4.259044 10.063313 46.611519
v 4.159995 10.120011 46.566017
v 4.060945 10.176708 46.520515
v 3.961896 10.233407 46.475014
v 3.862846 10.290105 46.429512
v 3.763797 10.346803 46.384010
v 4.502338 10.186027 46.905304
v 4.400919 10.243404 46.860146
v 4.299500 10.300780 46.814983
v 4.198081 10.358158 46.769825
v 4.096663 10.415536 46.724663
v 3.995243 10.472914 46.679504
v 3.893824 10.530291 46.634346
v 3.792405 10.587668 46.589184
v 4.547534 10.422136 47.108089
v 4.443745 10.480193 47.063271
v 4.339957 10.538250 47.018452
v 4.236168 10.596307 46.973633
v 4.132380 10.654364 46.928814
v 4.028591 10.712421 46.883995
v 3.924802 10.770475 46.839176
v 3.821013 10.828532 46.794357
v 4.592729 10.658247 47.310871
v 4.486570 10.716983 47.266396
v 4.380412 10.775720 47.221916
v 4.274254 10.834455 47.177441
v 4.168096 10.893193 47.132961
v 4.061938 10.951928 47.088486
v 3.955780 11.010664 47.044010
v 3.849622 11.069401 46.999531
v 4.637923 10.894356 47.513653
v 4.529396 10.953772 47.469517
v 4.420868 11.013186 47.425385
v 4.312340 11.072602 47.381248
v 4.203812 11.132017 47.337112
v 4.095284 11.191432 47.292976
v 3.986757 11.250849 47.248840
v 3.878230 11.310266 47.204704
v 5.095787 8.688327 46.512932
v 5.010501 8.750652 46.466404
v 4.925215 8.812978 46.419876
v 4.839930 8.875302 46.373344
v 4.754643 8.937628 46.326817
v 4.669358 8.999952 46.280285
v 4.584072 9.062278 46.233757
v 4.498785 9.124602 46.187229
v 5.161522 8.916703 46.712666
v 5.073965 8.979911 46.666473
v 4.986407 9.043118 46.620285
v 4.898850 9.106325 46.574093
v 4.811293 9.169531 46.527901
v 4.723736 9.232738 46.481712
v 4.636178 9.295944 46.435520
v 4.548621 9.359151 46.389332
v 5.227256 9.145080 46.912395
v 5.137428 9.209167 46.866543
v 5.047600 9.273256 46.820694
v 4.957771 9.337346 46.774841
v 4.867943 9.401434 46.728989
v 4.778114 9.465523 46.683136
v 4.688285 9.529611 46.637283
v 4.598457 9.593700 46.591434
v 5.292991 9.373456 47.112125
v 5.200891 9.438427 47.066612
v 5.108791 9.503397 47.021103
v 5.016692 9.568367 46.975590
v 4.924592 9.633337 46.930077
v 4.832492 9.698308 46.884563
v 4.740393 9.763278 46.839050
v 4.648293 9.828248 46.793537
v 5.358726 9.601832 47.311859
v 5.264355 9.667684 47.266685
v 5.169984 9.733536 47.221512
v 5.075613 9.799389 47.176338
v 4.981242 9.865240 47.131161
v 4.886871 9.931091 47.085987
v 4.792500 9.996944 47.040813
v 4.698128 10.062798 46.995640
v 5.424460 9.830209 47.511589
v 5.327818 9.896943 47.466755
v 5.231176 9.963676 47.421921
v 5.134533 10.030410 47.377083
v 5.037891 10.097142 47.332249
v 4.941249 10.163877 47.287415
v 4.844607 10.230612 47.242577
v 4.747965 10.297344 47.197742
v 5.490195 10.058585 47.711323
v 5.391282 10.126201 47.666824
v 5.292368 10.193816 47.622330
v 5.193455 10.261432 47.577831
v 5.094541 10.329046 47.533333
v 4.995627 10.396663 47.488838
v 4.896714 10.464279 47.444340
v 4.797801 10.531896 47.399845
v 5.555930 10.286962 47.911053
v 5.454745 10.355458 47.866894
v 5.353559 10.423957 47.822739
v 5.252375 10.492454 47.778580
v 5.151190 10.560950 47.734421
v 5.050005 10.629448 47.690262
v 4.948821 10.697946 47.646107
v 4.847636 10.766443 47.601948
v 5.805173 8.072150 46.931717
v 5.727161 8.141380 46.885185
v 5.649148 8.210612 46.838654
v 5.571136 8.279845 46.792122
v 5.493124 8.349077 46.745590
v 5.415111 8.418307 46.699059
v 5.337099 8.487540 46.652527
v 5.259086 8.556770 46.605995
v 5.890430 8.291068 47.128422
v 5.810261 8.361372 47.082226
v 5.730093 8.431676 47.036030
v 5.649923 8.501980 46.989834
v 5.569755 8.572283 46.943638
v 5.489586 8.642586 46.897442
v 5.409417 8.712890 46.851246
v 5.329248 8.783194 46.805050
v 5.975687 8.509985 47.325127
v 5.893362 8.581361 47.279266
v 5.811036 8.652737 47.233406
v 5.728711 8.724113 47.187546
v 5.646385 8.795487 47.141685
v 5.564061 8.866862 47.095825
v 5.481735 8.938240 47.049969
v 5.399410 9.009616 47.004108
v 6.060944 8.728904 47.521832
v 5.976463 8.801352 47.476307
v 5.891981 8.873800 47.430786
v 5.807499 8.946248 47.385262
v 5.723018 9.018695 47.339737
v 5.638536 9.091143 47.294212
v 5.554054 9.163589 47.248688
v 5.469572 9.236038 47.203163
v 6.146202 8.947823 47.718536
v 6.059564 9.021342 47.673347
v 5.972926 9.094862 47.628162
v 5.886287 9.168382 47.582973
v 5.799650 9.241902 47.537785
v 5.713012 9.315422 47.492596
v 5.626373 9.388942 47.447411
v 5.539734 9.462461 47.402222
v 6.231460 9.166739 47.915241
v 6.142665 9.241331 47.870388
v 6.053871 9.315923 47.825539
v 5.965076 9.390514 47.780685
v 5.876282 9.465107 47.735832
v 5.787487 9.539700 47.690983
v 5.698693 9.614291 47.646130
v 5.609898 9.688883 47.601276
v 6.316717 9.385656 48.111946
v 6.225765 9.461322 48.067429
v 6.134814 9.536984 48.022915
v 6.043863 9.612650 47.978397
v 5.952912 9.688313 47.933884
v 5.861961 9.763978 47.889366
v 5.771010 9.839642 47.844849
v 5.680059 9.915306 47.800335
v 6.401973 9.604575 48.308651
v 6.308866 9.681312 48.264473
v 6.215758 9.758048 48.220291
v 6.122651 9.834785 48.176109
v 6.029544 9.911520 48.131931
v 5.936437 9.988256 48.087749
v 5.843329 10.064992 48.043571
v 5.750222 10.141727 47.999390
v 6.444813 7.400260 47.350529
v 6.374610 7.475592 47.303993
v 6.304407 7.550925 47.257458
v 6.234203 7.626257 47.210922
v 6.164000 7.701589 47.164391
v 6.093797 7.776921 47.117855
v 6.023592 7.852254 47.071320
v 5.953389 7.927587 47.024784
v 6.548438 7.608113 47.544231
v 6.476208 7.684694 47.498028
v 6.403978 7.761276 47.451828
v 6.331749 7.837858 47.405624
v 6.259519 7.914439 47.359425
v 6.187289 7.991020 47.313225
v 6.115059 8.067601 47.267021
v 6.042829 8.144182 47.220821
v 6.652062 7.815965 47.737934
v 6.577806 7.893796 47.692066
v 6.503550 7.971627 47.646198
v 6.429293 8.049458 47.600327
v 6.355037 8.127289 47.554459
v 6.280781 8.205120 47.508591
v 6.206525 8.282949 47.462723
v 6.132269 8.360781 47.416855
v 6.755686 8.023819 47.931637
v 6.679403 8.102899 47.886101
v 6.603120 8.181979 47.840565
v 6.526838 8.261058 47.795033
v 6.450555 8.340137 47.749496
v 6.374273 8.419216 47.703960
v 6.297991 8.498297 47.658424
v 6.221709 8.577376 47.612892
v 6.859310 8.231672 48.125340
v 6.781001 8.312000 48.080139
v 6.702692 8.392328 48.034935
v 6.624383 8.472656 47.989735
v 6.546074 8.552987 47.944530
v 6.467765 8.633316 47.899330
v 6.389457 8.713644 47.854130
v 6.311149 8.793973 47.808926
v 6.962935 8.439524 48.319042
v 6.882600 8.521102 48.274174
v 6.802265 8.602679 48.229305
v 6.721930 8.684258 48.184437
v 6.641594 8.765837 48.139568
v 6.561260 8.847415 48.094700
v 6.480924 8.928992 48.049831
v 6.400589 9.010570 48.004963
v 7.066559 8.647377 48.512745
v 6.984198 8.730204 48.468208
v 6.901836 8.813031 48.423676
v 6.819475 8.895858 48.379139
v 6.737114 8.978685 48.334602
v 6.654753 9.061512 48.290070
v 6.572391 9.144340 48.245533
v 6.490029 9.227166 48.200996
v 7.170183 8.855231 48.706448
v 7.085795 8.939306 48.662247
v 7.001407 9.023382 48.618042
v 6.917020 9.107457 48.573841
v 6.832632 9.191534 48.529640
v 6.748244 9.275610 48.485435
v 6.663857 9.359686 48.441235
v 6.579469 9.443763 48.397034
v 7.010577 6.680218 47.769363
v 6.948632 6.760807 47.722824
v 6.886687 6.841396 47.676289
v 6.824742 6.921985 47.629749
v 6.762797 7.002574 47.583214
v 6.700851 7.083162 47.536674
v 6.638907 7.163751 47.490139
v 6.576962 7.244339 47.443600
v 7.131288 6.875529 47.960087
v 7.067460 6.957530 47.913879
v 7.003633 7.039530 47.867676
v 6.939806 7.121531 47.821468
v 6.875978 7.203531 47.775261
v 6.812150 7.285531 47.729053
v 6.748323 7.367531 47.682846
v 6.684495 7.449532 47.636639
v 7.251998 7.070839 48.150814
v 7.186289 7.154252 48.104939
v 7.120578 7.237663 48.059059
v 7.054868 7.321075 48.013184
v 6.989158 7.404487 47.967308
v 6.923449 7.487899 47.921432
v 6.857738 7.571311 47.875553
v 6.792027 7.654723 47.829678
v 7.372708 7.266150 48.341537
v 7.305116 7.350973 48.295994
v 7.237524 7.435797 48.250446
v 7.169931 7.520620 48.204903
v 7.102338 7.605444 48.159355
v 7.034746 7.690268 48.113808
v 6.967153 7.775092 48.068264
v 6.899561 7.859915 48.022717
v 7.493418 7.461461 48.532265
v 7.423944 7.547696 48.487049
v 7.354469 7.633931 48.441833
v 7.284994 7.720166 48.396618
v 7.215519 7.806401 48.351402
v 7.146044 7.892636 48.306187
v 7.076569 7.978871 48.260971
v 7.007094 8.065107 48.215755
v 7.614129 7.656772 48.722992
v 7.542771 7.744419 48.678104
v 7.471414 7.832065 48.633221
v 7.400057 7.919712 48.588337
v 7.328700 8.007360 48.543449
v 7.257342 8.095006 48.498566
v 7.185985 8.182654 48.453682
v 7.114628 8.270300 48.408794
v 7.734838 7.852083 48.913715
v 7.661599 7.941141 48.869164
v 7.588359 8.030200 48.824608
v 7.515119 8.119259 48.780052
v 7.441879 8.208318 48.735497
v 7.368639 8.297376 48.690945
v 7.295400 8.386434 48.646389
v 7.222160 8.475492 48.601833
v 7.855548 8.047395 49.104443
v 7.780426 8.137865 49.060219
v 7.705304 8.228335 49.015995
v 7.630181 8.318805 48.971771
v 7.555059 8.409274 48.927547
v 7.479937 8.499745 48.883324
v 7.404814 8.590215 48.839096
v 7.329692 8.680684 48.794872
v 7.499129 5.919866 48.188221
v 7.445803 6.004837 48.141682
v 7.392477 6.089807 48.095139
v 7.339152 6.174777 48.048599
v 7.285826 6.259748 48.002060
v 7.232500 6.344718 47.955521
v 7.179174 6.429689 47.908981
v 7.125849 6.514659 47.862438
v 7.635532 6.101296 48.375992
v 7.580480 6.187825 48.329781
v 7.525428 6.274355 48.283569
v 7.470376 6.360884 48.237358
v 7.415324 6.447413 48.191143
v 7.360271 6.533942 48.144932
v 7.305220 6.620471 48.098721
v 7.250167 6.707000 48.052505
v 7.771935 6.282726 48.563766
v 7.715158 6.370814 48.517883
v 7.658379 6.458901 48.471996
v 7.601600 6.546989 48.426113
v 7.544822 6.635077 48.380226
v 7.488044 6.723165 48.334343
v 7.431265 6.811252 48.288460
v 7.374486 6.899340 48.242573
v 7.908338 6.464157 48.751537
v 7.849833 6.553803 48.705982
v 7.791328 6.643449 48.660423
v 7.732824 6.733095 48.614868
v 7.674319 6.822742 48.569313
v 7.615815 6.912387 48.523754
v 7.557310 7.002034 48.478199
v 7.498805 7.091681 48.432640
v 8.044742 6.645587 48.939312
v 7.984510 6.736793 48.894081
v 7.924279 6.827997 48.848854
v 7.864048 6.919202 48.803623
v 7.803817 7.010407 48.758396
v 7.743587 7.101612 48.713165
v 7.683355 7.192817 48.667938
v 7.623124 7.284021 48.622707
v 8.181144 6.827017 49.127083
v 8.119186 6.919782 49.082184
v 8.057229 7.012545 49.037281
v 7.995271 7.105309 48.992382
v 7.933314 7.198071 48.947479
v 7.871356 7.290835 48.902580
v 7.809400 7.383598 48.857677
v 7.747443 7.476361 48.812775
v 8.317547 7.008448 49.314857
v 8.253863 7.102771 49.270283
v 8.190180 7.197092 49.225712
v 8.126496 7.291414 49.181137
v 8.062813 7.385736 49.136562
v 7.999129 7.480058 49.091991
v 7.935445 7.574379 49.047417
v 7.871761 7.668703 49.002842
v 8.453949 7.189878 49.502628
v 8.388539 7.285759 49.458382
v 8.323130 7.381640 49.414139
v 8.257719 7.477521 49.369892
v 8.192309 7.573401 49.325645
v 8.126900 7.669282 49.281403
v 8.061490 7.765163 49.237156
v 7.996079 7.861043 49.192909
v 7.907943 5.127242 48.607105
v 7.863507 5.215698 48.560562
v 7.819071 5.304155 48.514019
v 7.774636 5.392613 48.467476
v 7.730200 5.481069 48.420933
v 7.685764 5.569525 48.374390
v 7.641327 5.657982 48.327847
v 7.596891 5.746439 48.281303
v 8.058548 5.293600 48.791946
v 8.012552 5.383745 48.745731
v 7.966558 5.473891 48.699512
v 7.920562 5.564037 48.653294
v 7.874567 5.654183 48.607079
v 7.828571 5.744329 48.560860
v 7.782576 5.834475 48.514641
v 7.736579 5.924621 48.468422
v 8.209153 5.459958 48.976791
v 8.161598 5.551792 48.930897
v 8.114043 5.643628 48.885006
v 8.066488 5.735463 48.839111
v 8.018933 5.827299 48.793221
v 7.971379 5.919134 48.747330
v 7.923823 6.010969 48.701435
v 7.876268 6.102803 48.655544
v 8.359757 5.626314 49.161633
v 8.310643 5.719839 49.116066
v 8.261529 5.813364 49.070499
v 8.212415 5.906888 49.024933
v 8.163301 6.000412 48.979366
v 8.114186 6.093937 48.933796
v 8.065072 6.187461 48.888229
v 8.015957 6.280986 48.842663
v 8.510362 5.792672 49.346478
v 8.459688 5.887886 49.301235
v 8.409015 5.983100 49.255993
v 8.358341 6.078314 49.210751
v 8.307668 6.173528 49.165508
v 8.256994 6.268742 49.120266
v 8.206320 6.363956 49.075024
v 8.155645 6.459170 49.029781
v 8.660967 5.959030 49.531322
v 8.608734 6.055933 49.486404
v 8.556500 6.152837 49.441486
v 8.504268 6.249739 49.396568
v 8.452034 6.346642 49.351654
v 8.399800 6.443546 49.306736
v 8.347568 6.540448 49.261818
v 8.295334 6.637352 49.216904
v 8.811572 6.125387 49.716164
v 8.757779 6.223980 49.671574
v 8.703986 6.322572 49.626980
v 8.650194 6.421164 49.582390
v 8.596401 6.519757 49.537796
v 8.542608 6.618349 49.493206
v 8.488815 6.716942 49.448612
v 8.435023 6.815534 49.404022
v 8.962177 6.291745 49.901009
v 8.906824 6.392026 49.856743
v 8.851473 6.492308 49.812473
v 8.796121 6.592591 49.768208
v 8.740768 6.692871 49.723942
v 8.685415 6.793153 49.679676
v 8.630064 6.893434 49.635406
v 8.574712 6.993716 49.591141
v 8.235312 4.310497 49.026012
v 8.199945 4.401533 48.979465
v 8.164579 4.492569 48.932919
v 8.129212 4.583605 48.886375
v 8.093846 4.674641 48.839828
v 8.058479 4.765677 48.793282
v 8.023113 4.856713 48.746738
v 7.987746 4.947749 48.700191
v 8.398546 4.460741 49.207947
v 8.361795 4.553580 49.161724
v 8.325046 4.646419 49.115501
v 8.288295 4.739259 49.069279
v 8.251545 4.832098 49.023056
v 8.214794 4.924937 48.976833
v 8.178044 5.017775 48.930611
v 8.141294 5.110614 48.884388
v 8.561779 4.610985 49.389885
v 8.523644 4.705627 49.343987
v 8.485511 4.800269 49.298088
v 8.447376 4.894912 49.252186
v 8.409243 4.989553 49.206284
v 8.371108 5.084195 49.160385
v 8.332975 5.178837 49.114483
v 8.294842 5.273480 49.068584
v 8.725012 4.761230 49.571823
v 8.685494 4.857675 49.526245
v 8.645977 4.954120 49.480671
v 8.606460 5.050565 49.435093
v 8.566942 5.147011 49.389515
v 8.527425 5.243455 49.343937
v 8.487907 5.339901 49.298359
v 8.448390 5.436346 49.252781
v 8.888246 4.911474 49.753761
v 8.847344 5.009722 49.708508
v 8.806443 5.107970 49.663254
v 8.765542 5.206219 49.617996
v 8.724641 5.304466 49.572742
v 8.683740 5.402714 49.527485
v 8.642838 5.500962 49.482231
v 8.601936 5.599210 49.436974
v 9.051478 5.061719 49.935699
v 9.009193 5.161771 49.890770
v 8.966908 5.261821 49.845837
v 8.924623 5.361872 49.800903
v 8.882339 5.461923 49.755970
v 8.840054 5.561974 49.711037
v 8.797770 5.662025 49.666103
v 8.755485 5.762077 49.621170
v 9.214711 5.211964 50.117638
v 9.171043 5.313818 50.073029
v 9.127375 5.415672 50.028419
v 9.083706 5.517526 49.983807
v 9.040038 5.619380 49.939198
v 8.996369 5.721234 49.894588
v 8.952701 5.823087 49.849976
v 8.909033 5.924941 49.805367
v 9.377944 5.362209 50.299576
v 9.332892 5.465865 50.255291
v 9.287841 5.569523 50.211002
v 9.242788 5.673179 50.166714
v 9.197737 5.776835 50.122425
v 9.152685 5.880492 50.078136
v 9.107634 5.984149 50.033852
v 9.062581 6.087806 49.989563
v 8.480345 3.477815 49.444939
v 8.454137 3.570521 49.398392
v 8.427929 3.663226 49.351845
v 8.401720 3.755932 49.305298
v 8.375512 3.848638 49.258747
v 8.349304 3.941343 49.212200
v 8.323095 4.034049 49.165653
v 8.296886 4.126754 49.119102
v 8.654566 3.611064 49.623997
v 8.627157 3.705669 49.577770
v 8.599749 3.800274 49.531540
v 8.572340 3.894879 49.485313
v 8.544931 3.989483 49.439083
v 8.517523 4.084089 49.392857
v 8.490113 4.178693 49.346626
v 8.462705 4.273297 49.300400
v 8.828786 3.744314 49.803055
v 8.800177 3.840818 49.757145
v 8.771567 3.937321 49.711235
v 8.742958 4.033824 49.665329
v 8.714350 4.130328 49.619419
v 8.685740 4.226833 49.573513
v 8.657131 4.323336 49.527603
v 8.628522 4.419840 49.481697
v 9.003005 3.877563 49.982109
v 8.973195 3.975966 49.936520
v 8.943386 4.074368 49.890934
v 8.913576 4.172771 49.845345
v 8.883767 4.271174 49.799755
v 8.853957 4.369576 49.754169
v 8.824148 4.467979 49.708580
v 8.794339 4.566382 49.662991
v 9.177225 4.010812 50.161163
v 9.146214 4.111113 50.115898
v 9.115206 4.211415 50.070629
v 9.084196 4.311717 50.025360
v 9.053185 4.412019 49.980091
v 9.022176 4.512321 49.934822
v 8.991166 4.612623 49.889557
v 8.960156 4.712925 49.844288
v 9.351445 4.144061 50.340221
v 9.319236 4.246262 50.295273
v 9.287025 4.348463 50.250324
v 9.254815 4.450664 50.205376
v 9.222605 4.552865 50.160427
v 9.190394 4.655066 50.115479
v 9.158184 4.757267 50.070530
v 9.125975 4.859468 50.025581
v 9.525664 4.277309 50.519276
v 9.492254 4.381410 50.474648
v 9.458843 4.485509 50.430019
v 9.425433 4.589610 50.385391
v 9.392023 4.693710 50.340763
v 9.358612 4.797810 50.296135
v 9.325202 4.901910 50.251507
v 9.291790 5.006010 50.206879
v 9.699884 4.410559 50.698334
v 9.665273 4.516558 50.654026
v 9.630662 4.622557 50.609718
v 9.596051 4.728556 50.565407
v 9.561440 4.834555 50.521099
v 9.526829 4.940554 50.476791
v 9.492218 5.046553 50.432484
v 9.457606 5.152553 50.388172
v 8.642959 2.637335 49.863892
v 8.625908 2.730806 49.817345
v 8.608857 2.824278 49.770794
v 8.591806 2.917749 49.724243
v 8.574756 3.011221 49.677692
v 8.557705 3.104693 49.631142
v 8.540654 3.198165 49.584591
v 8.523604 3.291638 49.538040
v 8.826470 2.752866 50.040092
v 8.808409 2.848316 49.993858
v 8.790347 2.943765 49.947624
v 8.772285 3.039214 49.901390
v 8.754223 3.134663 49.855156
v 8.736161 3.230113 49.808926
v 8.718099 3.325562 49.762691
v 8.700037 3.421010 49.716457
v 9.009982 2.868398 50.216290
v 8.990910 2.965825 50.170372
v 8.971836 3.063251 50.124458
v 8.952763 3.160678 50.078541
v 8.933689 3.258104 50.032623
v 8.914616 3.355531 49.986710
v 8.895542 3.452957 49.940792
v 8.876468 3.550384 49.894878
v 9.193494 2.983929 50.392487
v 9.173409 3.083333 50.346886
v 9.153324 3.182737 50.301289
v 9.133239 3.282141 50.255692
v 9.113154 3.381545 50.210091
v 9.093070 3.480949 50.164494
v 9.072985 3.580353 50.118893
v 9.052899 3.679757 50.073296
v 9.377006 3.099461 50.568684
v 9.355909 3.200842 50.523403
v 9.334813 3.302224 50.478119
v 9.313717 3.403605 50.432838
v 9.292620 3.504986 50.387558
v 9.271523 3.606367 50.342278
v 9.250427 3.707748 50.296997
v 9.229332 3.809129 50.251713
v 9.560518 3.214993 50.744881
v 9.538410 3.318351 50.699917
v 9.516302 3.421710 50.654953
v 9.494195 3.525068 50.609989
v 9.472087 3.628427 50.565025
v 9.449979 3.731785 50.520061
v 9.427871 3.835144 50.475098
v 9.405763 3.938502 50.430134
v 9.744030 3.330524 50.921078
v 9.720911 3.435860 50.876431
v 9.697791 3.541195 50.831783
v 9.674672 3.646531 50.787140
v 9.651553 3.751867 50.742493
v 9.628434 3.857203 50.697845
v 9.605314 3.962539 50.653198
v 9.582195 4.067874 50.608551
v 9.927542 3.446056 51.097275
v 9.903411 3.553369 51.052944
v 9.879281 3.660682 51.008617
v 9.855150 3.767995 50.964287
v 9.831018 3.875308 50.919960
v 9.806888 3.982621 50.875629
v 9.782757 4.089933 50.831299
v 9.758626 4.197246 50.786972
v 8.723858 1.797064 50.282871
v 8.715877 1.890414 50.236317
v 8.707895 1.983764 50.189762
v 8.699914 2.077114 50.143211
v 8.691933 2.170464 50.096657
v 8.683952 2.263814 50.050102
v 8.675971 2.357163 50.003551
v 8.667990 2.450513 49.956997
v 8.914930 1.894319 50.456230
v 8.906131 1.989706 50.409992
v 8.897331 2.085094 50.363754
v 8.888531 2.180481 50.317516
v 8.879731 2.275868 50.271278
v 8.870932 2.371255 50.225040
v 8.862132 2.466643 50.178802
v 8.853333 2.562030 50.132561
v 9.106002 1.991574 50.629593
v 9.096384 2.088999 50.583668
v 9.086766 2.186423 50.537746
v 9.077147 2.283848 50.491821
v 9.067530 2.381273 50.445896
v 9.057911 2.478697 50.399975
v 9.048292 2.576122 50.354050
v 9.038673 2.673547 50.308128
v 9.297073 2.088828 50.802952
v 9.286636 2.188290 50.757343
v 9.276199 2.287753 50.711735
v 9.265762 2.387215 50.666126
v 9.255326 2.486677 50.620518
v 9.244889 2.586139 50.574909
v 9.234452 2.685602 50.529301
v 9.224015 2.785064 50.483692
v 9.488146 2.186083 50.976315
v 9.476890 2.287583 50.931019
v 9.465634 2.389082 50.885727
v 9.454379 2.490582 50.840431
v 9.443124 2.592082 50.795139
v 9.431869 2.693581 50.749844
v 9.420613 2.795081 50.704552
v 9.409358 2.896580 50.659256
v 9.679217 2.283338 51.149677
v 9.667144 2.386875 51.104698
v 9.655069 2.490412 51.059719
v 9.642996 2.593949 51.014740
v 9.630922 2.697486 50.969761
v 9.618849 2.801023 50.924782
v 9.606774 2.904560 50.879803
v 9.594701 3.008098 50.834824
v 9.870289 2.380592 51.323036
v 9.857396 2.486167 51.278374
v 9.844504 2.591741 51.233707
v 9.831613 2.697316 51.189045
v 9.818719 2.802890 51.144379
v 9.805826 2.908465 51.099716
v 9.792934 3.014039 51.055054
v 9.780043 3.119614 51.010387
v 10.061360 2.477847 51.496399
v 10.047649 2.585459 51.452049
v 10.033938 2.693071 51.407700
v 10.020227 2.800683 51.363350
v 10.006516 2.908295 51.319000
v 9.992805 3.015907 51.274651
v 9.979095 3.123519 51.230301
v 9.965384 3.231130 51.185951
v 8.724518 0.964813 50.701866
v 8.725432 1.057176 50.655312
v 8.726348 1.149538 50.608757
v 8.727263 1.241901 50.562202
v 8.728178 1.334264 50.515644
v 8.729094 1.426626 50.469090
v 8.730008 1.518989 50.422535
v 8.730924 1.611352 50.375977
v 8.921394 1.043395 50.872414
v 8.921686 1.137837 50.826172
v 8.921978 1.232279 50.779930
v 8.922271 1.326721 50.733685
v 8.922562 1.421163 50.687443
v 8.922853 1.515606 50.641197
v 8.923146 1.610048 50.594955
v 8.923438 1.704490 50.548714
v 9.118272 1.121977 51.042961
v 9.117940 1.218498 50.997032
v 9.117609 1.315020 50.951099
v 9.117278 1.411541 50.905170
v 9.116946 1.508063 50.859238
v 9.116615 1.604585 50.813309
v 9.116283 1.701106 50.767376
v 9.115952 1.797628 50.721447
v 9.315148 1.200559 51.213512
v 9.314193 1.299160 51.167892
v 9.313238 1.397761 51.122272
v 9.312284 1.496362 51.076656
v 9.311329 1.594963 51.031036
v 9.310374 1.693564 50.985416
v 9.309420 1.792164 50.939800
v 9.308465 1.890765 50.894180
v 9.512025 1.279141 51.384060
v 9.510447 1.379821 51.338753
v 9.508868 1.480502 51.293446
v 9.507291 1.581182 51.248138
v 9.505713 1.681862 51.202831
v 9.504134 1.782542 51.157528
v 9.502557 1.883223 51.112221
v 9.500979 1.983903 51.066914
v 9.708901 1.357723 51.554607
v 9.706700 1.460482 51.509613
v 9.704499 1.563242 51.464619
v 9.702298 1.666002 51.419624
v 9.700097 1.768761 51.374630
v 9.697896 1.871521 51.329636
v 9.695694 1.974281 51.284641
v 9.693492 2.077041 51.239647
v 9.905779 1.436304 51.725155
v 9.902954 1.541144 51.680473
v 9.900129 1.645983 51.635792
v 9.897305 1.750822 51.591110
v 9.894480 1.855661 51.546429
v 9.891656 1.960500 51.501747
v 9.888831 2.065339 51.457066
v 9.886006 2.170179 51.412384
v 10.102656 1.514886 51.895702
v 10.099208 1.621805 51.851334
v 10.095759 1.728723 51.806961
v 10.092312 1.835642 51.762592
v 10.088863 1.942561 51.718224
v 10.085415 2.049479 51.673855
v 10.081967 2.156398 51.629486
v 10.078520 2.263316 51.585117
v 8.644444 0.156064 51.121166
v 8.654340 0.245612 51.074574
v 8.664234 0.335161 51.027981
v 8.674129 0.424709 50.981388
v 8.684023 0.514257 50.934795
v 8.693918 0.603806 50.888203
v 8.703813 0.693354 50.841610
v 8.713708 0.782902 50.795017
v 8.842666 0.223688 51.289196
v 8.852470 0.314346 51.242878
v 8.862275 0.405004 51.196564
v 8.872080 0.495662 51.150246
v 8.881885 0.586320 51.103928
v 8.891689 0.676978 51.057610
v 8.901494 0.767637 51.011292
v 8.911299 0.858295 50.964977
v 9.040885 0.291311 51.457230
v 9.050600 0.383079 51.411186
v 9.060315 0.474847 51.365147
v 9.070029 0.566615 51.319103
v 9.079744 0.658383 51.273060
v 9.089459 0.750151 51.227020
v 9.099174 0.841919 51.180977
v 9.108888 0.933687 51.134937
v 9.239105 0.358935 51.625263
v 9.248730 0.451813 51.579494
v 9.258355 0.544690 51.533730
v 9.267980 0.637568 51.487961
v 9.277604 0.730446 51.442196
v 9.287229 0.823324 51.396427
v 9.296853 0.916202 51.350662
v 9.306479 1.009080 51.304897
v 9.437325 0.426558 51.793293
v 9.446859 0.520546 51.747803
v 9.456394 0.614534 51.702312
v 9.465929 0.708522 51.656822
v 9.475464 0.802509 51.611328
v 9.484999 0.896497 51.565838
v 9.494534 0.990485 51.520348
v 9.504067 1.084473 51.474857
v 9.635545 0.494182 51.961327
v 9.644990 0.589280 51.916111
v 9.654434 0.684377 51.870895
v 9.663878 0.779475 51.825680
v 9.673324 0.874572 51.780464
v 9.682768 0.969670 51.735249
v 9.692213 1.064768 51.690033
v 9.701658 1.159865 51.644817
v 9.833765 0.561805 52.129360
v 9.843120 0.658013 52.084419
v 9.852474 0.754220 52.039478
v 9.861829 0.850428 51.994537
v 9.871183 0.946635 51.949596
v 9.880538 1.042843 51.904655
v 9.889894 1.139050 51.859715
v 9.899249 1.235258 51.814774
v 10.031984 0.629429 52.297390
v 10.041249 0.726746 52.252728
v 10.050514 0.824064 52.208061
v 10.059779 0.921381 52.163395
v 10.069044 1.018698 52.118732
v 10.078309 1.116016 52.074066
v 10.087574 1.213333 52.029400
v 10.096840 1.310650 51.984734
s 0
f 9730 4 1962
f 9666 6 1970
f 9602 8 1978
f 9538 10 1986
f 9474 12 1994
f 9410 14 2002
f 9346 16 2010
f 9282 18 2018
f 9218 20 2026
f 9154 22 2034
f 9090 24 2042
f 9026 26 2050
f 8962 28 2058
f 8898 30 2066
f 8834 32 2074
f 8770 34 2082
f 8706 36 2090
f 8642 38 2098
f 8578 40 2106
f 8514 42 2114
f 8450 44 2122
f 8386 46 2130
f 8322 48 2138
f 8258 50 2146
f 8194 52 2154
f 8130 54 2162
f 8066 56 2170
f 8002 58 2178
f 7938 60 2186
f 7874 62 2194
f 7810 64 2202
f 7746 66 2210
f 7682 68 2218
f 7618 70 2226
f 7554 72 2234
f 7490 74 2242
f 7426 76 2250
f 7362 78 2258
f 7298 80 2266
f 7234 82 2274
f 7170 84 2282
f 7106 86 2290
f 7042 88 2298
f 6978 90 2306
f 6914 92 2314
f 6850 94 2322
f 6786 96 2330
f 6722 98 2338
f 6658 100 2346
f 6594 102 2354
f 6530 104 2362
f 6466 106 2370
f 6402 108 2378
f 6338 110 2386
f 6274 112 2394
f 6210 114 2402
f 6146 116 2410
f 6082 118 2418
f 6018 120 2426
f 5954 122 2434
f 5890 124 2442
f 5826 126 2450
f 5762 128 2458
f 5698 130 2466
f 5634 132 2474
f 5570 134 2482
f 5506 136 2490
f 5442 138 2498
f 5378 140 2506
f 5314 142 2514
f 5250 144 2522
f 5186 146 2530
f 5122 148 2538
f 5058 150 2546
f 4994 152 2554
f 4930 154 2562
f 4866 156 2570
f 4802 158 2578
f 4738 160 2586
f 4674 162 2594
f 4610 164 2602
f 4546 166 2610
f 4482 168 2618
f 4418 170 2626
f 4354 172 2634
f 4290 174 2642
f 4226 176 2650
f 4162 178 2658
f 4098 180 2666
f 4034 182 2674
f 3970 184 2682
f 3906 186 2690
f 3842 188 2698
f 3778 190 2706
f 3714 192 2714
f 3650 194 2722
f 3586 196 2730
f 3522 198 2738
f 3458 200 2746
f 3394 202 2754
f 3330 204 2762
f 3266 206 2770
f 3202 208 2778
f 3138 210 2786
f 3074 212 2794
f 3010 214 2802
f 2946 216 2810
f 2882 218 2818
f 1082 2811 217
f 2826 2812 2811
f 2834 2813 2812
f 2842 2814 2813
f 2850 2815 2814
f 2858 2816 2815
f 2866 2817 2816
f 2874 2818 2817
f 215 2819 1075
f 1075 2820 1076
f 1076 2821 1077
f 1077 2822 1078
f 1078 2823 1079
f 1079 2824 1080
f 1080 2825 1081
f 1081 2826 1082
f 2803 2827 2819
f 2819 2828 2820
f 2820 2829 2821
f 2821 2830 2822
f 2822 2831 2823
f 2823 2832 2824
f 2824 2833 2825
f 2825 2834 2826
f 2804 2835 2827
f 2827 2836 2828
f 2828 2837 2829
f 2829 2838 2830
f 2830 2839 2831
f 2831 2840 2832
f 2832 2841 2833
f 2833 2842 2834
f 2805 2843 2835
f 2835 2844 2836
f 2836 2845 2837
f 2837 2846 2838
f 2838 2847 2839
f 2839 2848 2840
f 2840 2849 2841
f 2841 2850 2842
f 2806 2851 2843
f 2843 2852 2844
f 2844 2853 2845
f 2845 2854 2846
f 2846 2855 2847
f 2847 2856 2848
f 2848 2857 2849
f 2849 2858 2850
f 2807 2859 2851
f 2851 2860 2852
f 2852 2861 2853
f 2853 2862 2854
f 2854 2863 2855
f 2855 2864 2856
f 2856 2865 2857
f 2857 2866 2858
f 2808 2867 2859
f 2859 2868 2860
f 2860 2869 2861
f 2861 2870 2862
f 2862 2871 2863
f 2863 2872 2864
f 2864 2873 2865
f 2865 2874 2866
f 2809 2875 2867
f 2867 2876 2868
f 2868 2877 2869
f 2869 2878 2870
f 2870 2879 2871
f 2871 2880 2872
f 2872 2881 2873
f 2873 2882 2874
f 2810 1939 2875
f 2875 1940 2876
f 2876 1941 2877
f 2877 1942 2878
f 2878 1943 2879
f 2879 1944 2880
f 2880 1945 2881
f 2881 1946 2882
f 1074 2803 215
f 2890 2804 2803
f 2898 2805 2804
f 2906 2806 2805
f 2914 2807 2806
f 2922 2808 2807
f 2930 2809 2808
f 2938 2810 2809
f 213 2883 1067
f 1067 2884 1068
f 1068 2885 1069
f 1069 2886 1070
f 1070 2887 1071
f 1071 2888 1072
f 1072 2889 1073
f 1073 2890 1074
f 2795 2891 2883
f 2883 2892 2884
f 2884 2893 2885
f 2885 2894 2886
f 2886 2895 2887
f 2887 2896 2888
f 2888 2897 2889
f 2889 2898 2890
f 2796 2899 2891
f 2891 2900 2892
f 2892 2901 2893
f 2893 2902 2894
f 2894 2903 2895
f 2895 2904 2896
f 2896 2905 2897
f 2897 2906 2898
f 2797 2907 2899
f 2899 2908 2900
f 2900 2909 2901
f 2901 2910 2902
f 2902 2911 2903
f 2903 2912 2904
f 2904 2913 2905
f 2905 2914 2906
f 2798 2915 2907
f 2907 2916 2908
f 2908 2917 2909
f 2909 2918 2910
f 2910 2919 2911
f 2911 2920 2912
f 2912 2921 2913
f 2913 2922 2914
f 2799 2923 2915
f 2915 2924 2916
f 2916 2925 2917
f 2917 2926 2918
f 2918 2927 2919
f 2919 2928 2920
f 2920 2929 2921
f 2921 2930 2922
f 2800 2931 2923
f 2923 2932 2924
f 2924 2933 2925
f 2925 2934 2926
f 2926 2935 2927
f 2927 2936 2928
f 2928 2937 2929
f 2929 2938 2930
f 2801 2939 2931
f 2931 2940 2932
f 2932 2941 2933
f 2933 2942 2934
f 2934 2943 2935
f 2935 2944 2936
f 2936 2945 2937
f 2937 2946 2938
f 2802 1931 2939
f 2939 1932 2940
f 2940 1933 2941
f 2941 1934 2942
f 2942 1935 2943
f 2943 1936 2944
f 2944 1937 2945
f 2945 1938 2946
f 1066 2795 213
f 2954 2796 2795
f 2962 2797 2796
f 2970 2798 2797
f 2978 2799 2798
f 2986 2800 2799
f 2994 2801 2800
f 3002 2802 2801
f 211 2947 1059
f 1059 2948 1060
f 1060 2949 1061
f 1061 2950 1062
f 1062 2951 1063
f 1063 2952 1064
f 1064 2953 1065
f 1065 2954 1066
f 2787 2955 2947
f 2947 2956 2948
f 2948 2957 2949
f 2949 2958 2950
f 2950 2959 2951
f 2951 2960 2952
f 2952 2961 2953
f 2953 2962 2954
f 2788 2963 2955
f 2955 2964 2956
f 2956 2965 2957
f 2957 2966 2958
f 2958 2967 2959
f 2959 2968 2960
f 2960 2969 2961
f 2961 2970 2962
f 2789 2971 2963
f 2963 2972 2964
f 2964 2973 2965
f 2965 2974 2966
f 2966 2975 2967
f 2967 2976 2968
f 2968 2977 2969
f 2969 2978 2970
f 2790 2979 2971
f 2971 2980 2972
f 2972 2981 2973
f 2973 2982 2974
f 2974 2983 2975
f 2975 2984 2976
f 2976 2985 2977
f 2977 2986 2978
f 2791 2987 2979
f 2979 2988 2980
f 2980 2989 2981
f 2981 2990 2982
f 2982 2991 2983
f 2983 2992 2984
f 2984 2993 2985
f 2985 2994 2986
f 2792 2995 2987
f 2987 2996 2988
f 2988 2997 2989
f 2989 2998 2990
f 2990 2999 2991
f 2991 3000 2992
f 2992 3001 2993
f 2993 3002 2994
f 2793 3003 2995
f 2995 3004 2996
f 2996 3005 2997
f 2997 3006 2998
f 2998 3007 2999
f 2999 3008 3000
f 3000 3009 3001
f 3001 3010 3002
f 2794 1923 3003
f 3003 1924 3004
f 3004 1925 3005
f 3005 1926 3006
f 3006 1927 3007
f 3007 1928 3008
f 3008 1929 3009
f 3009 1930 3010
f 1058 2787 211
f 3018 2788 2787
f 3026 2789 2788
f 3034 2790 2789
f 3042 2791 2790
f 3050 2792 2791
f 3058 2793 2792
f 3066 2794 2793
f 209 3011 1051
f 1051 3012 1052
f 1052 3013 1053
f 1053 3014 1054
f 1054 3015 1055
f 1055 3016 1056
f 1056 3017 1057
f 1057 3018 1058
f 2779 3019 3011
f 3011 3020 3012
f 3012 3021 3013
f 3013 3022 3014
f 3014 3023 3015
f 3015 3024 3016
f 3016 3025 3017
f 3017 3026 3018
f 2780 3027 3019
f 3019 3028 3020
f 3020 3029 3021
f 3021 3030 3022
f 3022 3031 3023
f 3023 3032 3024
f 3024 3033 3025
f 3025 3034 3026
f 2781 3035 3027
f 3027 3036 3028
f 3028 3037 3029
f 3029 3038 3030
f 3030 3039 3031
f 3031 3040 3032
f 3032 3041 3033
f 3033 3042 3034
f 2782 3043 3035
f 3035 3044 3036
f 3036 3045 3037
f 3037 3046 3038
f 3038 3047 3039
f 3039 3048 3040
f 3040 3049 3041
f 3041 3050 3042
f 2783 3051 3043
f 3043 3052 3044
f 3044 3053 3045
f 3045 3054 3046
f 3046 3055 3047
f 3047 3056 3048
f 3048 3057 3049
f 3049 3058 3050
f 2784 3059 3051
f 3051 3060 3052
f 3052 3061 3053
f 3053 3062 3054
f 3054 3063 3055
f 3055 3064 3056
f 3056 3065 3057
f 3057 3066 3058
f 2785 3067 3059
f 3059 3068 3060
f 3060 3069 3061
f 3061 3070 3062
f 3062 3071 3063
f 3063 3072 3064
f 3064 3073 3065
f 3065 3074 3066
f 2786 1915 3067
f 3067 1916 3068
f 3068 1917 3069
f 3069 1918 3070
f 3070 1919 3071
f 3071 1920 3072
f 3072 1921 3073
f 3073 1922 3074
f 1050 2779 209
f 3082 2780 2779
f 3090 2781 2780
f 3098 2782 2781
f 3106 2783 2782
f 3114 2784 2783
f 3122 2785 2784
f 3130 2786 2785
f 207 3075 1043
f 1043 3076 1044
f 1044 3077 1045
f 1045 3078 1046
f 1046 3079 1047
f 1047 3080 1048
f 1048 3081 1049
f 1049 3082 1050
f 2771 3083 3075
f 3075 3084 3076
f 3076 3085 3077
f 3077 3086 3078
f 3078 3087 3079
f 3079 3088 3080
f 3080 3089 3081
f 3081 3090 3082
f 2772 3091 3083
f 3083 3092 3084
f 3084 3093 3085
f 3085 3094 3086
f 3086 3095 3087
f 3087 3096 3088
f 3088 3097 3089
f 3089 3098 3090
f 2773 3099 3091
f 3091 3100 3092
f 3092 3101 3093
f 3093 3102 3094
f 3094 3103 3095
f 3095 3104 3096
f 3096 3105 3097
f 3097 3106 3098
f 2774 3107 3099
f 3099 3108 3100
f 3100 3109 3101
f 3101 3110 3102
f 3102 3111 3103
f 3103 3112 3104
f 3104 3113 3105
f 3105 3114 3106
f 2775 3115 3107
f 3107 3116 3108
f 3108 3117 3109
f 3109 3118 3110
f 3110 3119 3111
f 3111 3120 3112
f 3112 3121 3113
f 3113 3122 3114
f 2776 3123 3115
f 3115 3124 3116
f 3116 3125 3117
f 3117 3126 3118
f 3118 3127 3119
f 3119 3128 3120
f 3120 3129 3121
f 3121 3130 3122
f 2777 3131 3123
f 3123 3132 3124
f 3124 3133 3125
f 3125 3134 3126
f 3126 3135 3127
f 3127 3136 3128
f 3128 3137 3129
f 3129 3138 3130
f 2778 1907 3131
f 3131 1908 3132
f 3132 1909 3133
f 3133 1910 3134
f 3134 1911 3135
f 3135 1912 3136
f 3136 1913 3137
f 3137 1914 3138
f 1042 2771 207
f 3146 2772 2771
f 3154 2773 2772
f 3162 2774 2773
f 3170 2775 2774
f 3178 2776 2775
f 3186 2777 2776
f 3194 2778 2777
f 205 3139 1035
f 1035 3140 1036
f 1036 3141 1037
f 1037 3142 1038
f 1038 3143 1039
f 1039 3144 1040
f 1040 3145 1041
f 1041 3146 1042
f 2763 3147 3139
f 3139 3148 3140
f 3140 3149 3141
f 3141 3150 3142
f 3142 3151 3143
f 3143 3152 3144
f 3144 3153 3145
f 3145 3154 3146
f 2764 3155 3147
f 3147 3156 3148
f 3148 3157 3149
f 3149 3158 3150
f 3150 3159 3151
f 3151 3160 3152
f 3152 3161 3153
f 3153 3162 3154
f 2765 3163 3155
f 3155 3164 3156
f 3156 3165 3157
f 3157 3166 3158
f 3158 3167 3159
f 3159 3168 3160
f 3160 3169 3161
f 3161 3170 3162
f 2766 3171 3163
f 3163 3172 3164
f 3164 3173 3165
f 3165 3174 3166
f 3166 3175 3167
f 3167 3176 3168
f 3168 3177 3169
f 3169 3178 3170
f 2767 3179 3171
f 3171 3180 3172
f 3172 3181 3173
f 3173 3182 3174
f 3174 3183 3175
f 3175 3184 3176
f 3176 3185 3177
f 3177 3186 3178
f 2768 3187 3179
f 3179 3188 3180
f 3180 3189 3181
f 3181 3190 3182
f 3182 3191 3183
f 3183 3192 3184
f 3184 3193 3185
f 3185 3194 3186
f 2769 3195 3187
f 3187 3196 3188
f 3188 3197 3189
f 3189 3198 3190
f 3190 3199 3191
f 3191 3200 3192
f 3192 3201 3193
f 3193 3202 3194
f 2770 1899 3195
f 3195 1900 3196
f 3196 1901 3197
f 3197 1902 3198
f 3198 1903 3199
f 3199 1904 3200
f 3200 1905 3201
f 3201 1906 3202
f 1034 2763 205
f 3210 2764 2763
f 3218 2765 2764
f 3226 2766 2765
f 3234 2767 2766
f 3242 2768 2767
f 3250 2769 2768
f 3258 2770 2769
f 203 3203 1027
f 1027 3204 1028
f 1028 3205 1029
f 1029 3206 1030
f 1030 3207 1031
f 1031 3208 1032
f 1032 3209 1033
f 1033 3210 1034
f 2755 3211 3203
f 3203 3212 3204
f 3204 3213 3205
f 3205 3214 3206
f 3206 3215 3207
f 3207 3216 3208
f 3208 3217 3209
f 3209 3218 3210
f 2756 3219 3211
f 3211 3220 3212
f 3212 3221 3213
f 3213 3222 3214
f 3214 3223 3215
f 3215 3224 3216
f 3216 3225 3217
f 3217 3226 3218
f 2757 3227 3219
f 3219 3228 3220
f 3220 3229 3221
f 3221 3230 3222
f 3222 3231 3223
f 3223 3232 3224
f 3224 3233 3225
f 3225 3234 3226
f 2758 3235 3227
f 3227 3236 3228
f 3228 3237 3229
f 3229 3238 3230
f 3230 3239 3231
f 3231 3240 3232
f 3232 3241 3233
f 3233 3242 3234
f 2759 3243 3235
f 3235 3244 3236
f 3236 3245 3237
f 3237 3246 3238
f 3238 3247 3239
f 3239 3248 3240
f 3240 3249 3241
f 3241 3250 3242
f 2760 3251 3243
f 3243 3252 3244
f 3244 3253 3245
f 3245 3254 3246
f 3246 3255 3247
f 3247 3256 3248
f 3248 3257 3249
f 3249 3258 3250
f 2761 3259 3251
f 3251 3260 3252
f 3252 3261 3253
f 3253 3262 3254
f 3254 3263 3255
f 3255 3264 3256
f 3256 3265 3257
f 3257 3266 3258
f 2762 1891 3259
f 3259 1892 3260
f 3260 1893 3261
f 3261 1894 3262
f 3262 1895 3263
f 3263 1896 3264
f 3264 1897 3265
f 3265 1898 3266
f 1026 2755 203
f 3274 2756 2755
f 3282 2757 2756
f 3290 2758 2757
f 3298 2759 2758
f 3306 2760 2759
f 3314 2761 2760
f 3322 2762 2761
f 201 3267 1019
f 1019 3268 1020
f 1020 3269 1021
f 1021 3270 1022
f 1022 3271 1023
f 1023 3272 1024
f 1024 3273 1025
f 1025 3274 1026
f 2747 3275 3267
f 3267 3276 3268
f 3268 3277 3269
f 3269 3278 3270
f 3270 3279 3271
f 3271 3280 3272
f 3272 3281 3273
f 3273 3282 3274
f 2748 3283 3275
f 3275 3284 3276
f 3276 3285 3277
f 3277 3286 3278
f 3278 3287 3279
f 3279 3288 3280
f 3280 3289 3281
f 3281 3290 3282
f 2749 3291 3283
f 3283 3292 3284
f 3284 3293 3285
f 3285 3294 3286
f 3286 3295 3287
f 3287 3296 3288
f 3288 3297 3289
f 3289 3298 3290
f 2750 3299 3291
f 3291 3300 3292
f 3292 3301 3293
f 3293 3302 3294
f 3294 3303 3295
f 3295 3304 3296
f 3296 3305 3297
f 3297 3306 3298
f 2751 3307 3299
f 3299 3308 3300
f 3300 3309 3301
f 3301 3310 3302
f 3302 3311 3303
f 3303 3312 3304
f 3304 3313 3305
f 3305 3314 3306
f 2752 3315 3307
f 3307 3316 3308
f 3308 3317 3309
f 3309 3318 3310
f 3310 3319 3311
f 3311 3320 3312
f 3312 3321 3313
f 3313 3322 3314
f 2753 3323 3315
f 3315 3324 3316
f 3316 3325 3317
f 3317 3326 3318
f 3318 3327 3319
f 3319 3328 3320
f 3320 3329 3321
f 3321 3330 3322
f 2754 1883 3323
f 3323 1884 3324
f 3324 1885 3325
f 3325 1886 3326
f 3326 1887 3327
f 3327 1888 3328
f 3328 1889 3329
f 3329 1890 3330
f 1018 2747 201
f 3338 2748 2747
f 3346 2749 2748
f 3354 2750 2749
f 3362 2751 2750
f 3370 2752 2751
f 3378 2753 2752
f 3386 2754 2753
f 199 3331 1011
f 1011 3332 1012
f 1012 3333 1013
f 1013 3334 1014
f 1014 3335 1015
f 1015 3336 1016
f 1016 3337 1017
f 1017 3338 1018
f 2739 3339 3331
f 3331 3340 3332
f 3332 3341 3333
f 3333 3342 3334
f 3334 3343 3335
f 3335 3344 3336
f 3336 3345 3337
f 3337 3346 3338
f 2740 3347 3339
f 3339 3348 3340
f 3340 3349 3341
f 3341 3350 3342
f 3342 3351 3343
f 3343 3352 3344
f 3344 3353 3345
f 3345 3354 3346
f 2741 3355 3347
f 3347 3356 3348
f 3348 3357 3349
f 3349 3358 3350
f 3350 3359 3351
f 3351 3360 3352
f 3352 3361 3353
f 3353 3362 3354
f 2742 3363 3355
f 3355 3364 3356
f 3356 3365 3357
f 3357 3366 3358
f 3358 3367 3359
f 3359 3368 3360
f 3360 3369 3361
f 3361 3370 3362
f 2743 3371 3363
f 3363 3372 3364
f 3364 3373 3365
f 3365 3374 3366
f 3366 3375 3367
f 3367 3376 3368
f 3368 3377 3369
f 3369 3378 3370
f 2744 3379 3371
f 3371 3380 3372
f 3372 3381 3373
f 3373 3382 3374
f 3374 3383 3375
f 3375 3384 3376
f 3376 3385 3377
f 3377 3386 3378
f 2745 3387 3379
f 3379 3388 3380
f 3380 3389 3381
f 3381 3390 3382
f 3382 3391 3383
f 3383 3392 3384
f 3384 3393 3385
f 3385 3394 3386
f 2746 1875 3387
f 3387 1876 3388
f 3388 1877 3389
f 3389 1878 3390
f 3390 1879 3391
f 3391 1880 3392
f 3392 1881 3393
f 3393 1882 3394
f 1010 2739 199
f 3402 2740 2739
f 3410 2741 2740
f 3418 2742 2741
f 3426 2743 2742
f 3434 2744 2743
f 3442 2745 2744
f 3450 2746 2745
f 197 3395 1003
f 1003 3396 1004
f 1004 3397 1005
f 1005 3398 1006
f 1006 3399 1007
f 1007 3400 1008
f 1008 3401 1009
f 1009 3402 1010
f 2731 3403 3395
f 3395 3404 3396
f 3396 3405 3397
f 3397 3406 3398
f 3398 3407 3399
f 3399 3408 3400
f 3400 3409 3401
f 3401 3410 3402
f 2732 3411 3403
f 3403 3412 3404
f 3404 3413 3405
f 3405 3414 3406
f 3406 3415 3407
f 3407 3416 3408
f 3408 3417 3409
f 3409 3418 3410
f 2733 3419 3411
f 3411 3420 3412
f 3412 3421 3413
f 3413 3422 3414
f 3414 3423 3415
f 3415 3424 3416
f 3416 3425 3417
f 3417 3426 3418
f 2734 3427 3419
f 3419 3428 3420
f 3420 3429 3421
f 3421 3430 3422
f 3422 3431 3423
f 3423 3432 3424
f 3424 3433 3425
f 3425 3434 3426
f 2735 3435 3427
f 3427 3436 3428
f 3428 3437 3429
f 3429 3438 3430
f 3430 3439 3431
f 3431 3440 3432
f 3432 3441 3433
f 3433 3442 3434
f 2736 3443 3435
f 3435 3444 3436
f 3436 3445 3437
f 3437 3446 3438
f 3438 3447 3439
f 3439 3448 3440
f 3440 3449 3441
f 3441 3450 3442
f 2737 3451 3443
f 3443 3452 3444
f 3444 3453 3445
f 3445 3454 3446
f 3446 3455 3447
f 3447 3456 3448
f 3448 3457 3449
f 3449 3458 3450
f 2738 1867 3451
f 3451 1868 3452
f 3452 1869 3453
f 3453 1870 3454
f 3454 1871 3455
f 3455 1872 3456
f 3456 1873 3457
f 3457 1874 3458
f 1002 2731 197
f 3466 2732 2731
f 3474 2733 2732
f 3482 2734 2733
f 3490 2735 2734
f 3498 2736 2735
f 3506 2737 2736
f 3514 2738 2737
f 195 3459 995
f 995 3460 996
f 996 3461 997
f 997 3462 998
f 998 3463 999
f 999 3464 1000
f 1000 3465 1001
f 1001 3466 1002
f 2723 3467 3459
f 3459 3468 3460
f 3460 3469 3461
f 3461 3470 3462
f 3462 3471 3463
f 3463 3472 3464
f 3464 3473 3465
f 3465 3474 3466
f 2724 3475 3467
f 3467 3476 3468
f 3468 3477 3469
f 3469 3478 3470
f 3470 3479 3471
f 3471 3480 3472
f 3472 3481 3473
f 3473 3482 3474
f 2725 3483 3475
f 3475 3484 3476
f 3476 3485 3477
f 3477 3486 3478
f 3478 3487 3479
f 3479 3488 3480
f 3480 3489 3481
f 3481 3490 3482
f 2726 3491 3483
f 3483 3492 3484
f 3484 3493 3485
f 3485 3494 3486
f 3486 3495 3487
f 3487 3496 3488
f 3488 3497 3489
f 3489 3498 3490
f 2727 3499 3491
f 3491 3500 3492
f 3492 3501 3493
f 3493 3502 3494
f 3494 3503 3495
f 3495 3504 3496
f 3496 3505 3497
f 3497 3506 3498
f 2728 3507 3499
f 3499 3508 3500
f 3500 3509 3501
f 3501 3510 3502
f 3502 3511 3503
f 3503 3512 3504
f 3504 3513 3505
f 3505 3514 3506
f 2729 3515 3507
f 3507 3516 3508
f 3508 3517 3509
f 3509 3518 3510
f 3510 3519 3511
f 3511 3520 3512
f 3512 3521 3513
f 3513 3522 3514
f 2730 1859 3515
f 3515 1860 3516
f 3516 1861 3517
f 3517 1862 3518
f 3518 1863 3519
f 3519 1864 3520
f 3520 1865 3521
f 3521 1866 3522
f 994 2723 195
f 3530 2724 2723
f 3538 2725 2724
f 3546 2726 2725
f 3554 2727 2726
f 3562 2728 2727
f 3570 2729 2728
f 3578 2730 2729
f 193 3523 987
f 987 3524 988
f 988 3525 989
f 989 3526 990
f 990 3527 991
f 991 3528 992
f 992 3529 993
f 993 3530 994
f 2715 3531 3523
f 3523 3532 3524
f 3524 3533 3525
f 3525 3534 3526
f 3526 3535 3527
f 3527 3536 3528
f 3528 3537 3529
f 3529 3538 3530
f 2716 3539 3531
f 3531 3540 3532
f 3532 3541 3533
f 3533 3542 3534
f 3534 3543 3535
f 3535 3544 3536
f 3536 3545 3537
f 3537 3546 3538
f 2717 3547 3539
f 3539 3548 3540
f 3540 3549 3541
f 3541 3550 3542
f 3542 3551 3543
f 3543 3552 3544
f 3544 3553 3545
f 3545 3554 3546
f 2718 3555 3547
f 3547 3556 3548
f 3548 3557 3549
f 3549 3558 3550
f 3550 3559 3551
f 3551 3560 3552
f 3552 3561 3553
f 3553 3562 3554
f 2719 3563 3555
f 3555 3564 3556
f 3556 3565 3557
f 3557 3566 3558
f 3558 3567 3559
f 3559 3568 3560
f 3560 3569 3561
f 3561 3570 3562
f 2720 3571 3563
f 3563 3572 3564
f 3564 3573 3565
f 3565 3574 3566
f 3566 3575 3567
f 3567 3576 3568
f 3568 3577 3569
f 3569 3578 3570
f 2721 3579 3571
f 3571 3580 3572
f 3572 3581 3573
f 3573 3582 3574
f 3574 3583 3575
f 3575 3584 3576
f 3576 3585 3577
f 3577 3586 3578
f 2722 1851 3579
f 3579 1852 3580
f 3580 1853 3581
f 3581 1854 3582
f 3582 1855 3583
f 3583 1856 3584
f 3584 1857 3585
f 3585 1858 3586
f 986 2715 193
f 3594 2716 2715
f 3602 2717 2716
f 3610 2718 2717
f 3618 2719 2718
f 3626 2720 2719
f 3634 2721 2720
f 3642 2722 2721
f 191 3587 979
f 979 3588 980
f 980 3589 981
f 981 3590 982
f 982 3591 983
f 983 3592 984
f 984 3593 985
f 985 3594 986
f 2707 3595 3587
f 3587 3596 3588
f 3588 3597 3589
f 3589 3598 3590
f 3590 3599 3591
f 3591 3600 3592
f 3592 3601 3593
f 3593 3602 3594
f 2708 3603 3595
f 3595 3604 3596
f 3596 3605 3597
f 3597 3606 3598
f 3598 3607 3599
f 3599 3608 3600
f 3600 3609 3601
f 3601 3610 3602
f 2709 3611 3603
f 3603 3612 3604
f 3604 3613 3605
f 3605 3614 3606
f 3606 3615 3607
f 3607 3616 3608
f 3608 3617 3609
f 3609 3618 3610
f 2710 3619 3611
f 3611 3620 3612
f 3612 3621 3613
f 3613 3622 3614
f 3614 3623 3615
f 3615 3624 3616
f 3616 3625 3617
f 3617 3626 3618
f 2711 3627 3619
f 3619 3628 3620
f 3620 3629 3621
f 3621 3630 3622
f 3622 3631 3623
f 3623 3632 3624
f 3624 3633 3625
f 3625 3634 3626
f 2712 3635 3627
f 3627 3636 3628
f 3628 3637 3629
f 3629 3638 3630
f 3630 3639 3631
f 3631 3640 3632
f 3632 3641 3633
f 3633 3642 3634
f 2713 3643 3635
f 3635 3644 3636
f 3636 3645 3637
f 3637 3646 3638
f 3638 3647 3639
f 3639 3648 3640
f 3640 3649 3641
f 3641 3650 3642
f 2714 1843 3643
f 3643 1844 3644
f 3644 1845 3645
f 3645 1846 3646
f 3646 1847 3647
f 3647 1848 3648
f 3648 1849 3649
f 3649 1850 3650
f 978 2707 191
f 3658 2708 2707
f 3666 2709 2708
f 3674 2710 2709
f 3682 2711 2710
f 3690 2712 2711
f 3698 2713 2712
f 3706 2714 2713
f 189 3651 971
f 971 3652 972
f 972 3653 973
f 973 3654 974
f 974 3655 975
f 975 3656 976
f 976 3657 977
f 977 3658 978
f 2699 3659 3651
f 3651 3660 3652
f 3652 3661 3653
f 3653 3662 3654
f 3654 3663 3655
f 3655 3664 3656
f 3656 3665 3657
f 3657 3666 3658
f 2700 3667 3659
f 3659 3668 3660
f 3660 3669 3661
f 3661 3670 3662
f 3662 3671 3663
f 3663 3672 3664
f 3664 3673 3665
f 3665 3674 3666
f 2701 3675 3667
f 3667 3676 3668
f 3668 3677 3669
f 3669 3678 3670
f 3670 3679 3671
f 3671 3680 3672
f 3672 3681 3673
f 3673 3682 3674
f 2702 3683 3675
f 3675 3684 3676
f 3676 3685 3677
f 3677 3686 3678
f 3678 3687 3679
f 3679 3688 3680
f 3680 3689 3681
f 3681 3690 3682
f 2703 3691 3683
f 3683 3692 3684
f 3684 3693 3685
f 3685 3694 3686
f 3686 3695 3687
f 3687 3696 3688
f 3688 3697 3689
f 3689 3698 3690
f 2704 3699 3691
f 3691 3700 3692
f 3692 3701 3693
f 3693 3702 3694
f 3694 3703 3695
f 3695 3704 3696
f 3696 3705 3697
f 3697 3706 3698
f 2705 3707 3699
f 3699 3708 3700
f 3700 3709 3701
f 3701 3710 3702
f 3702 3711 3703
f 3703 3712 3704
f 3704 3713 3705
f 3705 3714 3706
f 2706 1835 3707
f 3707 1836 3708
f 3708 1837 3709
f 3709 1838 3710
f 3710 1839 3711
f 3711 1840 3712
f 3712 1841 3713
f 3713 1842 3714
f 970 2699 189
f 3722 2700 2699
f 3730 2701 2700
f 3738 2702 2701
f 3746 2703 2702
f 3754 2704 2703
f 3762 2705 2704
f 3770 2706 2705
f 187 3715 963
f 963 3716 964
f 964 3717 965
f 965 3718 966
f 966 3719 967
f 967 3720 968
f 968 3721 969
f 969 3722 970
f 2691 3723 3715
f 3715 3724 3716
f 3716 3725 3717
f 3717 3726 3718
f 3718 3727 3719
f 3719 3728 3720
f 3720 3729 3721
f 3721 3730 3722
f 2692 3731 3723
f 3723 3732 3724
f 3724 3733 3725
f 3725 3734 3726
f 3726 3735 3727
f 3727 3736 3728
f 3728 3737 3729
f 3729 3738 3730
f 2693 3739 3731
f 3731 3740 3732
f 3732 3741 3733
f 3733 3742 3734
f 3734 3743 3735
f 3735 3744 3736
f 3736 3745 3737
f 3737 3746 3738
f 2694 3747 3739
f 3739 3748 3740
f 3740 3749 3741
f 3741 3750 3742
f 3742 3751 3743
f 3743 3752 3744
f 3744 3753 3745
f 3745 3754 3746
f 2695 3755 3747
f 3747 3756 3748
f 3748 3757 3749
f 3749 3758 3750
f 3750 3759 3751
f 3751 3760 3752
f 3752 3761 3753
f 3753 3762 3754
f 2696 3763 3755
f 3755 3764 3756
f 3756 3765 3757
f 3757 3766 3758
f 3758 3767 3759
f 3759 3768 3760
f 3760 3769 3761
f 3761 3770 3762
f 2697 3771 3763
f 3763 3772 3764
f 3764 3773 3765
f 3765 3774 3766
f 3766 3775 3767
f 3767 3776 3768
f 3768 3777 3769
f 3769 3778 3770
f 2698 1827 3771
f 3771 1828 3772
f 3772 1829 3773
f 3773 1830 3774
f 3774 1831 3775
f 3775 1832 3776
f 3776 1833 3777
f 3777 1834 3778
f 962 2691 187
f 3786 2692 2691
f 3794 2693 2692
f 3802 2694 2693
f 3810 2695 2694
f 3818 2696 2695
f 3826 2697 2696
f 3834 2698 2697
f 185 3779 955
f 955 3780 956
f 956 3781 957
f 957 3782 958
f 958 3783 959
f 959 3784 960
f 960 3785 961
f 961 3786 962
f 2683 3787 3779
f 3779 3788 3780
f 3780 3789 3781
f 3781 3790 3782
f 3782 3791 3783
f 3783 3792 3784
f 3784 3793 3785
f 3785 3794 3786
f 2684 3795 3787
f 3787 3796 3788
f 3788 3797 3789
f 3789 3798 3790
f 3790 3799 3791
f 3791 3800 3792
f 3792 3801 3793
f 3793 3802 3794
f 2685 3803 3795
f 3795 3804 3796
f 3796 3805 3797
f 3797 3806 3798
f 3798 3807 3799
f 3799 3808 3800
f 3800 3809 3801
f 3801 3810 3802
f 2686 3811 3803
f 3803 3812 3804
f 3804 3813 3805
f 3805 3814 3806
f 3806 3815 3807
f 3807 3816 3808
f 3808 3817 3809
f 3809 3818 3810
f 2687 3819 3811
f 3811 3820 3812
f 3812 3821 3813
f 3813 3822 3814
f 3814 3823 3815
f 3815 3824 3816
f 3816 3825 3817
f 3817 3826 3818
f 2688 3827 3819
f 3819 3828 3820
f 3820 3829 3821
f 3821 3830 3822
f 3822 3831 3823
f 3823 3832 3824
f 3824 3833 3825
f 3825 3834 3826
f 2689 3835 3827
f 3827 3836 3828
f 3828 3837 3829
f 3829 3838 3830
f 3830 3839 3831
f 3831 3840 3832
f 3832 3841 3833
f 3833 3842 3834
f 2690 1819 3835
f 3835 1820 3836
f 3836 1821 3837
f 3837 1822 3838
f 3838 1823 3839
f 3839 1824 3840
f 3840 1825 3841
f 3841 1826 3842
f 954 2683 185
f 3850 2684 2683
f 3858 2685 2684
f 3866 2686 2685
f 3874 2687 2686
f 3882 2688 2687
f 3890 2689 2688
f 3898 2690 2689
f 183 3843 947
f 947 3844 948
f 948 3845 949
f 949 3846 950
f 950 3847 951
f 951 3848 952
f 952 3849 953
f 953 3850 954
f 2675 3851 3843
f 3843 3852 3844
f 3844 3853 3845
f 3845 3854 3846
f 3846 3855 3847
f 3847 3856 3848
f 3848 3857 3849
f 3849 3858 3850
f 2676 3859 3851
f 3851 3860 3852
f 3852 3861 3853
f 3853 3862 3854
f 3854 3863 3855
f 3855 3864 3856
f 3856 3865 3857
f 3857 3866 3858
f 2677 3867 3859
f 3859 3868 3860
f 3860 3869 3861
f 3861 3870 3862
f 3862 3871 3863
f 3863 3872 3864
f 3864 3873 3865
f 3865 3874 3866
f 2678 3875 3867
f 3867 3876 3868
f 3868 3877 3869
f 3869 3878 3870
f 3870 3879 3871
f 3871 3880 3872
f 3872 3881 3873
f 3873 3882 3874
f 2679 3883 3875
f 3875 3884 3876
f 3876 3885 3877
f 3877 3886 3878
f 3878 3887 3879
f 3879 3888 3880
f 3880 3889 3881
f 3881 3890 3882
f 2680 3891 3883
f 3883 3892 3884
f 3884 3893 3885
f 3885 3894 3886
f 3886 3895 3887
f 3887 3896 3888
f 3888 3897 3889
f 3889 3898 3890
f 2681 3899 3891
f 3891 3900 3892
f 3892 3901 3893
f 3893 3902 3894
f 3894 3903 3895
f 3895 3904 3896
f 3896 3905 3897
f 3897 3906 3898
f 2682 1811 3899
f 3899 1812 3900
f 3900 1813 3901
f 3901 1814 3902
f 3902 1815 3903
f 3903 1816 3904
f 3904 1817 3905
f 3905 1818 3906
f 946 2675 183
f 3914 2676 2675
f 3922 2677 2676
f 3930 2678 2677
f 3938 2679 2678
f 3946 2680 2679
f 3954 2681 2680
f 3962 2682 2681
f 181 3907 939
f 939 3908 940
f 940 3909 941
f 941 3910 942
f 942 3911 943
f 943 3912 944
f 944 3913 945
f 945 3914 946
f 2667 3915 3907
f 3907 3916 3908
f 3908 3917 3909
f 3909 3918 3910
f 3910 3919 3911
f 3911 3920 3912
f 3912 3921 3913
f 3913 3922 3914
f 2668 3923 3915
f 3915 3924 3916
f 3916 3925 3917
f 3917 3926 3918
f 3918 3927 3919
f 3919 3928 3920
f 3920 3929 3921
f 3921 3930 3922
f 2669 3931 3923
f 3923 3932 3924
f 3924 3933 3925
f 3925 3934 3926
f 3926 3935 3927
f 3927 3936 3928
f 3928 3937 3929
f 3929 3938 3930
f 2670 3939 3931
f 3931 3940 3932
f 3932 3941 3933
f 3933 3942 3934
f 3934 3943 3935
f 3935 3944 3936
f 3936 3945 3937
f 3937 3946 3938
f 2671 3947 3939
f 3939 3948 3940
f 3940 3949 3941
f 3941 3950 3942
f 3942 3951 3943
f 3943 3952 3944
f 3944 3953 3945
f 3945 3954 3946
f 2672 3955 3947
f 3947 3956 3948
f 3948 3957 3949
f 3949 3958 3950
f 3950 3959 3951
f 3951 3960 3952
f 3952 3961 3953
f 3953 3962 3954
f 2673 3963 3955
f 3955 3964 3956
f 3956 3965 3957
f 3957 3966 3958
f 3958 3967 3959
f 3959 3968 3960
f 3960 3969 3961
f 3961 3970 3962
f 2674 1803 3963
f 3963 1804 3964
f 3964 1805 3965
f 3965 1806 3966
f 3966 1807 3967
f 3967 1808 3968
f 3968 1809 3969
f 3969 1810 3970
f 938 2667 181
f 3978 2668 2667
f 3986 2669 2668
f 3994 2670 2669
f 4002 2671 2670
f 4010 2672 2671
f 4018 2673 2672
f 4026 2674 2673
f 179 3971 931
f 931 3972 932
f 932 3973 933
f 933 3974 934
f 934 3975 935
f 935 3976 936
f 936 3977 937
f 937 3978 938
f 2659 3979 3971
f 3971 3980 3972
f 3972 3981 3973
f 3973 3982 3974
f 3974 3983 3975
f 3975 3984 3976
f 3976 3985 3977
f 3977 3986 3978
f 2660 3987 3979
f 3979 3988 3980
f 3980 3989 3981
f 3981 3990 3982
f 3982 3991 3983
f 3983 3992 3984
f 3984 3993 3985
f 3985 3994 3986
f 2661 3995 3987
f 3987 3996 3988
f 3988 3997 3989
f 3989 3998 3990
f 3990 3999 3991
f 3991 4000 3992
f 3992 4001 3993
f 3993 4002 3994
f 2662 4003 3995
f 3995 4004 3996
f 3996 4005 3997
f 3997 4006 3998
f 3998 4007 3999
f 3999 4008 4000
f 4000 4009 4001
f 4001 4010 4002
f 2663 4011 4003
f 4003 4012 4004
f 4004 4013 4005
f 4005 4014 4006
f 4006 4015 4007
f 4007 4016 4008
f 4008 4017 4009
f 4009 4018 4010
f 2664 4019 4011
f 4011 4020 4012
f 4012 4021 4013
f 4013 4022 4014
f 4014 4023 4015
f 4015 4024 4016
f 4016 4025 4017
f 4017 4026 4018
f 2665 4027 4019
f 4019 4028 4020
f 4020 4029 4021
f 4021 4030 4022
f 4022 4031 4023
f 4023 4032 4024
f 4024 4033 4025
f 4025 4034 4026
f 2666 1795 4027
f 4027 1796 4028
f 4028 1797 4029
f 4029 1798 4030
f 4030 1799 4031
f 4031 1800 4032
f 4032 1801 4033
f 4033 1802 4034
f 930 2659 179
f 4042 2660 2659
f 4050 2661 2660
f 4058 2662 2661
f 4066 2663 2662
f 4074 2664 2663
f 4082 2665 2664
f 4090 2666 2665
f 177 4035 923
f 923 4036 924
f 924 4037 925
f 925 4038 926
f 926 4039 927
f 927 4040 928
f 928 4041 929
f 929 4042 930
f 2651 4043 4035
f 4035 4044 4036
f 4036 4045 4037
f 4037 4046 4038
f 4038 4047 4039
f 4039 4048 4040
f 4040 4049 4041
f 4041 4050 4042
f 2652 4051 4043
f 4043 4052 4044
f 4044 4053 4045
f 4045 4054 4046
f 4046 4055 4047
f 4047 4056 4048
f 4048 4057 4049
f 4049 4058 4050
f 2653 4059 4051
f 4051 4060 4052
f 4052 4061 4053
f 4053 4062 4054
f 4054 4063 4055
f 4055 4064 4056
f 4056 4065 4057
f 4057 4066 4058
f 2654 4067 4059
f 4059 4068 4060
f 4060 4069 4061
f 4061 4070 4062
f 4062 4071 4063
f 4063 4072 4064
f 4064 4073 4065
f 4065 4074 4066
f 2655 4075 4067
f 4067 4076 4068
f 4068 4077 4069
f 4069 4078 4070
f 4070 4079 4071
f 4071 4080 4072
f 4072 4081 4073
f 4073 4082 4074
f 2656 4083 4075
f 4075 4084 4076
f 4076 4085 4077
f 4077 4086 4078
f 4078 4087 4079
f 4079 4088 4080
f 4080 4089 4081
f 4081 4090 4082
f 2657 4091 4083
f 4083 4092 4084
f 4084 4093 4085
f 4085 4094 4086
f 4086 4095 4087
f 4087 4096 4088
f 4088 4097 4089
f 4089 4098 4090
f 2658 1787 4091
f 4091 1788 4092
f 4092 1789 4093
f 4093 1790 4094
f 4094 1791 4095
f 4095 1792 4096
f 4096 1793 4097
f 4097 1794 4098
f 922 2651 177
f 4106 2652 2651
f 4114 2653 2652
f 4122 2654 2653
f 4130 2655 2654
f 4138 2656 2655
f 4146 2657 2656
f 4154 2658 2657
f 175 4099 915
f 915 4100 916
f 916 4101 917
f 917 4102 918
f 918 4103 919
f 919 4104 920
f 920 4105 921
f 921 4106 922
f 2643 4107 4099
f 4099 4108 4100
f 4100 4109 4101
f 4101 4110 4102
f 4102 4111 4103
f 4103 4112 4104
f 4104 4113 4105
f 4105 4114 4106
f 2644 4115 4107
f 4107 4116 4108
f 4108 4117 4109
f 4109 4118 4110
f 4110 4119 4111
f 4111 4120 4112
f 4112 4121 4113
f 4113 4122 4114
f 2645 4123 4115
f 4115 4124 4116
f 4116 4125 4117
f 4117 4126 4118
f 4118 4127 4119
f 4119 4128 4120
f 4120 4129 4121
f 4121 4130 4122
f 2646 4131 4123
f 4123 4132 4124
f 4124 4133 4125
f 4125 4134 4126
f 4126 4135 4127
f 4127 4136 4128
f 4128 4137 4129
f 4129 4138 4130
f 2647 4139 4131
f 4131 4140 4132
f 4132 4141 4133
f 4133 4142 4134
f 4134 4143 4135
f 4135 4144 4136
f 4136 4145 4137
f 4137 4146 4138
f 2648 4147 4139
f 4139 4148 4140
f 4140 4149 4141
f 4141 4150 4142
f 4142 4151 4143
f 4143 4152 4144
f 4144 4153 4145
f 4145 4154 4146
f 2649 4155 4147
f 4147 4156 4148
f 4148 4157 4149
f 4149 4158 4150
f 4150 4159 4151
f 4151 4160 4152
f 4152 4161 4153
f 4153 4162 4154
f 2650 1779 4155
f 4155 1780 4156
f 4156 1781 4157
f 4157 1782 4158
f 4158 1783 4159
f 4159 1784 4160
f 4160 1785 4161
f 4161 1786 4162
f 914 2643 175
f 4170 2644 2643
f 4178 2645 2644
f 4186 2646 2645
f 4194 2647 2646
f 4202 2648 2647
f 4210 2649 2648
f 4218 2650 2649
f 173 4163 907
f 907 4164 908
f 908 4165 909
f 909 4166 910
f 910 4167 911
f 911 4168 912
f 912 4169 913
f 913 4170 914
f 2635 4171 4163
f 4163 4172 4164
f 4164 4173 4165
f 4165 4174 4166
f 4166 4175 4167
f 4167 4176 4168
f 4168 4177 4169
f 4169 4178 4170
f 2636 4179 4171
f 4171 4180 4172
f 4172 4181 4173
f 4173 4182 4174
f 4174 4183 4175
f 4175 4184 4176
f 4176 4185 4177
f 4177 4186 4178
f 2637 4187 4179
f 4179 4188 4180
f 4180 4189 4181
f 4181 4190 4182
f 4182 4191 4183
f 4183 4192 4184
f 4184 4193 4185
f 4185 4194 4186
f 2638 4195 4187
f 4187 4196 4188
f 4188 4197 4189
f 4189 4198 4190
f 4190 4199 4191
f 4191 4200 4192
f 4192 4201 4193
f 4193 4202 4194
f 2639 4203 4195
f 4195 4204 4196
f 4196 4205 4197
f 4197 4206 4198
f 4198 4207 4199
f 4199 4208 4200
f 4200 4209 4201
f 4201 4210 4202
f 2640 4211 4203
f 4203 4212 4204
f 4204 4213 4205
f 4205 4214 4206
f 4206 4215 4207
f 4207 4216 4208
f 4208 4217 4209
f 4209 4218 4210
f 2641 4219 4211
f 4211 4220 4212
f 4212 4221 4213
f 4213 4222 4214
f 4214 4223 4215
f 4215 4224 4216
f 4216 4225 4217
f 4217 4226 4218
f 2642 1771 4219
f 4219 1772 4220
f 4220 1773 4221
f 4221 1774 4222
f 4222 1775 4223
f 4223 1776 4224
f 4224 1777 4225
f 4225 1778 4226
f 906 2635 173
f 4234 2636 2635
f 4242 2637 2636
f 4250 2638 2637
f 4258 2639 2638
f 4266 2640 2639
f 4274 2641 2640
f 4282 2642 2641
f 171 4227 899
f 899 4228 900
f 900 4229 901
f 901 4230 902
f 902 4231 903
f 903 4232 904
f 904 4233 905
f 905 4234 906
f 2627 4235 4227
f 4227 4236 4228
f 4228 4237 4229
f 4229 4238 4230
f 4230 4239 4231
f 4231 4240 4232
f 4232 4241 4233
f 4233 4242 4234
f 2628 4243 4235
f 4235 4244 4236
f 4236 4245 4237
f 4237 4246 4238
f 4238 4247 4239
f 4239 4248 4240
f 4240 4249 4241
f 4241 4250 4242
f 2629 4251 4243
f 4243 4252 4244
f 4244 4253 4245
f 4245 4254 4246
f 4246 4255 4247
f 4247 4256 4248
f 4248 4257 4249
f 4249 4258 4250
f 2630 4259 4251
f 4251 4260 4252
f 4252 4261 4253
f 4253 4262 4254
f 4254 4263 4255
f 4255 4264 4256
f 4256 4265 4257
f 4257 4266 4258
f 2631 4267 4259
f 4259 4268 4260
f 4260 4269 4261
f 4261 4270 4262
f 4262 4271 4263
f 4263 4272 4264
f 4264 4273 4265
f 4265 4274 4266
f 2632 4275 4267
f 4267 4276 4268
f 4268 4277 4269
f 4269 4278 4270
f 4270 4279 4271
f 4271 4280 4272
f 4272 4281 4273
f 4273 4282 4274
f 2633 4283 4275
f 4275 4284 4276
f 4276 4285 4277
f 4277 4286 4278
f 4278 4287 4279
f 4279 4288 4280
f 4280 4289 4281
f 4281 4290 4282
f 2634 1763 4283
f 4283 1764 4284
f 4284 1765 4285
f 4285 1766 4286
f 4286 1767 4287
f 4287 1768 4288
f 4288 1769 4289
f 4289 1770 4290
f 898 2627 171
f 4298 2628 2627
f 4306 2629 2628
f 4314 2630 2629
f 4322 2631 2630
f 4330 2632 2631
f 4338 2633 2632
f 4346 2634 2633
f 169 4291 891
f 891 4292 892
f 892 4293 893
f 893 4294 894
f 894 4295 895
f 895 4296 896
f 896 4297 897
f 897 4298 898
f 2619 4299 4291
f 4291 4300 4292
f 4292 4301 4293
f 4293 4302 4294
f 4294 4303 4295
f 4295 4304 4296
f 4296 4305 4297
f 4297 4306 4298
f 2620 4307 4299
f 4299 4308 4300
f 4300 4309 4301
f 4301 4310 4302
f 4302 4311 4303
f 4303 4312 4304
f 4304 4313 4305
f 4305 4314 4306
f 2621 4315 4307
f 4307 4316 4308
f 4308 4317 4309
f 4309 4318 4310
f 4310 4319 4311
f 4311 4320 4312
f 4312 4321 4313
f 4313 4322 4314
f 2622 4323 4315
f 4315 4324 4316
f 4316 4325 4317
f 4317 4326 4318
f 4318 4327 4319
f 4319 4328 4320
f 4320 4329 4321
f 4321 4330 4322
f 2623 4331 4323
f 4323 4332 4324
f 4324 4333 4325
f 4325 4334 4326
f 4326 4335 4327
f 4327 4336 4328
f 4328 4337 4329
f 4329 4338 4330
f 2624 4339 4331
f 4331 4340 4332
f 4332 4341 4333
f 4333 4342 4334
f 4334 4343 4335
f 4335 4344 4336
f 4336 4345 4337
f 4337 4346 4338
f 2625 4347 4339
f 4339 4348 4340
f 4340 4349 4341
f 4341 4350 4342
f 4342 4351 4343
f 4343 4352 4344
f 4344 4353 4345
f 4345 4354 4346
f 2626 1755 4347
f 4347 1756 4348
f 4348 1757 4349
f 4349 1758 4350
f 4350 1759 4351
f 4351 1760 4352
f 4352 1761 4353
f 4353 1762 4354
f 890 2619 169
f 4362 2620 2619
f 4370 2621 2620
f 4378 2622 2621
f 4386 2623 2622
f 4394 2624 2623
f 4402 2625 2624
f 4410 2626 2625
f 167 4355 883
f 883 4356 884
f 884 4357 885
f 885 4358 886
f 886 4359 887
f 887 4360 888
f 888 4361 889
f 889 4362 890
f 2611 4363 4355
f 4355 4364 4356
f 4356 4365 4357
f 4357 4366 4358
f 4358 4367 4359
f 4359 4368 4360
f 4360 4369 4361
f 4361 4370 4362
f 2612 4371 4363
f 4363 4372 4364
f 4364 4373 4365
f 4365 4374 4366
f 4366 4375 4367
f 4367 4376 4368
f 4368 4377 4369
f 4369 4378 4370
f 2613 4379 4371
f 4371 4380 4372
f 4372 4381 4373
f 4373 4382 4374
f 4374 4383 4375
f 4375 4384 4376
f 4376 4385 4377
f 4377 4386 4378
f 2614 4387 4379
f 4379 4388 4380
f 4380 4389 4381
f 4381 4390 4382
f 4382 4391 4383
f 4383 4392 4384
f 4384 4393 4385
f 4385 4394 4386
f 2615 4395 4387
f 4387 4396 4388
f 4388 4397 4389
f 4389 4398 4390
f 4390 4399 4391
f 4391 4400 4392
f 4392 4401 4393
f 4393 4402 4394
f 2616 4403 4395
f 4395 4404 4396
f 4396 4405 4397
f 4397 4406 4398
f 4398 4407 4399
f 4399 4408 4400
f 4400 4409 4401
f 4401 4410 4402
f 2617 4411 4403
f 4403 4412 4404
f 4404 4413 4405
f 4405 4414 4406
f 4406 4415 4407
f 4407 4416 4408
f 4408 4417 4409
f 4409 4418 4410
f 2618 1747 4411
f 4411 1748 4412
f 4412 1749 4413
f 4413 1750 4414
f 4414 1751 4415
f 4415 1752 4416
f 4416 1753 4417
f 4417 1754 4418
f 882 2611 167
f 4426 2612 2611
f 4434 2613 2612
f 4442 2614 2613
f 4450 2615 2614
f 4458 2616 2615
f 4466 2617 2616
f 4474 2618 2617
f 165 4419 875
f 875 4420 876
f 876 4421 877
f 877 4422 878
f 878 4423 879
f 879 4424 880
f 880 4425 881
f 881 4426 882
f 2603 4427 4419
f 4419 4428 4420
f 4420 4429 4421
f 4421 4430 4422
f 4422 4431 4423
f 4423 4432 4424
f 4424 4433 4425
f 4425 4434 4426
f 2604 4435 4427
f 4427 4436 4428
f 4428 4437 4429
f 4429 4438 4430
f 4430 4439 4431
f 4431 4440 4432
f 4432 4441 4433
f 4433 4442 4434
f 2605 4443 4435
f 4435 4444 4436
f 4436 4445 4437
f 4437 4446 4438
f 4438 4447 4439
f 4439 4448 4440
f 4440 4449 4441
f 4441 4450 4442
f 2606 4451 4443
f 4443 4452 4444
f 4444 4453 4445
f 4445 4454 4446
f 4446 4455 4447
f 4447 4456 4448
f 4448 4457 4449
f 4449 4458 4450
f 2607 4459 4451
f 4451 4460 4452
f 4452 4461 4453
f 4453 4462 4454
f 4454 4463 4455
f 4455 4464 4456
f 4456 4465 4457
f 4457 4466 4458
f 2608 4467 4459
f 4459 4468 4460
f 4460 4469 4461
f 4461 4470 4462
f 4462 4471 4463
f 4463 4472 4464
f 4464 4473 4465
f 4465 4474 4466
f 2609 4475 4467
f 4467 4476 4468
f 4468 4477 4469
f 4469 4478 4470
f 4470 4479 4471
f 4471 4480 4472
f 4472 4481 4473
f 4473 4482 4474
f 2610 1739 4475
f 4475 1740 4476
f 4476 1741 4477
f 4477 1742 4478
f 4478 1743 4479
f 4479 1744 4480
f 4480 1745 4481
f 4481 1746 4482
f 874 2603 165
f 4490 2604 2603
f 4498 2605 2604
f 4506 2606 2605
f 4514 2607 2606
f 4522 2608 2607
f 4530 2609 2608
f 4538 2610 2609
f 163 4483 867
f 867 4484 868
f 868 4485 869
f 869 4486 870
f 870 4487 871
f 871 4488 872
f 872 4489 873
f 873 4490 874
f 2595 4491 4483
f 4483 4492 4484
f 4484 4493 4485
f 4485 4494 4486
f 4486 4495 4487
f 4487 4496 4488
f 4488 4497 4489
f 4489 4498 4490
f 2596 4499 4491
f 4491 4500 4492
f 4492 4501 4493
f 4493 4502 4494
f 4494 4503 4495
f 4495 4504 4496
f 4496 4505 4497
f 4497 4506 4498
f 2597 4507 4499
f 4499 4508 4500
f 4500 4509 4501
f 4501 4510 4502
f 4502 4511 4503
f 4503 4512 4504
f 4504 4513 4505
f 4505 4514 4506
f 2598 4515 4507
f 4507 4516 4508
f 4508 4517 4509
f 4509 4518 4510
f 4510 4519 4511
f 4511 4520 4512
f 4512 4521 4513
f 4513 4522 4514
f 2599 4523 4515
f 4515 4524 4516
f 4516 4525 4517
f 4517 4526 4518
f 4518 4527 4519
f 4519 4528 4520
f 4520 4529 4521
f 4521 4530 4522
f 2600 4531 4523
f 4523 4532 4524
f 4524 4533 4525
f 4525 4534 4526
f 4526 4535 4527
f 4527 4536 4528
f 4528 4537 4529
f 4529 4538 4530
f 2601 4539 4531
f 4531 4540 4532
f 4532 4541 4533
f 4533 4542 4534
f 4534 4543 4535
f 4535 4544 4536
f 4536 4545 4537
f 4537 4546 4538
f 2602 1731 4539
f 4539 1732 4540
f 4540 1733 4541
f 4541 1734 4542
f 4542 1735 4543
f 4543 1736 4544
f 4544 1737 4545
f 4545 1738 4546
f 866 2595 163
f 4554 2596 2595
f 4562 2597 2596
f 4570 2598 2597
f 4578 2599 2598
f 4586 2600 2599
f 4594 2601 2600
f 4602 2602 2601
f 161 4547 859
f 859 4548 860
f 860 4549 861
f 861 4550 862
f 862 4551 863
f 863 4552 864
f 864 4553 865
f 865 4554 866
f 2587 4555 4547
f 4547 4556 4548
f 4548 4557 4549
f 4549 4558 4550
f 4550 4559 4551
f 4551 4560 4552
f 4552 4561 4553
f 4553 4562 4554
f 2588 4563 4555
f 4555 4564 4556
f 4556 4565 4557
f 4557 4566 4558
f 4558 4567 4559
f 4559 4568 4560
f 4560 4569 4561
f 4561 4570 4562
f 2589 4571 4563
f 4563 4572 4564
f 4564 4573 4565
f 4565 4574 4566
f 4566 4575 4567
f 4567 4576 4568
f 4568 4577 4569
f 4569 4578 4570
f 2590 4579 4571
f 4571 4580 4572
f 4572 4581 4573
f 4573 4582 4574
f 4574 4583 4575
f 4575 4584 4576
f 4576 4585 4577
f 4577 4586 4578
f 2591 4587 4579
f 4579 4588 4580
f 4580 4589 4581
f 4581 4590 4582
f 4582 4591 4583
f 4583 4592 4584
f 4584 4593 4585
f 4585 4594 4586
f 2592 4595 4587
f 4587 4596 4588
f 4588 4597 4589
f 4589 4598 4590
f 4590 4599 4591
f 4591 4600 4592
f 4592 4601 4593
f 4593 4602 4594
f 2593 4603 4595
f 4595 4604 4596
f 4596 4605 4597
f 4597 4606 4598
f 4598 4607 4599
f 4599 4608 4600
f 4600 4609 4601
f 4601 4610 4602
f 2594 1723 4603
f 4603 1724 4604
f 4604 1725 4605
f 4605 1726 4606
f 4606 1727 4607
f 4607 1728 4608
f 4608 1729 4609
f 4609 1730 4610
f 858 2587 161
f 4618 2588 2587
f 4626 2589 2588
f 4634 2590 2589
f 4642 2591 2590
f 4650 2592 2591
f 4658 2593 2592
f 4666 2594 2593
f 159 4611 851
f 851 4612 852
f 852 4613 853
f 853 4614 854
f 854 4615 855
f 855 4616 856
f 856 4617 857
f 857 4618 858
f 2579 4619 4611
f 4611 4620 4612
f 4612 4621 4613
f 4613 4622 4614
f 4614 4623 4615
f 4615 4624 4616
f 4616 4625 4617
f 4617 4626 4618
f 2580 4627 4619
f 4619 4628 4620
f 4620 4629 4621
f 4621 4630 4622
f 4622 4631 4623
f 4623 4632 4624
f 4624 4633 4625
f 4625 4634 4626
f 2581 4635 4627
f 4627 4636 4628
f 4628 4637 4629
f 4629 4638 4630
f 4630 4639 4631
f 4631 4640 4632
f 4632 4641 4633
f 4633 4642 4634
f 2582 4643 4635
f 4635 4644 4636
f 4636 4645 4637
f 4637 4646 4638
f 4638 4647 4639
f 4639 4648 4640
f 4640 4649 4641
f 4641 4650 4642
f 2583 4651 4643
f 4643 4652 4644
f 4644 4653 4645
f 4645 4654 4646
f 4646 4655 4647
f 4647 4656 4648
f 4648 4657 4649
f 4649 4658 4650
f 2584 4659 4651
f 4651 4660 4652
f 4652 4661 4653
f 4653 4662 4654
f 4654 4663 4655
f 4655 4664 4656
f 4656 4665 4657
f 4657 4666 4658
f 2585 4667 4659
f 4659 4668 4660
f 4660 4669 4661
f 4661 4670 4662
f 4662 4671 4663
f 4663 4672 4664
f 4664 4673 4665
f 4665 4674 4666
f 2586 1715 4667
f 4667 1716 4668
f 4668 1717 4669
f 4669 1718 4670
f 4670 1719 4671
f 4671 1720 4672
f 4672 1721 4673
f 4673 1722 4674
f 850 2579 159
f 4682 2580 2579
f 4690 2581 2580
f 4698 2582 2581
f 4706 2583 2582
f 4714 2584 2583
f 4722 2585 2584
f 4730 2586 2585
f 157 4675 843
f 843 4676 844
f 844 4677 845
f 845 4678 846
f 846 4679 847
f 847 4680 848
f 848 4681 849
f 849 4682 850
f 2571 4683 4675
f 4675 4684 4676
f 4676 4685 4677
f 4677 4686 4678
f 4678 4687 4679
f 4679 4688 4680
f 4680 4689 4681
f 4681 4690 4682
f 2572 4691 4683
f 4683 4692 4684
f 4684 4693 4685
f 4685 4694 4686
f 4686 4695 4687
f 4687 4696 4688
f 4688 4697 4689
f 4689 4698 4690
f 2573 4699 4691
f 4691 4700 4692
f 4692 4701 4693
f 4693 4702 4694
f 4694 4703 4695
f 4695 4704 4696
f 4696 4705 4697
f 4697 4706 4698
f 2574 4707 4699
f 4699 4708 4700
f 4700 4709 4701
f 4701 4710 4702
f 4702 4711 4703
f 4703 4712 4704
f 4704 4713 4705
f 4705 4714 4706
f 2575 4715 4707
f 4707 4716 4708
f 4708 4717 4709
f 4709 4718 4710
f 4710 4719 4711
f 4711 4720 4712
f 4712 4721 4713
f 4713 4722 4714
f 2576 4723 4715
f 4715 4724 4716
f 4716 4725 4717
f 4717 4726 4718
f 4718 4727 4719
f 4719 4728 4720
f 4720 4729 4721
f 4721 4730 4722
f 2577 4731 4723
f 4723 4732 4724
f 4724 4733 4725
f 4725 4734 4726
f 4726 4735 4727
f 4727 4736 4728
f 4728 4737 4729
f 4729 4738 4730
f 2578 1707 4731
f 4731 1708 4732
f 4732 1709 4733
f 4733 1710 4734
f 4734 1711 4735
f 4735 1712 4736
f 4736 1713 4737
f 4737 1714 4738
f 842 2571 157
f 4746 2572 2571
f 4754 2573 2572
f 4762 2574 2573
f 4770 2575 2574
f 4778 2576 2575
f 4786 2577 2576
f 4794 2578 2577
f 155 4739 835
f 835 4740 836
f 836 4741 837
f 837 4742 838
f 838 4743 839
f 839 4744 840
f 840 4745 841
f 841 4746 842
f 2563 4747 4739
f 4739 4748 4740
f 4740 4749 4741
f 4741 4750 4742
f 4742 4751 4743
f 4743 4752 4744
f 4744 4753 4745
f 4745 4754 4746
f 2564 4755 4747
f 4747 4756 4748
f 4748 4757 4749
f 4749 4758 4750
f 4750 4759 4751
f 4751 4760 4752
f 4752 4761 4753
f 4753 4762 4754
f 2565 4763 4755
f 4755 4764 4756
f 4756 4765 4757
f 4757 4766 4758
f 4758 4767 4759
f 4759 4768 4760
f 4760 4769 4761
f 4761 4770 4762
f 2566 4771 4763
f 4763 4772 4764
f 4764 4773 4765
f 4765 4774 4766
f 4766 4775 4767
f 4767 4776 4768
f 4768 4777 4769
f 4769 4778 4770
f 2567 4779 4771
f 4771 4780 4772
f 4772 4781 4773
f 4773 4782 4774
f 4774 4783 4775
f 4775 4784 4776
f 4776 4785 4777
f 4777 4786 4778
f 2568 4787 4779
f 4779 4788 4780
f 4780 4789 4781
f 4781 4790 4782
f 4782 4791 4783
f 4783 4792 4784
f 4784 4793 4785
f 4785 4794 4786
f 2569 4795 4787
f 4787 4796 4788
f 4788 4797 4789
f 4789 4798 4790
f 4790 4799 4791
f 4791 4800 4792
f 4792 4801 4793
f 4793 4802 4794
f 2570 1699 4795
f 4795 1700 4796
f 4796 1701 4797
f 4797 1702 4798
f 4798 1703 4799
f 4799 1704 4800
f 4800 1705 4801
f 4801 1706 4802
f 834 2563 155
f 4810 2564 2563
f 4818 2565 2564
f 4826 2566 2565
f 4834 2567 2566
f 4842 2568 2567
f 4850 2569 2568
f 4858 2570 2569
f 153 4803 827
f 827 4804 828
f 828 4805 829
f 829 4806 830
f 830 4807 831
f 831 4808 832
f 832 4809 833
f 833 4810 834
f 2555 4811 4803
f 4803 4812 4804
f 4804 4813 4805
f 4805 4814 4806
f 4806 4815 4807
f 4807 4816 4808
f 4808 4817 4809
f 4809 4818 4810
f 2556 4819 4811
f 4811 4820 4812
f 4812 4821 4813
f 4813 4822 4814
f 4814 4823 4815
f 4815 4824 4816
f 4816 4825 4817
f 4817 4826 4818
f 2557 4827 4819
f 4819 4828 4820
f 4820 4829 4821
f 4821 4830 4822
f 4822 4831 4823
f 4823 4832 4824
f 4824 4833 4825
f 4825 4834 4826
f 2558 4835 4827
f 4827 4836 4828
f 4828 4837 4829
f 4829 4838 4830
f 4830 4839 4831
f 4831 4840 4832
f 4832 4841 4833
f 4833 4842 4834
f 2559 4843 4835
f 4835 4844 4836
f 4836 4845 4837
f 4837 4846 4838
f 4838 4847 4839
f 4839 4848 4840
f 4840 4849 4841
f 4841 4850 4842
f 2560 4851 4843
f 4843 4852 4844
f 4844 4853 4845
f 4845 4854 4846
f 4846 4855 4847
f 4847 4856 4848
f 4848 4857 4849
f 4849 4858 4850
f 2561 4859 4851
f 4851 4860 4852
f 4852 4861 4853
f 4853 4862 4854
f 4854 4863 4855
f 4855 4864 4856
f 4856 4865 4857
f 4857 4866 4858
f 2562 1691 4859
f 4859 1692 4860
f 4860 1693 4861
f 4861 1694 4862
f 4862 1695 4863
f 4863 1696 4864
f 4864 1697 4865
f 4865 1698 4866
f 826 2555 153
f 4874 2556 2555
f 4882 2557 2556
f 4890 2558 2557
f 4898 2559 2558
f 4906 2560 2559
f 4914 2561 2560
f 4922 2562 2561
f 151 4867 819
f 819 4868 820
f 820 4869 821
f 821 4870 822
f 822 4871 823
f 823 4872 824
f 824 4873 825
f 825 4874 826
f 2547 4875 4867
f 4867 4876 4868
f 4868 4877 4869
f 4869 4878 4870
f 4870 4879 4871
f 4871 4880 4872
f 4872 4881 4873
f 4873 4882 4874
f 2548 4883 4875
f 4875 4884 4876
f 4876 4885 4877
f 4877 4886 4878
f 4878 4887 4879
f 4879 4888 4880
f 4880 4889 4881
f 4881 4890 4882
f 2549 4891 4883
f 4883 4892 4884
f 4884 4893 4885
f 4885 4894 4886
f 4886 4895 4887
f 4887 4896 4888
f 4888 4897 4889
f 4889 4898 4890
f 2550 4899 4891
f 4891 4900 4892
f 4892 4901 4893
f 4893 4902 4894
f 4894 4903 4895
f 4895 4904 4896
f 4896 4905 4897
f 4897 4906 4898
f 2551 4907 4899
f 4899 4908 4900
f 4900 4909 4901
f 4901 4910 4902
f 4902 4911 4903
f 4903 4912 4904
f 4904 4913 4905
f 4905 4914 4906
f 2552 4915 4907
f 4907 4916 4908
f 4908 4917 4909
f 4909 4918 4910
f 4910 4919 4911
f 4911 4920 4912
f 4912 4921 4913
f 4913 4922 4914
f 2553 4923 4915
f 4915 4924 4916
f 4916 4925 4917
f 4917 4926 4918
f 4918 4927 4919
f 4919 4928 4920
f 4920 4929 4921
f 4921 4930 4922
f 2554 1683 4923
f 4923 1684 4924
f 4924 1685 4925
f 4925 1686 4926
f 4926 1687 4927
f 4927 1688 4928
f 4928 1689 4929
f 4929 1690 4930
f 818 2547 151
f 4938 2548 2547
f 4946 2549 2548
f 4954 2550 2549
f 4962 2551 2550
f 4970 2552 2551
f 4978 2553 2552
f 4986 2554 2553
f 149 4931 811
f 811 4932 812
f 812 4933 813
f 813 4934 814
f 814 4935 815
f 815 4936 816
f 816 4937 817
f 817 4938 818
f 2539 4939 4931
f 4931 4940 4932
f 4932 4941 4933
f 4933 4942 4934
f 4934 4943 4935
f 4935 4944 4936
f 4936 4945 4937
f 4937 4946 4938
f 2540 4947 4939
f 4939 4948 4940
f 4940 4949 4941
f 4941 4950 4942
f 4942 4951 4943
f 4943 4952 4944
f 4944 4953 4945
f 4945 4954 4946
f 2541 4955 4947
f 4947 4956 4948
f 4948 4957 4949
f 4949 4958 4950
f 4950 4959 4951
f 4951 4960 4952
f 4952 4961 4953
f 4953 4962 4954
f 2542 4963 4955
f 4955 4964 4956
f 4956 4965 4957
f 4957 4966 4958
f 4958 4967 4959
f 4959 4968 4960
f 4960 4969 4961
f 4961 4970 4962
f 2543 4971 4963
f 4963 4972 4964
f 4964 4973 4965
f 4965 4974 4966
f 4966 4975 4967
f 4967 4976 4968
f 4968 4977 4969
f 4969 4978 4970
f 2544 4979 4971
f 4971 4980 4972
f 4972 4981 4973
f 4973 4982 4974
f 4974 4983 4975
f 4975 4984 4976
f 4976 4985 4977
f 4977 4986 4978
f 2545 4987 4979
f 4979 4988 4980
f 4980 4989 4981
f 4981 4990 4982
f 4982 4991 4983
f 4983 4992 4984
f 4984 4993 4985
f 4985 4994 4986
f 2546 1675 4987
f 4987 1676 4988
f 4988 1677 4989
f 4989 1678 4990
f 4990 1679 4991
f 4991 1680 4992
f 4992 1681 4993
f 4993 1682 4994
f 810 2539 149
f 5002 2540 2539
f 5010 2541 2540
f 5018 2542 2541
f 5026 2543 2542
f 5034 2544 2543
f 5042 2545 2544
f 5050 2546 2545
f 147 4995 803
f 803 4996 804
f 804 4997 805
f 805 4998 806
f 806 4999 807
f 807 5000 808
f 808 5001 809
f 809 5002 810
f 2531 5003 4995
f 4995 5004 4996
f 4996 5005 4997
f 4997 5006 4998
f 4998 5007 4999
f 4999 5008 5000
f 5000 5009 5001
f 5001 5010 5002
f 2532 5011 5003
f 5003 5012 5004
f 5004 5013 5005
f 5005 5014 5006
f 5006 5015 5007
f 5007 5016 5008
f 5008 5017 5009
f 5009 5018 5010
f 2533 5019 5011
f 5011 5020 5012
f 5012 5021 5013
f 5013 5022 5014
f 5014 5023 5015
f 5015 5024 5016
f 5016 5025 5017
f 5017 5026 5018
f 2534 5027 5019
f 5019 5028 5020
f 5020 5029 5021
f 5021 5030 5022
f 5022 5031 5023
f 5023 5032 5024
f 5024 5033 5025
f 5025 5034 5026
f 2535 5035 5027
f 5027 5036 5028
f 5028 5037 5029
f 5029 5038 5030
f 5030 5039 5031
f 5031 5040 5032
f 5032 5041 5033
f 5033 5042 5034
f 2536 5043 5035
f 5035 5044 5036
f 5036 5045 5037
f 5037 5046 5038
f 5038 5047 5039
f 5039 5048 5040
f 5040 5049 5041
f 5041 5050 5042
f 2537 5051 5043
f 5043 5052 5044
f 5044 5053 5045
f 5045 5054 5046
f 5046 5055 5047
f 5047 5056 5048
f 5048 5057 5049
f 5049 5058 5050
f 2538 1667 5051
f 5051 1668 5052
f 5052 1669 5053
f 5053 1670 5054
f 5054 1671 5055
f 5055 1672 5056
f 5056 1673 5057
f 5057 1674 5058
f 802 2531 147
f 5066 2532 2531
f 5074 2533 2532
f 5082 2534 2533
f 5090 2535 2534
f 5098 2536 2535
f 5106 2537 2536
f 5114 2538 2537
f 145 5059 795
f 795 5060 796
f 796 5061 797
f 797 5062 798
f 798 5063 799
f 799 5064 800
f 800 5065 801
f 801 5066 802
f 2523 5067 5059
f 5059 5068 5060
f 5060 5069 5061
f 5061 5070 5062
f 5062 5071 5063
f 5063 5072 5064
f 5064 5073 5065
f 5065 5074 5066
f 2524 5075 5067
f 5067 5076 5068
f 5068 5077 5069
f 5069 5078 5070
f 5070 5079 5071
f 5071 5080 5072
f 5072 5081 5073
f 5073 5082 5074
f 2525 5083 5075
f 5075 5084 5076
f 5076 5085 5077
f 5077 5086 5078
f 5078 5087 5079
f 5079 5088 5080
f 5080 5089 5081
f 5081 5090 5082
f 2526 5091 5083
f 5083 5092 5084
f 5084 5093 5085
f 5085 5094 5086
f 5086 5095 5087
f 5087 5096 5088
f 5088 5097 5089
f 5089 5098 5090
f 2527 5099 5091
f 5091 5100 5092
f 5092 5101 5093
f 5093 5102 5094
f 5094 5103 5095
f 5095 5104 5096
f 5096 5105 5097
f 5097 5106 5098
f 2528 5107 5099
f 5099 5108 5100
f 5100 5109 5101
f 5101 5110 5102
f 5102 5111 5103
f 5103 5112 5104
f 5104 5113 5105
f 5105 5114 5106
f 2529 5115 5107
f 5107 5116 5108
f 5108 5117 5109
f 5109 5118 5110
f 5110 5119 5111
f 5111 5120 5112
f 5112 5121 5113
f 5113 5122 5114
f 2530 1659 5115
f 5115 1660 5116
f 5116 1661 5117
f 5117 1662 5118
f 5118 1663 5119
f 5119 1664 5120
f 5120 1665 5121
f 5121 1666 5122
f 794 2523 145
f 5130 2524 2523
f 5138 2525 2524
f 5146 2526 2525
f 5154 2527 2526
f 5162 2528 2527
f 5170 2529 2528
f 5178 2530 2529
f 143 5123 787
f 787 5124 788
f 788 5125 789
f 789 5126 790
f 790 5127 791
f 791 5128 792
f 792 5129 793
f 793 5130 794
f 2515 5131 5123
f 5123 5132 5124
f 5124 5133 5125
f 5125 5134 5126
f 5126 5135 5127
f 5127 5136 5128
f 5128 5137 5129
f 5129 5138 5130
f 2516 5139 5131
f 5131 5140 5132
f 5132 5141 5133
f 5133 5142 5134
f 5134 5143 5135
f 5135 5144 5136
f 5136 5145 5137
f 5137 5146 5138
f 2517 5147 5139
f 5139 5148 5140
f 5140 5149 5141
f 5141 5150 5142
f 5142 5151 5143
f 5143 5152 5144
f 5144 5153 5145
f 5145 5154 5146
f 2518 5155 5147
f 5147 5156 5148
f 5148 5157 5149
f 5149 5158 5150
f 5150 5159 5151
f 5151 5160 5152
f 5152 5161 5153
f 5153 5162 5154
f 2519 5163 5155
f 5155 5164 5156
f 5156 5165 5157
f 5157 5166 5158
f 5158 5167 5159
f 5159 5168 5160
f 5160 5169 5161
f 5161 5170 5162
f 2520 5171 5163
f 5163 5172 5164
f 5164 5173 5165
f 5165 5174 5166
f 5166 5175 5167
f 5167 5176 5168
f 5168 5177 5169
f 5169 5178 5170
f 2521 5179 5171
f 5171 5180 5172
f 5172 5181 5173
f 5173 5182 5174
f 5174 5183 5175
f 5175 5184 5176
f 5176 5185 5177
f 5177 5186 5178
f 2522 1651 5179
f 5179 1652 5180
f 5180 1653 5181
f 5181 1654 5182
f 5182 1655 5183
f 5183 1656 5184
f 5184 1657 5185
f 5185 1658 5186
f 786 2515 143
f 5194 2516 2515
f 5202 2517 2516
f 5210 2518 2517
f 5218 2519 2518
f 5226 2520 2519
f 5234 2521 2520
f 5242 2522 2521
f 141 5187 779
f 779 5188 780
f 780 5189 781
f 781 5190 782
f 782 5191 783
f 783 5192 784
f 784 5193 785
f 785 5194 786
f 2507 5195 5187
f 5187 5196 5188
f 5188 5197 5189
f 5189 5198 5190
f 5190 5199 5191
f 5191 5200 5192
f 5192 5201 5193
f 5193 5202 5194
f 2508 5203 5195
f 5195 5204 5196
f 5196 5205 5197
f 5197 5206 5198
f 5198 5207 5199
f 5199 5208 5200
f 5200 5209 5201
f 5201 5210 5202
f 2509 5211 5203
f 5203 5212 5204
f 5204 5213 5205
f 5205 5214 5206
f 5206 5215 5207
f 5207 5216 5208
f 5208 5217 5209
f 5209 5218 5210
f 2510 5219 5211
f 5211 5220 5212
f 5212 5221 5213
f 5213 5222 5214
f 5214 5223 5215
f 5215 5224 5216
f 5216 5225 5217
f 5217 5226 5218
f 2511 5227 5219
f 5219 5228 5220
f 5220 5229 5221
f 5221 5230 5222
f 5222 5231 5223
f 5223 5232 5224
f 5224 5233 5225
f 5225 5234 5226
f 2512 5235 5227
f 5227 5236 5228
f 5228 5237 5229
f 5229 5238 5230
f 5230 5239 5231
f 5231 5240 5232
f 5232 5241 5233
f 5233 5242 5234
f 2513 5243 5235
f 5235 5244 5236
f 5236 5245 5237
f 5237 5246 5238
f 5238 5247 5239
f 5239 5248 5240
f 5240 5249 5241
f 5241 5250 5242
f 2514 1643 5243
f 5243 1644 5244
f 5244 1645 5245
f 5245 1646 5246
f 5246 1647 5247
f 5247 1648 5248
f 5248 1649 5249
f 5249 1650 5250
f 778 2507 141
f 5258 2508 2507
f 5266 2509 2508
f 5274 2510 2509
f 5282 2511 2510
f 5290 2512 2511
f 5298 2513 2512
f 5306 2514 2513
f 139 5251 771
f 771 5252 772
f 772 5253 773
f 773 5254 774
f 774 5255 775
f 775 5256 776
f 776 5257 777
f 777 5258 778
f 2499 5259 5251
f 5251 5260 5252
f 5252 5261 5253
f 5253 5262 5254
f 5254 5263 5255
f 5255 5264 5256
f 5256 5265 5257
f 5257 5266 5258
f 2500 5267 5259
f 5259 5268 5260
f 5260 5269 5261
f 5261 5270 5262
f 5262 5271 5263
f 5263 5272 5264
f 5264 5273 5265
f 5265 5274 5266
f 2501 5275 5267
f 5267 5276 5268
f 5268 5277 5269
f 5269 5278 5270
f 5270 5279 5271
f 5271 5280 5272
f 5272 5281 5273
f 5273 5282 5274
f 2502 5283 5275
f 5275 5284 5276
f 5276 5285 5277
f 5277 5286 5278
f 5278 5287 5279
f 5279 5288 5280
f 5280 5289 5281
f 5281 5290 5282
f 2503 5291 5283
f 5283 5292 5284
f 5284 5293 5285
f 5285 5294 5286
f 5286 5295 5287
f 5287 5296 5288
f 5288 5297 5289
f 5289 5298 5290
f 2504 5299 5291
f 5291 5300 5292
f 5292 5301 5293
f 5293 5302 5294
f 5294 5303 5295
f 5295 5304 5296
f 5296 5305 5297
f 5297 5306 5298
f 2505 5307 5299
f 5299 5308 5300
f 5300 5309 5301
f 5301 5310 5302
f 5302 5311 5303
f 5303 5312 5304
f 5304 5313 5305
f 5305 5314 5306
f 2506 1635 5307
f 5307 1636 5308
f 5308 1637 5309
f 5309 1638 5310
f 5310 1639 5311
f 5311 1640 5312
f 5312 1641 5313
f 5313 1642 5314
f 770 2499 139
f 5322 2500 2499
f 5330 2501 2500
f 5338 2502 2501
f 5346 2503 2502
f 5354 2504 2503
f 5362 2505 2504
f 5370 2506 2505
f 137 5315 763
f 763 5316 764
f 764 5317 765
f 765 5318 766
f 766 5319 767
f 767 5320 768
f 768 5321 769
f 769 5322 770
f 2491 5323 5315
f 5315 5324 5316
f 5316 5325 5317
f 5317 5326 5318
f 5318 5327 5319
f 5319 5328 5320
f 5320 5329 5321
f 5321 5330 5322
f 2492 5331 5323
f 5323 5332 5324
f 5324 5333 5325
f 5325 5334 5326
f 5326 5335 5327
f 5327 5336 5328
f 5328 5337 5329
f 5329 5338 5330
f 2493 5339 5331
f 5331 5340 5332
f 5332 5341 5333
f 5333 5342 5334
f 5334 5343 5335
f 5335 5344 5336
f 5336 5345 5337
f 5337 5346 5338
f 2494 5347 5339
f 5339 5348 5340
f 5340 5349 5341
f 5341 5350 5342
f 5342 5351 5343
f 5343 5352 5344
f 5344 5353 5345
f 5345 5354 5346
f 2495 5355 5347
f 5347 5356 5348
f 5348 5357 5349
f 5349 5358 5350
f 5350 5359 5351
f 5351 5360 5352
f 5352 5361 5353
f 5353 5362 5354
f 2496 5363 5355
f 5355 5364 5356
f 5356 5365 5357
f 5357 5366 5358
f 5358 5367 5359
f 5359 5368 5360
f 5360 5369 5361
f 5361 5370 5362
f 2497 5371 5363
f 5363 5372 5364
f 5364 5373 5365
f 5365 5374 5366
f 5366 5375 5367
f 5367 5376 5368
f 5368 5377 5369
f 5369 5378 5370
f 2498 1627 5371
f 5371 1628 5372
f 5372 1629 5373
f 5373 1630 5374
f 5374 1631 5375
f 5375 1632 5376
f 5376 1633 5377
f 5377 1634 5378
f 762 2491 137
f 5386 2492 2491
f 5394 2493 2492
f 5402 2494 2493
f 5410 2495 2494
f 5418 2496 2495
f 5426 2497 2496
f 5434 2498 2497
f 135 5379 755
f 755 5380 756
f 756 5381 757
f 757 5382 758
f 758 5383 759
f 759 5384 760
f 760 5385 761
f 761 5386 762
f 2483 5387 5379
f 5379 5388 5380
f 5380 5389 5381
f 5381 5390 5382
f 5382 5391 5383
f 5383 5392 5384
f 5384 5393 5385
f 5385 5394 5386
f 2484 5395 5387
f 5387 5396 5388
f 5388 5397 5389
f 5389 5398 5390
f 5390 5399 5391
f 5391 5400 5392
f 5392 5401 5393
f 5393 5402 5394
f 2485 5403 5395
f 5395 5404 5396
f 5396 5405 5397
f 5397 5406 5398
f 5398 5407 5399
f 5399 5408 5400
f 5400 5409 5401
f 5401 5410 5402
f 2486 5411 5403
f 5403 5412 5404
f 5404 5413 5405
f 5405 5414 5406
f 5406 5415 5407
f 5407 5416 5408
f 5408 5417 5409
f 5409 5418 5410
f 2487 5419 5411
f 5411 5420 5412
f 5412 5421 5413
f 5413 5422 5414
f 5414 5423 5415
f 5415 5424 5416
f 5416 5425 5417
f 5417 5426 5418
f 2488 5427 5419
f 5419 5428 5420
f 5420 5429 5421
f 5421 5430 5422
f 5422 5431 5423
f 5423 5432 5424
f 5424 5433 5425
f 5425 5434 5426
f 2489 5435 5427
f 5427 5436 5428
f 5428 5437 5429
f 5429 5438 5430
f 5430 5439 5431
f 5431 5440 5432
f 5432 5441 5433
f 5433 5442 5434
f 2490 1619 5435
f 5435 1620 5436
f 5436 1621 5437
f 5437 1622 5438
f 5438 1623 5439
f 5439 1624 5440
f 5440 1625 5441
f 5441 1626 5442
f 754 2483 135
f 5450 2484 2483
f 5458 2485 2484
f 5466 2486 2485
f 5474 2487 2486
f 5482 2488 2487
f 5490 2489 2488
f 5498 2490 2489
f 133 5443 747
f 747 5444 748
f 748 5445 749
f 749 5446 750
f 750 5447 751
f 751 5448 752
f 752 5449 753
f 753 5450 754
f 2475 5451 5443
f 5443 5452 5444
f 5444 5453 5445
f 5445 5454 5446
f 5446 5455 5447
f 5447 5456 5448
f 5448 5457 5449
f 5449 5458 5450
f 2476 5459 5451
f 5451 5460 5452
f 5452 5461 5453
f 5453 5462 5454
f 5454 5463 5455
f 5455 5464 5456
f 5456 5465 5457
f 5457 5466 5458
f 2477 5467 5459
f 5459 5468 5460
f 5460 5469 5461
f 5461 5470 5462
f 5462 5471 5463
f 5463 5472 5464
f 5464 5473 5465
f 5465 5474 5466
f 2478 5475 5467
f 5467 5476 5468
f 5468 5477 5469
f 5469 5478 5470
f 5470 5479 5471
f 5471 5480 5472
f 5472 5481 5473
f 5473 5482 5474
f 2479 5483 5475
f 5475 5484 5476
f 5476 5485 5477
f 5477 5486 5478
f 5478 5487 5479
f 5479 5488 5480
f 5480 5489 5481
f 5481 5490 5482
f 2480 5491 5483
f 5483 5492 5484
f 5484 5493 5485
f 5485 5494 5486
f 5486 5495 5487
f 5487 5496 5488
f 5488 5497 5489
f 5489 5498 5490
f 2481 5499 5491
f 5491 5500 5492
f 5492 5501 5493
f 5493 5502 5494
f 5494 5503 5495
f 5495 5504 5496
f 5496 5505 5497
f 5497 5506 5498
f 2482 1611 5499
f 5499 1612 5500
f 5500 1613 5501
f 5501 1614 5502
f 5502 1615 5503
f 5503 1616 5504
f 5504 1617 5505
f 5505 1618 5506
f 746 2475 133
f 5514 2476 2475
f 5522 2477 2476
f 5530 2478 2477
f 5538 2479 2478
f 5546 2480 2479
f 5554 2481 2480
f 5562 2482 2481
f 131 5507 739
f 739 5508 740
f 740 5509 741
f 741 5510 742
f 742 5511 743
f 743 5512 744
f 744 5513 745
f 745 5514 746
f 2467 5515 5507
f 5507 5516 5508
f 5508 5517 5509
f 5509 5518 5510
f 5510 5519 5511
f 5511 5520 5512
f 5512 5521 5513
f 5513 5522 5514
f 2468 5523 5515
f 5515 5524 5516
f 5516 5525 5517
f 5517 5526 5518
f 5518 5527 5519
f 5519 5528 5520
f 5520 5529 5521
f 5521 5530 5522
f 2469 5531 5523
f 5523 5532 5524
f 5524 5533 5525
f 5525 5534 5526
f 5526 5535 5527
f 5527 5536 5528
f 5528 5537 5529
f 5529 5538 5530
f 2470 5539 5531
f 5531 5540 5532
f 5532 5541 5533
f 5533 5542 5534
f 5534 5543 5535
f 5535 5544 5536
f 5536 5545 5537
f 5537 5546 5538
f 2471 5547 5539
f 5539 5548 5540
f 5540 5549 5541
f 5541 5550 5542
f 5542 5551 5543
f 5543 5552 5544
f 5544 5553 5545
f 5545 5554 5546
f 2472 5555 5547
f 5547 5556 5548
f 5548 5557 5549
f 5549 5558 5550
f 5550 5559 5551
f 5551 5560 5552
f 5552 5561 5553
f 5553 5562 5554
f 2473 5563 5555
f 5555 5564 5556
f 5556 5565 5557
f 5557 5566 5558
f 5558 5567 5559
f 5559 5568 5560
f 5560 5569 5561
f 5561 5570 5562
f 2474 1603 5563
f 5563 1604 5564
f 5564 1605 5565
f 5565 1606 5566
f 5566 1607 5567
f 5567 1608 5568
f 5568 1609 5569
f 5569 1610 5570
f 738 2467 131
f 5578 2468 2467
f 5586 2469 2468
f 5594 2470 2469
f 5602 2471 2470
f 5610 2472 2471
f 5618 2473 2472
f 5626 2474 2473
f 129 5571 731
f 731 5572 732
f 732 5573 733
f 733 5574 734
f 734 5575 735
f 735 5576 736
f 736 5577 737
f 737 5578 738
f 2459 5579 5571
f 5571 5580 5572
f 5572 5581 5573
f 5573 5582 5574
f 5574 5583 5575
f 5575 5584 5576
f 5576 5585 5577
f 5577 5586 5578
f 2460 5587 5579
f 5579 5588 5580
f 5580 5589 5581
f 5581 5590 5582
f 5582 5591 5583
f 5583 5592 5584
f 5584 5593 5585
f 5585 5594 5586
f 2461 5595 5587
f 5587 5596 5588
f 5588 5597 5589
f 5589 5598 5590
f 5590 5599 5591
f 5591 5600 5592
f 5592 5601 5593
f 5593 5602 5594
f 2462 5603 5595
f 5595 5604 5596
f 5596 5605 5597
f 5597 5606 5598
f 5598 5607 5599
f 5599 5608 5600
f 5600 5609 5601
f 5601 5610 5602
f 2463 5611 5603
f 5603 5612 5604
f 5604 5613 5605
f 5605 5614 5606
f 5606 5615 5607
f 5607 5616 5608
f 5608 5617 5609
f 5609 5618 5610
f 2464 5619 5611
f 5611 5620 5612
f 5612 5621 5613
f 5613 5622 5614
f 5614 5623 5615
f 5615 5624 5616
f 5616 5625 5617
f 5617 5626 5618
f 2465 5627 5619
f 5619 5628 5620
f 5620 5629 5621
f 5621 5630 5622
f 5622 5631 5623
f 5623 5632 5624
f 5624 5633 5625
f 5625 5634 5626
f 2466 1595 5627
f 5627 1596 5628
f 5628 1597 5629
f 5629 1598 5630
f 5630 1599 5631
f 5631 1600 5632
f 5632 1601 5633
f 5633 1602 5634
f 730 2459 129
f 5642 2460 2459
f 5650 2461 2460
f 5658 2462 2461
f 5666 2463 2462
f 5674 2464 2463
f 5682 2465 2464
f 5690 2466 2465
f 127 5635 723
f 723 5636 724
f 724 5637 725
f 725 5638 726
f 726 5639 727
f 727 5640 728
f 728 5641 729
f 729 5642 730
f 2451 5643 5635
f 5635 5644 5636
f 5636 5645 5637
f 5637 5646 5638
f 5638 5647 5639
f 5639 5648 5640
f 5640 5649 5641
f 5641 5650 5642
f 2452 5651 5643
f 5643 5652 5644
f 5644 5653 5645
f 5645 5654 5646
f 5646 5655 5647
f 5647 5656 5648
f 5648 5657 5649
f 5649 5658 5650
f 2453 5659 5651
f 5651 5660 5652
f 5652 5661 5653
f 5653 5662 5654
f 5654 5663 5655
f 5655 5664 5656
f 5656 5665 5657
f 5657 5666 5658
f 2454 5667 5659
f 5659 5668 5660
f 5660 5669 5661
f 5661 5670 5662
f 5662 5671 5663
f 5663 5672 5664
f 5664 5673 5665
f 5665 5674 5666
f 2455 5675 5667
f 5667 5676 5668
f 5668 5677 5669
f 5669 5678 5670
f 5670 5679 5671
f 5671 5680 5672
f 5672 5681 5673
f 5673 5682 5674
f 2456 5683 5675
f 5675 5684 5676
f 5676 5685 5677
f 5677 5686 5678
f 5678 5687 5679
f 5679 5688 5680
f 5680 5689 5681
f 5681 5690 5682
f 2457 5691 5683
f 5683 5692 5684
f 5684 5693 5685
f 5685 5694 5686
f 5686 5695 5687
f 5687 5696 5688
f 5688 5697 5689
f 5689 5698 5690
f 2458 1587 5691
f 5691 1588 5692
f 5692 1589 5693
f 5693 1590 5694
f 5694 1591 5695
f 5695 1592 5696
f 5696 1593 5697
f 5697 1594 5698
f 722 2451 127
f 5706 2452 2451
f 5714 2453 2452
f 5722 2454 2453
f 5730 2455 2454
f 5738 2456 2455
f 5746 2457 2456
f 5754 2458 2457
f 125 5699 715
f 715 5700 716
f 716 5701 717
f 717 5702 718
f 718 5703 719
f 719 5704 720
f 720 5705 721
f 721 5706 722
f 2443 5707 5699
f 5699 5708 5700
f 5700 5709 5701
f 5701 5710 5702
f 5702 5711 5703
f 5703 5712 5704
f 5704 5713 5705
f 5705 5714 5706
f 2444 5715 5707
f 5707 5716 5708
f 5708 5717 5709
f 5709 5718 5710
f 5710 5719 5711
f 5711 5720 5712
f 5712 5721 5713
f 5713 5722 5714
f 2445 5723 5715
f 5715 5724 5716
f 5716 5725 5717
f 5717 5726 5718
f 5718 5727 5719
f 5719 5728 5720
f 5720 5729 5721
f 5721 5730 5722
f 2446 5731 5723
f 5723 5732 5724
f 5724 5733 5725
f 5725 5734 5726
f 5726 5735 5727
f 5727 5736 5728
f 5728 5737 5729
f 5729 5738 5730
f 2447 5739 5731
f 5731 5740 5732
f 5732 5741 5733
f 5733 5742 5734
f 5734 5743 5735
f 5735 5744 5736
f 5736 5745 5737
f 5737 5746 5738
f 2448 5747 5739
f 5739 5748 5740
f 5740 5749 5741
f 5741 5750 5742
f 5742 5751 5743
f 5743 5752 5744
f 5744 5753 5745
f 5745 5754 5746
f 2449 5755 5747
f 5747 5756 5748
f 5748 5757 5749
f 5749 5758 5750
f 5750 5759 5751
f 5751 5760 5752
f 5752 5761 5753
f 5753 5762 5754
f 2450 1579 5755
f 5755 1580 5756
f 5756 1581 5757
f 5757 1582 5758
f 5758 1583 5759
f 5759 1584 5760
f 5760 1585 5761
f 5761 1586 5762
f 714 2443 125
f 5770 2444 2443
f 5778 2445 2444
f 5786 2446 2445
f 5794 2447 2446
f 5802 2448 2447
f 5810 2449 2448
f 5818 2450 2449
f 123 5763 707
f 707 5764 708
f 708 5765 709
f 709 5766 710
f 710 5767 711
f 711 5768 712
f 712 5769 713
f 713 5770 714
f 2435 5771 5763
f 5763 5772 5764
f 5764 5773 5765
f 5765 5774 5766
f 5766 5775 5767
f 5767 5776 5768
f 5768 5777 5769
f 5769 5778 5770
f 2436 5779 5771
f 5771 5780 5772
f 5772 5781 5773
f 5773 5782 5774
f 5774 5783 5775
f 5775 5784 5776
f 5776 5785 5777
f 5777 5786 5778
f 2437 5787 5779
f 5779 5788 5780
f 5780 5789 5781
f 5781 5790 5782
f 5782 5791 5783
f 5783 5792 5784
f 5784 5793 5785
f 5785 5794 5786
f 2438 5795 5787
f 5787 5796 5788
f 5788 5797 5789
f 5789 5798 5790
f 5790 5799 5791
f 5791 5800 5792
f 5792 5801 5793
f 5793 5802 5794
f 2439 5803 5795
f 5795 5804 5796
f 5796 5805 5797
f 5797 5806 5798
f 5798 5807 5799
f 5799 5808 5800
f 5800 5809 5801
f 5801 5810 5802
f 2440 5811 5803
f 5803 5812 5804
f 5804 5813 5805
f 5805 5814 5806
f 5806 5815 5807
f 5807 5816 5808
f 5808 5817 5809
f 5809 5818 5810
f 2441 5819 5811
f 5811 5820 5812
f 5812 5821 5813
f 5813 5822 5814
f 5814 5823 5815
f 5815 5824 5816
f 5816 5825 5817
f 5817 5826 5818
f 2442 1571 5819
f 5819 1572 5820
f 5820 1573 5821
f 5821 1574 5822
f 5822 1575 5823
f 5823 1576 5824
f 5824 1577 5825
f 5825 1578 5826
f 706 2435 123
f 5834 2436 2435
f 5842 2437 2436
f 5850 2438 2437
f 5858 2439 2438
f 5866 2440 2439
f 5874 2441 2440
f 5882 2442 2441
f 121 5827 699
f 699 5828 700
f 700 5829 701
f 701 5830 702
f 702 5831 703
f 703 5832 704
f 704 5833 705
f 705 5834 706
f 2427 5835 5827
f 5827 5836 5828
f 5828 5837 5829
f 5829 5838 5830
f 5830 5839 5831
f 5831 5840 5832
f 5832 5841 5833
f 5833 5842 5834
f 2428 5843 5835
f 5835 5844 5836
f 5836 5845 5837
f 5837 5846 5838
f 5838 5847 5839
f 5839 5848 5840
f 5840 5849 5841
f 5841 5850 5842
f 2429 5851 5843
f 5843 5852 5844
f 5844 5853 5845
f 5845 5854 5846
f 5846 5855 5847
f 5847 5856 5848
f 5848 5857 5849
f 5849 5858 5850
f 2430 5859 5851
f 5851 5860 5852
f 5852 5861 5853
f 5853 5862 5854
f 5854 5863 5855
f 5855 5864 5856
f 5856 5865 5857
f 5857 5866 5858
f 2431 5867 5859
f 5859 5868 5860
f 5860 5869 5861
f 5861 5870 5862
f 5862 5871 5863
f 5863 5872 5864
f 5864 5873 5865
f 5865 5874 5866
f 2432 5875 5867
f 5867 5876 5868
f 5868 5877 5869
f 5869 5878 5870
f 5870 5879 5871
f 5871 5880 5872
f 5872 5881 5873
f 5873 5882 5874
f 2433 5883 5875
f 5875 5884 5876
f 5876 5885 5877
f 5877 5886 5878
f 5878 5887 5879
f 5879 5888 5880
f 5880 5889 5881
f 5881 5890 5882
f 2434 1563 5883
f 5883 1564 5884
f 5884 1565 5885
f 5885 1566 5886
f 5886 1567 5887
f 5887 1568 5888
f 5888 1569 5889
f 5889 1570 5890
f 698 2427 121
f 5898 2428 2427
f 5906 2429 2428
f 5914 2430 2429
f 5922 2431 2430
f 5930 2432 2431
f 5938 2433 2432
f 5946 2434 2433
f 119 5891 691
f 691 5892 692
f 692 5893 693
f 693 5894 694
f 694 5895 695
f 695 5896 696
f 696 5897 697
f 697 5898 698
f 2419 5899 5891
f 5891 5900 5892
f 5892 5901 5893
f 5893 5902 5894
f 5894 5903 5895
f 5895 5904 5896
f 5896 5905 5897
f 5897 5906 5898
f 2420 5907 5899
f 5899 5908 5900
f 5900 5909 5901
f 5901 5910 5902
f 5902 5911 5903
f 5903 5912 5904
f 5904 5913 5905
f 5905 5914 5906
f 2421 5915 5907
f 5907 5916 5908
f 5908 5917 5909
f 5909 5918 5910
f 5910 5919 5911
f 5911 5920 5912
f 5912 5921 5913
f 5913 5922 5914
f 2422 5923 5915
f 5915 5924 5916
f 5916 5925 5917
f 5917 5926 5918
f 5918 5927 5919
f 5919 5928 5920
f 5920 5929 5921
f 5921 5930 5922
f 2423 5931 5923
f 5923 5932 5924
f 5924 5933 5925
f 5925 5934 5926
f 5926 5935 5927
f 5927 5936 5928
f 5928 5937 5929
f 5929 5938 5930
f 2424 5939 5931
f 5931 5940 5932
f 5932 5941 5933
f 5933 5942 5934
f 5934 5943 5935
f 5935 5944 5936
f 5936 5945 5937
f 5937 5946 5938
f 2425 5947 5939
f 5939 5948 5940
f 5940 5949 5941
f 5941 5950 5942
f 5942 5951 5943
f 5943 5952 5944
f 5944 5953 5945
f 5945 5954 5946
f 2426 1555 5947
f 5947 1556 5948
f 5948 1557 5949
f 5949 1558 5950
f 5950 1559 5951
f 5951 1560 5952
f 5952 1561 5953
f 5953 1562 5954
f 690 2419 119
f 5962 2420 2419
f 5970 2421 2420
f 5978 2422 2421
f 5986 2423 2422
f 5994 2424 2423
f 6002 2425 2424
f 6010 2426 2425
f 117 5955 683
f 683 5956 684
f 684 5957 685
f 685 5958 686
f 686 5959 687
f 687 5960 688
f 688 5961 689
f 689 5962 690
f 2411 5963 5955
f 5955 5964 5956
f 5956 5965 5957
f 5957 5966 5958
f 5958 5967 5959
f 5959 5968 5960
f 5960 5969 5961
f 5961 5970 5962
f 2412 5971 5963
f 5963 5972 5964
f 5964 5973 5965
f 5965 5974 5966
f 5966 5975 5967
f 5967 5976 5968
f 5968 5977 5969
f 5969 5978 5970
f 2413 5979 5971
f 5971 5980 5972
f 5972 5981 5973
f 5973 5982 5974
f 5974 5983 5975
f 5975 5984 5976
f 5976 5985 5977
f 5977 5986 5978
f 2414 5987 5979
f 5979 5988 5980
f 5980 5989 5981
f 5981 5990 5982
f 5982 5991 5983
f 5983 5992 5984
f 5984 5993 5985
f 5985 5994 5986
f 2415 5995 5987
f 5987 5996 5988
f 5988 5997 5989
f 5989 5998 5990
f 5990 5999 5991
f 5991 6000 5992
f 5992 6001 5993
f 5993 6002 5994
f 2416 6003 5995
f 5995 6004 5996
f 5996 6005 5997
f 5997 6006 5998
f 5998 6007 5999
f 5999 6008 6000
f 6000 6009 6001
f 6001 6010 6002
f 2417 6011 6003
f 6003 6012 6004
f 6004 6013 6005
f 6005 6014 6006
f 6006 6015 6007
f 6007 6016 6008
f 6008 6017 6009
f 6009 6018 6010
f 2418 1547 6011
f 6011 1548 6012
f 6012 1549 6013
f 6013 1550 6014
f 6014 1551 6015
f 6015 1552 6016
f 6016 1553 6017
f 6017 1554 6018
f 682 2411 117
f 6026 2412 2411
f 6034 2413 2412
f 6042 2414 2413
f 6050 2415 2414
f 6058 2416 2415
f 6066 2417 2416
f 6074 2418 2417
f 115 6019 675
f 675 6020 676
f 676 6021 677
f 677 6022 678
f 678 6023 679
f 679 6024 680
f 680 6025 681
f 681 6026 682
f 2403 6027 6019
f 6019 6028 6020
f 6020 6029 6021
f 6021 6030 6022
f 6022 6031 6023
f 6023 6032 6024
f 6024 6033 6025
f 6025 6034 6026
f 2404 6035 6027
f 6027 6036 6028
f 6028 6037 6029
f 6029 6038 6030
f 6030 6039 6031
f 6031 6040 6032
f 6032 6041 6033
f 6033 6042 6034
f 2405 6043 6035
f 6035 6044 6036
f 6036 6045 6037
f 6037 6046 6038
f 6038 6047 6039
f 6039 6048 6040
f 6040 6049 6041
f 6041 6050 6042
f 2406 6051 6043
f 6043 6052 6044
f 6044 6053 6045
f 6045 6054 6046
f 6046 6055 6047
f 6047 6056 6048
f 6048 6057 6049
f 6049 6058 6050
f 2407 6059 6051
f 6051 6060 6052
f 6052 6061 6053
f 6053 6062 6054
f 6054 6063 6055
f 6055 6064 6056
f 6056 6065 6057
f 6057 6066 6058
f 2408 6067 6059
f 6059 6068 6060
f 6060 6069 6061
f 6061 6070 6062
f 6062 6071 6063
f 6063 6072 6064
f 6064 6073 6065
f 6065 6074 6066
f 2409 6075 6067
f 6067 6076 6068
f 6068 6077 6069
f 6069 6078 6070
f 6070 6079 6071
f 6071 6080 6072
f 6072 6081 6073
f 6073 6082 6074
f 2410 1539 6075
f 6075 1540 6076
f 6076 1541 6077
f 6077 1542 6078
f 6078 1543 6079
f 6079 1544 6080
f 6080 1545 6081
f 6081 1546 6082
f 674 2403 115
f 6090 2404 2403
f 6098 2405 2404
f 6106 2406 2405
f 6114 2407 2406
f 6122 2408 2407
f 6130 2409 2408
f 6138 2410 2409
f 113 6083 667
f 667 6084 668
f 668 6085 669
f 669 6086 670
f 670 6087 671
f 671 6088 672
f 672 6089 673
f 673 6090 674
f 2395 6091 6083
f 6083 6092 6084
f 6084 6093 6085
f 6085 6094 6086
f 6086 6095 6087
f 6087 6096 6088
f 6088 6097 6089
f 6089 6098 6090
f 2396 6099 6091
f 6091 6100 6092
f 6092 6101 6093
f 6093 6102 6094
f 6094 6103 6095
f 6095 6104 6096
f 6096 6105 6097
f 6097 6106 6098
f 2397 6107 6099
f 6099 6108 6100
f 6100 6109 6101
f 6101 6110 6102
f 6102 6111 6103
f 6103 6112 6104
f 6104 6113 6105
f 6105 6114 6106
f 2398 6115 6107
f 6107 6116 6108
f 6108 6117 6109
f 6109 6118 6110
f 6110 6119 6111
f 6111 6120 6112
f 6112 6121 6113
f 6113 6122 6114
f 2399 6123 6115
f 6115 6124 6116
f 6116 6125 6117
f 6117 6126 6118
f 6118 6127 6119
f 6119 6128 6120
f 6120 6129 6121
f 6121 6130 6122
f 2400 6131 6123
f 6123 6132 6124
f 6124 6133 6125
f 6125 6134 6126
f 6126 6135 6127
f 6127 6136 6128
f 6128 6137 6129
f 6129 6138 6130
f 2401 6139 6131
f 6131 6140 6132
f 6132 6141 6133
f 6133 6142 6134
f 6134 6143 6135
f 6135 6144 6136
f 6136 6145 6137
f 6137 6146 6138
f 2402 1531 6139
f 6139 1532 6140
f 6140 1533 6141
f 6141 1534 6142
f 6142 1535 6143
f 6143 1536 6144
f 6144 1537 6145
f 6145 1538 6146
f 666 2395 113
f 6154 2396 2395
f 6162 2397 2396
f 6170 2398 2397
f 6178 2399 2398
f 6186 2400 2399
f 6194 2401 2400
f 6202 2402 2401
f 111 6147 659
f 659 6148 660
f 660 6149 661
f 661 6150 662
f 662 6151 663
f 663 6152 664
f 664 6153 665
f 665 6154 666
f 2387 6155 6147
f 6147 6156 6148
f 6148 6157 6149
f 6149 6158 6150
f 6150 6159 6151
f 6151 6160 6152
f 6152 6161 6153
f 6153 6162 6154
f 2388 6163 6155
f 6155 6164 6156
f 6156 6165 6157
f 6157 6166 6158
f 6158 6167 6159
f 6159 6168 6160
f 6160 6169 6161
f 6161 6170 6162
f 2389 6171 6163
f 6163 6172 6164
f 6164 6173 6165
f 6165 6174 6166
f 6166 6175 6167
f 6167 6176 6168
f 6168 6177 6169
f 6169 6178 6170
f 2390 6179 6171
f 6171 6180 6172
f 6172 6181 6173
f 6173 6182 6174
f 6174 6183 6175
f 6175 6184 6176
f 6176 6185 6177
f 6177 6186 6178
f 2391 6187 6179
f 6179 6188 6180
f 6180 6189 6181
f 6181 6190 6182
f 6182 6191 6183
f 6183 6192 6184
f 6184 6193 6185
f 6185 6194 6186
f 2392 6195 6187
f 6187 6196 6188
f 6188 6197 6189
f 6189 6198 6190
f 6190 6199 6191
f 6191 6200 6192
f 6192 6201 6193
f 6193 6202 6194
f 2393 6203 6195
f 6195 6204 6196
f 6196 6205 6197
f 6197 6206 6198
f 6198 6207 6199
f 6199 6208 6200
f 6200 6209 6201
f 6201 6210 6202
f 2394 1523 6203
f 6203 1524 6204
f 6204 1525 6205
f 6205 1526 6206
f 6206 1527 6207
f 6207 1528 6208
f 6208 1529 6209
f 6209 1530 6210
f 658 2387 111
f 6218 2388 2387
f 6226 2389 2388
f 6234 2390 2389
f 6242 2391 2390
f 6250 2392 2391
f 6258 2393 2392
f 6266 2394 2393
f 109 6211 651
f 651 6212 652
f 652 6213 653
f 653 6214 654
f 654 6215 655
f 655 6216 656
f 656 6217 657
f 657 6218 658
f 2379 6219 6211
f 6211 6220 6212
f 6212 6221 6213
f 6213 6222 6214
f 6214 6223 6215
f 6215 6224 6216
f 6216 6225 6217
f 6217 6226 6218
f 2380 6227 6219
f 6219 6228 6220
f 6220 6229 6221
f 6221 6230 6222
f 6222 6231 6223
f 6223 6232 6224
f 6224 6233 6225
f 6225 6234 6226
f 2381 6235 6227
f 6227 6236 6228
f 6228 6237 6229
f 6229 6238 6230
f 6230 6239 6231
f 6231 6240 6232
f 6232 6241 6233
f 6233 6242 6234
f 2382 6243 6235
f 6235 6244 6236
f 6236 6245 6237
f 6237 6246 6238
f 6238 6247 6239
f 6239 6248 6240
f 6240 6249 6241
f 6241 6250 6242
f 2383 6251 6243
f 6243 6252 6244
f 6244 6253 6245
f 6245 6254 6246
f 6246 6255 6247
f 6247 6256 6248
f 6248 6257 6249
f 6249 6258 6250
f 2384 6259 6251
f 6251 6260 6252
f 6252 6261 6253
f 6253 6262 6254
f 6254 6263 6255
f 6255 6264 6256
f 6256 6265 6257
f 6257 6266 6258
f 2385 6267 6259
f 6259 6268 6260
f 6260 6269 6261
f 6261 6270 6262
f 6262 6271 6263
f 6263 6272 6264
f 6264 6273 6265
f 6265 6274 6266
f 2386 1515 6267
f 6267 1516 6268
f 6268 1517 6269
f 6269 1518 6270
f 6270 1519 6271
f 6271 1520 6272
f 6272 1521 6273
f 6273 1522 6274
f 650 2379 109
f 6282 2380 2379
f 6290 2381 2380
f 6298 2382 2381
f 6306 2383 2382
f 6314 2384 2383
f 6322 2385 2384
f 6330 2386 2385
f 107 6275 643
f 643 6276 644
f 644 6277 645
f 645 6278 646
f 646 6279 647
f 647 6280 648
f 648 6281 649
f 649 6282 650
f 2371 6283 6275
f 6275 6284 6276
f 6276 6285 6277
f 6277 6286 6278
f 6278 6287 6279
f 6279 6288 6280
f 6280 6289 6281
f 6281 6290 6282
f 2372 6291 6283
f 6283 6292 6284
f 6284 6293 6285
f 6285 6294 6286
f 6286 6295 6287
f 6287 6296 6288
f 6288 6297 6289
f 6289 6298 6290
f 2373 6299 6291
f 6291 6300 6292
f 6292 6301 6293
f 6293 6302 6294
f 6294 6303 6295
f 6295 6304 6296
f 6296 6305 6297
f 6297 6306 6298
f 2374 6307 6299
f 6299 6308 6300
f 6300 6309 6301
f 6301 6310 6302
f 6302 6311 6303
f 6303 6312 6304
f 6304 6313 6305
f 6305 6314 6306
f 2375 6315 6307
f 6307 6316 6308
f 6308 6317 6309
f 6309 6318 6310
f 6310 6319 6311
f 6311 6320 6312
f 6312 6321 6313
f 6313 6322 6314
f 2376 6323 6315
f 6315 6324 6316
f 6316 6325 6317
f 6317 6326 6318
f 6318 6327 6319
f 6319 6328 6320
f 6320 6329 6321
f 6321 6330 6322
f 2377 6331 6323
f 6323 6332 6324
f 6324 6333 6325
f 6325 6334 6326
f 6326 6335 6327
f 6327 6336 6328
f 6328 6337 6329
f 6329 6338 6330
f 2378 1507 6331
f 6331 1508 6332
f 6332 1509 6333
f 6333 1510 6334
f 6334 1511 6335
f 6335 1512 6336
f 6336 1513 6337
f 6337 1514 6338
f 642 2371 107
f 6346 2372 2371
f 6354 2373 2372
f 6362 2374 2373
f 6370 2375 2374
f 6378 2376 2375
f 6386 2377 2376
f 6394 2378 2377
f 105 6339 635
f 635 6340 636
f 636 6341 637
f 637 6342 638
f 638 6343 639
f 639 6344 640
f 640 6345 641
f 641 6346 642
f 2363 6347 6339
f 6339 6348 6340
f 6340 6349 6341
f 6341 6350 6342
f 6342 6351 6343
f 6343 6352 6344
f 6344 6353 6345
f 6345 6354 6346
f 2364 6355 6347
f 6347 6356 6348
f 6348 6357 6349
f 6349 6358 6350
f 6350 6359 6351
f 6351 6360 6352
f 6352 6361 6353
f 6353 6362 6354
f 2365 6363 6355
f 6355 6364 6356
f 6356 6365 6357
f 6357 6366 6358
f 6358 6367 6359
f 6359 6368 6360
f 6360 6369 6361
f 6361 6370 6362
f 2366 6371 6363
f 6363 6372 6364
f 6364 6373 6365
f 6365 6374 6366
f 6366 6375 6367
f 6367 6376 6368
f 6368 6377 6369
f 6369 6378 6370
f 2367 6379 6371
f 6371 6380 6372
f 6372 6381 6373
f 6373 6382 6374
f 6374 6383 6375
f 6375 6384 6376
f 6376 6385 6377
f 6377 6386 6378
f 2368 6387 6379
f 6379 6388 6380
f 6380 6389 6381
f 6381 6390 6382
f 6382 6391 6383
f 6383 6392 6384
f 6384 6393 6385
f 6385 6394 6386
f 2369 6395 6387
f 6387 6396 6388
f 6388 6397 6389
f 6389 6398 6390
f 6390 6399 6391
f 6391 6400 6392
f 6392 6401 6393
f 6393 6402 6394
f 2370 1499 6395
f 6395 1500 6396
f 6396 1501 6397
f 6397 1502 6398
f 6398 1503 6399
f 6399 1504 6400
f 6400 1505 6401
f 6401 1506 6402
f 634 2363 105
f 6410 2364 2363
f 6418 2365 2364
f 6426 2366 2365
f 6434 2367 2366
f 6442 2368 2367
f 6450 2369 2368
f 6458 2370 2369
f 103 6403 627
f 627 6404 628
f 628 6405 629
f 629 6406 630
f 630 6407 631
f 631 6408 632
f 632 6409 633
f 633 6410 634
f 2355 6411 6403
f 6403 6412 6404
f 6404 6413 6405
f 6405 6414 6406
f 6406 6415 6407
f 6407 6416 6408
f 6408 6417 6409
f 6409 6418 6410
f 2356 6419 6411
f 6411 6420 6412
f 6412 6421 6413
f 6413 6422 6414
f 6414 6423 6415
f 6415 6424 6416
f 6416 6425 6417
f 6417 6426 6418
f 2357 6427 6419
f 6419 6428 6420
f 6420 6429 6421
f 6421 6430 6422
f 6422 6431 6423
f 6423 6432 6424
f 6424 6433 6425
f 6425 6434 6426
f 2358 6435 6427
f 6427 6436 6428
f 6428 6437 6429
f 6429 6438 6430
f 6430 6439 6431
f 6431 6440 6432
f 6432 6441 6433
f 6433 6442 6434
f 2359 6443 6435
f 6435 6444 6436
f 6436 6445 6437
f 6437 6446 6438
f 6438 6447 6439
f 6439 6448 6440
f 6440 6449 6441
f 6441 6450 6442
f 2360 6451 6443
f 6443 6452 6444
f 6444 6453 6445
f 6445 6454 6446
f 6446 6455 6447
f 6447 6456 6448
f 6448 6457 6449
f 6449 6458 6450
f 2361 6459 6451
f 6451 6460 6452
f 6452 6461 6453
f 6453 6462 6454
f 6454 6463 6455
f 6455 6464 6456
f 6456 6465 6457
f 6457 6466 6458
f 2362 1491 6459
f 6459 1492 6460
f 6460 1493 6461
f 6461 1494 6462
f 6462 1495 6463
f 6463 1496 6464
f 6464 1497 6465
f 6465 1498 6466
f 626 2355 103
f 6474 2356 2355
f 6482 2357 2356
f 6490 2358 2357
f 6498 2359 2358
f 6506 2360 2359
f 6514 2361 2360
f 6522 2362 2361
f 101 6467 619
f 619 6468 620
f 620 6469 621
f 621 6470 622
f 622 6471 623
f 623 6472 624
f 624 6473 625
f 625 6474 626
f 2347 6475 6467
f 6467 6476 6468
f 6468 6477 6469
f 6469 6478 6470
f 6470 6479 6471
f 6471 6480 6472
f 6472 6481 6473
f 6473 6482 6474
f 2348 6483 6475
f 6475 6484 6476
f 6476 6485 6477
f 6477 6486 6478
f 6478 6487 6479
f 6479 6488 6480
f 6480 6489 6481
f 6481 6490 6482
f 2349 6491 6483
f 6483 6492 6484
f 6484 6493 6485
f 6485 6494 6486
f 6486 6495 6487
f 6487 6496 6488
f 6488 6497 6489
f 6489 6498 6490
f 2350 6499 6491
f 6491 6500 6492
f 6492 6501 6493
f 6493 6502 6494
f 6494 6503 6495
f 6495 6504 6496
f 6496 6505 6497
f 6497 6506 6498
f 2351 6507 6499
f 6499 6508 6500
f 6500 6509 6501
f 6501 6510 6502
f 6502 6511 6503
f 6503 6512 6504
f 6504 6513 6505
f 6505 6514 6506
f 2352 6515 6507
f 6507 6516 6508
f 6508 6517 6509
f 6509 6518 6510
f 6510 6519 6511
f 6511 6520 6512
f 6512 6521 6513
f 6513 6522 6514
f 2353 6523 6515
f 6515 6524 6516
f 6516 6525 6517
f 6517 6526 6518
f 6518 6527 6519
f 6519 6528 6520
f 6520 6529 6521
f 6521 6530 6522
f 2354 1483 6523
f 6523 1484 6524
f 6524 1485 6525
f 6525 1486 6526
f 6526 1487 6527
f 6527 1488 6528
f 6528 1489 6529
f 6529 1490 6530
f 618 2347 101
f 6538 2348 2347
f 6546 2349 2348
f 6554 2350 2349
f 6562 2351 2350
f 6570 2352 2351
f 6578 2353 2352
f 6586 2354 2353
f 99 6531 611
f 611 6532 612
f 612 6533 613
f 613 6534 614
f 614 6535 615
f 615 6536 616
f 616 6537 617
f 617 6538 618
f 2339 6539 6531
f 6531 6540 6532
f 6532 6541 6533
f 6533 6542 6534
f 6534 6543 6535
f 6535 6544 6536
f 6536 6545 6537
f 6537 6546 6538
f 2340 6547 6539
f 6539 6548 6540
f 6540 6549 6541
f 6541 6550 6542
f 6542 6551 6543
f 6543 6552 6544
f 6544 6553 6545
f 6545 6554 6546
f 2341 6555 6547
f 6547 6556 6548
f 6548 6557 6549
f 6549 6558 6550
f 6550 6559 6551
f 6551 6560 6552
f 6552 6561 6553
f 6553 6562 6554
f 2342 6563 6555
f 6555 6564 6556
f 6556 6565 6557
f 6557 6566 6558
f 6558 6567 6559
f 6559 6568 6560
f 6560 6569 6561
f 6561 6570 6562
f 2343 6571 6563
f 6563 6572 6564
f 6564 6573 6565
f 6565 6574 6566
f 6566 6575 6567
f 6567 6576 6568
f 6568 6577 6569
f 6569 6578 6570
f 2344 6579 6571
f 6571 6580 6572
f 6572 6581 6573
f 6573 6582 6574
f 6574 6583 6575
f 6575 6584 6576
f 6576 6585 6577
f 6577 6586 6578
f 2345 6587 6579
f 6579 6588 6580
f 6580 6589 6581
f 6581 6590 6582
f 6582 6591 6583
f 6583 6592 6584
f 6584 6593 6585
f 6585 6594 6586
f 2346 1475 6587
f 6587 1476 6588
f 6588 1477 6589
f 6589 1478 6590
f 6590 1479 6591
f 6591 1480 6592
f 6592 1481 6593
f 6593 1482 6594
f 610 2339 99
f 6602 2340 2339
f 6610 2341 2340
f 6618 2342 2341
f 6626 2343 2342
f 6634 2344 2343
f 6642 2345 2344
f 6650 2346 2345
f 97 6595 603
f 603 6596 604
f 604 6597 605
f 605 6598 606
f 606 6599 607
f 607 6600 608
f 608 6601 609
f 609 6602 610
f 2331 6603 6595
f 6595 6604 6596
f 6596 6605 6597
f 6597 6606 6598
f 6598 6607 6599
f 6599 6608 6600
f 6600 6609 6601
f 6601 6610 6602
f 2332 6611 6603
f 6603 6612 6604
f 6604 6613 6605
f 6605 6614 6606
f 6606 6615 6607
f 6607 6616 6608
f 6608 6617 6609
f 6609 6618 6610
f 2333 6619 6611
f 6611 6620 6612
f 6612 6621 6613
f 6613 6622 6614
f 6614 6623 6615
f 6615 6624 6616
f 6616 6625 6617
f 6617 6626 6618
f 2334 6627 6619
f 6619 6628 6620
f 6620 6629 6621
f 6621 6630 6622
f 6622 6631 6623
f 6623 6632 6624
f 6624 6633 6625
f 6625 6634 6626
f 2335 6635 6627
f 6627 6636 6628
f 6628 6637 6629
f 6629 6638 6630
f 6630 6639 6631
f 6631 6640 6632
f 6632 6641 6633
f 6633 6642 6634
f 2336 6643 6635
f 6635 6644 6636
f 6636 6645 6637
f 6637 6646 6638
f 6638 6647 6639
f 6639 6648 6640
f 6640 6649 6641
f 6641 6650 6642
f 2337 6651 6643
f 6643 6652 6644
f 6644 6653 6645
f 6645 6654 6646
f 6646 6655 6647
f 6647 6656 6648
f 6648 6657 6649
f 6649 6658 6650
f 2338 1467 6651
f 6651 1468 6652
f 6652 1469 6653
f 6653 1470 6654
f 6654 1471 6655
f 6655 1472 6656
f 6656 1473 6657
f 6657 1474 6658
f 602 2331 97
f 6666 2332 2331
f 6674 2333 2332
f 6682 2334 2333
f 6690 2335 2334
f 6698 2336 2335
f 6706 2337 2336
f 6714 2338 2337
f 95 6659 595
f 595 6660 596
f 596 6661 597
f 597 6662 598
f 598 6663 599
f 599 6664 600
f 600 6665 601
f 601 6666 602
f 2323 6667 6659
f 6659 6668 6660
f 6660 6669 6661
f 6661 6670 6662
f 6662 6671 6663
f 6663 6672 6664
f 6664 6673 6665
f 6665 6674 6666
f 2324 6675 6667
f 6667 6676 6668
f 6668 6677 6669
f 6669 6678 6670
f 6670 6679 6671
f 6671 6680 6672
f 6672 6681 6673
f 6673 6682 6674
f 2325 6683 6675
f 6675 6684 6676
f 6676 6685 6677
f 6677 6686 6678
f 6678 6687 6679
f 6679 6688 6680
f 6680 6689 6681
f 6681 6690 6682
f 2326 6691 6683
f 6683 6692 6684
f 6684 6693 6685
f 6685 6694 6686
f 6686 6695 6687
f 6687 6696 6688
f 6688 6697 6689
f 6689 6698 6690
f 2327 6699 6691
f 6691 6700 6692
f 6692 6701 6693
f 6693 6702 6694
f 6694 6703 6695
f 6695 6704 6696
f 6696 6705 6697
f 6697 6706 6698
f 2328 6707 6699
f 6699 6708 6700
f 6700 6709 6701
f 6701 6710 6702
f 6702 6711 6703
f 6703 6712 6704
f 6704 6713 6705
f 6705 6714 6706
f 2329 6715 6707
f 6707 6716 6708
f 6708 6717 6709
f 6709 6718 6710
f 6710 6719 6711
f 6711 6720 6712
f 6712 6721 6713
f 6713 6722 6714
f 2330 1459 6715
f 6715 1460 6716
f 6716 1461 6717
f 6717 1462 6718
f 6718 1463 6719
f 6719 1464 6720
f 6720 1465 6721
f 6721 1466 6722
f 594 2323 95
f 6730 2324 2323
f 6738 2325 2324
f 6746 2326 2325
f 6754 2327 2326
f 6762 2328 2327
f 6770 2329 2328
f 6778 2330 2329
f 93 6723 587
f 587 6724 588
f 588 6725 589
f 589 6726 590
f 590 6727 591
f 591 6728 592
f 592 6729 593
f 593 6730 594
f 2315 6731 6723
f 6723 6732 6724
f 6724 6733 6725
f 6725 6734 6726
f 6726 6735 6727
f 6727 6736 6728
f 6728 6737 6729
f 6729 6738 6730
f 2316 6739 6731
f 6731 6740 6732
f 6732 6741 6733
f 6733 6742 6734
f 6734 6743 6735
f 6735 6744 6736
f 6736 6745 6737
f 6737 6746 6738
f 2317 6747 6739
f 6739 6748 6740
f 6740 6749 6741
f 6741 6750 6742
f 6742 6751 6743
f 6743 6752 6744
f 6744 6753 6745
f 6745 6754 6746
f 2318 6755 6747
f 6747 6756 6748
f 6748 6757 6749
f 6749 6758 6750
f 6750 6759 6751
f 6751 6760 6752
f 6752 6761 6753
f 6753 6762 6754
f 2319 6763 6755
f 6755 6764 6756
f 6756 6765 6757
f 6757 6766 6758
f 6758 6767 6759
f 6759 6768 6760
f 6760 6769 6761
f 6761 6770 6762
f 2320 6771 6763
f 6763 6772 6764
f 6764 6773 6765
f 6765 6774 6766
f 6766 6775 6767
f 6767 6776 6768
f 6768 6777 6769
f 6769 6778 6770
f 2321 6779 6771
f 6771 6780 6772
f 6772 6781 6773
f 6773 6782 6774
f 6774 6783 6775
f 6775 6784 6776
f 6776 6785 6777
f 6777 6786 6778
f 2322 1451 6779
f 6779 1452 6780
f 6780 1453 6781
f 6781 1454 6782
f 6782 1455 6783
f 6783 1456 6784
f 6784 1457 6785
f 6785 1458 6786
f 586 2315 93
f 6794 2316 2315
f 6802 2317 2316
f 6810 2318 2317
f 6818 2319 2318
f 6826 2320 2319
f 6834 2321 2320
f 6842 2322 2321
f 91 6787 579
f 579 6788 580
f 580 6789 581
f 581 6790 582
f 582 6791 583
f 583 6792 584
f 584 6793 585
f 585 6794 586
f 2307 6795 6787
f 6787 6796 6788
f 6788 6797 6789
f 6789 6798 6790
f 6790 6799 6791
f 6791 6800 6792
f 6792 6801 6793
f 6793 6802 6794
f 2308 6803 6795
f 6795 6804 6796
f 6796 6805 6797
f 6797 6806 6798
f 6798 6807 6799
f 6799 6808 6800
f 6800 6809 6801
f 6801 6810 6802
f 2309 6811 6803
f 6803 6812 6804
f 6804 6813 6805
f 6805 6814 6806
f 6806 6815 6807
f 6807 6816 6808
f 6808 6817 6809
f 6809 6818 6810
f 2310 6819 6811
f 6811 6820 6812
f 6812 6821 6813
f 6813 6822 6814
f 6814 6823 6815
f 6815 6824 6816
f 6816 6825 6817
f 6817 6826 6818
f 2311 6827 6819
f 6819 6828 6820
f 6820 6829 6821
f 6821 6830 6822
f 6822 6831 6823
f 6823 6832 6824
f 6824 6833 6825
f 6825 6834 6826
f 2312 6835 6827
f 6827 6836 6828
f 6828 6837 6829
f 6829 6838 6830
f 6830 6839 6831
f 6831 6840 6832
f 6832 6841 6833
f 6833 6842 6834
f 2313 6843 6835
f 6835 6844 6836
f 6836 6845 6837
f 6837 6846 6838
f 6838 6847 6839
f 6839 6848 6840
f 6840 6849 6841
f 6841 6850 6842
f 2314 1443 6843
f 6843 1444 6844
f 6844 1445 6845
f 6845 1446 6846
f 6846 1447 6847
f 6847 1448 6848
f 6848 1449 6849
f 6849 1450 6850
f 578 2307 91
f 6858 2308 2307
f 6866 2309 2308
f 6874 2310 2309
f 6882 2311 2310
f 6890 2312 2311
f 6898 2313 2312
f 6906 2314 2313
f 89 6851 571
f 571 6852 572
f 572 6853 573
f 573 6854 574
f 574 6855 575
f 575 6856 576
f 576 6857 577
f 577 6858 578
f 2299 6859 6851
f 6851 6860 6852
f 6852 6861 6853
f 6853 6862 6854
f 6854 6863 6855
f 6855 6864 6856
f 6856 6865 6857
f 6857 6866 6858
f 2300 6867 6859
f 6859 6868 6860
f 6860 6869 6861
f 6861 6870 6862
f 6862 6871 6863
f 6863 6872 6864
f 6864 6873 6865
f 6865 6874 6866
f 2301 6875 6867
f 6867 6876 6868
f 6868 6877 6869
f 6869 6878 6870
f 6870 6879 6871
f 6871 6880 6872
f 6872 6881 6873
f 6873 6882 6874
f 2302 6883 6875
f 6875 6884 6876
f 6876 6885 6877
f 6877 6886 6878
f 6878 6887 6879
f 6879 6888 6880
f 6880 6889 6881
f 6881 6890 6882
f 2303 6891 6883
f 6883 6892 6884
f 6884 6893 6885
f 6885 6894 6886
f 6886 6895 6887
f 6887 6896 6888
f 6888 6897 6889
f 6889 6898 6890
f 2304 6899 6891
f 6891 6900 6892
f 6892 6901 6893
f 6893 6902 6894
f 6894 6903 6895
f 6895 6904 6896
f 6896 6905 6897
f 6897 6906 6898
f 2305 6907 6899
f 6899 6908 6900
f 6900 6909 6901
f 6901 6910 6902
f 6902 6911 6903
f 6903 6912 6904
f 6904 6913 6905
f 6905 6914 6906
f 2306 1435 6907
f 6907 1436 6908
f 6908 1437 6909
f 6909 1438 6910
f 6910 1439 6911
f 6911 1440 6912
f 6912 1441 6913
f 6913 1442 6914
f 570 2299 89
f 6922 2300 2299
f 6930 2301 2300
f 6938 2302 2301
f 6946 2303 2302
f 6954 2304 2303
f 6962 2305 2304
f 6970 2306 2305
f 87 6915 563
f 563 6916 564
f 564 6917 565
f 565 6918 566
f 566 6919 567
f 567 6920 568
f 568 6921 569
f 569 6922 570
f 2291 6923 6915
f 6915 6924 6916
f 6916 6925 6917
f 6917 6926 6918
f 6918 6927 6919
f 6919 6928 6920
f 6920 6929 6921
f 6921 6930 6922
f 2292 6931 6923
f 6923 6932 6924
f 6924 6933 6925
f 6925 6934 6926
f 6926 6935 6927
f 6927 6936 6928
f 6928 6937 6929
f 6929 6938 6930
f 2293 6939 6931
f 6931 6940 6932
f 6932 6941 6933
f 6933 6942 6934
f 6934 6943 6935
f 6935 6944 6936
f 6936 6945 6937
f 6937 6946 6938
f 2294 6947 6939
f 6939 6948 6940
f 6940 6949 6941
f 6941 6950 6942
f 6942 6951 6943
f 6943 6952 6944
f 6944 6953 6945
f 6945 6954 6946
f 2295 6955 6947
f 6947 6956 6948
f 6948 6957 6949
f 6949 6958 6950
f 6950 6959 6951
f 6951 6960 6952
f 6952 6961 6953
f 6953 6962 6954
f 2296 6963 6955
f 6955 6964 6956
f 6956 6965 6957
f 6957 6966 6958
f 6958 6967 6959
f 6959 6968 6960
f 6960 6969 6961
f 6961 6970 6962
f 2297 6971 6963
f 6963 6972 6964
f 6964 6973 6965
f 6965 6974 6966
f 6966 6975 6967
f 6967 6976 6968
f 6968 6977 6969
f 6969 6978 6970
f 2298 1427 6971
f 6971 1428 6972
f 6972 1429 6973
f 6973 1430 6974
f 6974 1431 6975
f 6975 1432 6976
f 6976 1433 6977
f 6977 1434 6978
f 562 2291 87
f 6986 2292 2291
f 6994 2293 2292
f 7002 2294 2293
f 7010 2295 2294
f 7018 2296 2295
f 7026 2297 2296
f 7034 2298 2297
f 85 6979 555
f 555 6980 556
f 556 6981 557
f 557 6982 558
f 558 6983 559
f 559 6984 560
f 560 6985 561
f 561 6986 562
f 2283 6987 6979
f 6979 6988 6980
f 6980 6989 6981
f 6981 6990 6982
f 6982 6991 6983
f 6983 6992 6984
f 6984 6993 6985
f 6985 6994 6986
f 2284 6995 6987
f 6987 6996 6988
f 6988 6997 6989
f 6989 6998 6990
f 6990 6999 6991
f 6991 7000 6992
f 6992 7001 6993
f 6993 7002 6994
f 2285 7003 6995
f 6995 7004 6996
f 6996 7005 6997
f 6997 7006 6998
f 6998 7007 6999
f 6999 7008 7000
f 7000 7009 7001
f 7001 7010 7002
f 2286 7011 7003
f 7003 7012 7004
f 7004 7013 7005
f 7005 7014 7006
f 7006 7015 7007
f 7007 7016 7008
f 7008 7017 7009
f 7009 7018 7010
f 2287 7019 7011
f 7011 7020 7012
f 7012 7021 7013
f 7013 7022 7014
f 7014 7023 7015
f 7015 7024 7016
f 7016 7025 7017
f 7017 7026 7018
f 2288 7027 7019
f 7019 7028 7020
f 7020 7029 7021
f 7021 7030 7022
f 7022 7031 7023
f 7023 7032 7024
f 7024 7033 7025
f 7025 7034 7026
f 2289 7035 7027
f 7027 7036 7028
f 7028 7037 7029
f 7029 7038 7030
f 7030 7039 7031
f 7031 7040 7032
f 7032 7041 7033
f 7033 7042 7034
f 2290 1419 7035
f 7035 1420 7036
f 7036 1421 7037
f 7037 1422 7038
f 7038 1423 7039
f 7039 1424 7040
f 7040 1425 7041
f 7041 1426 7042
f 554 2283 85
f 7050 2284 2283
f 7058 2285 2284
f 7066 2286 2285
f 7074 2287 2286
f 7082 2288 2287
f 7090 2289 2288
f 7098 2290 2289
f 83 7043 547
f 547 7044 548
f 548 7045 549
f 549 7046 550
f 550 7047 551
f 551 7048 552
f 552 7049 553
f 553 7050 554
f 2275 7051 7043
f 7043 7052 7044
f 7044 7053 7045
f 7045 7054 7046
f 7046 7055 7047
f 7047 7056 7048
f 7048 7057 7049
f 7049 7058 7050
f 2276 7059 7051
f 7051 7060 7052
f 7052 7061 7053
f 7053 7062 7054
f 7054 7063 7055
f 7055 7064 7056
f 7056 7065 7057
f 7057 7066 7058
f 2277 7067 7059
f 7059 7068 7060
f 7060 7069 7061
f 7061 7070 7062
f 7062 7071 7063
f 7063 7072 7064
f 7064 7073 7065
f 7065 7074 7066
f 2278 7075 7067
f 7067 7076 7068
f 7068 7077 7069
f 7069 7078 7070
f 7070 7079 7071
f 7071 7080 7072
f 7072 7081 7073
f 7073 7082 7074
f 2279 7083 7075
f 7075 7084 7076
f 7076 7085 7077
f 7077 7086 7078
f 7078 7087 7079
f 7079 7088 7080
f 7080 7089 7081
f 7081 7090 7082
f 2280 7091 7083
f 7083 7092 7084
f 7084 7093 7085
f 7085 7094 7086
f 7086 7095 7087
f 7087 7096 7088
f 7088 7097 7089
f 7089 7098 7090
f 2281 7099 7091
f 7091 7100 7092
f 7092 7101 7093
f 7093 7102 7094
f 7094 7103 7095
f 7095 7104 7096
f 7096 7105 7097
f 7097 7106 7098
f 2282 1411 7099
f 7099 1412 7100
f 7100 1413 7101
f 7101 1414 7102
f 7102 1415 7103
f 7103 1416 7104
f 7104 1417 7105
f 7105 1418 7106
f 546 2275 83
f 7114 2276 2275
f 7122 2277 2276
f 7130 2278 2277
f 7138 2279 2278
f 7146 2280 2279
f 7154 2281 2280
f 7162 2282 2281
f 81 7107 539
f 539 7108 540
f 540 7109 541
f 541 7110 542
f 542 7111 543
f 543 7112 544
f 544 7113 545
f 545 7114 546
f 2267 7115 7107
f 7107 7116 7108
f 7108 7117 7109
f 7109 7118 7110
f 7110 7119 7111
f 7111 7120 7112
f 7112 7121 7113
f 7113 7122 7114
f 2268 7123 7115
f 7115 7124 7116
f 7116 7125 7117
f 7117 7126 7118
f 7118 7127 7119
f 7119 7128 7120
f 7120 7129 7121
f 7121 7130 7122
f 2269 7131 7123
f 7123 7132 7124
f 7124 7133 7125
f 7125 7134 7126
f 7126 7135 7127
f 7127 7136 7128
f 7128 7137 7129
f 7129 7138 7130
f 2270 7139 7131
f 7131 7140 7132
f 7132 7141 7133
f 7133 7142 7134
f 7134 7143 7135
f 7135 7144 7136
f 7136 7145 7137
f 7137 7146 7138
f 2271 7147 7139
f 7139 7148 7140
f 7140 7149 7141
f 7141 7150 7142
f 7142 7151 7143
f 7143 7152 7144
f 7144 7153 7145
f 7145 7154 7146
f 2272 7155 7147
f 7147 7156 7148
f 7148 7157 7149
f 7149 7158 7150
f 7150 7159 7151
f 7151 7160 7152
f 7152 7161 7153
f 7153 7162 7154
f 2273 7163 7155
f 7155 7164 7156
f 7156 7165 7157
f 7157 7166 7158
f 7158 7167 7159
f 7159 7168 7160
f 7160 7169 7161
f 7161 7170 7162
f 2274 1403 7163
f 7163 1404 7164
f 7164 1405 7165
f 7165 1406 7166
f 7166 1407 7167
f 7167 1408 7168
f 7168 1409 7169
f 7169 1410 7170
f 538 2267 81
f 7178 2268 2267
f 7186 2269 2268
f 7194 2270 2269
f 7202 2271 2270
f 7210 2272 2271
f 7218 2273 2272
f 7226 2274 2273
f 79 7171 531
f 531 7172 532
f 532 7173 533
f 533 7174 534
f 534 7175 535
f 535 7176 536
f 536 7177 537
f 537 7178 538
f 2259 7179 7171
f 7171 7180 7172
f 7172 7181 7173
f 7173 7182 7174
f 7174 7183 7175
f 7175 7184 7176
f 7176 7185 7177
f 7177 7186 7178
f 2260 7187 7179
f 7179 7188 7180
f 7180 7189 7181
f 7181 7190 7182
f 7182 7191 7183
f 7183 7192 7184
f 7184 7193 7185
f 7185 7194 7186
f 2261 7195 7187
f 7187 7196 7188
f 7188 7197 7189
f 7189 7198 7190
f 7190 7199 7191
f 7191 7200 7192
f 7192 7201 7193
f 7193 7202 7194
f 2262 7203 7195
f 7195 7204 7196
f 7196 7205 7197
f 7197 7206 7198
f 7198 7207 7199
f 7199 7208 7200
f 7200 7209 7201
f 7201 7210 7202
f 2263 7211 7203
f 7203 7212 7204
f 7204 7213 7205
f 7205 7214 7206
f 7206 7215 7207
f 7207 7216 7208
f 7208 7217 7209
f 7209 7218 7210
f 2264 7219 7211
f 7211 7220 7212
f 7212 7221 7213
f 7213 7222 7214
f 7214 7223 7215
f 7215 7224 7216
f 7216 7225 7217
f 7217 7226 7218
f 2265 7227 7219
f 7219 7228 7220
f 7220 7229 7221
f 7221 7230 7222
f 7222 7231 7223
f 7223 7232 7224
f 7224 7233 7225
f 7225 7234 7226
f 2266 1395 7227
f 7227 1396 7228
f 7228 1397 7229
f 7229 1398 7230
f 7230 1399 7231
f 7231 1400 7232
f 7232 1401 7233
f 7233 1402 7234
f 530 2259 79
f 7242 2260 2259
f 7250 2261 2260
f 7258 2262 2261
f 7266 2263 2262
f 7274 2264 2263
f 7282 2265 2264
f 7290 2266 2265
f 77 7235 523
f 523 7236 524
f 524 7237 525
f 525 7238 526
f 526 7239 527
f 527 7240 528
f 528 7241 529
f 529 7242 530
f 2251 7243 7235
f 7235 7244 7236
f 7236 7245 7237
f 7237 7246 7238
f 7238 7247 7239
f 7239 7248 7240
f 7240 7249 7241
f 7241 7250 7242
f 2252 7251 7243
f 7243 7252 7244
f 7244 7253 7245
f 7245 7254 7246
f 7246 7255 7247
f 7247 7256 7248
f 7248 7257 7249
f 7249 7258 7250
f 2253 7259 7251
f 7251 7260 7252
f 7252 7261 7253
f 7253 7262 7254
f 7254 7263 7255
f 7255 7264 7256
f 7256 7265 7257
f 7257 7266 7258
f 2254 7267 7259
f 7259 7268 7260
f 7260 7269 7261
f 7261 7270 7262
f 7262 7271 7263
f 7263 7272 7264
f 7264 7273 7265
f 7265 7274 7266
f 2255 7275 7267
f 7267 7276 7268
f 7268 7277 7269
f 7269 7278 7270
f 7270 7279 7271
f 7271 7280 7272
f 7272 7281 7273
f 7273 7282 7274
f 2256 7283 7275
f 7275 7284 7276
f 7276 7285 7277
f 7277 7286 7278
f 7278 7287 7279
f 7279 7288 7280
f 7280 7289 7281
f 7281 7290 7282
f 2257 7291 7283
f 7283 7292 7284
f 7284 7293 7285
f 7285 7294 7286
f 7286 7295 7287
f 7287 7296 7288
f 7288 7297 7289
f 7289 7298 7290
f 2258 1387 7291
f 7291 1388 7292
f 7292 1389 7293
f 7293 1390 7294
f 7294 1391 7295
f 7295 1392 7296
f 7296 1393 7297
f 7297 1394 7298
f 522 2251 77
f 7306 2252 2251
f 7314 2253 2252
f 7322 2254 2253
f 7330 2255 2254
f 7338 2256 2255
f 7346 2257 2256
f 7354 2258 2257
f 75 7299 515
f 515 7300 516
f 516 7301 517
f 517 7302 518
f 518 7303 519
f 519 7304 520
f 520 7305 521
f 521 7306 522
f 2243 7307 7299
f 7299 7308 7300
f 7300 7309 7301
f 7301 7310 7302
f 7302 7311 7303
f 7303 7312 7304
f 7304 7313 7305
f 7305 7314 7306
f 2244 7315 7307
f 7307 7316 7308
f 7308 7317 7309
f 7309 7318 7310
f 7310 7319 7311
f 7311 7320 7312
f 7312 7321 7313
f 7313 7322 7314
f 2245 7323 7315
f 7315 7324 7316
f 7316 7325 7317
f 7317 7326 7318
f 7318 7327 7319
f 7319 7328 7320
f 7320 7329 7321
f 7321 7330 7322
f 2246 7331 7323
f 7323 7332 7324
f 7324 7333 7325
f 7325 7334 7326
f 7326 7335 7327
f 7327 7336 7328
f 7328 7337 7329
f 7329 7338 7330
f 2247 7339 7331
f 7331 7340 7332
f 7332 7341 7333
f 7333 7342 7334
f 7334 7343 7335
f 7335 7344 7336
f 7336 7345 7337
f 7337 7346 7338
f 2248 7347 7339
f 7339 7348 7340
f 7340 7349 7341
f 7341 7350 7342
f 7342 7351 7343
f 7343 7352 7344
f 7344 7353 7345
f 7345 7354 7346
f 2249 7355 7347
f 7347 7356 7348
f 7348 7357 7349
f 7349 7358 7350
f 7350 7359 7351
f 7351 7360 7352
f 7352 7361 7353
f 7353 7362 7354
f 2250 1379 7355
f 7355 1380 7356
f 7356 1381 7357
f 7357 1382 7358
f 7358 1383 7359
f 7359 1384 7360
f 7360 1385 7361
f 7361 1386 7362
f 514 2243 75
f 7370 2244 2243
f 7378 2245 2244
f 7386 2246 2245
f 7394 2247 2246
f 7402 2248 2247
f 7410 2249 2248
f 7418 2250 2249
f 73 7363 507
f 507 7364 508
f 508 7365 509
f 509 7366 510
f 510 7367 511
f 511 7368 512
f 512 7369 513
f 513 7370 514
f 2235 7371 7363
f 7363 7372 7364
f 7364 7373 7365
f 7365 7374 7366
f 7366 7375 7367
f 7367 7376 7368
f 7368 7377 7369
f 7369 7378 7370
f 2236 7379 7371
f 7371 7380 7372
f 7372 7381 7373
f 7373 7382 7374
f 7374 7383 7375
f 7375 7384 7376
f 7376 7385 7377
f 7377 7386 7378
f 2237 7387 7379
f 7379 7388 7380
f 7380 7389 7381
f 7381 7390 7382
f 7382 7391 7383
f 7383 7392 7384
f 7384 7393 7385
f 7385 7394 7386
f 2238 7395 7387
f 7387 7396 7388
f 7388 7397 7389
f 7389 7398 7390
f 7390 7399 7391
f 7391 7400 7392
f 7392 7401 7393
f 7393 7402 7394
f 2239 7403 7395
f 7395 7404 7396
f 7396 7405 7397
f 7397 7406 7398
f 7398 7407 7399
f 7399 7408 7400
f 7400 7409 7401
f 7401 7410 7402
f 2240 7411 7403
f 7403 7412 7404
f 7404 7413 7405
f 7405 7414 7406
f 7406 7415 7407
f 7407 7416 7408
f 7408 7417 7409
f 7409 7418 7410
f 2241 7419 7411
f 7411 7420 7412
f 7412 7421 7413
f 7413 7422 7414
f 7414 7423 7415
f 7415 7424 7416
f 7416 7425 7417
f 7417 7426 7418
f 2242 1371 7419
f 7419 1372 7420
f 7420 1373 7421
f 7421 1374 7422
f 7422 1375 7423
f 7423 1376 7424
f 7424 1377 7425
f 7425 1378 7426
f 506 2235 73
f 7434 2236 2235
f 7442 2237 2236
f 7450 2238 2237
f 7458 2239 2238
f 7466 2240 2239
f 7474 2241 2240
f 7482 2242 2241
f 71 7427 499
f 499 7428 500
f 500 7429 501
f 501 7430 502
f 502 7431 503
f 503 7432 504
f 504 7433 505
f 505 7434 506
f 2227 7435 7427
f 7427 7436 7428
f 7428 7437 7429
f 7429 7438 7430
f 7430 7439 7431
f 7431 7440 7432
f 7432 7441 7433
f 7433 7442 7434
f 2228 7443 7435
f 7435 7444 7436
f 7436 7445 7437
f 7437 7446 7438
f 7438 7447 7439
f 7439 7448 7440
f 7440 7449 7441
f 7441 7450 7442
f 2229 7451 7443
f 7443 7452 7444
f 7444 7453 7445
f 7445 7454 7446
f 7446 7455 7447
f 7447 7456 7448
f 7448 7457 7449
f 7449 7458 7450
f 2230 7459 7451
f 7451 7460 7452
f 7452 7461 7453
f 7453 7462 7454
f 7454 7463 7455
f 7455 7464 7456
f 7456 7465 7457
f 7457 7466 7458
f 2231 7467 7459
f 7459 7468 7460
f 7460 7469 7461
f 7461 7470 7462
f 7462 7471 7463
f 7463 7472 7464
f 7464 7473 7465
f 7465 7474 7466
f 2232 7475 7467
f 7467 7476 7468
f 7468 7477 7469
f 7469 7478 7470
f 7470 7479 7471
f 7471 7480 7472
f 7472 7481 7473
f 7473 7482 7474
f 2233 7483 7475
f 7475 7484 7476
f 7476 7485 7477
f 7477 7486 7478
f 7478 7487 7479
f 7479 7488 7480
f 7480 7489 7481
f 7481 7490 7482
f 2234 1363 7483
f 7483 1364 7484
f 7484 1365 7485
f 7485 1366 7486
f 7486 1367 7487
f 7487 1368 7488
f 7488 1369 7489
f 7489 1370 7490
f 498 2227 71
f 7498 2228 2227
f 7506 2229 2228
f 7514 2230 2229
f 7522 2231 2230
f 7530 2232 2231
f 7538 2233 2232
f 7546 2234 2233
f 69 7491 491
f 491 7492 492
f 492 7493 493
f 493 7494 494
f 494 7495 495
f 495 7496 496
f 496 7497 497
f 497 7498 498
f 2219 7499 7491
f 7491 7500 7492
f 7492 7501 7493
f 7493 7502 7494
f 7494 7503 7495
f 7495 7504 7496
f 7496 7505 7497
f 7497 7506 7498
f 2220 7507 7499
f 7499 7508 7500
f 7500 7509 7501
f 7501 7510 7502
f 7502 7511 7503
f 7503 7512 7504
f 7504 7513 7505
f 7505 7514 7506
f 2221 7515 7507
f 7507 7516 7508
f 7508 7517 7509
f 7509 7518 7510
f 7510 7519 7511
f 7511 7520 7512
f 7512 7521 7513
f 7513 7522 7514
f 2222 7523 7515
f 7515 7524 7516
f 7516 7525 7517
f 7517 7526 7518
f 7518 7527 7519
f 7519 7528 7520
f 7520 7529 7521
f 7521 7530 7522
f 2223 7531 7523
f 7523 7532 7524
f 7524 7533 7525
f 7525 7534 7526
f 7526 7535 7527
f 7527 7536 7528
f 7528 7537 7529
f 7529 7538 7530
f 2224 7539 7531
f 7531 7540 7532
f 7532 7541 7533
f 7533 7542 7534
f 7534 7543 7535
f 7535 7544 7536
f 7536 7545 7537
f 7537 7546 7538
f 2225 7547 7539
f 7539 7548 7540
f 7540 7549 7541
f 7541 7550 7542
f 7542 7551 7543
f 7543 7552 7544
f 7544 7553 7545
f 7545 7554 7546
f 2226 1355 7547
f 7547 1356 7548
f 7548 1357 7549
f 7549 1358 7550
f 7550 1359 7551
f 7551 1360 7552
f 7552 1361 7553
f 7553 1362 7554
f 490 2219 69
f 7562 2220 2219
f 7570 2221 2220
f 7578 2222 2221
f 7586 2223 2222
f 7594 2224 2223
f 7602 2225 2224
f 7610 2226 2225
f 67 7555 483
f 483 7556 484
f 484 7557 485
f 485 7558 486
f 486 7559 487
f 487 7560 488
f 488 7561 489
f 489 7562 490
f 2211 7563 7555
f 7555 7564 7556
f 7556 7565 7557
f 7557 7566 7558
f 7558 7567 7559
f 7559 7568 7560
f 7560 7569 7561
f 7561 7570 7562
f 2212 7571 7563
f 7563 7572 7564
f 7564 7573 7565
f 7565 7574 7566
f 7566 7575 7567
f 7567 7576 7568
f 7568 7577 7569
f 7569 7578 7570
f 2213 7579 7571
f 7571 7580 7572
f 7572 7581 7573
f 7573 7582 7574
f 7574 7583 7575
f 7575 7584 7576
f 7576 7585 7577
f 7577 7586 7578
f 2214 7587 7579
f 7579 7588 7580
f 7580 7589 7581
f 7581 7590 7582
f 7582 7591 7583
f 7583 7592 7584
f 7584 7593 7585
f 7585 7594 7586
f 2215 7595 7587
f 7587 7596 7588
f 7588 7597 7589
f 7589 7598 7590
f 7590 7599 7591
f 7591 7600 7592
f 7592 7601 7593
f 7593 7602 7594
f 2216 7603 7595
f 7595 7604 7596
f 7596 7605 7597
f 7597 7606 7598
f 7598 7607 7599
f 7599 7608 7600
f 7600 7609 7601
f 7601 7610 7602
f 2217 7611 7603
f 7603 7612 7604
f 7604 7613 7605
f 7605 7614 7606
f 7606 7615 7607
f 7607 7616 7608
f 7608 7617 7609
f 7609 7618 7610
f 2218 1347 7611
f 7611 1348 7612
f 7612 1349 7613
f 7613 1350 7614
f 7614 1351 7615
f 7615 1352 7616
f 7616 1353 7617
f 7617 1354 7618
f 482 2211 67
f 7626 2212 2211
f 7634 2213 2212
f 7642 2214 2213
f 7650 2215 2214
f 7658 2216 2215
f 7666 2217 2216
f 7674 2218 2217
f 65 7619 475
f 475 7620 476
f 476 7621 477
f 477 7622 478
f 478 7623 479
f 479 7624 480
f 480 7625 481
f 481 7626 482
f 2203 7627 7619
f 7619 7628 7620
f 7620 7629 7621
f 7621 7630 7622
f 7622 7631 7623
f 7623 7632 7624
f 7624 7633 7625
f 7625 7634 7626
f 2204 7635 7627
f 7627 7636 7628
f 7628 7637 7629
f 7629 7638 7630
f 7630 7639 7631
f 7631 7640 7632
f 7632 7641 7633
f 7633 7642 7634
f 2205 7643 7635
f 7635 7644 7636
f 7636 7645 7637
f 7637 7646 7638
f 7638 7647 7639
f 7639 7648 7640
f 7640 7649 7641
f 7641 7650 7642
f 2206 7651 7643
f 7643 7652 7644
f 7644 7653 7645
f 7645 7654 7646
f 7646 7655 7647
f 7647 7656 7648
f 7648 7657 7649
f 7649 7658 7650
f 2207 7659 7651
f 7651 7660 7652
f 7652 7661 7653
f 7653 7662 7654
f 7654 7663 7655
f 7655 7664 7656
f 7656 7665 7657
f 7657 7666 7658
f 2208 7667 7659
f 7659 7668 7660
f 7660 7669 7661
f 7661 7670 7662
f 7662 7671 7663
f 7663 7672 7664
f 7664 7673 7665
f 7665 7674 7666
f 2209 7675 7667
f 7667 7676 7668
f 7668 7677 7669
f 7669 7678 7670
f 7670 7679 7671
f 7671 7680 7672
f 7672 7681 7673
f 7673 7682 7674
f 2210 1339 7675
f 7675 1340 7676
f 7676 1341 7677
f 7677 1342 7678
f 7678 1343 7679
f 7679 1344 7680
f 7680 1345 7681
f 7681 1346 7682
f 474 2203 65
f 7690 2204 2203
f 7698 2205 2204
f 7706 2206 2205
f 7714 2207 2206
f 7722 2208 2207
f 7730 2209 2208
f 7738 2210 2209
f 63 7683 467
f 467 7684 468
f 468 7685 469
f 469 7686 470
f 470 7687 471
f 471 7688 472
f 472 7689 473
f 473 7690 474
f 2195 7691 7683
f 7683 7692 7684
f 7684 7693 7685
f 7685 7694 7686
f 7686 7695 7687
f 7687 7696 7688
f 7688 7697 7689
f 7689 7698 7690
f 2196 7699 7691
f 7691 7700 7692
f 7692 7701 7693
f 7693 7702 7694
f 7694 7703 7695
f 7695 7704 7696
f 7696 7705 7697
f 7697 7706 7698
f 2197 7707 7699
f 7699 7708 7700
f 7700 7709 7701
f 7701 7710 7702
f 7702 7711 7703
f 7703 7712 7704
f 7704 7713 7705
f 7705 7714 7706
f 2198 7715 7707
f 7707 7716 7708
f 7708 7717 7709
f 7709 7718 7710
f 7710 7719 7711
f 7711 7720 7712
f 7712 7721 7713
f 7713 7722 7714
f 2199 7723 7715
f 7715 7724 7716
f 7716 7725 7717
f 7717 7726 7718
f 7718 7727 7719
f 7719 7728 7720
f 7720 7729 7721
f 7721 7730 7722
f 2200 7731 7723
f 7723 7732 7724
f 7724 7733 7725
f 7725 7734 7726
f 7726 7735 7727
f 7727 7736 7728
f 7728 7737 7729
f 7729 7738 7730
f 2201 7739 7731
f 7731 7740 7732
f 7732 7741 7733
f 7733 7742 7734
f 7734 7743 7735
f 7735 7744 7736
f 7736 7745 7737
f 7737 7746 7738
f 2202 1331 7739
f 7739 1332 7740
f 7740 1333 7741
f 7741 1334 7742
f 7742 1335 7743
f 7743 1336 7744
f 7744 1337 7745
f 7745 1338 7746
f 466 2195 63
f 7754 2196 2195
f 7762 2197 2196
f 7770 2198 2197
f 7778 2199 2198
f 7786 2200 2199
f 7794 2201 2200
f 7802 2202 2201
f 61 7747 459
f 459 7748 460
f 460 7749 461
f 461 7750 462
f 462 7751 463
f 463 7752 464
f 464 7753 465
f 465 7754 466
f 2187 7755 7747
f 7747 7756 7748
f 7748 7757 7749
f 7749 7758 7750
f 7750 7759 7751
f 7751 7760 7752
f 7752 7761 7753
f 7753 7762 7754
f 2188 7763 7755
f 7755 7764 7756
f 7756 7765 7757
f 7757 7766 7758
f 7758 7767 7759
f 7759 7768 7760
f 7760 7769 7761
f 7761 7770 7762
f 2189 7771 7763
f 7763 7772 7764
f 7764 7773 7765
f 7765 7774 7766
f 7766 7775 7767
f 7767 7776 7768
f 7768 7777 7769
f 7769 7778 7770
f 2190 7779 7771
f 7771 7780 7772
f 7772 7781 7773
f 7773 7782 7774
f 7774 7783 7775
f 7775 7784 7776
f 7776 7785 7777
f 7777 7786 7778
f 2191 7787 7779
f 7779 7788 7780
f 7780 7789 7781
f 7781 7790 7782
f 7782 7791 7783
f 7783 7792 7784
f 7784 7793 7785
f 7785 7794 7786
f 2192 7795 7787
f 7787 7796 7788
f 7788 7797 7789
f 7789 7798 7790
f 7790 7799 7791
f 7791 7800 7792
f 7792 7801 7793
f 7793 7802 7794
f 2193 7803 7795
f 7795 7804 7796
f 7796 7805 7797
f 7797 7806 7798
f 7798 7807 7799
f 7799 7808 7800
f 7800 7809 7801
f 7801 7810 7802
f 2194 1323 7803
f 7803 1324 7804
f 7804 1325 7805
f 7805 1326 7806
f 7806 1327 7807
f 7807 1328 7808
f 7808 1329 7809
f 7809 1330 7810
f 458 2187 61
f 7818 2188 2187
f 7826 2189 2188
f 7834 2190 2189
f 7842 2191 2190
f 7850 2192 2191
f 7858 2193 2192
f 7866 2194 2193
f 59 7811 451
f 451 7812 452
f 452 7813 453
f 453 7814 454
f 454 7815 455
f 455 7816 456
f 456 7817 457
f 457 7818 458
f 2179 7819 7811
f 7811 7820 7812
f 7812 7821 7813
f 7813 7822 7814
f 7814 7823 7815
f 7815 7824 7816
f 7816 7825 7817
f 7817 7826 7818
f 2180 7827 7819
f 7819 7828 7820
f 7820 7829 7821
f 7821 7830 7822
f 7822 7831 7823
f 7823 7832 7824
f 7824 7833 7825
f 7825 7834 7826
f 2181 7835 7827
f 7827 7836 7828
f 7828 7837 7829
f 7829 7838 7830
f 7830 7839 7831
f 7831 7840 7832
f 7832 7841 7833
f 7833 7842 7834
f 2182 7843 7835
f 7835 7844 7836
f 7836 7845 7837
f 7837 7846 7838
f 7838 7847 7839
f 7839 7848 7840
f 7840 7849 7841
f 7841 7850 7842
f 2183 7851 7843
f 7843 7852 7844
f 7844 7853 7845
f 7845 7854 7846
f 7846 7855 7847
f 7847 7856 7848
f 7848 7857 7849
f 7849 7858 7850
f 2184 7859 7851
f 7851 7860 7852
f 7852 7861 7853
f 7853 7862 7854
f 7854 7863 7855
f 7855 7864 7856
f 7856 7865 7857
f 7857 7866 7858
f 2185 7867 7859
f 7859 7868 7860
f 7860 7869 7861
f 7861 7870 7862
f 7862 7871 7863
f 7863 7872 7864
f 7864 7873 7865
f 7865 7874 7866
f 2186 1315 7867
f 7867 1316 7868
f 7868 1317 7869
f 7869 1318 7870
f 7870 1319 7871
f 7871 1320 7872
f 7872 1321 7873
f 7873 1322 7874
f 450 2179 59
f 7882 2180 2179
f 7890 2181 2180
f 7898 2182 2181
f 7906 2183 2182
f 7914 2184 2183
f 7922 2185 2184
f 7930 2186 2185
f 57 7875 443
f 443 7876 444
f 444 7877 445
f 445 7878 446
f 446 7879 447
f 447 7880 448
f 448 7881 449
f 449 7882 450
f 2171 7883 7875
f 7875 7884 7876
f 7876 7885 7877
f 7877 7886 7878
f 7878 7887 7879
f 7879 7888 7880
f 7880 7889 7881
f 7881 7890 7882
f 2172 7891 7883
f 7883 7892 7884
f 7884 7893 7885
f 7885 7894 7886
f 7886 7895 7887
f 7887 7896 7888
f 7888 7897 7889
f 7889 7898 7890
f 2173 7899 7891
f 7891 7900 7892
f 7892 7901 7893
f 7893 7902 7894
f 7894 7903 7895
f 7895 7904 7896
f 7896 7905 7897
f 7897 7906 7898
f 2174 7907 7899
f 7899 7908 7900
f 7900 7909 7901
f 7901 7910 7902
f 7902 7911 7903
f 7903 7912 7904
f 7904 7913 7905
f 7905 7914 7906
f 2175 7915 7907
f 7907 7916 7908
f 7908 7917 7909
f 7909 7918 7910
f 7910 7919 7911
f 7911 7920 7912
f 7912 7921 7913
f 7913 7922 7914
f 2176 7923 7915
f 7915 7924 7916
f 7916 7925 7917
f 7917 7926 7918
f 7918 7927 7919
f 7919 7928 7920
f 7920 7929 7921
f 7921 7930 7922
f 2177 7931 7923
f 7923 7932 7924
f 7924 7933 7925
f 7925 7934 7926
f 7926 7935 7927
f 7927 7936 7928
f 7928 7937 7929
f 7929 7938 7930
f 2178 1307 7931
f 7931 1308 7932
f 7932 1309 7933
f 7933 1310 7934
f 7934 1311 7935
f 7935 1312 7936
f 7936 1313 7937
f 7937 1314 7938
f 442 2171 57
f 7946 2172 2171
f 7954 2173 2172
f 7962 2174 2173
f 7970 2175 2174
f 7978 2176 2175
f 7986 2177 2176
f 7994 2178 2177
f 55 7939 435
f 435 7940 436
f 436 7941 437
f 437 7942 438
f 438 7943 439
f 439 7944 440
f 440 7945 441
f 441 7946 442
f 2163 7947 7939
f 7939 7948 7940
f 7940 7949 7941
f 7941 7950 7942
f 7942 7951 7943
f 7943 7952 7944
f 7944 7953 7945
f 7945 7954 7946
f 2164 7955 7947
f 7947 7956 7948
f 7948 7957 7949
f 7949 7958 7950
f 7950 7959 7951
f 7951 7960 7952
f 7952 7961 7953
f 7953 7962 7954
f 2165 7963 7955
f 7955 7964 7956
f 7956 7965 7957
f 7957 7966 7958
f 7958 7967 7959
f 7959 7968 7960
f 7960 7969 7961
f 7961 7970 7962
f 2166 7971 7963
f 7963 7972 7964
f 7964 7973 7965
f 7965 7974 7966
f 7966 7975 7967
f 7967 7976 7968
f 7968 7977 7969
f 7969 7978 7970
f 2167 7979 7971
f 7971 7980 7972
f 7972 7981 7973
f 7973 7982 7974
f 7974 7983 7975
f 7975 7984 7976
f 7976 7985 7977
f 7977 7986 7978
f 2168 7987 7979
f 7979 7988 7980
f 7980 7989 7981
f 7981 7990 7982
f 7982 7991 7983
f 7983 7992 7984
f 7984 7993 7985
f 7985 7994 7986
f 2169 7995 7987
f 7987 7996 7988
f 7988 7997 7989
f 7989 7998 7990
f 7990 7999 7991
f 7991 8000 7992
f 7992 8001 7993
f 7993 8002 7994
f 2170 1299 7995
f 7995 1300 7996
f 7996 1301 7997
f 7997 1302 7998
f 7998 1303 7999
f 7999 1304 8000
f 8000 1305 8001
f 8001 1306 8002
f 434 2163 55
f 8010 2164 2163
f 8018 2165 2164
f 8026 2166 2165
f 8034 2167 2166
f 8042 2168 2167
f 8050 2169 2168
f 8058 2170 2169
f 53 8003 427
f 427 8004 428
f 428 8005 429
f 429 8006 430
f 430 8007 431
f 431 8008 432
f 432 8009 433
f 433 8010 434
f 2155 8011 8003
f 8003 8012 8004
f 8004 8013 8005
f 8005 8014 8006
f 8006 8015 8007
f 8007 8016 8008
f 8008 8017 8009
f 8009 8018 8010
f 2156 8019 8011
f 8011 8020 8012
f 8012 8021 8013
f 8013 8022 8014
f 8014 8023 8015
f 8015 8024 8016
f 8016 8025 8017
f 8017 8026 8018
f 2157 8027 8019
f 8019 8028 8020
f 8020 8029 8021
f 8021 8030 8022
f 8022 8031 8023
f 8023 8032 8024
f 8024 8033 8025
f 8025 8034 8026
f 2158 8035 8027
f 8027 8036 8028
f 8028 8037 8029
f 8029 8038 8030
f 8030 8039 8031
f 8031 8040 8032
f 8032 8041 8033
f 8033 8042 8034
f 2159 8043 8035
f 8035 8044 8036
f 8036 8045 8037
f 8037 8046 8038
f 8038 8047 8039
f 8039 8048 8040
f 8040 8049 8041
f 8041 8050 8042
f 2160 8051 8043
f 8043 8052 8044
f 8044 8053 8045
f 8045 8054 8046
f 8046 8055 8047
f 8047 8056 8048
f 8048 8057 8049
f 8049 8058 8050
f 2161 8059 8051
f 8051 8060 8052
f 8052 8061 8053
f 8053 8062 8054
f 8054 8063 8055
f 8055 8064 8056
f 8056 8065 8057
f 8057 8066 8058
f 2162 1291 8059
f 8059 1292 8060
f 8060 1293 8061
f 8061 1294 8062
f 8062 1295 8063
f 8063 1296 8064
f 8064 1297 8065
f 8065 1298 8066
f 426 2155 53
f 8074 2156 2155
f 8082 2157 2156
f 8090 2158 2157
f 8098 2159 2158
f 8106 2160 2159
f 8114 2161 2160
f 8122 2162 2161
f 51 8067 419
f 419 8068 420
f 420 8069 421
f 421 8070 422
f 422 8071 423
f 423 8072 424
f 424 8073 425
f 425 8074 426
f 2147 8075 8067
f 8067 8076 8068
f 8068 8077 8069
f 8069 8078 8070
f 8070 8079 8071
f 8071 8080 8072
f 8072 8081 8073
f 8073 8082 8074
f 2148 8083 8075
f 8075 8084 8076
f 8076 8085 8077
f 8077 8086 8078
f 8078 8087 8079
f 8079 8088 8080
f 8080 8089 8081
f 8081 8090 8082
f 2149 8091 8083
f 8083 8092 8084
f 8084 8093 8085
f 8085 8094 8086
f 8086 8095 8087
f 8087 8096 8088
f 8088 8097 8089
f 8089 8098 8090
f 2150 8099 8091
f 8091 8100 8092
f 8092 8101 8093
f 8093 8102 8094
f 8094 8103 8095
f 8095 8104 8096
f 8096 8105 8097
f 8097 8106 8098
f 2151 8107 8099
f 8099 8108 8100
f 8100 8109 8101
f 8101 8110 8102
f 8102 8111 8103
f 8103 8112 8104
f 8104 8113 8105
f 8105 8114 8106
f 2152 8115 8107
f 8107 8116 8108
f 8108 8117 8109
f 8109 8118 8110
f 8110 8119 8111
f 8111 8120 8112
f 8112 8121 8113
f 8113 8122 8114
f 2153 8123 8115
f 8115 8124 8116
f 8116 8125 8117
f 8117 8126 8118
f 8118 8127 8119
f 8119 8128 8120
f 8120 8129 8121
f 8121 8130 8122
f 2154 1283 8123
f 8123 1284 8124
f 8124 1285 8125
f 8125 1286 8126
f 8126 1287 8127
f 8127 1288 8128
f 8128 1289 8129
f 8129 1290 8130
f 418 2147 51
f 8138 2148 2147
f 8146 2149 2148
f 8154 2150 2149
f 8162 2151 2150
f 8170 2152 2151
f 8178 2153 2152
f 8186 2154 2153
f 49 8131 411
f 411 8132 412
f 412 8133 413
f 413 8134 414
f 414 8135 415
f 415 8136 416
f 416 8137 417
f 417 8138 418
f 2139 8139 8131
f 8131 8140 8132
f 8132 8141 8133
f 8133 8142 8134
f 8134 8143 8135
f 8135 8144 8136
f 8136 8145 8137
f 8137 8146 8138
f 2140 8147 8139
f 8139 8148 8140
f 8140 8149 8141
f 8141 8150 8142
f 8142 8151 8143
f 8143 8152 8144
f 8144 8153 8145
f 8145 8154 8146
f 2141 8155 8147
f 8147 8156 8148
f 8148 8157 8149
f 8149 8158 8150
f 8150 8159 8151
f 8151 8160 8152
f 8152 8161 8153
f 8153 8162 8154
f 2142 8163 8155
f 8155 8164 8156
f 8156 8165 8157
f 8157 8166 8158
f 8158 8167 8159
f 8159 8168 8160
f 8160 8169 8161
f 8161 8170 8162
f 2143 8171 8163
f 8163 8172 8164
f 8164 8173 8165
f 8165 8174 8166
f 8166 8175 8167
f 8167 8176 8168
f 8168 8177 8169
f 8169 8178 8170
f 2144 8179 8171
f 8171 8180 8172
f 8172 8181 8173
f 8173 8182 8174
f 8174 8183 8175
f 8175 8184 8176
f 8176 8185 8177
f 8177 8186 8178
f 2145 8187 8179
f 8179 8188 8180
f 8180 8189 8181
f 8181 8190 8182
f 8182 8191 8183
f 8183 8192 8184
f 8184 8193 8185
f 8185 8194 8186
f 2146 1275 8187
f 8187 1276 8188
f 8188 1277 8189
f 8189 1278 8190
f 8190 1279 8191
f 8191 1280 8192
f 8192 1281 8193
f 8193 1282 8194
f 410 2139 49
f 8202 2140 2139
f 8210 2141 2140
f 8218 2142 2141
f 8226 2143 2142
f 8234 2144 2143
f 8242 2145 2144
f 8250 2146 2145
f 47 8195 403
f 403 8196 404
f 404 8197 405
f 405 8198 406
f 406 8199 407
f 407 8200 408
f 408 8201 409
f 409 8202 410
f 2131 8203 8195
f 8195 8204 8196
f 8196 8205 8197
f 8197 8206 8198
f 8198 8207 8199
f 8199 8208 8200
f 8200 8209 8201
f 8201 8210 8202
f 2132 8211 8203
f 8203 8212 8204
f 8204 8213 8205
f 8205 8214 8206
f 8206 8215 8207
f 8207 8216 8208
f 8208 8217 8209
f 8209 8218 8210
f 2133 8219 8211
f 8211 8220 8212
f 8212 8221 8213
f 8213 8222 8214
f 8214 8223 8215
f 8215 8224 8216
f 8216 8225 8217
f 8217 8226 8218
f 2134 8227 8219
f 8219 8228 8220
f 8220 8229 8221
f 8221 8230 8222
f 8222 8231 8223
f 8223 8232 8224
f 8224 8233 8225
f 8225 8234 8226
f 2135 8235 8227
f 8227 8236 8228
f 8228 8237 8229
f 8229 8238 8230
f 8230 8239 8231
f 8231 8240 8232
f 8232 8241 8233
f 8233 8242 8234
f 2136 8243 8235
f 8235 8244 8236
f 8236 8245 8237
f 8237 8246 8238
f 8238 8247 8239
f 8239 8248 8240
f 8240 8249 8241
f 8241 8250 8242
f 2137 8251 8243
f 8243 8252 8244
f 8244 8253 8245
f 8245 8254 8246
f 8246 8255 8247
f 8247 8256 8248
f 8248 8257 8249
f 8249 8258 8250
f 2138 1267 8251
f 8251 1268 8252
f 8252 1269 8253
f 8253 1270 8254
f 8254 1271 8255
f 8255 1272 8256
f 8256 1273 8257
f 8257 1274 8258
f 402 2131 47
f 8266 2132 2131
f 8274 2133 2132
f 8282 2134 2133
f 8290 2135 2134
f 8298 2136 2135
f 8306 2137 2136
f 8314 2138 2137
f 45 8259 395
f 395 8260 396
f 396 8261 397
f 397 8262 398
f 398 8263 399
f 399 8264 400
f 400 8265 401
f 401 8266 402
f 2123 8267 8259
f 8259 8268 8260
f 8260 8269 8261
f 8261 8270 8262
f 8262 8271 8263
f 8263 8272 8264
f 8264 8273 8265
f 8265 8274 8266
f 2124 8275 8267
f 8267 8276 8268
f 8268 8277 8269
f 8269 8278 8270
f 8270 8279 8271
f 8271 8280 8272
f 8272 8281 8273
f 8273 8282 8274
f 2125 8283 8275
f 8275 8284 8276
f 8276 8285 8277
f 8277 8286 8278
f 8278 8287 8279
f 8279 8288 8280
f 8280 8289 8281
f 8281 8290 8282
f 2126 8291 8283
f 8283 8292 8284
f 8284 8293 8285
f 8285 8294 8286
f 8286 8295 8287
f 8287 8296 8288
f 8288 8297 8289
f 8289 8298 8290
f 2127 8299 8291
f 8291 8300 8292
f 8292 8301 8293
f 8293 8302 8294
f 8294 8303 8295
f 8295 8304 8296
f 8296 8305 8297
f 8297 8306 8298
f 2128 8307 8299
f 8299 8308 8300
f 8300 8309 8301
f 8301 8310 8302
f 8302 8311 8303
f 8303 8312 8304
f 8304 8313 8305
f 8305 8314 8306
f 2129 8315 8307
f 8307 8316 8308
f 8308 8317 8309
f 8309 8318 8310
f 8310 8319 8311
f 8311 8320 8312
f 8312 8321 8313
f 8313 8322 8314
f 2130 1259 8315
f 8315 1260 8316
f 8316 1261 8317
f 8317 1262 8318
f 8318 1263 8319
f 8319 1264 8320
f 8320 1265 8321
f 8321 1266 8322
f 394 2123 45
f 8330 2124 2123
f 8338 2125 2124
f 8346 2126 2125
f 8354 2127 2126
f 8362 2128 2127
f 8370 2129 2128
f 8378 2130 2129
f 43 8323 387
f 387 8324 388
f 388 8325 389
f 389 8326 390
f 390 8327 391
f 391 8328 392
f 392 8329 393
f 393 8330 394
f 2115 8331 8323
f 8323 8332 8324
f 8324 8333 8325
f 8325 8334 8326
f 8326 8335 8327
f 8327 8336 8328
f 8328 8337 8329
f 8329 8338 8330
f 2116 8339 8331
f 8331 8340 8332
f 8332 8341 8333
f 8333 8342 8334
f 8334 8343 8335
f 8335 8344 8336
f 8336 8345 8337
f 8337 8346 8338
f 2117 8347 8339
f 8339 8348 8340
f 8340 8349 8341
f 8341 8350 8342
f 8342 8351 8343
f 8343 8352 8344
f 8344 8353 8345
f 8345 8354 8346
f 2118 8355 8347
f 8347 8356 8348
f 8348 8357 8349
f 8349 8358 8350
f 8350 8359 8351
f 8351 8360 8352
f 8352 8361 8353
f 8353 8362 8354
f 2119 8363 8355
f 8355 8364 8356
f 8356 8365 8357
f 8357 8366 8358
f 8358 8367 8359
f 8359 8368 8360
f 8360 8369 8361
f 8361 8370 8362
f 2120 8371 8363
f 8363 8372 8364
f 8364 8373 8365
f 8365 8374 8366
f 8366 8375 8367
f 8367 8376 8368
f 8368 8377 8369
f 8369 8378 8370
f 2121 8379 8371
f 8371 8380 8372
f 8372 8381 8373
f 8373 8382 8374
f 8374 8383 8375
f 8375 8384 8376
f 8376 8385 8377
f 8377 8386 8378
f 2122 1251 8379
f 8379 1252 8380
f 8380 1253 8381
f 8381 1254 8382
f 8382 1255 8383
f 8383 1256 8384
f 8384 1257 8385
f 8385 1258 8386
f 386 2115 43
f 8394 2116 2115
f 8402 2117 2116
f 8410 2118 2117
f 8418 2119 2118
f 8426 2120 2119
f 8434 2121 2120
f 8442 2122 2121
f 41 8387 379
f 379 8388 380
f 380 8389 381
f 381 8390 382
f 382 8391 383
f 383 8392 384
f 384 8393 385
f 385 8394 386
f 2107 8395 8387
f 8387 8396 8388
f 8388 8397 8389
f 8389 8398 8390
f 8390 8399 8391
f 8391 8400 8392
f 8392 8401 8393
f 8393 8402 8394
f 2108 8403 8395
f 8395 8404 8396
f 8396 8405 8397
f 8397 8406 8398
f 8398 8407 8399
f 8399 8408 8400
f 8400 8409 8401
f 8401 8410 8402
f 2109 8411 8403
f 8403 8412 8404
f 8404 8413 8405
f 8405 8414 8406
f 8406 8415 8407
f 8407 8416 8408
f 8408 8417 8409
f 8409 8418 8410
f 2110 8419 8411
f 8411 8420 8412
f 8412 8421 8413
f 8413 8422 8414
f 8414 8423 8415
f 8415 8424 8416
f 8416 8425 8417
f 8417 8426 8418
f 2111 8427 8419
f 8419 8428 8420
f 8420 8429 8421
f 8421 8430 8422
f 8422 8431 8423
f 8423 8432 8424
f 8424 8433 8425
f 8425 8434 8426
f 2112 8435 8427
f 8427 8436 8428
f 8428 8437 8429
f 8429 8438 8430
f 8430 8439 8431
f 8431 8440 8432
f 8432 8441 8433
f 8433 8442 8434
f 2113 8443 8435
f 8435 8444 8436
f 8436 8445 8437
f 8437 8446 8438
f 8438 8447 8439
f 8439 8448 8440
f 8440 8449 8441
f 8441 8450 8442
f 2114 1243 8443
f 8443 1244 8444
f 8444 1245 8445
f 8445 1246 8446
f 8446 1247 8447
f 8447 1248 8448
f 8448 1249 8449
f 8449 1250 8450
f 378 2107 41
f 8458 2108 2107
f 8466 2109 2108
f 8474 2110 2109
f 8482 2111 2110
f 8490 2112 2111
f 8498 2113 2112
f 8506 2114 2113
f 39 8451 371
f 371 8452 372
f 372 8453 373
f 373 8454 374
f 374 8455 375
f 375 8456 376
f 376 8457 377
f 377 8458 378
f 2099 8459 8451
f 8451 8460 8452
f 8452 8461 8453
f 8453 8462 8454
f 8454 8463 8455
f 8455 8464 8456
f 8456 8465 8457
f 8457 8466 8458
f 2100 8467 8459
f 8459 8468 8460
f 8460 8469 8461
f 8461 8470 8462
f 8462 8471 8463
f 8463 8472 8464
f 8464 8473 8465
f 8465 8474 8466
f 2101 8475 8467
f 8467 8476 8468
f 8468 8477 8469
f 8469 8478 8470
f 8470 8479 8471
f 8471 8480 8472
f 8472 8481 8473
f 8473 8482 8474
f 2102 8483 8475
f 8475 8484 8476
f 8476 8485 8477
f 8477 8486 8478
f 8478 8487 8479
f 8479 8488 8480
f 8480 8489 8481
f 8481 8490 8482
f 2103 8491 8483
f 8483 8492 8484
f 8484 8493 8485
f 8485 8494 8486
f 8486 8495 8487
f 8487 8496 8488
f 8488 8497 8489
f 8489 8498 8490
f 2104 8499 8491
f 8491 8500 8492
f 8492 8501 8493
f 8493 8502 8494
f 8494 8503 8495
f 8495 8504 8496
f 8496 8505 8497
f 8497 8506 8498
f 2105 8507 8499
f 8499 8508 8500
f 8500 8509 8501
f 8501 8510 8502
f 8502 8511 8503
f 8503 8512 8504
f 8504 8513 8505
f 8505 8514 8506
f 2106 1235 8507
f 8507 1236 8508
f 8508 1237 8509
f 8509 1238 8510
f 8510 1239 8511
f 8511 1240 8512
f 8512 1241 8513
f 8513 1242 8514
f 370 2099 39
f 8522 2100 2099
f 8530 2101 2100
f 8538 2102 2101
f 8546 2103 2102
f 8554 2104 2103
f 8562 2105 2104
f 8570 2106 2105
f 37 8515 363
f 363 8516 364
f 364 8517 365
f 365 8518 366
f 366 8519 367
f 367 8520 368
f 368 8521 369
f 369 8522 370
f 2091 8523 8515
f 8515 8524 8516
f 8516 8525 8517
f 8517 8526 8518
f 8518 8527 8519
f 8519 8528 8520
f 8520 8529 8521
f 8521 8530 8522
f 2092 8531 8523
f 8523 8532 8524
f 8524 8533 8525
f 8525 8534 8526
f 8526 8535 8527
f 8527 8536 8528
f 8528 8537 8529
f 8529 8538 8530
f 2093 8539 8531
f 8531 8540 8532
f 8532 8541 8533
f 8533 8542 8534
f 8534 8543 8535
f 8535 8544 8536
f 8536 8545 8537
f 8537 8546 8538
f 2094 8547 8539
f 8539 8548 8540
f 8540 8549 8541
f 8541 8550 8542
f 8542 8551 8543
f 8543 8552 8544
f 8544 8553 8545
f 8545 8554 8546
f 2095 8555 8547
f 8547 8556 8548
f 8548 8557 8549
f 8549 8558 8550
f 8550 8559 8551
f 8551 8560 8552
f 8552 8561 8553
f 8553 8562 8554
f 2096 8563 8555
f 8555 8564 8556
f 8556 8565 8557
f 8557 8566 8558
f 8558 8567 8559
f 8559 8568 8560
f 8560 8569 8561
f 8561 8570 8562
f 2097 8571 8563
f 8563 8572 8564
f 8564 8573 8565
f 8565 8574 8566
f 8566 8575 8567
f 8567 8576 8568
f 8568 8577 8569
f 8569 8578 8570
f 2098 1227 8571
f 8571 1228 8572
f 8572 1229 8573
f 8573 1230 8574
f 8574 1231 8575
f 8575 1232 8576
f 8576 1233 8577
f 8577 1234 8578
f 362 2091 37
f 8586 2092 2091
f 8594 2093 2092
f 8602 2094 2093
f 8610 2095 2094
f 8618 2096 2095
f 8626 2097 2096
f 8634 2098 2097
f 35 8579 355
f 355 8580 356
f 356 8581 357
f 357 8582 358
f 358 8583 359
f 359 8584 360
f 360 8585 361
f 361 8586 362
f 2083 8587 8579
f 8579 8588 8580
f 8580 8589 8581
f 8581 8590 8582
f 8582 8591 8583
f 8583 8592 8584
f 8584 8593 8585
f 8585 8594 8586
f 2084 8595 8587
f 8587 8596 8588
f 8588 8597 8589
f 8589 8598 8590
f 8590 8599 8591
f 8591 8600 8592
f 8592 8601 8593
f 8593 8602 8594
f 2085 8603 8595
f 8595 8604 8596
f 8596 8605 8597
f 8597 8606 8598
f 8598 8607 8599
f 8599 8608 8600
f 8600 8609 8601
f 8601 8610 8602
f 2086 8611 8603
f 8603 8612 8604
f 8604 8613 8605
f 8605 8614 8606
f 8606 8615 8607
f 8607 8616 8608
f 8608 8617 8609
f 8609 8618 8610
f 2087 8619 8611
f 8611 8620 8612
f 8612 8621 8613
f 8613 8622 8614
f 8614 8623 8615
f 8615 8624 8616
f 8616 8625 8617
f 8617 8626 8618
f 2088 8627 8619
f 8619 8628 8620
f 8620 8629 8621
f 8621 8630 8622
f 8622 8631 8623
f 8623 8632 8624
f 8624 8633 8625
f 8625 8634 8626
f 2089 8635 8627
f 8627 8636 8628
f 8628 8637 8629
f 8629 8638 8630
f 8630 8639 8631
f 8631 8640 8632
f 8632 8641 8633
f 8633 8642 8634
f 2090 1219 8635
f 8635 1220 8636
f 8636 1221 8637
f 8637 1222 8638
f 8638 1223 8639
f 8639 1224 8640
f 8640 1225 8641
f 8641 1226 8642
f 354 2083 35
f 8650 2084 2083
f 8658 2085 2084
f 8666 2086 2085
f 8674 2087 2086
f 8682 2088 2087
f 8690 2089 2088
f 8698 2090 2089
f 33 8643 347
f 347 8644 348
f 348 8645 349
f 349 8646 350
f 350 8647 351
f 351 8648 352
f 352 8649 353
f 353 8650 354
f 2075 8651 8643
f 8643 8652 8644
f 8644 8653 8645
f 8645 8654 8646
f 8646 8655 8647
f 8647 8656 8648
f 8648 8657 8649
f 8649 8658 8650
f 2076 8659 8651
f 8651 8660 8652
f 8652 8661 8653
f 8653 8662 8654
f 8654 8663 8655
f 8655 8664 8656
f 8656 8665 8657
f 8657 8666 8658
f 2077 8667 8659
f 8659 8668 8660
f 8660 8669 8661
f 8661 8670 8662
f 8662 8671 8663
f 8663 8672 8664
f 8664 8673 8665
f 8665 8674 8666
f 2078 8675 8667
f 8667 8676 8668
f 8668 8677 8669
f 8669 8678 8670
f 8670 8679 8671
f 8671 8680 8672
f 8672 8681 8673
f 8673 8682 8674
f 2079 8683 8675
f 8675 8684 8676
f 8676 8685 8677
f 8677 8686 8678
f 8678 8687 8679
f 8679 8688 8680
f 8680 8689 8681
f 8681 8690 8682
f 2080 8691 8683
f 8683 8692 8684
f 8684 8693 8685
f 8685 8694 8686
f 8686 8695 8687
f 8687 8696 8688
f 8688 8697 8689
f 8689 8698 8690
f 2081 8699 8691
f 8691 8700 8692
f 8692 8701 8693
f 8693 8702 8694
f 8694 8703 8695
f 8695 8704 8696
f 8696 8705 8697
f 8697 8706 8698
f 2082 1211 8699
f 8699 1212 8700
f 8700 1213 8701
f 8701 1214 8702
f 8702 1215 8703
f 8703 1216 8704
f 8704 1217 8705
f 8705 1218 8706
f 346 2075 33
f 8714 2076 2075
f 8722 2077 2076
f 8730 2078 2077
f 8738 2079 2078
f 8746 2080 2079
f 8754 2081 2080
f 8762 2082 2081
f 31 8707 339
f 339 8708 340
f 340 8709 341
f 341 8710 342
f 342 8711 343
f 343 8712 344
f 344 8713 345
f 345 8714 346
f 2067 8715 8707
f 8707 8716 8708
f 8708 8717 8709
f 8709 8718 8710
f 8710 8719 8711
f 8711 8720 8712
f 8712 8721 8713
f 8713 8722 8714
f 2068 8723 8715
f 8715 8724 8716
f 8716 8725 8717
f 8717 8726 8718
f 8718 8727 8719
f 8719 8728 8720
f 8720 8729 8721
f 8721 8730 8722
f 2069 8731 8723
f 8723 8732 8724
f 8724 8733 8725
f 8725 8734 8726
f 8726 8735 8727
f 8727 8736 8728
f 8728 8737 8729
f 8729 8738 8730
f 2070 8739 8731
f 8731 8740 8732
f 8732 8741 8733
f 8733 8742 8734
f 8734 8743 8735
f 8735 8744 8736
f 8736 8745 8737
f 8737 8746 8738
f 2071 8747 8739
f 8739 8748 8740
f 8740 8749 8741
f 8741 8750 8742
f 8742 8751 8743
f 8743 8752 8744
f 8744 8753 8745
f 8745 8754 8746
f 2072 8755 8747
f 8747 8756 8748
f 8748 8757 8749
f 8749 8758 8750
f 8750 8759 8751
f 8751 8760 8752
f 8752 8761 8753
f 8753 8762 8754
f 2073 8763 8755
f 8755 8764 8756
f 8756 8765 8757
f 8757 8766 8758
f 8758 8767 8759
f 8759 8768 8760
f 8760 8769 8761
f 8761 8770 8762
f 2074 1203 8763
f 8763 1204 8764
f 8764 1205 8765
f 8765 1206 8766
f 8766 1207 8767
f 8767 1208 8768
f 8768 1209 8769
f 8769 1210 8770
f 338 2067 31
f 8778 2068 2067
f 8786 2069 2068
f 8794 2070 2069
f 8802 2071 2070
f 8810 2072 2071
f 8818 2073 2072
f 8826 2074 2073
f 29 8771 331
f 331 8772 332
f 332 8773 333
f 333 8774 334
f 334 8775 335
f 335 8776 336
f 336 8777 337
f 337 8778 338
f 2059 8779 8771
f 8771 8780 8772
f 8772 8781 8773
f 8773 8782 8774
f 8774 8783 8775
f 8775 8784 8776
f 8776 8785 8777
f 8777 8786 8778
f 2060 8787 8779
f 8779 8788 8780
f 8780 8789 8781
f 8781 8790 8782
f 8782 8791 8783
f 8783 8792 8784
f 8784 8793 8785
f 8785 8794 8786
f 2061 8795 8787
f 8787 8796 8788
f 8788 8797 8789
f 8789 8798 8790
f 8790 8799 8791
f 8791 8800 8792
f 8792 8801 8793
f 8793 8802 8794
f 2062 8803 8795
f 8795 8804 8796
f 8796 8805 8797
f 8797 8806 8798
f 8798 8807 8799
f 8799 8808 8800
f 8800 8809 8801
f 8801 8810 8802
f 2063 8811 8803
f 8803 8812 8804
f 8804 8813 8805
f 8805 8814 8806
f 8806 8815 8807
f 8807 8816 8808
f 8808 8817 8809
f 8809 8818 8810
f 2064 8819 8811
f 8811 8820 8812
f 8812 8821 8813
f 8813 8822 8814
f 8814 8823 8815
f 8815 8824 8816
f 8816 8825 8817
f 8817 8826 8818
f 2065 8827 8819
f 8819 8828 8820
f 8820 8829 8821
f 8821 8830 8822
f 8822 8831 8823
f 8823 8832 8824
f 8824 8833 8825
f 8825 8834 8826
f 2066 1195 8827
f 8827 1196 8828
f 8828 1197 8829
f 8829 1198 8830
f 8830 1199 8831
f 8831 1200 8832
f 8832 1201 8833
f 8833 1202 8834
f 330 2059 29
f 8842 2060 2059
f 8850 2061 2060
f 8858 2062 2061
f 8866 2063 2062
f 8874 2064 2063
f 8882 2065 2064
f 8890 2066 2065
f 27 8835 323
f 323 8836 324
f 324 8837 325
f 325 8838 326
f 326 8839 327
f 327 8840 328
f 328 8841 329
f 329 8842 330
f 2051 8843 8835
f 8835 8844 8836
f 8836 8845 8837
f 8837 8846 8838
f 8838 8847 8839
f 8839 8848 8840
f 8840 8849 8841
f 8841 8850 8842
f 2052 8851 8843
f 8843 8852 8844
f 8844 8853 8845
f 8845 8854 8846
f 8846 8855 8847
f 8847 8856 8848
f 8848 8857 8849
f 8849 8858 8850
f 2053 8859 8851
f 8851 8860 8852
f 8852 8861 8853
f 8853 8862 8854
f 8854 8863 8855
f 8855 8864 8856
f 8856 8865 8857
f 8857 8866 8858
f 2054 8867 8859
f 8859 8868 8860
f 8860 8869 8861
f 8861 8870 8862
f 8862 8871 8863
f 8863 8872 8864
f 8864 8873 8865
f 8865 8874 8866
f 2055 8875 8867
f 8867 8876 8868
f 8868 8877 8869
f 8869 8878 8870
f 8870 8879 8871
f 8871 8880 8872
f 8872 8881 8873
f 8873 8882 8874
f 2056 8883 8875
f 8875 8884 8876
f 8876 8885 8877
f 8877 8886 8878
f 8878 8887 8879
f 8879 8888 8880
f 8880 8889 8881
f 8881 8890 8882
f 2057 8891 8883
f 8883 8892 8884
f 8884 8893 8885
f 8885 8894 8886
f 8886 8895 8887
f 8887 8896 8888
f 8888 8897 8889
f 8889 8898 8890
f 2058 1187 8891
f 8891 1188 8892
f 8892 1189 8893
f 8893 1190 8894
f 8894 1191 8895
f 8895 1192 8896
f 8896 1193 8897
f 8897 1194 8898
f 322 2051 27
f 8906 2052 2051
f 8914 2053 2052
f 8922 2054 2053
f 8930 2055 2054
f 8938 2056 2055
f 8946 2057 2056
f 8954 2058 2057
f 25 8899 315
f 315 8900 316
f 316 8901 317
f 317 8902 318
f 318 8903 319
f 319 8904 320
f 320 8905 321
f 321 8906 322
f 2043 8907 8899
f 8899 8908 8900
f 8900 8909 8901
f 8901 8910 8902
f 8902 8911 8903
f 8903 8912 8904
f 8904 8913 8905
f 8905 8914 8906
f 2044 8915 8907
f 8907 8916 8908
f 8908 8917 8909
f 8909 8918 8910
f 8910 8919 8911
f 8911 8920 8912
f 8912 8921 8913
f 8913 8922 8914
f 2045 8923 8915
f 8915 8924 8916
f 8916 8925 8917
f 8917 8926 8918
f 8918 8927 8919
f 8919 8928 8920
f 8920 8929 8921
f 8921 8930 8922
f 2046 8931 8923
f 8923 8932 8924
f 8924 8933 8925
f 8925 8934 8926
f 8926 8935 8927
f 8927 8936 8928
f 8928 8937 8929
f 8929 8938 8930
f 2047 8939 8931
f 8931 8940 8932
f 8932 8941 8933
f 8933 8942 8934
f 8934 8943 8935
f 8935 8944 8936
f 8936 8945 8937
f 8937 8946 8938
f 2048 8947 8939
f 8939 8948 8940
f 8940 8949 8941
f 8941 8950 8942
f 8942 8951 8943
f 8943 8952 8944
f 8944 8953 8945
f 8945 8954 8946
f 2049 8955 8947
f 8947 8956 8948
f 8948 8957 8949
f 8949 8958 8950
f 8950 8959 8951
f 8951 8960 8952
f 8952 8961 8953
f 8953 8962 8954
f 2050 1179 8955
f 8955 1180 8956
f 8956 1181 8957
f 8957 1182 8958
f 8958 1183 8959
f 8959 1184 8960
f 8960 1185 8961
f 8961 1186 8962
f 314 2043 25
f 8970 2044 2043
f 8978 2045 2044
f 8986 2046 2045
f 8994 2047 2046
f 9002 2048 2047
f 9010 2049 2048
f 9018 2050 2049
f 23 8963 307
f 307 8964 308
f 308 8965 309
f 309 8966 310
f 310 8967 311
f 311 8968 312
f 312 8969 313
f 313 8970 314
f 2035 8971 8963
f 8963 8972 8964
f 8964 8973 8965
f 8965 8974 8966
f 8966 8975 8967
f 8967 8976 8968
f 8968 8977 8969
f 8969 8978 8970
f 2036 8979 8971
f 8971 8980 8972
f 8972 8981 8973
f 8973 8982 8974
f 8974 8983 8975
f 8975 8984 8976
f 8976 8985 8977
f 8977 8986 8978
f 2037 8987 8979
f 8979 8988 8980
f 8980 8989 8981
f 8981 8990 8982
f 8982 8991 8983
f 8983 8992 8984
f 8984 8993 8985
f 8985 8994 8986
f 2038 8995 8987
f 8987 8996 8988
f 8988 8997 8989
f 8989 8998 8990
f 8990 8999 8991
f 8991 9000 8992
f 8992 9001 8993
f 8993 9002 8994
f 2039 9003 8995
f 8995 9004 8996
f 8996 9005 8997
f 8997 9006 8998
f 8998 9007 8999
f 8999 9008 9000
f 9000 9009 9001
f 9001 9010 9002
f 2040 9011 9003
f 9003 9012 9004
f 9004 9013 9005
f 9005 9014 9006
f 9006 9015 9007
f 9007 9016 9008
f 9008 9017 9009
f 9009 9018 9010
f 2041 9019 9011
f 9011 9020 9012
f 9012 9021 9013
f 9013 9022 9014
f 9014 9023 9015
f 9015 9024 9016
f 9016 9025 9017
f 9017 9026 9018
f 2042 1171 9019
f 9019 1172 9020
f 9020 1173 9021
f 9021 1174 9022
f 9022 1175 9023
f 9023 1176 9024
f 9024 1177 9025
f 9025 1178 9026
f 306 2035 23
f 9034 2036 2035
f 9042 2037 2036
f 9050 2038 2037
f 9058 2039 2038
f 9066 2040 2039
f 9074 2041 2040
f 9082 2042 2041
f 21 9027 299
f 299 9028 300
f 300 9029 301
f 301 9030 302
f 302 9031 303
f 303 9032 304
f 304 9033 305
f 305 9034 306
f 2027 9035 9027
f 9027 9036 9028
f 9028 9037 9029
f 9029 9038 9030
f 9030 9039 9031
f 9031 9040 9032
f 9032 9041 9033
f 9033 9042 9034
f 2028 9043 9035
f 9035 9044 9036
f 9036 9045 9037
f 9037 9046 9038
f 9038 9047 9039
f 9039 9048 9040
f 9040 9049 9041
f 9041 9050 9042
f 2029 9051 9043
f 9043 9052 9044
f 9044 9053 9045
f 9045 9054 9046
f 9046 9055 9047
f 9047 9056 9048
f 9048 9057 9049
f 9049 9058 9050
f 2030 9059 9051
f 9051 9060 9052
f 9052 9061 9053
f 9053 9062 9054
f 9054 9063 9055
f 9055 9064 9056
f 9056 9065 9057
f 9057 9066 9058
f 2031 9067 9059
f 9059 9068 9060
f 9060 9069 9061
f 9061 9070 9062
f 9062 9071 9063
f 9063 9072 9064
f 9064 9073 9065
f 9065 9074 9066
f 2032 9075 9067
f 9067 9076 9068
f 9068 9077 9069
f 9069 9078 9070
f 9070 9079 9071
f 9071 9080 9072
f 9072 9081 9073
f 9073 9082 9074
f 2033 9083 9075
f 9075 9084 9076
f 9076 9085 9077
f 9077 9086 9078
f 9078 9087 9079
f 9079 9088 9080
f 9080 9089 9081
f 9081 9090 9082
f 2034 1163 9083
f 9083 1164 9084
f 9084 1165 9085
f 9085 1166 9086
f 9086 1167 9087
f 9087 1168 9088
f 9088 1169 9089
f 9089 1170 9090
f 298 2027 21
f 9098 2028 2027
f 9106 2029 2028
f 9114 2030 2029
f 9122 2031 2030
f 9130 2032 2031
f 9138 2033 2032
f 9146 2034 2033
f 19 9091 291
f 291 9092 292
f 292 9093 293
f 293 9094 294
f 294 9095 295
f 295 9096 296
f 296 9097 297
f 297 9098 298
f 2019 9099 9091
f 9091 9100 9092
f 9092 9101 9093
f 9093 9102 9094
f 9094 9103 9095
f 9095 9104 9096
f 9096 9105 9097
f 9097 9106 9098
f 2020 9107 9099
f 9099 9108 9100
f 9100 9109 9101
f 9101 9110 9102
f 9102 9111 9103
f 9103 9112 9104
f 9104 9113 9105
f 9105 9114 9106
f 2021 9115 9107
f 9107 9116 9108
f 9108 9117 9109
f 9109 9118 9110
f 9110 9119 9111
f 9111 9120 9112
f 9112 9121 9113
f 9113 9122 9114
f 2022 9123 9115
f 9115 9124 9116
f 9116 9125 9117
f 9117 9126 9118
f 9118 9127 9119
f 9119 9128 9120
f 9120 9129 9121
f 9121 9130 9122
f 2023 9131 9123
f 9123 9132 9124
f 9124 9133 9125
f 9125 9134 9126
f 9126 9135 9127
f 9127 9136 9128
f 9128 9137 9129
f 9129 9138 9130
f 2024 9139 9131
f 9131 9140 9132
f 9132 9141 9133
f 9133 9142 9134
f 9134 9143 9135
f 9135 9144 9136
f 9136 9145 9137
f 9137 9146 9138
f 2025 9147 9139
f 9139 9148 9140
f 9140 9149 9141
f 9141 9150 9142
f 9142 9151 9143
f 9143 9152 9144
f 9144 9153 9145
f 9145 9154 9146
f 2026 1155 9147
f 9147 1156 9148
f 9148 1157 9149
f 9149 1158 9150
f 9150 1159 9151
f 9151 1160 9152
f 9152 1161 9153
f 9153 1162 9154
f 290 2019 19
f 9162 2020 2019
f 9170 2021 2020
f 9178 2022 2021
f 9186 2023 2022
f 9194 2024 2023
f 9202 2025 2024
f 9210 2026 2025
f 17 9155 283
f 283 9156 284
f 284 9157 285
f 285 9158 286
f 286 9159 287
f 287 9160 288
f 288 9161 289
f 289 9162 290
f 2011 9163 9155
f 9155 9164 9156
f 9156 9165 9157
f 9157 9166 9158
f 9158 9167 9159
f 9159 9168 9160
f 9160 9169 9161
f 9161 9170 9162
f 2012 9171 9163
f 9163 9172 9164
f 9164 9173 9165
f 9165 9174 9166
f 9166 9175 9167
f 9167 9176 9168
f 9168 9177 9169
f 9169 9178 9170
f 2013 9179 9171
f 9171 9180 9172
f 9172 9181 9173
f 9173 9182 9174
f 9174 9183 9175
f 9175 9184 9176
f 9176 9185 9177
f 9177 9186 9178
f 2014 9187 9179
f 9179 9188 9180
f 9180 9189 9181
f 9181 9190 9182
f 9182 9191 9183
f 9183 9192 9184
f 9184 9193 9185
f 9185 9194 9186
f 2015 9195 9187
f 9187 9196 9188
f 9188 9197 9189
f 9189 9198 9190
f 9190 9199 9191
f 9191 9200 9192
f 9192 9201 9193
f 9193 9202 9194
f 2016 9203 9195
f 9195 9204 9196
f 9196 9205 9197
f 9197 9206 9198
f 9198 9207 9199
f 9199 9208 9200
f 9200 9209 9201
f 9201 9210 9202
f 2017 9211 9203
f 9203 9212 9204
f 9204 9213 9205
f 9205 9214 9206
f 9206 9215 9207
f 9207 9216 9208
f 9208 9217 9209
f 9209 9218 9210
f 2018 1147 9211
f 9211 1148 9212
f 9212 1149 9213
f 9213 1150 9214
f 9214 1151 9215
f 9215 1152 9216
f 9216 1153 9217
f 9217 1154 9218
f 282 2011 17
f 9226 2012 2011
f 9234 2013 2012
f 9242 2014 2013
f 9250 2015 2014
f 9258 2016 2015
f 9266 2017 2016
f 9274 2018 2017
f 15 9219 275
f 275 9220 276
f 276 9221 277
f 277 9222 278
f 278 9223 279
f 279 9224 280
f 280 9225 281
f 281 9226 282
f 2003 9227 9219
f 9219 9228 9220
f 9220 9229 9221
f 9221 9230 9222
f 9222 9231 9223
f 9223 9232 9224
f 9224 9233 9225
f 9225 9234 9226
f 2004 9235 9227
f 9227 9236 9228
f 9228 9237 9229
f 9229 9238 9230
f 9230 9239 9231
f 9231 9240 9232
f 9232 9241 9233
f 9233 9242 9234
f 2005 9243 9235
f 9235 9244 9236
f 9236 9245 9237
f 9237 9246 9238
f 9238 9247 9239
f 9239 9248 9240
f 9240 9249 9241
f 9241 9250 9242
f 2006 9251 9243
f 9243 9252 9244
f 9244 9253 9245
f 9245 9254 9246
f 9246 9255 9247
f 9247 9256 9248
f 9248 9257 9249
f 9249 9258 9250
f 2007 9259 9251
f 9251 9260 9252
f 9252 9261 9253
f 9253 9262 9254
f 9254 9263 9255
f 9255 9264 9256
f 9256 9265 9257
f 9257 9266 9258
f 2008 9267 9259
f 9259 9268 9260
f 9260 9269 9261
f 9261 9270 9262
f 9262 9271 9263
f 9263 9272 9264
f 9264 9273 9265
f 9265 9274 9266
f 2009 9275 9267
f 9267 9276 9268
f 9268 9277 9269
f 9269 9278 9270
f 9270 9279 9271
f 9271 9280 9272
f 9272 9281 9273
f 9273 9282 9274
f 2010 1139 9275
f 9275 1140 9276
f 9276 1141 9277
f 9277 1142 9278
f 9278 1143 9279
f 9279 1144 9280
f 9280 1145 9281
f 9281 1146 9282
f 274 2003 15
f 9290 2004 2003
f 9298 2005 2004
f 9306 2006 2005
f 9314 2007 2006
f 9322 2008 2007
f 9330 2009 2008
f 9338 2010 2009
f 13 9283 267
f 267 9284 268
f 268 9285 269
f 269 9286 270
f 270 9287 271
f 271 9288 272
f 272 9289 273
f 273 9290 274
f 1995 9291 9283
f 9283 9292 9284
f 9284 9293 9285
f 9285 9294 9286
f 9286 9295 9287
f 9287 9296 9288
f 9288 9297 9289
f 9289 9298 9290
f 1996 9299 9291
f 9291 9300 9292
f 9292 9301 9293
f 9293 9302 9294
f 9294 9303 9295
f 9295 9304 9296
f 9296 9305 9297
f 9297 9306 9298
f 1997 9307 9299
f 9299 9308 9300
f 9300 9309 9301
f 9301 9310 9302
f 9302 9311 9303
f 9303 9312 9304
f 9304 9313 9305
f 9305 9314 9306
f 1998 9315 9307
f 9307 9316 9308
f 9308 9317 9309
f 9309 9318 9310
f 9310 9319 9311
f 9311 9320 9312
f 9312 9321 9313
f 9313 9322 9314
f 1999 9323 9315
f 9315 9324 9316
f 9316 9325 9317
f 9317 9326 9318
f 9318 9327 9319
f 9319 9328 9320
f 9320 9329 9321
f 9321 9330 9322
f 2000 9331 9323
f 9323 9332 9324
f 9324 9333 9325
f 9325 9334 9326
f 9326 9335 9327
f 9327 9336 9328
f 9328 9337 9329
f 9329 9338 9330
f 2001 9339 9331
f 9331 9340 9332
f 9332 9341 9333
f 9333 9342 9334
f 9334 9343 9335
f 9335 9344 9336
f 9336 9345 9337
f 9337 9346 9338
f 2002 1131 9339
f 9339 1132 9340
f 9340 1133 9341
f 9341 1134 9342
f 9342 1135 9343
f 9343 1136 9344
f 9344 1137 9345
f 9345 1138 9346
f 266 1995 13
f 9354 1996 1995
f 9362 1997 1996
f 9370 1998 1997
f 9378 1999 1998
f 9386 2000 1999
f 9394 2001 2000
f 9402 2002 2001
f 11 9347 259
f 259 9348 260
f 260 9349 261
f 261 9350 262
f 262 9351 263
f 263 9352 264
f 264 9353 265
f 265 9354 266
f 1987 9355 9347
f 9347 9356 9348
f 9348 9357 9349
f 9349 9358 9350
f 9350 9359 9351
f 9351 9360 9352
f 9352 9361 9353
f 9353 9362 9354
f 1988 9363 9355
f 9355 9364 9356
f 9356 9365 9357
f 9357 9366 9358
f 9358 9367 9359
f 9359 9368 9360
f 9360 9369 9361
f 9361 9370 9362
f 1989 9371 9363
f 9363 9372 9364
f 9364 9373 9365
f 9365 9374 9366
f 9366 9375 9367
f 9367 9376 9368
f 9368 9377 9369
f 9369 9378 9370
f 1990 9379 9371
f 9371 9380 9372
f 9372 9381 9373
f 9373 9382 9374
f 9374 9383 9375
f 9375 9384 9376
f 9376 9385 9377
f 9377 9386 9378
f 1991 9387 9379
f 9379 9388 9380
f 9380 9389 9381
f 9381 9390 9382
f 9382 9391 9383
f 9383 9392 9384
f 9384 9393 9385
f 9385 9394 9386
f 1992 9395 9387
f 9387 9396 9388
f 9388 9397 9389
f 9389 9398 9390
f 9390 9399 9391
f 9391 9400 9392
f 9392 9401 9393
f 9393 9402 9394
f 1993 9403 9395
f 9395 9404 9396
f 9396 9405 9397
f 9397 9406 9398
f 9398 9407 9399
f 9399 9408 9400
f 9400 9409 9401
f 9401 9410 9402
f 1994 1123 9403
f 9403 1124 9404
f 9404 1125 9405
f 9405 1126 9406
f 9406 1127 9407
f 9407 1128 9408
f 9408 1129 9409
f 9409 1130 9410
f 258 1987 11
f 9418 1988 1987
f 9426 1989 1988
f 9434 1990 1989
f 9442 1991 1990
f 9450 1992 1991
f 9458 1993 1992
f 9466 1994 1993
f 9 9411 251
f 251 9412 252
f 252 9413 253
f 253 9414 254
f 254 9415 255
f 255 9416 256
f 256 9417 257
f 257 9418 258
f 1979 9419 9411
f 9411 9420 9412
f 9412 9421 9413
f 9413 9422 9414
f 9414 9423 9415
f 9415 9424 9416
f 9416 9425 9417
f 9417 9426 9418
f 1980 9427 9419
f 9419 9428 9420
f 9420 9429 9421
f 9421 9430 9422
f 9422 9431 9423
f 9423 9432 9424
f 9424 9433 9425
f 9425 9434 9426
f 1981 9435 9427
f 9427 9436 9428
f 9428 9437 9429
f 9429 9438 9430
f 9430 9439 9431
f 9431 9440 9432
f 9432 9441 9433
f 9433 9442 9434
f 1982 9443 9435
f 9435 9444 9436
f 9436 9445 9437
f 9437 9446 9438
f 9438 9447 9439
f 9439 9448 9440
f 9440 9449 9441
f 9441 9450 9442
f 1983 9451 9443
f 9443 9452 9444
f 9444 9453 9445
f 9445 9454 9446
f 9446 9455 9447
f 9447 9456 9448
f 9448 9457 9449
f 9449 9458 9450
f 1984 9459 9451
f 9451 9460 9452
f 9452 9461 9453
f 9453 9462 9454
f 9454 9463 9455
f 9455 9464 9456
f 9456 9465 9457
f 9457 9466 9458
f 1985 9467 9459
f 9459 9468 9460
f 9460 9469 9461
f 9461 9470 9462
f 9462 9471 9463
f 9463 9472 9464
f 9464 9473 9465
f 9465 9474 9466
f 1986 1115 9467
f 9467 1116 9468
f 9468 1117 9469
f 9469 1118 9470
f 9470 1119 9471
f 9471 1120 9472
f 9472 1121 9473
f 9473 1122 9474
f 250 1979 9
f 9482 1980 1979
f 9490 1981 1980
f 9498 1982 1981
f 9506 1983 1982
f 9514 1984 1983
f 9522 1985 1984
f 9530 1986 1985
f 7 9475 243
f 243 9476 244
f 244 9477 245
f 245 9478 246
f 246 9479 247
f 247 9480 248
f 248 9481 249
f 249 9482 250
f 1971 9483 9475
f 9475 9484 9476
f 9476 9485 9477
f 9477 9486 9478
f 9478 9487 9479
f 9479 9488 9480
f 9480 9489 9481
f 9481 9490 9482
f 1972 9491 9483
f 9483 9492 9484
f 9484 9493 9485
f 9485 9494 9486
f 9486 9495 9487
f 9487 9496 9488
f 9488 9497 9489
f 9489 9498 9490
f 1973 9499 9491
f 9491 9500 9492
f 9492 9501 9493
f 9493 9502 9494
f 9494 9503 9495
f 9495 9504 9496
f 9496 9505 9497
f 9497 9506 9498
f 1974 9507 9499
f 9499 9508 9500
f 9500 9509 9501
f 9501 9510 9502
f 9502 9511 9503
f 9503 9512 9504
f 9504 9513 9505
f 9505 9514 9506
f 1975 9515 9507
f 9507 9516 9508
f 9508 9517 9509
f 9509 9518 9510
f 9510 9519 9511
f 9511 9520 9512
f 9512 9521 9513
f 9513 9522 9514
f 1976 9523 9515
f 9515 9524 9516
f 9516 9525 9517
f 9517 9526 9518
f 9518 9527 9519
f 9519 9528 9520
f 9520 9529 9521
f 9521 9530 9522
f 1977 9531 9523
f 9523 9532 9524
f 9524 9533 9525
f 9525 9534 9526
f 9526 9535 9527
f 9527 9536 9528
f 9528 9537 9529
f 9529 9538 9530
f 1978 1107 9531
f 9531 1108 9532
f 9532 1109 9533
f 9533 1110 9534
f 9534 1111 9535
f 9535 1112 9536
f 9536 1113 9537
f 9537 1114 9538
f 242 1971 7
f 9546 1972 1971
f 9554 1973 1972
f 9562 1974 1973
f 9570 1975 1974
f 9578 1976 1975
f 9586 1977 1976
f 9594 1978 1977
f 5 9539 235
f 235 9540 236
f 236 9541 237
f 237 9542 238
f 238 9543 239
f 239 9544 240
f 240 9545 241
f 241 9546 242
f 1963 9547 9539
f 9539 9548 9540
f 9540 9549 9541
f 9541 9550 9542
f 9542 9551 9543
f 9543 9552 9544
f 9544 9553 9545
f 9545 9554 9546
f 1964 9555 9547
f 9547 9556 9548
f 9548 9557 9549
f 9549 9558 9550
f 9550 9559 9551
f 9551 9560 9552
f 9552 9561 9553
f 9553 9562 9554
f 1965 9563 9555
f 9555 9564 9556
f 9556 9565 9557
f 9557 9566 9558
f 9558 9567 9559
f 9559 9568 9560
f 9560 9569 9561
f 9561 9570 9562
f 1966 9571 9563
f 9563 9572 9564
f 9564 9573 9565
f 9565 9574 9566
f 9566 9575 9567
f 9567 9576 9568
f 9568 9577 9569
f 9569 9578 9570
f 1967 9579 9571
f 9571 9580 9572
f 9572 9581 9573
f 9573 9582 9574
f 9574 9583 9575
f 9575 9584 9576
f 9576 9585 9577
f 9577 9586 9578
f 1968 9587 9579
f 9579 9588 9580
f 9580 9589 9581
f 9581 9590 9582
f 9582 9591 9583
f 9583 9592 9584
f 9584 9593 9585
f 9585 9594 9586
f 1969 9595 9587
f 9587 9596 9588
f 9588 9597 9589
f 9589 9598 9590
f 9590 9599 9591
f 9591 9600 9592
f 9592 9601 9593
f 9593 9602 9594
f 1970 1099 9595
f 9595 1100 9596
f 9596 1101 9597
f 9597 1102 9598
f 9598 1103 9599
f 9599 1104 9600
f 9600 1105 9601
f 9601 1106 9602
f 234 1963 5
f 9610 1964 1963
f 9618 1965 1964
f 9626 1966 1965
f 9634 1967 1966
f 9642 1968 1967
f 9650 1969 1968
f 9658 1970 1969
f 3 9603 227
f 227 9604 228
f 228 9605 229
f 229 9606 230
f 230 9607 231
f 231 9608 232
f 232 9609 233
f 233 9610 234
f 1955 9611 9603
f 9603 9612 9604
f 9604 9613 9605
f 9605 9614 9606
f 9606 9615 9607
f 9607 9616 9608
f 9608 9617 9609
f 9609 9618 9610
f 1956 9619 9611
f 9611 9620 9612
f 9612 9621 9613
f 9613 9622 9614
f 9614 9623 9615
f 9615 9624 9616
f 9616 9625 9617
f 9617 9626 9618
f 1957 9627 9619
f 9619 9628 9620
f 9620 9629 9621
f 9621 9630 9622
f 9622 9631 9623
f 9623 9632 9624
f 9624 9633 9625
f 9625 9634 9626
f 1958 9635 9627
f 9627 9636 9628
f 9628 9637 9629
f 9629 9638 9630
f 9630 9639 9631
f 9631 9640 9632
f 9632 9641 9633
f 9633 9642 9634
f 1959 9643 9635
f 9635 9644 9636
f 9636 9645 9637
f 9637 9646 9638
f 9638 9647 9639
f 9639 9648 9640
f 9640 9649 9641
f 9641 9650 9642
f 1960 9651 9643
f 9643 9652 9644
f 9644 9653 9645
f 9645 9654 9646
f 9646 9655 9647
f 9647 9656 9648
f 9648 9657 9649
f 9649 9658 9650
f 1961 9659 9651
f 9651 9660 9652
f 9652 9661 9653
f 9653 9662 9654
f 9654 9663 9655
f 9655 9664 9656
f 9656 9665 9657
f 9657 9666 9658
f 1962 1091 9659
f 9659 1092 9660
f 9660 1093 9661
f 9661 1094 9662
f 9662 1095 9663
f 9663 1096 9664
f 9664 1097 9665
f 9665 1098 9666
f 226 1955 3
f 9674 1956 1955
f 9682 1957 1956
f 9690 1958 1957
f 9698 1959 1958
f 9706 1960 1959
f 9714 1961 1960
f 9722 1962 1961
f 1 9667 219
f 219 9668 220
f 220 9669 221
f 221 9670 222
f 222 9671 223
f 223 9672 224
f 224 9673 225
f 225 9674 226
f 1947 9675 9667
f 9667 9676 9668
f 9668 9677 9669
f 9669 9678 9670
f 9670 9679 9671
f 9671 9680 9672
f 9672 9681 9673
f 9673 9682 9674
f 1948 9683 9675
f 9675 9684 9676
f 9676 9685 9677
f 9677 9686 9678
f 9678 9687 9679
f 9679 9688 9680
f 9680 9689 9681
f 9681 9690 9682
f 1949 9691 9683
f 9683 9692 9684
f 9684 9693 9685
f 9685 9694 9686
f 9686 9695 9687
f 9687 9696 9688
f 9688 9697 9689
f 9689 9698 9690
f 1950 9699 9691
f 9691 9700 9692
f 9692 9701 9693
f 9693 9702 9694
f 9694 9703 9695
f 9695 9704 9696
f 9696 9705 9697
f 9697 9706 9698
f 1951 9707 9699
f 9699 9708 9700
f 9700 9709 9701
f 9701 9710 9702
f 9702 9711 9703
f 9703 9712 9704
f 9704 9713 9705
f 9705 9714 9706
f 1952 9715 9707
f 9707 9716 9708
f 9708 9717 9709
f 9709 9718 9710
f 9710 9719 9711
f 9711 9720 9712
f 9712 9721 9713
f 9713 9722 9714
f 1953 9723 9715
f 9715 9724 9716
f 9716 9725 9717
f 9717 9726 9718
f 9718 9727 9719
f 9719 9728 9720
f 9720 9729 9721
f 9721 9730 9722
f 1954 1083 9723
f 9723 1084 9724
f 9724 1085 9725
f 9725 1086 9726
f 9726 1087 9727
f 9727 1088 9728
f 9728 1089 9729
f 9729 1090 9730
f 9730 1090 4
f 9666 1098 6
f 9602 1106 8
f 9538 1114 10
f 9474 1122 12
f 9410 1130 14
f 9346 1138 16
f 9282 1146 18
f 9218 1154 20
f 9154 1162 22
f 9090 1170 24
f 9026 1178 26
f 8962 1186 28
f 8898 1194 30
f 8834 1202 32
f 8770 1210 34
f 8706 1218 36
f 8642 1226 38
f 8578 1234 40
f 8514 1242 42
f 8450 1250 44
f 8386 1258 46
f 8322 1266 48
f 8258 1274 50
f 8194 1282 52
f 8130 1290 54
f 8066 1298 56
f 8002 1306 58
f 7938 1314 60
f 7874 1322 62
f 7810 1330 64
f 7746 1338 66
f 7682 1346 68
f 7618 1354 70
f 7554 1362 72
f 7490 1370 74
f 7426 1378 76
f 7362 1386 78
f 7298 1394 80
f 7234 1402 82
f 7170 1410 84
f 7106 1418 86
f 7042 1426 88
f 6978 1434 90
f 6914 1442 92
f 6850 1450 94
f 6786 1458 96
f 6722 1466 98
f 6658 1474 100
f 6594 1482 102
f 6530 1490 104
f 6466 1498 106
f 6402 1506 108
f 6338 1514 110
f 6274 1522 112
f 6210 1530 114
f 6146 1538 116
f 6082 1546 118
f 6018 1554 120
f 5954 1562 122
f 5890 1570 124
f 5826 1578 126
f 5762 1586 128
f 5698 1594 130
f 5634 1602 132
f 5570 1610 134
f 5506 1618 136
f 5442 1626 138
f 5378 1634 140
f 5314 1642 142
f 5250 1650 144
f 5186 1658 146
f 5122 1666 148
f 5058 1674 150
f 4994 1682 152
f 4930 1690 154
f 4866 1698 156
f 4802 1706 158
f 4738 1714 160
f 4674 1722 162
f 4610 1730 164
f 4546 1738 166
f 4482 1746 168
f 4418 1754 170
f 4354 1762 172
f 4290 1770 174
f 4226 1778 176
f 4162 1786 178
f 4098 1794 180
f 4034 1802 182
f 3970 1810 184
f 3906 1818 186
f 3842 1826 188
f 3778 1834 190
f 3714 1842 192
f 3650 1850 194
f 3586 1858 196
f 3522 1866 198
f 3458 1874 200
f 3394 1882 202
f 3330 1890 204
f 3266 1898 206
f 3202 1906 208
f 3138 1914 210
f 3074 1922 212
f 3010 1930 214
f 2946 1938 216
f 2882 1946 218
f 1082 2826 2811
f 2826 2834 2812
f 2834 2842 2813
f 2842 2850 2814
f 2850 2858 2815
f 2858 2866 2816
f 2866 2874 2817
f 2874 2882 2818
f 215 2803 2819
f 1075 2819 2820
f 1076 2820 2821
f 1077 2821 2822
f 1078 2822 2823
f 1079 2823 2824
f 1080 2824 2825
f 1081 2825 2826
f 2803 2804 2827
f 2819 2827 2828
f 2820 2828 2829
f 2821 2829 2830
f 2822 2830 2831
f 2823 2831 2832
f 2824 2832 2833
f 2825 2833 2834
f 2804 2805 2835
f 2827 2835 2836
f 2828 2836 2837
f 2829 2837 2838
f 2830 2838 2839
f 2831 2839 2840
f 2832 2840 2841
f 2833 2841 2842
f 2805 2806 2843
f 2835 2843 2844
f 2836 2844 2845
f 2837 2845 2846
f 2838 2846 2847
f 2839 2847 2848
f 2840 2848 2849
f 2841 2849 2850
f 2806 2807 2851
f 2843 2851 2852
f 2844 2852 2853
f 2845 2853 2854
f 2846 2854 2855
f 2847 2855 2856
f 2848 2856 2857
f 2849 2857 2858
f 2807 2808 2859
f 2851 2859 2860
f 2852 2860 2861
f 2853 2861 2862
f 2854 2862 2863
f 2855 2863 2864
f 2856 2864 2865
f 2857 2865 2866
f 2808 2809 2867
f 2859 2867 2868
f 2860 2868 2869
f 2861 2869 2870
f 2862 2870 2871
f 2863 2871 2872
f 2864 2872 2873
f 2865 2873 2874
f 2809 2810 2875
f 2867 2875 2876
f 2868 2876 2877
f 2869 2877 2878
f 2870 2878 2879
f 2871 2879 2880
f 2872 2880 2881
f 2873 2881 2882
f 2810 216 1939
f 2875 1939 1940
f 2876 1940 1941
f 2877 1941 1942
f 2878 1942 1943
f 2879 1943 1944
f 2880 1944 1945
f 2881 1945 1946
f 1074 2890 2803
f 2890 2898 2804
f 2898 2906 2805
f 2906 2914 2806
f 2914 2922 2807
f 2922 2930 2808
f 2930 2938 2809
f 2938 2946 2810
f 213 2795 2883
f 1067 2883 2884
f 1068 2884 2885
f 1069 2885 2886
f 1070 2886 2887
f 1071 2887 2888
f 1072 2888 2889
f 1073 2889 2890
f 2795 2796 2891
f 2883 2891 2892
f 2884 2892 2893
f 2885 2893 2894
f 2886 2894 2895
f 2887 2895 2896
f 2888 2896 2897
f 2889 2897 2898
f 2796 2797 2899
f 2891 2899 2900
f 2892 2900 2901
f 2893 2901 2902
f 2894 2902 2903
f 2895 2903 2904
f 2896 2904 2905
f 2897 2905 2906
f 2797 2798 2907
f 2899 2907 2908
f 2900 2908 2909
f 2901 2909 2910
f 2902 2910 2911
f 2903 2911 2912
f 2904 2912 2913
f 2905 2913 2914
f 2798 2799 2915
f 2907 2915 2916
f 2908 2916 2917
f 2909 2917 2918
f 2910 2918 2919
f 2911 2919 2920
f 2912 2920 2921
f 2913 2921 2922
f 2799 2800 2923
f 2915 2923 2924
f 2916 2924 2925
f 2917 2925 2926
f 2918 2926 2927
f 2919 2927 2928
f 2920 2928 2929
f 2921 2929 2930
f 2800 2801 2931
f 2923 2931 2932
f 2924 2932 2933
f 2925 2933 2934
f 2926 2934 2935
f 2927 2935 2936
f 2928 2936 2937
f 2929 2937 2938
f 2801 2802 2939
f 2931 2939 2940
f 2932 2940 2941
f 2933 2941 2942
f 2934 2942 2943
f 2935 2943 2944
f 2936 2944 2945
f 2937 2945 2946
f 2802 214 1931
f 2939 1931 1932
f 2940 1932 1933
f 2941 1933 1934
f 2942 1934 1935
f 2943 1935 1936
f 2944 1936 1937
f 2945 1937 1938
f 1066 2954 2795
f 2954 2962 2796
f 2962 2970 2797
f 2970 2978 2798
f 2978 2986 2799
f 2986 2994 2800
f 2994 3002 2801
f 3002 3010 2802
f 211 2787 2947
f 1059 2947 2948
f 1060 2948 2949
f 1061 2949 2950
f 1062 2950 2951
f 1063 2951 2952
f 1064 2952 2953
f 1065 2953 2954
f 2787 2788 2955
f 2947 2955 2956
f 2948 2956 2957
f 2949 2957 2958
f 2950 2958 2959
f 2951 2959 2960
f 2952 2960 2961
f 2953 2961 2962
f 2788 2789 2963
f 2955 2963 2964
f 2956 2964 2965
f 2957 2965 2966
f 2958 2966 2967
f 2959 2967 2968
f 2960 2968 2969
f 2961 2969 2970
f 2789 2790 2971
f 2963 2971 2972
f 2964 2972 2973
f 2965 2973 2974
f 2966 2974 2975
f 2967 2975 2976
f 2968 2976 2977
f 2969 2977 2978
f 2790 2791 2979
f 2971 2979 2980
f 2972 2980 2981
f 2973 2981 2982
f 2974 2982 2983
f 2975 2983 2984
f 2976 2984 2985
f 2977 2985 2986
f 2791 2792 2987
f 2979 2987 2988
f 2980 2988 2989
f 2981 2989 2990
f 2982 2990 2991
f 2983 2991 2992
f 2984 2992 2993
f 2985 2993 2994
f 2792 2793 2995
f 2987 2995 2996
f 2988 2996 2997
f 2989 2997 2998
f 2990 2998 2999
f 2991 2999 3000
f 2992 3000 3001
f 2993 3001 3002
f 2793 2794 3003
f 2995 3003 3004
f 2996 3004 3005
f 2997 3005 3006
f 2998 3006 3007
f 2999 3007 3008
f 3000 3008 3009
f 3001 3009 3010
f 2794 212 1923
f 3003 1923 1924
f 3004 1924 1925
f 3005 1925 1926
f 3006 1926 1927
f 3007 1927 1928
f 3008 1928 1929
f 3009 1929 1930
f 1058 3018 2787
f 3018 3026 2788
f 3026 3034 2789
f 3034 3042 2790
f 3042 3050 2791
f 3050 3058 2792
f 3058 3066 2793
f 3066 3074 2794
f 209 2779 3011
f 1051 3011 3012
f 1052 3012 3013
f 1053 3013 3014
f 1054 3014 3015
f 1055 3015 3016
f 1056 3016 3017
f 1057 3017 3018
f 2779 2780 3019
f 3011 3019 3020
f 3012 3020 3021
f 3013 3021 3022
f 3014 3022 3023
f 3015 3023 3024
f 3016 3024 3025
f 3017 3025 3026
f 2780 2781 3027
f 3019 3027 3028
f 3020 3028 3029
f 3021 3029 3030
f 3022 3030 3031
f 3023 3031 3032
f 3024 3032 3033
f 3025 3033 3034
f 2781 2782 3035
f 3027 3035 3036
f 3028 3036 3037
f 3029 3037 3038
f 3030 3038 3039
f 3031 3039 3040
f 3032 3040 3041
f 3033 3041 3042
f 2782 2783 3043
f 3035 3043 3044
f 3036 3044 3045
f 3037 3045 3046
f 3038 3046 3047
f 3039 3047 3048
f 3040 3048 3049
f 3041 3049 3050
f 2783 2784 3051
f 3043 3051 3052
f 3044 3052 3053
f 3045 3053 3054
f 3046 3054 3055
f 3047 3055 3056
f 3048 3056 3057
f 3049 3057 3058
f 2784 2785 3059
f 3051 3059 3060
f 3052 3060 3061
f 3053 3061 3062
f 3054 3062 3063
f 3055 3063 3064
f 3056 3064 3065
f 3057 3065 3066
f 2785 2786 3067
f 3059 3067 3068
f 3060 3068 3069
f 3061 3069 3070
f 3062 3070 3071
f 3063 3071 3072
f 3064 3072 3073
f 3065 3073 3074
f 2786 210 1915
f 3067 1915 1916
f 3068 1916 1917
f 3069 1917 1918
f 3070 1918 1919
f 3071 1919 1920
f 3072 1920 1921
f 3073 1921 1922
f 1050 3082 2779
f 3082 3090 2780
f 3090 3098 2781
f 3098 3106 2782
f 3106 3114 2783
f 3114 3122 2784
f 3122 3130 2785
f 3130 3138 2786
f 207 2771 3075
f 1043 3075 3076
f 1044 3076 3077
f 1045 3077 3078
f 1046 3078 3079
f 1047 3079 3080
f 1048 3080 3081
f 1049 3081 3082
f 2771 2772 3083
f 3075 3083 3084
f 3076 3084 3085
f 3077 3085 3086
f 3078 3086 3087
f 3079 3087 3088
f 3080 3088 3089
f 3081 3089 3090
f 2772 2773 3091
f 3083 3091 3092
f 3084 3092 3093
f 3085 3093 3094
f 3086 3094 3095
f 3087 3095 3096
f 3088 3096 3097
f 3089 3097 3098
f 2773 2774 3099
f 3091 3099 3100
f 3092 3100 3101
f 3093 3101 3102
f 3094 3102 3103
f 3095 3103 3104
f 3096 3104 3105
f 3097 3105 3106
f 2774 2775 3107
f 3099 3107 3108
f 3100 3108 3109
f 3101 3109 3110
f 3102 3110 3111
f 3103 3111 3112
f 3104 3112 3113
f 3105 3113 3114
f 2775 2776 3115
f 3107 3115 3116
f 3108 3116 3117
f 3109 3117 3118
f 3110 3118 3119
f 3111 3119 3120
f 3112 3120 3121
f 3113 3121 3122
f 2776 2777 3123
f 3115 3123 3124
f 3116 3124 3125
f 3117 3125 3126
f 3118 3126 3127
f 3119 3127 3128
f 3120 3128 3129
f 3121 3129 3130
f 2777 2778 3131
f 3123 3131 3132
f 3124 3132 3133
f 3125 3133 3134
f 3126 3134 3135
f 3127 3135 3136
f 3128 3136 3137
f 3129 3137 3138
f 2778 208 1907
f 3131 1907 1908
f 3132 1908 1909
f 3133 1909 1910
f 3134 1910 1911
f 3135 1911 1912
f 3136 1912 1913
f 3137 1913 1914
f 1042 3146 2771
f 3146 3154 2772
f 3154 3162 2773
f 3162 3170 2774
f 3170 3178 2775
f 3178 3186 2776
f 3186 3194 2777
f 3194 3202 2778
f 205 2763 3139
f 1035 3139 3140
f 1036 3140 3141
f 1037 3141 3142
f 1038 3142 3143
f 1039 3143 3144
f 1040 3144 3145
f 1041 3145 3146
f 2763 2764 3147
f 3139 3147 3148
f 3140 3148 3149
f 3141 3149 3150
f 3142 3150 3151
f 3143 3151 3152
f 3144 3152 3153
f 3145 3153 3154
f 2764 2765 3155
f 3147 3155 3156
f 3148 3156 3157
f 3149 3157 3158
f 3150 3158 3159
f 3151 3159 3160
f 3152 3160 3161
f 3153 3161 3162
f 2765 2766 3163
f 3155 3163 3164
f 3156 3164 3165
f 3157 3165 3166
f 3158 3166 3167
f 3159 3167 3168
f 3160 3168 3169
f 3161 3169 3170
f 2766 2767 3171
f 3163 3171 3172
f 3164 3172 3173
f 3165 3173 3174
f 3166 3174 3175
f 3167 3175 3176
f 3168 3176 3177
f 3169 3177 3178
f 2767 2768 3179
f 3171 3179 3180
f 3172 3180 3181
f 3173 3181 3182
f 3174 3182 3183
f 3175 3183 3184
f 3176 3184 3185
f 3177 3185 3186
f 2768 2769 3187
f 3179 3187 3188
f 3180 3188 3189
f 3181 3189 3190
f 3182 3190 3191
f 3183 3191 3192
f 3184 3192 3193
f 3185 3193 3194
f 2769 2770 3195
f 3187 3195 3196
f 3188 3196 3197
f 3189 3197 3198
f 3190 3198 3199
f 3191 3199 3200
f 3192 3200 3201
f 3193 3201 3202
f 2770 206 1899
f 3195 1899 1900
f 3196 1900 1901
f 3197 1901 1902
f 3198 1902 1903
f 3199 1903 1904
f 3200 1904 1905
f 3201 1905 1906
f 1034 3210 2763
f 3210 3218 2764
f 3218 3226 2765
f 3226 3234 2766
f 3234 3242 2767
f 3242 3250 2768
f 3250 3258 2769
f 3258 3266 2770
f 203 2755 3203
f 1027 3203 3204
f 1028 3204 3205
f 1029 3205 3206
f 1030 3206 3207
f 1031 3207 3208
f 1032 3208 3209
f 1033 3209 3210
f 2755 2756 3211
f 3203 3211 3212
f 3204 3212 3213
f 3205 3213 3214
f 3206 3214 3215
f 3207 3215 3216
f 3208 3216 3217
f 3209 3217 3218
f 2756 2757 3219
f 3211 3219 3220
f 3212 3220 3221
f 3213 3221 3222
f 3214 3222 3223
f 3215 3223 3224
f 3216 3224 3225
f 3217 3225 3226
f 2757 2758 3227
f 3219 3227 3228
f 3220 3228 3229
f 3221 3229 3230
f 3222 3230 3231
f 3223 3231 3232
f 3224 3232 3233
f 3225 3233 3234
f 2758 2759 3235
f 3227 3235 3236
f 3228 3236 3237
f 3229 3237 3238
f 3230 3238 3239
f 3231 3239 3240
f 3232 3240 3241
f 3233 3241 3242
f 2759 2760 3243
f 3235 3243 3244
f 3236 3244 3245
f 3237 3245 3246
f 3238 3246 3247
f 3239 3247 3248
f 3240 3248 3249
f 3241 3249 3250
f 2760 2761 3251
f 3243 3251 3252
f 3244 3252 3253
f 3245 3253 3254
f 3246 3254 3255
f 3247 3255 3256
f 3248 3256 3257
f 3249 3257 3258
f 2761 2762 3259
f 3251 3259 3260
f 3252 3260 3261
f 3253 3261 3262
f 3254 3262 3263
f 3255 3263 3264
f 3256 3264 3265
f 3257 3265 3266
f 2762 204 1891
f 3259 1891 1892
f 3260 1892 1893
f 3261 1893 1894
f 3262 1894 1895
f 3263 1895 1896
f 3264 1896 1897
f 3265 1897 1898
f 1026 3274 2755
f 3274 3282 2756
f 3282 3290 2757
f 3290 3298 2758
f 3298 3306 2759
f 3306 3314 2760
f 3314 3322 2761
f 3322 3330 2762
f 201 2747 3267
f 1019 3267 3268
f 1020 3268 3269
f 1021 3269 3270
f 1022 3270 3271
f 1023 3271 3272
f 1024 3272 3273
f 1025 3273 3274
f 2747 2748 3275
f 3267 3275 3276
f 3268 3276 3277
f 3269 3277 3278
f 3270 3278 3279
f 3271 3279 3280
f 3272 3280 3281
f 3273 3281 3282
f 2748 2749 3283
f 3275 3283 3284
f 3276 3284 3285
f 3277 3285 3286
f 3278 3286 3287
f 3279 3287 3288
f 3280 3288 3289
f 3281 3289 3290
f 2749 2750 3291
f 3283 3291 3292
f 3284 3292 3293
f 3285 3293 3294
f 3286 3294 3295
f 3287 3295 3296
f 3288 3296 3297
f 3289 3297 3298
f 2750 2751 3299
f 3291 3299 3300
f 3292 3300 3301
f 3293 3301 3302
f 3294 3302 3303
f 3295 3303 3304
f 3296 3304 3305
f 3297 3305 3306
f 2751 2752 3307
f 3299 3307 3308
f 3300 3308 3309
f 3301 3309 3310
f 3302 3310 3311
f 3303 3311 3312
f 3304 3312 3313
f 3305 3313 3314
f 2752 2753 3315
f 3307 3315 3316
f 3308 3316 3317
f 3309 3317 3318
f 3310 3318 3319
f 3311 3319 3320
f 3312 3320 3321
f 3313 3321 3322
f 2753 2754 3323
f 3315 3323 3324
f 3316 3324 3325
f 3317 3325 3326
f 3318 3326 3327
f 3319 3327 3328
f 3320 3328 3329
f 3321 3329 3330
f 2754 202 1883
f 3323 1883 1884
f 3324 1884 1885
f 3325 1885 1886
f 3326 1886 1887
f 3327 1887 1888
f 3328 1888 1889
f 3329 1889 1890
f 1018 3338 2747
f 3338 3346 2748
f 3346 3354 2749
f 3354 3362 2750
f 3362 3370 2751
f 3370 3378 2752
f 3378 3386 2753
f 3386 3394 2754
f 199 2739 3331
f 1011 3331 3332
f 1012 3332 3333
f 1013 3333 3334
f 1014 3334 3335
f 1015 3335 3336
f 1016 3336 3337
f 1017 3337 3338
f 2739 2740 3339
f 3331 3339 3340
f 3332 3340 3341
f 3333 3341 3342
f 3334 3342 3343
f 3335 3343 3344
f 3336 3344 3345
f 3337 3345 3346
f 2740 2741 3347
f 3339 3347 3348
f 3340 3348 3349
f 3341 3349 3350
f 3342 3350 3351
f 3343 3351 3352
f 3344 3352 3353
f 3345 3353 3354
f 2741 2742 3355
f 3347 3355 3356
f 3348 3356 3357
f 3349 3357 3358
f 3350 3358 3359
f 3351 3359 3360
f 3352 3360 3361
f 3353 3361 3362
f 2742 2743 3363
f 3355 3363 3364
f 3356 3364 3365
f 3357 3365 3366
f 3358 3366 3367
f 3359 3367 3368
f 3360 3368 3369
f 3361 3369 3370
f 2743 2744 3371
f 3363 3371 3372
f 3364 3372 3373
f 3365 3373 3374
f 3366 3374 3375
f 3367 3375 3376
f 3368 3376 3377
f 3369 3377 3378
f 2744 2745 3379
f 3371 3379 3380
f 3372 3380 3381
f 3373 3381 3382
f 3374 3382 3383
f 3375 3383 3384
f 3376 3384 3385
f 3377 3385 3386
f 2745 2746 3387
f 3379 3387 3388
f 3380 3388 3389
f 3381 3389 3390
f 3382 3390 3391
f 3383 3391 3392
f 3384 3392 3393
f 3385 3393 3394
f 2746 200 1875
f 3387 1875 1876
f 3388 1876 1877
f 3389 1877 1878
f 3390 1878 1879
f 3391 1879 1880
f 3392 1880 1881
f 3393 1881 1882
f 1010 3402 2739
f 3402 3410 2740
f 3410 3418 2741
f 3418 3426 2742
f 3426 3434 2743
f 3434 3442 2744
f 3442 3450 2745
f 3450 3458 2746
f 197 2731 3395
f 1003 3395 3396
f 1004 3396 3397
f 1005 3397 3398
f 1006 3398 3399
f 1007 3399 3400
f 1008 3400 3401
f 1009 3401 3402
f 2731 2732 3403
f 3395 3403 3404
f 3396 3404 3405
f 3397 3405 3406
f 3398 3406 3407
f 3399 3407 3408
f 3400 3408 3409
f 3401 3409 3410
f 2732 2733 3411
f 3403 3411 3412
f 3404 3412 3413
f 3405 3413 3414
f 3406 3414 3415
f 3407 3415 3416
f 3408 3416 3417
f 3409 3417 3418
f 2733 2734 3419
f 3411 3419 3420
f 3412 3420 3421
f 3413 3421 3422
f 3414 3422 3423
f 3415 3423 3424
f 3416 3424 3425
f 3417 3425 3426
f 2734 2735 3427
f 3419 3427 3428
f 3420 3428 3429
f 3421 3429 3430
f 3422 3430 3431
f 3423 3431 3432
f 3424 3432 3433
f 3425 3433 3434
f 2735 2736 3435
f 3427 3435 3436
f 3428 3436 3437
f 3429 3437 3438
f 3430 3438 3439
f 3431 3439 3440
f 3432 3440 3441
f 3433 3441 3442
f 2736 2737 3443
f 3435 3443 3444
f 3436 3444 3445
f 3437 3445 3446
f 3438 3446 3447
f 3439 3447 3448
f 3440 3448 3449
f 3441 3449 3450
f 2737 2738 3451
f 3443 3451 3452
f 3444 3452 3453
f 3445 3453 3454
f 3446 3454 3455
f 3447 3455 3456
f 3448 3456 3457
f 3449 3457 3458
f 2738 198 1867
f 3451 1867 1868
f 3452 1868 1869
f 3453 1869 1870
f 3454 1870 1871
f 3455 1871 1872
f 3456 1872 1873
f 3457 1873 1874
f 1002 3466 2731
f 3466 3474 2732
f 3474 3482 2733
f 3482 3490 2734
f 3490 3498 2735
f 3498 3506 2736
f 3506 3514 2737
f 3514 3522 2738
f 195 2723 3459
f 995 3459 3460
f 996 3460 3461
f 997 3461 3462
f 998 3462 3463
f 999 3463 3464
f 1000 3464 3465
f 1001 3465 3466
f 2723 2724 3467
f 3459 3467 3468
f 3460 3468 3469
f 3461 3469 3470
f 3462 3470 3471
f 3463 3471 3472
f 3464 3472 3473
f 3465 3473 3474
f 2724 2725 3475
f 3467 3475 3476
f 3468 3476 3477
f 3469 3477 3478
f 3470 3478 3479
f 3471 3479 3480
f 3472 3480 3481
f 3473 3481 3482
f 2725 2726 3483
f 3475 3483 3484
f 3476 3484 3485
f 3477 3485 3486
f 3478 3486 3487
f 3479 3487 3488
f 3480 3488 3489
f 3481 3489 3490
f 2726 2727 3491
f 3483 3491 3492
f 3484 3492 3493
f 3485 3493 3494
f 3486 3494 3495
f 3487 3495 3496
f 3488 3496 3497
f 3489 3497 3498
f 2727 2728 3499
f 3491 3499 3500
f 3492 3500 3501
f 3493 3501 3502
f 3494 3502 3503
f 3495 3503 3504
f 3496 3504 3505
f 3497 3505 3506
f 2728 2729 3507
f 3499 3507 3508
f 3500 3508 3509
f 3501 3509 3510
f 3502 3510 3511
f 3503 3511 3512
f 3504 3512 3513
f 3505 3513 3514
f 2729 2730 3515
f 3507 3515 3516
f 3508 3516 3517
f 3509 3517 3518
f 3510 3518 3519
f 3511 3519 3520
f 3512 3520 3521
f 3513 3521 3522
f 2730 196 1859
f 3515 1859 1860
f 3516 1860 1861
f 3517 1861 1862
f 3518 1862 1863
f 3519 1863 1864
f 3520 1864 1865
f 3521 1865 1866
f 994 3530 2723
f 3530 3538 2724
f 3538 3546 2725
f 3546 3554 2726
f 3554 3562 2727
f 3562 3570 2728
f 3570 3578 2729
f 3578 3586 2730
f 193 2715 3523
f 987 3523 3524
f 988 3524 3525
f 989 3525 3526
f 990 3526 3527
f 991 3527 3528
f 992 3528 3529
f 993 3529 3530
f 2715 2716 3531
f 3523 3531 3532
f 3524 3532 3533
f 3525 3533 3534
f 3526 3534 3535
f 3527 3535 3536
f 3528 3536 3537
f 3529 3537 3538
f 2716 2717 3539
f 3531 3539 3540
f 3532 3540 3541
f 3533 3541 3542
f 3534 3542 3543
f 3535 3543 3544
f 3536 3544 3545
f 3537 3545 3546
f 2717 2718 3547
f 3539 3547 3548
f 3540 3548 3549
f 3541 3549 3550
f 3542 3550 3551
f 3543 3551 3552
f 3544 3552 3553
f 3545 3553 3554
f 2718 2719 3555
f 3547 3555 3556
f 3548 3556 3557
f 3549 3557 3558
f 3550 3558 3559
f 3551 3559 3560
f 3552 3560 3561
f 3553 3561 3562
f 2719 2720 3563
f 3555 3563 3564
f 3556 3564 3565
f 3557 3565 3566
f 3558 3566 3567
f 3559 3567 3568
f 3560 3568 3569
f 3561 3569 3570
f 2720 2721 3571
f 3563 3571 3572
f 3564 3572 3573
f 3565 3573 3574
f 3566 3574 3575
f 3567 3575 3576
f 3568 3576 3577
f 3569 3577 3578
f 2721 2722 3579
f 3571 3579 3580
f 3572 3580 3581
f 3573 3581 3582
f 3574 3582 3583
f 3575 3583 3584
f 3576 3584 3585
f 3577 3585 3586
f 2722 194 1851
f 3579 1851 1852
f 3580 1852 1853
f 3581 1853 1854
f 3582 1854 1855
f 3583 1855 1856
f 3584 1856 1857
f 3585 1857 1858
f 986 3594 2715
f 3594 3602 2716
f 3602 3610 2717
f 3610 3618 2718
f 3618 3626 2719
f 3626 3634 2720
f 3634 3642 2721
f 3642 3650 2722
f 191 2707 3587
f 979 3587 3588
f 980 3588 3589
f 981 3589 3590
f 982 3590 3591
f 983 3591 3592
f 984 3592 3593
f 985 3593 3594
f 2707 2708 3595
f 3587 3595 3596
f 3588 3596 3597
f 3589 3597 3598
f 3590 3598 3599
f 3591 3599 3600
f 3592 3600 3601
f 3593 3601 3602
f 2708 2709 3603
f 3595 3603 3604
f 3596 3604 3605
f 3597 3605 3606
f 3598 3606 3607
f 3599 3607 3608
f 3600 3608 3609
f 3601 3609 3610
f 2709 2710 3611
f 3603 3611 3612
f 3604 3612 3613
f 3605 3613 3614
f 3606 3614 3615
f 3607 3615 3616
f 3608 3616 3617
f 3609 3617 3618
f 2710 2711 3619
f 3611 3619 3620
f 3612 3620 3621
f 3613 3621 3622
f 3614 3622 3623
f 3615 3623 3624
f 3616 3624 3625
f 3617 3625 3626
f 2711 2712 3627
f 3619 3627 3628
f 3620 3628 3629
f 3621 3629 3630
f 3622 3630 3631
f 3623 3631 3632
f 3624 3632 3633
f 3625 3633 3634
f 2712 2713 3635
f 3627 3635 3636
f 3628 3636 3637
f 3629 3637 3638
f 3630 3638 3639
f 3631 3639 3640
f 3632 3640 3641
f 3633 3641 3642
f 2713 2714 3643
f 3635 3643 3644
f 3636 3644 3645
f 3637 3645 3646
f 3638 3646 3647
f 3639 3647 3648
f 3640 3648 3649
f 3641 3649 3650
f 2714 192 1843
f 3643 1843 1844
f 3644 1844 1845
f 3645 1845 1846
f 3646 1846 1847
f 3647 1847 1848
f 3648 1848 1849
f 3649 1849 1850
f 978 3658 2707
f 3658 3666 2708
f 3666 3674 2709
f 3674 3682 2710
f 3682 3690 2711
f 3690 3698 2712
f 3698 3706 2713
f 3706 3714 2714
f 189 2699 3651
f 971 3651 3652
f 972 3652 3653
f 973 3653 3654
f 974 3654 3655
f 975 3655 3656
f 976 3656 3657
f 977 3657 3658
f 2699 2700 3659
f 3651 3659 3660
f 3652 3660 3661
f 3653 3661 3662
f 3654 3662 3663
f 3655 3663 3664
f 3656 3664 3665
f 3657 3665 3666
f 2700 2701 3667
f 3659 3667 3668
f 3660 3668 3669
f 3661 3669 3670
f 3662 3670 3671
f 3663 3671 3672
f 3664 3672 3673
f 3665 3673 3674
f 2701 2702 3675
f 3667 3675 3676
f 3668 3676 3677
f 3669 3677 3678
f 3670 3678 3679
f 3671 3679 3680
f 3672 3680 3681
f 3673 3681 3682
f 2702 2703 3683
f 3675 3683 3684
f 3676 3684 3685
f 3677 3685 3686
f 3678 3686 3687
f 3679 3687 3688
f 3680 3688 3689
f 3681 3689 3690
f 2703 2704 3691
f 3683 3691 3692
f 3684 3692 3693
f 3685 3693 3694
f 3686 3694 3695
f 3687 3695 3696
f 3688 3696 3697
f 3689 3697 3698
f 2704 2705 3699
f 3691 3699 3700
f 3692 3700 3701
f 3693 3701 3702
f 3694 3702 3703
f 3695 3703 3704
f 3696 3704 3705
f 3697 3705 3706
f 2705 2706 3707
f 3699 3707 3708
f 3700 3708 3709
f 3701 3709 3710
f 3702 3710 3711
f 3703 3711 3712
f 3704 3712 3713
f 3705 3713 3714
f 2706 190 1835
f 3707 1835 1836
f 3708 1836 1837
f 3709 1837 1838
f 3710 1838 1839
f 3711 1839 1840
f 3712 1840 1841
f 3713 1841 1842
f 970 3722 2699
f 3722 3730 2700
f 3730 3738 2701
f 3738 3746 2702
f 3746 3754 2703
f 3754 3762 2704
f 3762 3770 2705
f 3770 3778 2706
f 187 2691 3715
f 963 3715 3716
f 964 3716 3717
f 965 3717 3718
f 966 3718 3719
f 967 3719 3720
f 968 3720 3721
f 969 3721 3722
f 2691 2692 3723
f 3715 3723 3724
f 3716 3724 3725
f 3717 3725 3726
f 3718 3726 3727
f 3719 3727 3728
f 3720 3728 3729
f 3721 3729 3730
f 2692 2693 3731
f 3723 3731 3732
f 3724 3732 3733
f 3725 3733 3734
f 3726 3734 3735
f 3727 3735 3736
f 3728 3736 3737
f 3729 3737 3738
f 2693 2694 3739
f 3731 3739 3740
f 3732 3740 3741
f 3733 3741 3742
f 3734 3742 3743
f 3735 3743 3744
f 3736 3744 3745
f 3737 3745 3746
f 2694 2695 3747
f 3739 3747 3748
f 3740 3748 3749
f 3741 3749 3750
f 3742 3750 3751
f 3743 3751 3752
f 3744 3752 3753
f 3745 3753 3754
f 2695 2696 3755
f 3747 3755 3756
f 3748 3756 3757
f 3749 3757 3758
f 3750 3758 3759
f 3751 3759 3760
f 3752 3760 3761
f 3753 3761 3762
f 2696 2697 3763
f 3755 3763 3764
f 3756 3764 3765
f 3757 3765 3766
f 3758 3766 3767
f 3759 3767 3768
f 3760 3768 3769
f 3761 3769 3770
f 2697 2698 3771
f 3763 3771 3772
f 3764 3772 3773
f 3765 3773 3774
f 3766 3774 3775
f 3767 3775 3776
f 3768 3776 3777
f 3769 3777 3778
f 2698 188 1827
f 3771 1827 1828
f 3772 1828 1829
f 3773 1829 1830
f 3774 1830 1831
f 3775 1831 1832
f 3776 1832 1833
f 3777 1833 1834
f 962 3786 2691
f 3786 3794 2692
f 3794 3802 2693
f 3802 3810 2694
f 3810 3818 2695
f 3818 3826 2696
f 3826 3834 2697
f 3834 3842 2698
f 185 2683 3779
f 955 3779 3780
f 956 3780 3781
f 957 3781 3782
f 958 3782 3783
f 959 3783 3784
f 960 3784 3785
f 961 3785 3786
f 2683 2684 3787
f 3779 3787 3788
f 3780 3788 3789
f 3781 3789 3790
f 3782 3790 3791
f 3783 3791 3792
f 3784 3792 3793
f 3785 3793 3794
f 2684 2685 3795
f 3787 3795 3796
f 3788 3796 3797
f 3789 3797 3798
f 3790 3798 3799
f 3791 3799 3800
f 3792 3800 3801
f 3793 3801 3802
f 2685 2686 3803
f 3795 3803 3804
f 3796 3804 3805
f 3797 3805 3806
f 3798 3806 3807
f 3799 3807 3808
f 3800 3808 3809
f 3801 3809 3810
f 2686 2687 3811
f 3803 3811 3812
f 3804 3812 3813
f 3805 3813 3814
f 3806 3814 3815
f 3807 3815 3816
f 3808 3816 3817
f 3809 3817 3818
f 2687 2688 3819
f 3811 3819 3820
f 3812 3820 3821
f 3813 3821 3822
f 3814 3822 3823
f 3815 3823 3824
f 3816 3824 3825
f 3817 3825 3826
f 2688 2689 3827
f 3819 3827 3828
f 3820 3828 3829
f 3821 3829 3830
f 3822 3830 3831
f 3823 3831 3832
f 3824 3832 3833
f 3825 3833 3834
f 2689 2690 3835
f 3827 3835 3836
f 3828 3836 3837
f 3829 3837 3838
f 3830 3838 3839
f 3831 3839 3840
f 3832 3840 3841
f 3833 3841 3842
f 2690 186 1819
f 3835 1819 1820
f 3836 1820 1821
f 3837 1821 1822
f 3838 1822 1823
f 3839 1823 1824
f 3840 1824 1825
f 3841 1825 1826
f 954 3850 2683
f 3850 3858 2684
f 3858 3866 2685
f 3866 3874 2686
f 3874 3882 2687
f 3882 3890 2688
f 3890 3898 2689
f 3898 3906 2690
f 183 2675 3843
f 947 3843 3844
f 948 3844 3845
f 949 3845 3846
f 950 3846 3847
f 951 3847 3848
f 952 3848 3849
f 953 3849 3850
f 2675 2676 3851
f 3843 3851 3852
f 3844 3852 3853
f 3845 3853 3854
f 3846 3854 3855
f 3847 3855 3856
f 3848 3856 3857
f 3849 3857 3858
f 2676 2677 3859
f 3851 3859 3860
f 3852 3860 3861
f 3853 3861 3862
f 3854 3862 3863
f 3855 3863 3864
f 3856 3864 3865
f 3857 3865 3866
f 2677 2678 3867
f 3859 3867 3868
f 3860 3868 3869
f 3861 3869 3870
f 3862 3870 3871
f 3863 3871 3872
f 3864 3872 3873
f 3865 3873 3874
f 2678 2679 3875
f 3867 3875 3876
f 3868 3876 3877
f 3869 3877 3878
f 3870 3878 3879
f 3871 3879 3880
f 3872 3880 3881
f 3873 3881 3882
f 2679 2680 3883
f 3875 3883 3884
f 3876 3884 3885
f 3877 3885 3886
f 3878 3886 3887
f 3879 3887 3888
f 3880 3888 3889
f 3881 3889 3890
f 2680 2681 3891
f 3883 3891 3892
f 3884 3892 3893
f 3885 3893 3894
f 3886 3894 3895
f 3887 3895 3896
f 3888 3896 3897
f 3889 3897 3898
f 2681 2682 3899
f 3891 3899 3900
f 3892 3900 3901
f 3893 3901 3902
f 3894 3902 3903
f 3895 3903 3904
f 3896 3904 3905
f 3897 3905 3906
f 2682 184 1811
f 3899 1811 1812
f 3900 1812 1813
f 3901 1813 1814
f 3902 1814 1815
f 3903 1815 1816
f 3904 1816 1817
f 3905 1817 1818
f 946 3914 2675
f 3914 3922 2676
f 3922 3930 2677
f 3930 3938 2678
f 3938 3946 2679
f 3946 3954 2680
f 3954 3962 2681
f 3962 3970 2682
f 181 2667 3907
f 939 3907 3908
f 940 3908 3909
f 941 3909 3910
f 942 3910 3911
f 943 3911 3912
f 944 3912 3913
f 945 3913 3914
f 2667 2668 3915
f 3907 3915 3916
f 3908 3916 3917
f 3909 3917 3918
f 3910 3918 3919
f 3911 3919 3920
f 3912 3920 3921
f 3913 3921 3922
f 2668 2669 3923
f 3915 3923 3924
f 3916 3924 3925
f 3917 3925 3926
f 3918 3926 3927
f 3919 3927 3928
f 3920 3928 3929
f 3921 3929 3930
f 2669 2670 3931
f 3923 3931 3932
f 3924 3932 3933
f 3925 3933 3934
f 3926 3934 3935
f 3927 3935 3936
f 3928 3936 3937
f 3929 3937 3938
f 2670 2671 3939
f 3931 3939 3940
f 3932 3940 3941
f 3933 3941 3942
f 3934 3942 3943
f 3935 3943 3944
f 3936 3944 3945
f 3937 3945 3946
f 2671 2672 3947
f 3939 3947 3948
f 3940 3948 3949
f 3941 3949 3950
f 3942 3950 3951
f 3943 3951 3952
f 3944 3952 3953
f 3945 3953 3954
f 2672 2673 3955
f 3947 3955 3956
f 3948 3956 3957
f 3949 3957 3958
f 3950 3958 3959
f 3951 3959 3960
f 3952 3960 3961
f 3953 3961 3962
f 2673 2674 3963
f 3955 3963 3964
f 3956 3964 3965
f 3957 3965 3966
f 3958 3966 3967
f 3959 3967 3968
f 3960 3968 3969
f 3961 3969 3970
f 2674 182 1803
f 3963 1803 1804
f 3964 1804 1805
f 3965 1805 1806
f 3966 1806 1807
f 3967 1807 1808
f 3968 1808 1809
f 3969 1809 1810
f 938 3978 2667
f 3978 3986 2668
f 3986 3994 2669
f 3994 4002 2670
f 4002 4010 2671
f 4010 4018 2672
f 4018 4026 2673
f 4026 4034 2674
f 179 2659 3971
f 931 3971 3972
f 932 3972 3973
f 933 3973 3974
f 934 3974 3975
f 935 3975 3976
f 936 3976 3977
f 937 3977 3978
f 2659 2660 3979
f 3971 3979 3980
f 3972 3980 3981
f 3973 3981 3982
f 3974 3982 3983
f 3975 3983 3984
f 3976 3984 3985
f 3977 3985 3986
f 2660 2661 3987
f 3979 3987 3988
f 3980 3988 3989
f 3981 3989 3990
f 3982 3990 3991
f 3983 3991 3992
f 3984 3992 3993
f 3985 3993 3994
f 2661 2662 3995
f 3987 3995 3996
f 3988 3996 3997
f 3989 3997 3998
f 3990 3998 3999
f 3991 3999 4000
f 3992 4000 4001
f 3993 4001 4002
f 2662 2663 4003
f 3995 4003 4004
f 3996 4004 4005
f 3997 4005 4006
f 3998 4006 4007
f 3999 4007 4008
f 4000 4008 4009
f 4001 4009 4010
f 2663 2664 4011
f 4003 4011 4012
f 4004 4012 4013
f 4005 4013 4014
f 4006 4014 4015
f 4007 4015 4016
f 4008 4016 4017
f 4009 4017 4018
f 2664 2665 4019
f 4011 4019 4020
f 4012 4020 4021
f 4013 4021 4022
f 4014 4022 4023
f 4015 4023 4024
f 4016 4024 4025
f 4017 4025 4026
f 2665 2666 4027
f 4019 4027 4028
f 4020 4028 4029
f 4021 4029 4030
f 4022 4030 4031
f 4023 4031 4032
f 4024 4032 4033
f 4025 4033 4034
f 2666 180 1795
f 4027 1795 1796
f 4028 1796 1797
f 4029 1797 1798
f 4030 1798 1799
f 4031 1799 1800
f 4032 1800 1801
f 4033 1801 1802
f 930 4042 2659
f 4042 4050 2660
f 4050 4058 2661
f 4058 4066 2662
f 4066 4074 2663
f 4074 4082 2664
f 4082 4090 2665
f 4090 4098 2666
f 177 2651 4035
f 923 4035 4036
f 924 4036 4037
f 925 4037 4038
f 926 4038 4039
f 927 4039 4040
f 928 4040 4041
f 929 4041 4042
f 2651 2652 4043
f 4035 4043 4044
f 4036 4044 4045
f 4037 4045 4046
f 4038 4046 4047
f 4039 4047 4048
f 4040 4048 4049
f 4041 4049 4050
f 2652 2653 4051
f 4043 4051 4052
f 4044 4052 4053
f 4045 4053 4054
f 4046 4054 4055
f 4047 4055 4056
f 4048 4056 4057
f 4049 4057 4058
f 2653 2654 4059
f 4051 4059 4060
f 4052 4060 4061
f 4053 4061 4062
f 4054 4062 4063
f 4055 4063 4064
f 4056 4064 4065
f 4057 4065 4066
f 2654 2655 4067
f 4059 4067 4068
f 4060 4068 4069
f 4061 4069 4070
f 4062 4070 4071
f 4063 4071 4072
f 4064 4072 4073
f 4065 4073 4074
f 2655 2656 4075
f 4067 4075 4076
f 4068 4076 4077
f 4069 4077 4078
f 4070 4078 4079
f 4071 4079 4080
f 4072 4080 4081
f 4073 4081 4082
f 2656 2657 4083
f 4075 4083 4084
f 4076 4084 4085
f 4077 4085 4086
f 4078 4086 4087
f 4079 4087 4088
f 4080 4088 4089
f 4081 4089 4090
f 2657 2658 4091
f 4083 4091 4092
f 4084 4092 4093
f 4085 4093 4094
f 4086 4094 4095
f 4087 4095 4096
f 4088 4096 4097
f 4089 4097 4098
f 2658 178 1787
f 4091 1787 1788
f 4092 1788 1789
f 4093 1789 1790
f 4094 1790 1791
f 4095 1791 1792
f 4096 1792 1793
f 4097 1793 1794
f 922 4106 2651
f 4106 4114 2652
f 4114 4122 2653
f 4122 4130 2654
f 4130 4138 2655
f 4138 4146 2656
f 4146 4154 2657
f 4154 4162 2658
f 175 2643 4099
f 915 4099 4100
f 916 4100 4101
f 917 4101 4102
f 918 4102 4103
f 919 4103 4104
f 920 4104 4105
f 921 4105 4106
f 2643 2644 4107
f 4099 4107 4108
f 4100 4108 4109
f 4101 4109 4110
f 4102 4110 4111
f 4103 4111 4112
f 4104 4112 4113
f 4105 4113 4114
f 2644 2645 4115
f 4107 4115 4116
f 4108 4116 4117
f 4109 4117 4118
f 4110 4118 4119
f 4111 4119 4120
f 4112 4120 4121
f 4113 4121 4122
f 2645 2646 4123
f 4115 4123 4124
f 4116 4124 4125
f 4117 4125 4126
f 4118 4126 4127
f 4119 4127 4128
f 4120 4128 4129
f 4121 4129 4130
f 2646 2647 4131
f 4123 4131 4132
f 4124 4132 4133
f 4125 4133 4134
f 4126 4134 4135
f 4127 4135 4136
f 4128 4136 4137
f 4129 4137 4138
f 2647 2648 4139
f 4131 4139 4140
f 4132 4140 4141
f 4133 4141 4142
f 4134 4142 4143
f 4135 4143 4144
f 4136 4144 4145
f 4137 4145 4146
f 2648 2649 4147
f 4139 4147 4148
f 4140 4148 4149
f 4141 4149 4150
f 4142 4150 4151
f 4143 4151 4152
f 4144 4152 4153
f 4145 4153 4154
f 2649 2650 4155
f 4147 4155 4156
f 4148 4156 4157
f 4149 4157 4158
f 4150 4158 4159
f 4151 4159 4160
f 4152 4160 4161
f 4153 4161 4162
f 2650 176 1779
f 4155 1779 1780
f 4156 1780 1781
f 4157 1781 1782
f 4158 1782 1783
f 4159 1783 1784
f 4160 1784 1785
f 4161 1785 1786
f 914 4170 2643
f 4170 4178 2644
f 4178 4186 2645
f 4186 4194 2646
f 4194 4202 2647
f 4202 4210 2648
f 4210 4218 2649
f 4218 4226 2650
f 173 2635 4163
f 907 4163 4164
f 908 4164 4165
f 909 4165 4166
f 910 4166 4167
f 911 4167 4168
f 912 4168 4169
f 913 4169 4170
f 2635 2636 4171
f 4163 4171 4172
f 4164 4172 4173
f 4165 4173 4174
f 4166 4174 4175
f 4167 4175 4176
f 4168 4176 4177
f 4169 4177 4178
f 2636 2637 4179
f 4171 4179 4180
f 4172 4180 4181
f 4173 4181 4182
f 4174 4182 4183
f 4175 4183 4184
f 4176 4184 4185
f 4177 4185 4186
f 2637 2638 4187
f 4179 4187 4188
f 4180 4188 4189
f 4181 4189 4190
f 4182 4190 4191
f 4183 4191 4192
f 4184 4192 4193
f 4185 4193 4194
f 2638 2639 4195
f 4187 4195 4196
f 4188 4196 4197
f 4189 4197 4198
f 4190 4198 4199
f 4191 4199 4200
f 4192 4200 4201
f 4193 4201 4202
f 2639 2640 4203
f 4195 4203 4204
f 4196 4204 4205
f 4197 4205 4206
f 4198 4206 4207
f 4199 4207 4208
f 4200 4208 4209
f 4201 4209 4210
f 2640 2641 4211
f 4203 4211 4212
f 4204 4212 4213
f 4205 4213 4214
f 4206 4214 4215
f 4207 4215 4216
f 4208 4216 4217
f 4209 4217 4218
f 2641 2642 4219
f 4211 4219 4220
f 4212 4220 4221
f 4213 4221 4222
f 4214 4222 4223
f 4215 4223 4224
f 4216 4224 4225
f 4217 4225 4226
f 2642 174 1771
f 4219 1771 1772
f 4220 1772 1773
f 4221 1773 1774
f 4222 1774 1775
f 4223 1775 1776
f 4224 1776 1777
f 4225 1777 1778
f 906 4234 2635
f 4234 4242 2636
f 4242 4250 2637
f 4250 4258 2638
f 4258 4266 2639
f 4266 4274 2640
f 4274 4282 2641
f 4282 4290 2642
f 171 2627 4227
f 899 4227 4228
f 900 4228 4229
f 901 4229 4230
f 902 4230 4231
f 903 4231 4232
f 904 4232 4233
f 905 4233 4234
f 2627 2628 4235
f 4227 4235 4236
f 4228 4236 4237
f 4229 4237 4238
f 4230 4238 4239
f 4231 4239 4240
f 4232 4240 4241
f 4233 4241 4242
f 2628 2629 4243
f 4235 4243 4244
f 4236 4244 4245
f 4237 4245 4246
f 4238 4246 4247
f 4239 4247 4248
f 4240 4248 4249
f 4241 4249 4250
f 2629 2630 4251
f 4243 4251 4252
f 4244 4252 4253
f 4245 4253 4254
f 4246 4254 4255
f 4247 4255 4256
f 4248 4256 4257
f 4249 4257 4258
f 2630 2631 4259
f 4251 4259 4260
f 4252 4260 4261
f 4253 4261 4262
f 4254 4262 4263
f 4255 4263 4264
f 4256 4264 4265
f 4257 4265 4266
f 2631 2632 4267
f 4259 4267 4268
f 4260 4268 4269
f 4261 4269 4270
f 4262 4270 4271
f 4263 4271 4272
f 4264 4272 4273
f 4265 4273 4274
f 2632 2633 4275
f 4267 4275 4276
f 4268 4276 4277
f 4269 4277 4278
f 4270 4278 4279
f 4271 4279 4280
f 4272 4280 4281
f 4273 4281 4282
f 2633 2634 4283
f 4275 4283 4284
f 4276 4284 4285
f 4277 4285 4286
f 4278 4286 4287
f 4279 4287 4288
f 4280 4288 4289
f 4281 4289 4290
f 2634 172 1763
f 4283 1763 1764
f 4284 1764 1765
f 4285 1765 1766
f 4286 1766 1767
f 4287 1767 1768
f 4288 1768 1769
f 4289 1769 1770
f 898 4298 2627
f 4298 4306 2628
f 4306 4314 2629
f 4314 4322 2630
f 4322 4330 2631
f 4330 4338 2632
f 4338 4346 2633
f 4346 4354 2634
f 169 2619 4291
f 891 4291 4292
f 892 4292 4293
f 893 4293 4294
f 894 4294 4295
f 895 4295 4296
f 896 4296 4297
f 897 4297 4298
f 2619 2620 4299
f 4291 4299 4300
f 4292 4300 4301
f 4293 4301 4302
f 4294 4302 4303
f 4295 4303 4304
f 4296 4304 4305
f 4297 4305 4306
f 2620 2621 4307
f 4299 4307 4308
f 4300 4308 4309
f 4301 4309 4310
f 4302 4310 4311
f 4303 4311 4312
f 4304 4312 4313
f 4305 4313 4314
f 2621 2622 4315
f 4307 4315 4316
f 4308 4316 4317
f 4309 4317 4318
f 4310 4318 4319
f 4311 4319 4320
f 4312 4320 4321
f 4313 4321 4322
f 2622 2623 4323
f 4315 4323 4324
f 4316 4324 4325
f 4317 4325 4326
f 4318 4326 4327
f 4319 4327 4328
f 4320 4328 4329
f 4321 4329 4330
f 2623 2624 4331
f 4323 4331 4332
f 4324 4332 4333
f 4325 4333 4334
f 4326 4334 4335
f 4327 4335 4336
f 4328 4336 4337
f 4329 4337 4338
f 2624 2625 4339
f 4331 4339 4340
f 4332 4340 4341
f 4333 4341 4342
f 4334 4342 4343
f 4335 4343 4344
f 4336 4344 4345
f 4337 4345 4346
f 2625 2626 4347
f 4339 4347 4348
f 4340 4348 4349
f 4341 4349 4350
f 4342 4350 4351
f 4343 4351 4352
f 4344 4352 4353
f 4345 4353 4354
f 2626 170 1755
f 4347 1755 1756
f 4348 1756 1757
f 4349 1757 1758
f 4350 1758 1759
f 4351 1759 1760
f 4352 1760 1761
f 4353 1761 1762
f 890 4362 2619
f 4362 4370 2620
f 4370 4378 2621
f 4378 4386 2622
f 4386 4394 2623
f 4394 4402 2624
f 4402 4410 2625
f 4410 4418 2626
f 167 2611 4355
f 883 4355 4356
f 884 4356 4357
f 885 4357 4358
f 886 4358 4359
f 887 4359 4360
f 888 4360 4361
f 889 4361 4362
f 2611 2612 4363
f 4355 4363 4364
f 4356 4364 4365
f 4357 4365 4366
f 4358 4366 4367
f 4359 4367 4368
f 4360 4368 4369
f 4361 4369 4370
f 2612 2613 4371
f 4363 4371 4372
f 4364 4372 4373
f 4365 4373 4374
f 4366 4374 4375
f 4367 4375 4376
f 4368 4376 4377
f 4369 4377 4378
f 2613 2614 4379
f 4371 4379 4380
f 4372 4380 4381
f 4373 4381 4382
f 4374 4382 4383
f 4375 4383 4384
f 4376 4384 4385
f 4377 4385 4386
f 2614 2615 4387
f 4379 4387 4388
f 4380 4388 4389
f 4381 4389 4390
f 4382 4390 4391
f 4383 4391 4392
f 4384 4392 4393
f 4385 4393 4394
f 2615 2616 4395
f 4387 4395 4396
f 4388 4396 4397
f 4389 4397 4398
f 4390 4398 4399
f 4391 4399 4400
f 4392 4400 4401
f 4393 4401 4402
f 2616 2617 4403
f 4395 4403 4404
f 4396 4404 4405
f 4397 4405 4406
f 4398 4406 4407
f 4399 4407 4408
f 4400 4408 4409
f 4401 4409 4410
f 2617 2618 4411
f 4403 4411 4412
f 4404 4412 4413
f 4405 4413 4414
f 4406 4414 4415
f 4407 4415 4416
f 4408 4416 4417
f 4409 4417 4418
f 2618 168 1747
f 4411 1747 1748
f 4412 1748 1749
f 4413 1749 1750
f 4414 1750 1751
f 4415 1751 1752
f 4416 1752 1753
f 4417 1753 1754
f 882 4426 2611
f 4426 4434 2612
f 4434 4442 2613
f 4442 4450 2614
f 4450 4458 2615
f 4458 4466 2616
f 4466 4474 2617
f 4474 4482 2618
f 165 2603 4419
f 875 4419 4420
f 876 4420 4421
f 877 4421 4422
f 878 4422 4423
f 879 4423 4424
f 880 4424 4425
f 881 4425 4426
f 2603 2604 4427
f 4419 4427 4428
f 4420 4428 4429
f 4421 4429 4430
f 4422 4430 4431
f 4423 4431 4432
f 4424 4432 4433
f 4425 4433 4434
f 2604 2605 4435
f 4427 4435 4436
f 4428 4436 4437
f 4429 4437 4438
f 4430 4438 4439
f 4431 4439 4440
f 4432 4440 4441
f 4433 4441 4442
f 2605 2606 4443
f 4435 4443 4444
f 4436 4444 4445
f 4437 4445 4446
f 4438 4446 4447
f 4439 4447 4448
f 4440 4448 4449
f 4441 4449 4450
f 2606 2607 4451
f 4443 4451 4452
f 4444 4452 4453
f 4445 4453 4454
f 4446 4454 4455
f 4447 4455 4456
f 4448 4456 4457
f 4449 4457 4458
f 2607 2608 4459
f 4451 4459 4460
f 4452 4460 4461
f 4453 4461 4462
f 4454 4462 4463
f 4455 4463 4464
f 4456 4464 4465
f 4457 4465 4466
f 2608 2609 4467
f 4459 4467 4468
f 4460 4468 4469
f 4461 4469 4470
f 4462 4470 4471
f 4463 4471 4472
f 4464 4472 4473
f 4465 4473 4474
f 2609 2610 4475
f 4467 4475 4476
f 4468 4476 4477
f 4469 4477 4478
f 4470 4478 4479
f 4471 4479 4480
f 4472 4480 4481
f 4473 4481 4482
f 2610 166 1739
f 4475 1739 1740
f 4476 1740 1741
f 4477 1741 1742
f 4478 1742 1743
f 4479 1743 1744
f 4480 1744 1745
f 4481 1745 1746
f 874 4490 2603
f 4490 4498 2604
f 4498 4506 2605
f 4506 4514 2606
f 4514 4522 2607
f 4522 4530 2608
f 4530 4538 2609
f 4538 4546 2610
f 163 2595 4483
f 867 4483 4484
f 868 4484 4485
f 869 4485 4486
f 870 4486 4487
f 871 4487 4488
f 872 4488 4489
f 873 4489 4490
f 2595 2596 4491
f 4483 4491 4492
f 4484 4492 4493
f 4485 4493 4494
f 4486 4494 4495
f 4487 4495 4496
f 4488 4496 4497
f 4489 4497 4498
f 2596 2597 4499
f 4491 4499 4500
f 4492 4500 4501
f 4493 4501 4502
f 4494 4502 4503
f 4495 4503 4504
f 4496 4504 4505
f 4497 4505 4506
f 2597 2598 4507
f 4499 4507 4508
f 4500 4508 4509
f 4501 4509 4510
f 4502 4510 4511
f 4503 4511 4512
f 4504 4512 4513
f 4505 4513 4514
f 2598 2599 4515
f 4507 4515 4516
f 4508 4516 4517
f 4509 4517 4518
f 4510 4518 4519
f 4511 4519 4520
f 4512 4520 4521
f 4513 4521 4522
f 2599 2600 4523
f 4515 4523 4524
f 4516 4524 4525
f 4517 4525 4526
f 4518 4526 4527
f 4519 4527 4528
f 4520 4528 4529
f 4521 4529 4530
f 2600 2601 4531
f 4523 4531 4532
f 4524 4532 4533
f 4525 4533 4534
f 4526 4534 4535
f 4527 4535 4536
f 4528 4536 4537
f 4529 4537 4538
f 2601 2602 4539
f 4531 4539 4540
f 4532 4540 4541
f 4533 4541 4542
f 4534 4542 4543
f 4535 4543 4544
f 4536 4544 4545
f 4537 4545 4546
f 2602 164 1731
f 4539 1731 1732
f 4540 1732 1733
f 4541 1733 1734
f 4542 1734 1735
f 4543 1735 1736
f 4544 1736 1737
f 4545 1737 1738
f 866 4554 2595
f 4554 4562 2596
f 4562 4570 2597
f 4570 4578 2598
f 4578 4586 2599
f 4586 4594 2600
f 4594 4602 2601
f 4602 4610 2602
f 161 2587 4547
f 859 4547 4548
f 860 4548 4549
f 861 4549 4550
f 862 4550 4551
f 863 4551 4552
f 864 4552 4553
f 865 4553 4554
f 2587 2588 4555
f 4547 4555 4556
f 4548 4556 4557
f 4549 4557 4558
f 4550 4558 4559
f 4551 4559 4560
f 4552 4560 4561
f 4553 4561 4562
f 2588 2589 4563
f 4555 4563 4564
f 4556 4564 4565
f 4557 4565 4566
f 4558 4566 4567
f 4559 4567 4568
f 4560 4568 4569
f 4561 4569 4570
f 2589 2590 4571
f 4563 4571 4572
f 4564 4572 4573
f 4565 4573 4574
f 4566 4574 4575
f 4567 4575 4576
f 4568 4576 4577
f 4569 4577 4578
f 2590 2591 4579
f 4571 4579 4580
f 4572 4580 4581
f 4573 4581 4582
f 4574 4582 4583
f 4575 4583 4584
f 4576 4584 4585
f 4577 4585 4586
f 2591 2592 4587
f 4579 4587 4588
f 4580 4588 4589
f 4581 4589 4590
f 4582 4590 4591
f 4583 4591 4592
f 4584 4592 4593
f 4585 4593 4594
f 2592 2593 4595
f 4587 4595 4596
f 4588 4596 4597
f 4589 4597 4598
f 4590 4598 4599
f 4591 4599 4600
f 4592 4600 4601
f 4593 4601 4602
f 2593 2594 4603
f 4595 4603 4604
f 4596 4604 4605
f 4597 4605 4606
f 4598 4606 4607
f 4599 4607 4608
f 4600 4608 4609
f 4601 4609 4610
f 2594 162 1723
f 4603 1723 1724
f 4604 1724 1725
f 4605 1725 1726
f 4606 1726 1727
f 4607 1727 1728
f 4608 1728 1729
f 4609 1729 1730
f 858 4618 2587
f 4618 4626 2588
f 4626 4634 2589
f 4634 4642 2590
f 4642 4650 2591
f 4650 4658 2592
f 4658 4666 2593
f 4666 4674 2594
f 159 2579 4611
f 851 4611 4612
f 852 4612 4613
f 853 4613 4614
f 854 4614 4615
f 855 4615 4616
f 856 4616 4617
f 857 4617 4618
f 2579 2580 4619
f 4611 4619 4620
f 4612 4620 4621
f 4613 4621 4622
f 4614 4622 4623
f 4615 4623 4624
f 4616 4624 4625
f 4617 4625 4626
f 2580 2581 4627
f 4619 4627 4628
f 4620 4628 4629
f 4621 4629 4630
f 4622 4630 4631
f 4623 4631 4632
f 4624 4632 4633
f 4625 4633 4634
f 2581 2582 4635
f 4627 4635 4636
f 4628 4636 4637
f 4629 4637 4638
f 4630 4638 4639
f 4631 4639 4640
f 4632 4640 4641
f 4633 4641 4642
f 2582 2583 4643
f 4635 4643 4644
f 4636 4644 4645
f 4637 4645 4646
f 4638 4646 4647
f 4639 4647 4648
f 4640 4648 4649
f 4641 4649 4650
f 2583 2584 4651
f 4643 4651 4652
f 4644 4652 4653
f 4645 4653 4654
f 4646 4654 4655
f 4647 4655 4656
f 4648 4656 4657
f 4649 4657 4658
f 2584 2585 4659
f 4651 4659 4660
f 4652 4660 4661
f 4653 4661 4662
f 4654 4662 4663
f 4655 4663 4664
f 4656 4664 4665
f 4657 4665 4666
f 2585 2586 4667
f 4659 4667 4668
f 4660 4668 4669
f 4661 4669 4670
f 4662 4670 4671
f 4663 4671 4672
f 4664 4672 4673
f 4665 4673 4674
f 2586 160 1715
f 4667 1715 1716
f 4668 1716 1717
f 4669 1717 1718
f 4670 1718 1719
f 4671 1719 1720
f 4672 1720 1721
f 4673 1721 1722
f 850 4682 2579
f 4682 4690 2580
f 4690 4698 2581
f 4698 4706 2582
f 4706 4714 2583
f 4714 4722 2584
f 4722 4730 2585
f 4730 4738 2586
f 157 2571 4675
f 843 4675 4676
f 844 4676 4677
f 845 4677 4678
f 846 4678 4679
f 847 4679 4680
f 848 4680 4681
f 849 4681 4682
f 2571 2572 4683
f 4675 4683 4684
f 4676 4684 4685
f 4677 4685 4686
f 4678 4686 4687
f 4679 4687 4688
f 4680 4688 4689
f 4681 4689 4690
f 2572 2573 4691
f 4683 4691 4692
f 4684 4692 4693
f 4685 4693 4694
f 4686 4694 4695
f 4687 4695 4696
f 4688 4696 4697
f 4689 4697 4698
f 2573 2574 4699
f 4691 4699 4700
f 4692 4700 4701
f 4693 4701 4702
f 4694 4702 4703
f 4695 4703 4704
f 4696 4704 4705
f 4697 4705 4706
f 2574 2575 4707
f 4699 4707 4708
f 4700 4708 4709
f 4701 4709 4710
f 4702 4710 4711
f 4703 4711 4712
f 4704 4712 4713
f 4705 4713 4714
f 2575 2576 4715
f 4707 4715 4716
f 4708 4716 4717
f 4709 4717 4718
f 4710 4718 4719
f 4711 4719 4720
f 4712 4720 4721
f 4713 4721 4722
f 2576 2577 4723
f 4715 4723 4724
f 4716 4724 4725
f 4717 4725 4726
f 4718 4726 4727
f 4719 4727 4728
f 4720 4728 4729
f 4721 4729 4730
f 2577 2578 4731
f 4723 4731 4732
f 4724 4732 4733
f 4725 4733 4734
f 4726 4734 4735
f 4727 4735 4736
f 4728 4736 4737
f 4729 4737 4738
f 2578 158 1707
f 4731 1707 1708
f 4732 1708 1709
f 4733 1709 1710
f 4734 1710 1711
f 4735 1711 1712
f 4736 1712 1713
f 4737 1713 1714
f 842 4746 2571
f 4746 4754 2572
f 4754 4762 2573
f 4762 4770 2574
f 4770 4778 2575
f 4778 4786 2576
f 4786 4794 2577
f 4794 4802 2578
f 155 2563 4739
f 835 4739 4740
f 836 4740 4741
f 837 4741 4742
f 838 4742 4743
f 839 4743 4744
f 840 4744 4745
f 841 4745 4746
f 2563 2564 4747
f 4739 4747 4748
f 4740 4748 4749
f 4741 4749 4750
f 4742 4750 4751
f 4743 4751 4752
f 4744 4752 4753
f 4745 4753 4754
f 2564 2565 4755
f 4747 4755 4756
f 4748 4756 4757
f 4749 4757 4758
f 4750 4758 4759
f 4751 4759 4760
f 4752 4760 4761
f 4753 4761 4762
f 2565 2566 4763
f 4755 4763 4764
f 4756 4764 4765
f 4757 4765 4766
f 4758 4766 4767
f 4759 4767 4768
f 4760 4768 4769
f 4761 4769 4770
f 2566 2567 4771
f 4763 4771 4772
f 4764 4772 4773
f 4765 4773 4774
f 4766 4774 4775
f 4767 4775 4776
f 4768 4776 4777
f 4769 4777 4778
f 2567 2568 4779
f 4771 4779 4780
f 4772 4780 4781
f 4773 4781 4782
f 4774 4782 4783
f 4775 4783 4784
f 4776 4784 4785
f 4777 4785 4786
f 2568 2569 4787
f 4779 4787 4788
f 4780 4788 4789
f 4781 4789 4790
f 4782 4790 4791
f 4783 4791 4792
f 4784 4792 4793
f 4785 4793 4794
f 2569 2570 4795
f 4787 4795 4796
f 4788 4796 4797
f 4789 4797 4798
f 4790 4798 4799
f 4791 4799 4800
f 4792 4800 4801
f 4793 4801 4802
f 2570 156 1699
f 4795 1699 1700
f 4796 1700 1701
f 4797 1701 1702
f 4798 1702 1703
f 4799 1703 1704
f 4800 1704 1705
f 4801 1705 1706
f 834 4810 2563
f 4810 4818 2564
f 4818 4826 2565
f 4826 4834 2566
f 4834 4842 2567
f 4842 4850 2568
f 4850 4858 2569
f 4858 4866 2570
f 153 2555 4803
f 827 4803 4804
f 828 4804 4805
f 829 4805 4806
f 830 4806 4807
f 831 4807 4808
f 832 4808 4809
f 833 4809 4810
f 2555 2556 4811
f 4803 4811 4812
f 4804 4812 4813
f 4805 4813 4814
f 4806 4814 4815
f 4807 4815 4816
f 4808 4816 4817
f 4809 4817 4818
f 2556 2557 4819
f 4811 4819 4820
f 4812 4820 4821
f 4813 4821 4822
f 4814 4822 4823
f 4815 4823 4824
f 4816 4824 4825
f 4817 4825 4826
f 2557 2558 4827
f 4819 4827 4828
f 4820 4828 4829
f 4821 4829 4830
f 4822 4830 4831
f 4823 4831 4832
f 4824 4832 4833
f 4825 4833 4834
f 2558 2559 4835
f 4827 4835 4836
f 4828 4836 4837
f 4829 4837 4838
f 4830 4838 4839
f 4831 4839 4840
f 4832 4840 4841
f 4833 4841 4842
f 2559 2560 4843
f 4835 4843 4844
f 4836 4844 4845
f 4837 4845 4846
f 4838 4846 4847
f 4839 4847 4848
f 4840 4848 4849
f 4841 4849 4850
f 2560 2561 4851
f 4843 4851 4852
f 4844 4852 4853
f 4845 4853 4854
f 4846 4854 4855
f 4847 4855 4856
f 4848 4856 4857
f 4849 4857 4858
f 2561 2562 4859
f 4851 4859 4860
f 4852 4860 4861
f 4853 4861 4862
f 4854 4862 4863
f 4855 4863 4864
f 4856 4864 4865
f 4857 4865 4866
f 2562 154 1691
f 4859 1691 1692
f 4860 1692 1693
f 4861 1693 1694
f 4862 1694 1695
f 4863 1695 1696
f 4864 1696 1697
f 4865 1697 1698
f 826 4874 2555
f 4874 4882 2556
f 4882 4890 2557
f 4890 4898 2558
f 4898 4906 2559
f 4906 4914 2560
f 4914 4922 2561
f 4922 4930 2562
f 151 2547 4867
f 819 4867 4868
f 820 4868 4869
f 821 4869 4870
f 822 4870 4871
f 823 4871 4872
f 824 4872 4873
f 825 4873 4874
f 2547 2548 4875
f 4867 4875 4876
f 4868 4876 4877
f 4869 4877 4878
f 4870 4878 4879
f 4871 4879 4880
f 4872 4880 4881
f 4873 4881 4882
f 2548 2549 4883
f 4875 4883 4884
f 4876 4884 4885
f 4877 4885 4886
f 4878 4886 4887
f 4879 4887 4888
f 4880 4888 4889
f 4881 4889 4890
f 2549 2550 4891
f 4883 4891 4892
f 4884 4892 4893
f 4885 4893 4894
f 4886 4894 4895
f 4887 4895 4896
f 4888 4896 4897
f 4889 4897 4898
f 2550 2551 4899
f 4891 4899 4900
f 4892 4900 4901
f 4893 4901 4902
f 4894 4902 4903
f 4895 4903 4904
f 4896 4904 4905
f 4897 4905 4906
f 2551 2552 4907
f 4899 4907 4908
f 4900 4908 4909
f 4901 4909 4910
f 4902 4910 4911
f 4903 4911 4912
f 4904 4912 4913
f 4905 4913 4914
f 2552 2553 4915
f 4907 4915 4916
f 4908 4916 4917
f 4909 4917 4918
f 4910 4918 4919
f 4911 4919 4920
f 4912 4920 4921
f 4913 4921 4922
f 2553 2554 4923
f 4915 4923 4924
f 4916 4924 4925
f 4917 4925 4926
f 4918 4926 4927
f 4919 4927 4928
f 4920 4928 4929
f 4921 4929 4930
f 2554 152 1683
f 4923 1683 1684
f 4924 1684 1685
f 4925 1685 1686
f 4926 1686 1687
f 4927 1687 1688
f 4928 1688 1689
f 4929 1689 1690
f 818 4938 2547
f 4938 4946 2548
f 4946 4954 2549
f 4954 4962 2550
f 4962 4970 2551
f 4970 4978 2552
f 4978 4986 2553
f 4986 4994 2554
f 149 2539 4931
f 811 4931 4932
f 812 4932 4933
f 813 4933 4934
f 814 4934 4935
f 815 4935 4936
f 816 4936 4937
f 817 4937 4938
f 2539 2540 4939
f 4931 4939 4940
f 4932 4940 4941
f 4933 4941 4942
f 4934 4942 4943
f 4935 4943 4944
f 4936 4944 4945
f 4937 4945 4946
f 2540 2541 4947
f 4939 4947 4948
f 4940 4948 4949
f 4941 4949 4950
f 4942 4950 4951
f 4943 4951 4952
f 4944 4952 4953
f 4945 4953 4954
f 2541 2542 4955
f 4947 4955 4956
f 4948 4956 4957
f 4949 4957 4958
f 4950 4958 4959
f 4951 4959 4960
f 4952 4960 4961
f 4953 4961 4962
f 2542 2543 4963
f 4955 4963 4964
f 4956 4964 4965
f 4957 4965 4966
f 4958 4966 4967
f 4959 4967 4968
f 4960 4968 4969
f 4961 4969 4970
f 2543 2544 4971
f 4963 4971 4972
f 4964 4972 4973
f 4965 4973 4974
f 4966 4974 4975
f 4967 4975 4976
f 4968 4976 4977
f 4969 4977 4978
f 2544 2545 4979
f 4971 4979 4980
f 4972 4980 4981
f 4973 4981 4982
f 4974 4982 4983
f 4975 4983 4984
f 4976 4984 4985
f 4977 4985 4986
f 2545 2546 4987
f 4979 4987 4988
f 4980 4988 4989
f 4981 4989 4990
f 4982 4990 4991
f 4983 4991 4992
f 4984 4992 4993
f 4985 4993 4994
f 2546 150 1675
f 4987 1675 1676
f 4988 1676 1677
f 4989 1677 1678
f 4990 1678 1679
f 4991 1679 1680
f 4992 1680 1681
f 4993 1681 1682
f 810 5002 2539
f 5002 5010 2540
f 5010 5018 2541
f 5018 5026 2542
f 5026 5034 2543
f 5034 5042 2544
f 5042 5050 2545
f 5050 5058 2546
f 147 2531 4995
f 803 4995 4996
f 804 4996 4997
f 805 4997 4998
f 806 4998 4999
f 807 4999 5000
f 808 5000 5001
f 809 5001 5002
f 2531 2532 5003
f 4995 5003 5004
f 4996 5004 5005
f 4997 5005 5006
f 4998 5006 5007
f 4999 5007 5008
f 5000 5008 5009
f 5001 5009 5010
f 2532 2533 5011
f 5003 5011 5012
f 5004 5012 5013
f 5005 5013 5014
f 5006 5014 5015
f 5007 5015 5016
f 5008 5016 5017
f 5009 5017 5018
f 2533 2534 5019
f 5011 5019 5020
f 5012 5020 5021
f 5013 5021 5022
f 5014 5022 5023
f 5015 5023 5024
f 5016 5024 5025
f 5017 5025 5026
f 2534 2535 5027
f 5019 5027 5028
f 5020 5028 5029
f 5021 5029 5030
f 5022 5030 5031
f 5023 5031 5032
f 5024 5032 5033
f 5025 5033 5034
f 2535 2536 5035
f 5027 5035 5036
f 5028 5036 5037
f 5029 5037 5038
f 5030 5038 5039
f 5031 5039 5040
f 5032 5040 5041
f 5033 5041 5042
f 2536 2537 5043
f 5035 5043 5044
f 5036 5044 5045
f 5037 5045 5046
f 5038 5046 5047
f 5039 5047 5048
f 5040 5048 5049
f 5041 5049 5050
f 2537 2538 5051
f 5043 5051 5052
f 5044 5052 5053
f 5045 5053 5054
f 5046 5054 5055
f 5047 5055 5056
f 5048 5056 5057
f 5049 5057 5058
f 2538 148 1667
f 5051 1667 1668
f 5052 1668 1669
f 5053 1669 1670
f 5054 1670 1671
f 5055 1671 1672
f 5056 1672 1673
f 5057 1673 1674
f 802 5066 2531
f 5066 5074 2532
f 5074 5082 2533
f 5082 5090 2534
f 5090 5098 2535
f 5098 5106 2536
f 5106 5114 2537
f 5114 5122 2538
f 145 2523 5059
f 795 5059 5060
f 796 5060 5061
f 797 5061 5062
f 798 5062 5063
f 799 5063 5064
f 800 5064 5065
f 801 5065 5066
f 2523 2524 5067
f 5059 5067 5068
f 5060 5068 5069
f 5061 5069 5070
f 5062 5070 5071
f 5063 5071 5072
f 5064 5072 5073
f 5065 5073 5074
f 2524 2525 5075
f 5067 5075 5076
f 5068 5076 5077
f 5069 5077 5078
f 5070 5078 5079
f 5071 5079 5080
f 5072 5080 5081
f 5073 5081 5082
f 2525 2526 5083
f 5075 5083 5084
f 5076 5084 5085
f 5077 5085 5086
f 5078 5086 5087
f 5079 5087 5088
f 5080 5088 5089
f 5081 5089 5090
f 2526 2527 5091
f 5083 5091 5092
f 5084 5092 5093
f 5085 5093 5094
f 5086 5094 5095
f 5087 5095 5096
f 5088 5096 5097
f 5089 5097 5098
f 2527 2528 5099
f 5091 5099 5100
f 5092 5100 5101
f 5093 5101 5102
f 5094 5102 5103
f 5095 5103 5104
f 5096 5104 5105
f 5097 5105 5106
f 2528 2529 5107
f 5099 5107 5108
f 5100 5108 5109
f 5101 5109 5110
f 5102 5110 5111
f 5103 5111 5112
f 5104 5112 5113
f 5105 5113 5114
f 2529 2530 5115
f 5107 5115 5116
f 5108 5116 5117
f 5109 5117 5118
f 5110 5118 5119
f 5111 5119 5120
f 5112 5120 5121
f 5113 5121 5122
f 2530 146 1659
f 5115 1659 1660
f 5116 1660 1661
f 5117 1661 1662
f 5118 1662 1663
f 5119 1663 1664
f 5120 1664 1665
f 5121 1665 1666
f 794 5130 2523
f 5130 5138 2524
f 5138 5146 2525
f 5146 5154 2526
f 5154 5162 2527
f 5162 5170 2528
f 5170 5178 2529
f 5178 5186 2530
f 143 2515 5123
f 787 5123 5124
f 788 5124 5125
f 789 5125 5126
f 790 5126 5127
f 791 5127 5128
f 792 5128 5129
f 793 5129 5130
f 2515 2516 5131
f 5123 5131 5132
f 5124 5132 5133
f 5125 5133 5134
f 5126 5134 5135
f 5127 5135 5136
f 5128 5136 5137
f 5129 5137 5138
f 2516 2517 5139
f 5131 5139 5140
f 5132 5140 5141
f 5133 5141 5142
f 5134 5142 5143
f 5135 5143 5144
f 5136 5144 5145
f 5137 5145 5146
f 2517 2518 5147
f 5139 5147 5148
f 5140 5148 5149
f 5141 5149 5150
f 5142 5150 5151
f 5143 5151 5152
f 5144 5152 5153
f 5145 5153 5154
f 2518 2519 5155
f 5147 5155 5156
f 5148 5156 5157
f 5149 5157 5158
f 5150 5158 5159
f 5151 5159 5160
f 5152 5160 5161
f 5153 5161 5162
f 2519 2520 5163
f 5155 5163 5164
f 5156 5164 5165
f 5157 5165 5166
f 5158 5166 5167
f 5159 5167 5168
f 5160 5168 5169
f 5161 5169 5170
f 2520 2521 5171
f 5163 5171 5172
f 5164 5172 5173
f 5165 5173 5174
f 5166 5174 5175
f 5167 5175 5176
f 5168 5176 5177
f 5169 5177 5178
f 2521 2522 5179
f 5171 5179 5180
f 5172 5180 5181
f 5173 5181 5182
f 5174 5182 5183
f 5175 5183 5184
f 5176 5184 5185
f 5177 5185 5186
f 2522 144 1651
f 5179 1651 1652
f 5180 1652 1653
f 5181 1653 1654
f 5182 1654 1655
f 5183 1655 1656
f 5184 1656 1657
f 5185 1657 1658
f 786 5194 2515
f 5194 5202 2516
f 5202 5210 2517
f 5210 5218 2518
f 5218 5226 2519
f 5226 5234 2520
f 5234 5242 2521
f 5242 5250 2522
f 141 2507 5187
f 779 5187 5188
f 780 5188 5189
f 781 5189 5190
f 782 5190 5191
f 783 5191 5192
f 784 5192 5193
f 785 5193 5194
f 2507 2508 5195
f 5187 5195 5196
f 5188 5196 5197
f 5189 5197 5198
f 5190 5198 5199
f 5191 5199 5200
f 5192 5200 5201
f 5193 5201 5202
f 2508 2509 5203
f 5195 5203 5204
f 5196 5204 5205
f 5197 5205 5206
f 5198 5206 5207
f 5199 5207 5208
f 5200 5208 5209
f 5201 5209 5210
f 2509 2510 5211
f 5203 5211 5212
f 5204 5212 5213
f 5205 5213 5214
f 5206 5214 5215
f 5207 5215 5216
f 5208 5216 5217
f 5209 5217 5218
f 2510 2511 5219
f 5211 5219 5220
f 5212 5220 5221
f 5213 5221 5222
f 5214 5222 5223
f 5215 5223 5224
f 5216 5224 5225
f 5217 5225 5226
f 2511 2512 5227
f 5219 5227 5228
f 5220 5228 5229
f 5221 5229 5230
f 5222 5230 5231
f 5223 5231 5232
f 5224 5232 5233
f 5225 5233 5234
f 2512 2513 5235
f 5227 5235 5236
f 5228 5236 5237
f 5229 5237 5238
f 5230 5238 5239
f 5231 5239 5240
f 5232 5240 5241
f 5233 5241 5242
f 2513 2514 5243
f 5235 5243 5244
f 5236 5244 5245
f 5237 5245 5246
f 5238 5246 5247
f 5239 5247 5248
f 5240 5248 5249
f 5241 5249 5250
f 2514 142 1643
f 5243 1643 1644
f 5244 1644 1645
f 5245 1645 1646
f 5246 1646 1647
f 5247 1647 1648
f 5248 1648 1649
f 5249 1649 1650
f 778 5258 2507
f 5258 5266 2508
f 5266 5274 2509
f 5274 5282 2510
f 5282 5290 2511
f 5290 5298 2512
f 5298 5306 2513
f 5306 5314 2514
f 139 2499 5251
f 771 5251 5252
f 772 5252 5253
f 773 5253 5254
f 774 5254 5255
f 775 5255 5256
f 776 5256 5257
f 777 5257 5258
f 2499 2500 5259
f 5251 5259 5260
f 5252 5260 5261
f 5253 5261 5262
f 5254 5262 5263
f 5255 5263 5264
f 5256 5264 5265
f 5257 5265 5266
f 2500 2501 5267
f 5259 5267 5268
f 5260 5268 5269
f 5261 5269 5270
f 5262 5270 5271
f 5263 5271 5272
f 5264 5272 5273
f 5265 5273 5274
f 2501 2502 5275
f 5267 5275 5276
f 5268 5276 5277
f 5269 5277 5278
f 5270 5278 5279
f 5271 5279 5280
f 5272 5280 5281
f 5273 5281 5282
f 2502 2503 5283
f 5275 5283 5284
f 5276 5284 5285
f 5277 5285 5286
f 5278 5286 5287
f 5279 5287 5288
f 5280 5288 5289
f 5281 5289 5290
f 2503 2504 5291
f 5283 5291 5292
f 5284 5292 5293
f 5285 5293 5294
f 5286 5294 5295
f 5287 5295 5296
f 5288 5296 5297
f 5289 5297 5298
f 2504 2505 5299
f 5291 5299 5300
f 5292 5300 5301
f 5293 5301 5302
f 5294 5302 5303
f 5295 5303 5304
f 5296 5304 5305
f 5297 5305 5306
f 2505 2506 5307
f 5299 5307 5308
f 5300 5308 5309
f 5301 5309 5310
f 5302 5310 5311
f 5303 5311 5312
f 5304 5312 5313
f 5305 5313 5314
f 2506 140 1635
f 5307 1635 1636
f 5308 1636 1637
f 5309 1637 1638
f 5310 1638 1639
f 5311 1639 1640
f 5312 1640 1641
f 5313 1641 1642
f 770 5322 2499
f 5322 5330 2500
f 5330 5338 2501
f 5338 5346 2502
f 5346 5354 2503
f 5354 5362 2504
f 5362 5370 2505
f 5370 5378 2506
f 137 2491 5315
f 763 5315 5316
f 764 5316 5317
f 765 5317 5318
f 766 5318 5319
f 767 5319 5320
f 768 5320 5321
f 769 5321 5322
f 2491 2492 5323
f 5315 5323 5324
f 5316 5324 5325
f 5317 5325 5326
f 5318 5326 5327
f 5319 5327 5328
f 5320 5328 5329
f 5321 5329 5330
f 2492 2493 5331
f 5323 5331 5332
f 5324 5332 5333
f 5325 5333 5334
f 5326 5334 5335
f 5327 5335 5336
f 5328 5336 5337
f 5329 5337 5338
f 2493 2494 5339
f 5331 5339 5340
f 5332 5340 5341
f 5333 5341 5342
f 5334 5342 5343
f 5335 5343 5344
f 5336 5344 5345
f 5337 5345 5346
f 2494 2495 5347
f 5339 5347 5348
f 5340 5348 5349
f 5341 5349 5350
f 5342 5350 5351
f 5343 5351 5352
f 5344 5352 5353
f 5345 5353 5354
f 2495 2496 5355
f 5347 5355 5356
f 5348 5356 5357
f 5349 5357 5358
f 5350 5358 5359
f 5351 5359 5360
f 5352 5360 5361
f 5353 5361 5362
f 2496 2497 5363
f 5355 5363 5364
f 5356 5364 5365
f 5357 5365 5366
f 5358 5366 5367
f 5359 5367 5368
f 5360 5368 5369
f 5361 5369 5370
f 2497 2498 5371
f 5363 5371 5372
f 5364 5372 5373
f 5365 5373 5374
f 5366 5374 5375
f 5367 5375 5376
f 5368 5376 5377
f 5369 5377 5378
f 2498 138 1627
f 5371 1627 1628
f 5372 1628 1629
f 5373 1629 1630
f 5374 1630 1631
f 5375 1631 1632
f 5376 1632 1633
f 5377 1633 1634
f 762 5386 2491
f 5386 5394 2492
f 5394 5402 2493
f 5402 5410 2494
f 5410 5418 2495
f 5418 5426 2496
f 5426 5434 2497
f 5434 5442 2498
f 135 2483 5379
f 755 5379 5380
f 756 5380 5381
f 757 5381 5382
f 758 5382 5383
f 759 5383 5384
f 760 5384 5385
f 761 5385 5386
f 2483 2484 5387
f 5379 5387 5388
f 5380 5388 5389
f 5381 5389 5390
f 5382 5390 5391
f 5383 5391 5392
f 5384 5392 5393
f 5385 5393 5394
f 2484 2485 5395
f 5387 5395 5396
f 5388 5396 5397
f 5389 5397 5398
f 5390 5398 5399
f 5391 5399 5400
f 5392 5400 5401
f 5393 5401 5402
f 2485 2486 5403
f 5395 5403 5404
f 5396 5404 5405
f 5397 5405 5406
f 5398 5406 5407
f 5399 5407 5408
f 5400 5408 5409
f 5401 5409 5410
f 2486 2487 5411
f 5403 5411 5412
f 5404 5412 5413
f 5405 5413 5414
f 5406 5414 5415
f 5407 5415 5416
f 5408 5416 5417
f 5409 5417 5418
f 2487 2488 5419
f 5411 5419 5420
f 5412 5420 5421
f 5413 5421 5422
f 5414 5422 5423
f 5415 5423 5424
f 5416 5424 5425
f 5417 5425 5426
f 2488 2489 5427
f 5419 5427 5428
f 5420 5428 5429
f 5421 5429 5430
f 5422 5430 5431
f 5423 5431 5432
f 5424 5432 5433
f 5425 5433 5434
f 2489 2490 5435
f 5427 5435 5436
f 5428 5436 5437
f 5429 5437 5438
f 5430 5438 5439
f 5431 5439 5440
f 5432 5440 5441
f 5433 5441 5442
f 2490 136 1619
f 5435 1619 1620
f 5436 1620 1621
f 5437 1621 1622
f 5438 1622 1623
f 5439 1623 1624
f 5440 1624 1625
f 5441 1625 1626
f 754 5450 2483
f 5450 5458 2484
f 5458 5466 2485
f 5466 5474 2486
f 5474 5482 2487
f 5482 5490 2488
f 5490 5498 2489
f 5498 5506 2490
f 133 2475 5443
f 747 5443 5444
f 748 5444 5445
f 749 5445 5446
f 750 5446 5447
f 751 5447 5448
f 752 5448 5449
f 753 5449 5450
f 2475 2476 5451
f 5443 5451 5452
f 5444 5452 5453
f 5445 5453 5454
f 5446 5454 5455
f 5447 5455 5456
f 5448 5456 5457
f 5449 5457 5458
f 2476 2477 5459
f 5451 5459 5460
f 5452 5460 5461
f 5453 5461 5462
f 5454 5462 5463
f 5455 5463 5464
f 5456 5464 5465
f 5457 5465 5466
f 2477 2478 5467
f 5459 5467 5468
f 5460 5468 5469
f 5461 5469 5470
f 5462 5470 5471
f 5463 5471 5472
f 5464 5472 5473
f 5465 5473 5474
f 2478 2479 5475
f 5467 5475 5476
f 5468 5476 5477
f 5469 5477 5478
f 5470 5478 5479
f 5471 5479 5480
f 5472 5480 5481
f 5473 5481 5482
f 2479 2480 5483
f 5475 5483 5484
f 5476 5484 5485
f 5477 5485 5486
f 5478 5486 5487
f 5479 5487 5488
f 5480 5488 5489
f 5481 5489 5490
f 2480 2481 5491
f 5483 5491 5492
f 5484 5492 5493
f 5485 5493 5494
f 5486 5494 5495
f 5487 5495 5496
f 5488 5496 5497
f 5489 5497 5498
f 2481 2482 5499
f 5491 5499 5500
f 5492 5500 5501
f 5493 5501 5502
f 5494 5502 5503
f 5495 5503 5504
f 5496 5504 5505
f 5497 5505 5506
f 2482 134 1611
f 5499 1611 1612
f 5500 1612 1613
f 5501 1613 1614
f 5502 1614 1615
f 5503 1615 1616
f 5504 1616 1617
f 5505 1617 1618
f 746 5514 2475
f 5514 5522 2476
f 5522 5530 2477
f 5530 5538 2478
f 5538 5546 2479
f 5546 5554 2480
f 5554 5562 2481
f 5562 5570 2482
f 131 2467 5507
f 739 5507 5508
f 740 5508 5509
f 741 5509 5510
f 742 5510 5511
f 743 5511 5512
f 744 5512 5513
f 745 5513 5514
f 2467 2468 5515
f 5507 5515 5516
f 5508 5516 5517
f 5509 5517 5518
f 5510 5518 5519
f 5511 5519 5520
f 5512 5520 5521
f 5513 5521 5522
f 2468 2469 5523
f 5515 5523 5524
f 5516 5524 5525
f 5517 5525 5526
f 5518 5526 5527
f 5519 5527 5528
f 5520 5528 5529
f 5521 5529 5530
f 2469 2470 5531
f 5523 5531 5532
f 5524 5532 5533
f 5525 5533 5534
f 5526 5534 5535
f 5527 5535 5536
f 5528 5536 5537
f 5529 5537 5538
f 2470 2471 5539
f 5531 5539 5540
f 5532 5540 5541
f 5533 5541 5542
f 5534 5542 5543
f 5535 5543 5544
f 5536 5544 5545
f 5537 5545 5546
f 2471 2472 5547
f 5539 5547 5548
f 5540 5548 5549
f 5541 5549 5550
f 5542 5550 5551
f 5543 5551 5552
f 5544 5552 5553
f 5545 5553 5554
f 2472 2473 5555
f 5547 5555 5556
f 5548 5556 5557
f 5549 5557 5558
f 5550 5558 5559
f 5551 5559 5560
f 5552 5560 5561
f 5553 5561 5562
f 2473 2474 5563
f 5555 5563 5564
f 5556 5564 5565
f 5557 5565 5566
f 5558 5566 5567
f 5559 5567 5568
f 5560 5568 5569
f 5561 5569 5570
f 2474 132 1603
f 5563 1603 1604
f 5564 1604 1605
f 5565 1605 1606
f 5566 1606 1607
f 5567 1607 1608
f 5568 1608 1609
f 5569 1609 1610
f 738 5578 2467
f 5578 5586 2468
f 5586 5594 2469
f 5594 5602 2470
f 5602 5610 2471
f 5610 5618 2472
f 5618 5626 2473
f 5626 5634 2474
f 129 2459 5571
f 731 5571 5572
f 732 5572 5573
f 733 5573 5574
f 734 5574 5575
f 735 5575 5576
f 736 5576 5577
f 737 5577 5578
f 2459 2460 5579
f 5571 5579 5580
f 5572 5580 5581
f 5573 5581 5582
f 5574 5582 5583
f 5575 5583 5584
f 5576 5584 5585
f 5577 5585 5586
f 2460 2461 5587
f 5579 5587 5588
f 5580 5588 5589
f 5581 5589 5590
f 5582 5590 5591
f 5583 5591 5592
f 5584 5592 5593
f 5585 5593 5594
f 2461 2462 5595
f 5587 5595 5596
f 5588 5596 5597
f 5589 5597 5598
f 5590 5598 5599
f 5591 5599 5600
f 5592 5600 5601
f 5593 5601 5602
f 2462 2463 5603
f 5595 5603 5604
f 5596 5604 5605
f 5597 5605 5606
f 5598 5606 5607
f 5599 5607 5608
f 5600 5608 5609
f 5601 5609 5610
f 2463 2464 5611
f 5603 5611 5612
f 5604 5612 5613
f 5605 5613 5614
f 5606 5614 5615
f 5607 5615 5616
f 5608 5616 5617
f 5609 5617 5618
f 2464 2465 5619
f 5611 5619 5620
f 5612 5620 5621
f 5613 5621 5622
f 5614 5622 5623
f 5615 5623 5624
f 5616 5624 5625
f 5617 5625 5626
f 2465 2466 5627
f 5619 5627 5628
f 5620 5628 5629
f 5621 5629 5630
f 5622 5630 5631
f 5623 5631 5632
f 5624 5632 5633
f 5625 5633 5634
f 2466 130 1595
f 5627 1595 1596
f 5628 1596 1597
f 5629 1597 1598
f 5630 1598 1599
f 5631 1599 1600
f 5632 1600 1601
f 5633 1601 1602
f 730 5642 2459
f 5642 5650 2460
f 5650 5658 2461
f 5658 5666 2462
f 5666 5674 2463
f 5674 5682 2464
f 5682 5690 2465
f 5690 5698 2466
f 127 2451 5635
f 723 5635 5636
f 724 5636 5637
f 725 5637 5638
f 726 5638 5639
f 727 5639 5640
f 728 5640 5641
f 729 5641 5642
f 2451 2452 5643
f 5635 5643 5644
f 5636 5644 5645
f 5637 5645 5646
f 5638 5646 5647
f 5639 5647 5648
f 5640 5648 5649
f 5641 5649 5650
f 2452 2453 5651
f 5643 5651 5652
f 5644 5652 5653
f 5645 5653 5654
f 5646 5654 5655
f 5647 5655 5656
f 5648 5656 5657
f 5649 5657 5658
f 2453 2454 5659
f 5651 5659 5660
f 5652 5660 5661
f 5653 5661 5662
f 5654 5662 5663
f 5655 5663 5664
f 5656 5664 5665
f 5657 5665 5666
f 2454 2455 5667
f 5659 5667 5668
f 5660 5668 5669
f 5661 5669 5670
f 5662 5670 5671
f 5663 5671 5672
f 5664 5672 5673
f 5665 5673 5674
f 2455 2456 5675
f 5667 5675 5676
f 5668 5676 5677
f 5669 5677 5678
f 5670 5678 5679
f 5671 5679 5680
f 5672 5680 5681
f 5673 5681 5682
f 2456 2457 5683
f 5675 5683 5684
f 5676 5684 5685
f 5677 5685 5686
f 5678 5686 5687
f 5679 5687 5688
f 5680 5688 5689
f 5681 5689 5690
f 2457 2458 5691
f 5683 5691 5692
f 5684 5692 5693
f 5685 5693 5694
f 5686 5694 5695
f 5687 5695 5696
f 5688 5696 5697
f 5689 5697 5698
f 2458 128 1587
f 5691 1587 1588
f 5692 1588 1589
f 5693 1589 1590
f 5694 1590 1591
f 5695 1591 1592
f 5696 1592 1593
f 5697 1593 1594
f 722 5706 2451
f 5706 5714 2452
f 5714 5722 2453
f 5722 5730 2454
f 5730 5738 2455
f 5738 5746 2456
f 5746 5754 2457
f 5754 5762 2458
f 125 2443 5699
f 715 5699 5700
f 716 5700 5701
f 717 5701 5702
f 718 5702 5703
f 719 5703 5704
f 720 5704 5705
f 721 5705 5706
f 2443 2444 5707
f 5699 5707 5708
f 5700 5708 5709
f 5701 5709 5710
f 5702 5710 5711
f 5703 5711 5712
f 5704 5712 5713
f 5705 5713 5714
f 2444 2445 5715
f 5707 5715 5716
f 5708 5716 5717
f 5709 5717 5718
f 5710 5718 5719
f 5711 5719 5720
f 5712 5720 5721
f 5713 5721 5722
f 2445 2446 5723
f 5715 5723 5724
f 5716 5724 5725
f 5717 5725 5726
f 5718 5726 5727
f 5719 5727 5728
f 5720 5728 5729
f 5721 5729 5730
f 2446 2447 5731
f 5723 5731 5732
f 5724 5732 5733
f 5725 5733 5734
f 5726 5734 5735
f 5727 5735 5736
f 5728 5736 5737
f 5729 5737 5738
f 2447 2448 5739
f 5731 5739 5740
f 5732 5740 5741
f 5733 5741 5742
f 5734 5742 5743
f 5735 5743 5744
f 5736 5744 5745
f 5737 5745 5746
f 2448 2449 5747
f 5739 5747 5748
f 5740 5748 5749
f 5741 5749 5750
f 5742 5750 5751
f 5743 5751 5752
f 5744 5752 5753
f 5745 5753 5754
f 2449 2450 5755
f 5747 5755 5756
f 5748 5756 5757
f 5749 5757 5758
f 5750 5758 5759
f 5751 5759 5760
f 5752 5760 5761
f 5753 5761 5762
f 2450 126 1579
f 5755 1579 1580
f 5756 1580 1581
f 5757 1581 1582
f 5758 1582 1583
f 5759 1583 1584
f 5760 1584 1585
f 5761 1585 1586
f 714 5770 2443
f 5770 5778 2444
f 5778 5786 2445
f 5786 5794 2446
f 5794 5802 2447
f 5802 5810 2448
f 5810 5818 2449
f 5818 5826 2450
f 123 2435 5763
f 707 5763 5764
f 708 5764 5765
f 709 5765 5766
f 710 5766 5767
f 711 5767 5768
f 712 5768 5769
f 713 5769 5770
f 2435 2436 5771
f 5763 5771 5772
f 5764 5772 5773
f 5765 5773 5774
f 5766 5774 5775
f 5767 5775 5776
f 5768 5776 5777
f 5769 5777 5778
f 2436 2437 5779
f 5771 5779 5780
f 5772 5780 5781
f 5773 5781 5782
f 5774 5782 5783
f 5775 5783 5784
f 5776 5784 5785
f 5777 5785 5786
f 2437 2438 5787
f 5779 5787 5788
f 5780 5788 5789
f 5781 5789 5790
f 5782 5790 5791
f 5783 5791 5792
f 5784 5792 5793
f 5785 5793 5794
f 2438 2439 5795
f 5787 5795 5796
f 5788 5796 5797
f 5789 5797 5798
f 5790 5798 5799
f 5791 5799 5800
f 5792 5800 5801
f 5793 5801 5802
f 2439 2440 5803
f 5795 5803 5804
f 5796 5804 5805
f 5797 5805 5806
f 5798 5806 5807
f 5799 5807 5808
f 5800 5808 5809
f 5801 5809 5810
f 2440 2441 5811
f 5803 5811 5812
f 5804 5812 5813
f 5805 5813 5814
f 5806 5814 5815
f 5807 5815 5816
f 5808 5816 5817
f 5809 5817 5818
f 2441 2442 5819
f 5811 5819 5820
f 5812 5820 5821
f 5813 5821 5822
f 5814 5822 5823
f 5815 5823 5824
f 5816 5824 5825
f 5817 5825 5826
f 2442 124 1571
f 5819 1571 1572
f 5820 1572 1573
f 5821 1573 1574
f 5822 1574 1575
f 5823 1575 1576
f 5824 1576 1577
f 5825 1577 1578
f 706 5834 2435
f 5834 5842 2436
f 5842 5850 2437
f 5850 5858 2438
f 5858 5866 2439
f 5866 5874 2440
f 5874 5882 2441
f 5882 5890 2442
f 121 2427 5827
f 699 5827 5828
f 700 5828 5829
f 701 5829 5830
f 702 5830 5831
f 703 5831 5832
f 704 5832 5833
f 705 5833 5834
f 2427 2428 5835
f 5827 5835 5836
f 5828 5836 5837
f 5829 5837 5838
f 5830 5838 5839
f 5831 5839 5840
f 5832 5840 5841
f 5833 5841 5842
f 2428 2429 5843
f 5835 5843 5844
f 5836 5844 5845
f 5837 5845 5846
f 5838 5846 5847
f 5839 5847 5848
f 5840 5848 5849
f 5841 5849 5850
f 2429 2430 5851
f 5843 5851 5852
f 5844 5852 5853
f 5845 5853 5854
f 5846 5854 5855
f 5847 5855 5856
f 5848 5856 5857
f 5849 5857 5858
f 2430 2431 5859
f 5851 5859 5860
f 5852 5860 5861
f 5853 5861 5862
f 5854 5862 5863
f 5855 5863 5864
f 5856 5864 5865
f 5857 5865 5866
f 2431 2432 5867
f 5859 5867 5868
f 5860 5868 5869
f 5861 5869 5870
f 5862 5870 5871
f 5863 5871 5872
f 5864 5872 5873
f 5865 5873 5874
f 2432 2433 5875
f 5867 5875 5876
f 5868 5876 5877
f 5869 5877 5878
f 5870 5878 5879
f 5871 5879 5880
f 5872 5880 5881
f 5873 5881 5882
f 2433 2434 5883
f 5875 5883 5884
f 5876 5884 5885
f 5877 5885 5886
f 5878 5886 5887
f 5879 5887 5888
f 5880 5888 5889
f 5881 5889 5890
f 2434 122 1563
f 5883 1563 1564
f 5884 1564 1565
f 5885 1565 1566
f 5886 1566 1567
f 5887 1567 1568
f 5888 1568 1569
f 5889 1569 1570
f 698 5898 2427
f 5898 5906 2428
f 5906 5914 2429
f 5914 5922 2430
f 5922 5930 2431
f 5930 5938 2432
f 5938 5946 2433
f 5946 5954 2434
f 119 2419 5891
f 691 5891 5892
f 692 5892 5893
f 693 5893 5894
f 694 5894 5895
f 695 5895 5896
f 696 5896 5897
f 697 5897 5898
f 2419 2420 5899
f 5891 5899 5900
f 5892 5900 5901
f 5893 5901 5902
f 5894 5902 5903
f 5895 5903 5904
f 5896 5904 5905
f 5897 5905 5906
f 2420 2421 5907
f 5899 5907 5908
f 5900 5908 5909
f 5901 5909 5910
f 5902 5910 5911
f 5903 5911 5912
f 5904 5912 5913
f 5905 5913 5914
f 2421 2422 5915
f 5907 5915 5916
f 5908 5916 5917
f 5909 5917 5918
f 5910 5918 5919
f 5911 5919 5920
f 5912 5920 5921
f 5913 5921 5922
f 2422 2423 5923
f 5915 5923 5924
f 5916 5924 5925
f 5917 5925 5926
f 5918 5926 5927
f 5919 5927 5928
f 5920 5928 5929
f 5921 5929 5930
f 2423 2424 5931
f 5923 5931 5932
f 5924 5932 5933
f 5925 5933 5934
f 5926 5934 5935
f 5927 5935 5936
f 5928 5936 5937
f 5929 5937 5938
f 2424 2425 5939
f 5931 5939 5940
f 5932 5940 5941
f 5933 5941 5942
f 5934 5942 5943
f 5935 5943 5944
f 5936 5944 5945
f 5937 5945 5946
f 2425 2426 5947
f 5939 5947 5948
f 5940 5948 5949
f 5941 5949 5950
f 5942 5950 5951
f 5943 5951 5952
f 5944 5952 5953
f 5945 5953 5954
f 2426 120 1555
f 5947 1555 1556
f 5948 1556 1557
f 5949 1557 1558
f 5950 1558 1559
f 5951 1559 1560
f 5952 1560 1561
f 5953 1561 1562
f 690 5962 2419
f 5962 5970 2420
f 5970 5978 2421
f 5978 5986 2422
f 5986 5994 2423
f 5994 6002 2424
f 6002 6010 2425
f 6010 6018 2426
f 117 2411 5955
f 683 5955 5956
f 684 5956 5957
f 685 5957 5958
f 686 5958 5959
f 687 5959 5960
f 688 5960 5961
f 689 5961 5962
f 2411 2412 5963
f 5955 5963 5964
f 5956 5964 5965
f 5957 5965 5966
f 5958 5966 5967
f 5959 5967 5968
f 5960 5968 5969
f 5961 5969 5970
f 2412 2413 5971
f 5963 5971 5972
f 5964 5972 5973
f 5965 5973 5974
f 5966 5974 5975
f 5967 5975 5976
f 5968 5976 5977
f 5969 5977 5978
f 2413 2414 5979
f 5971 5979 5980
f 5972 5980 5981
f 5973 5981 5982
f 5974 5982 5983
f 5975 5983 5984
f 5976 5984 5985
f 5977 5985 5986
f 2414 2415 5987
f 5979 5987 5988
f 5980 5988 5989
f 5981 5989 5990
f 5982 5990 5991
f 5983 5991 5992
f 5984 5992 5993
f 5985 5993 5994
f 2415 2416 5995
f 5987 5995 5996
f 5988 5996 5997
f 5989 5997 5998
f 5990 5998 5999
f 5991 5999 6000
f 5992 6000 6001
f 5993 6001 6002
f 2416 2417 6003
f 5995 6003 6004
f 5996 6004 6005
f 5997 6005 6006
f 5998 6006 6007
f 5999 6007 6008
f 6000 6008 6009
f 6001 6009 6010
f 2417 2418 6011
f 6003 6011 6012
f 6004 6012 6013
f 6005 6013 6014
f 6006 6014 6015
f 6007 6015 6016
f 6008 6016 6017
f 6009 6017 6018
f 2418 118 1547
f 6011 1547 1548
f 6012 1548 1549
f 6013 1549 1550
f 6014 1550 1551
f 6015 1551 1552
f 6016 1552 1553
f 6017 1553 1554
f 682 6026 2411
f 6026 6034 2412
f 6034 6042 2413
f 6042 6050 2414
f 6050 6058 2415
f 6058 6066 2416
f 6066 6074 2417
f 6074 6082 2418
f 115 2403 6019
f 675 6019 6020
f 676 6020 6021
f 677 6021 6022
f 678 6022 6023
f 679 6023 6024
f 680 6024 6025
f 681 6025 6026
f 2403 2404 6027
f 6019 6027 6028
f 6020 6028 6029
f 6021 6029 6030
f 6022 6030 6031
f 6023 6031 6032
f 6024 6032 6033
f 6025 6033 6034
f 2404 2405 6035
f 6027 6035 6036
f 6028 6036 6037
f 6029 6037 6038
f 6030 6038 6039
f 6031 6039 6040
f 6032 6040 6041
f 6033 6041 6042
f 2405 2406 6043
f 6035 6043 6044
f 6036 6044 6045
f 6037 6045 6046
f 6038 6046 6047
f 6039 6047 6048
f 6040 6048 6049
f 6041 6049 6050
f 2406 2407 6051
f 6043 6051 6052
f 6044 6052 6053
f 6045 6053 6054
f 6046 6054 6055
f 6047 6055 6056
f 6048 6056 6057
f 6049 6057 6058
f 2407 2408 6059
f 6051 6059 6060
f 6052 6060 6061
f 6053 6061 6062
f 6054 6062 6063
f 6055 6063 6064
f 6056 6064 6065
f 6057 6065 6066
f 2408 2409 6067
f 6059 6067 6068
f 6060 6068 6069
f 6061 6069 6070
f 6062 6070 6071
f 6063 6071 6072
f 6064 6072 6073
f 6065 6073 6074
f 2409 2410 6075
f 6067 6075 6076
f 6068 6076 6077
f 6069 6077 6078
f 6070 6078 6079
f 6071 6079 6080
f 6072 6080 6081
f 6073 6081 6082
f 2410 116 1539
f 6075 1539 1540
f 6076 1540 1541
f 6077 1541 1542
f 6078 1542 1543
f 6079 1543 1544
f 6080 1544 1545
f 6081 1545 1546
f 674 6090 2403
f 6090 6098 2404
f 6098 6106 2405
f 6106 6114 2406
f 6114 6122 2407
f 6122 6130 2408
f 6130 6138 2409
f 6138 6146 2410
f 113 2395 6083
f 667 6083 6084
f 668 6084 6085
f 669 6085 6086
f 670 6086 6087
f 671 6087 6088
f 672 6088 6089
f 673 6089 6090
f 2395 2396 6091
f 6083 6091 6092
f 6084 6092 6093
f 6085 6093 6094
f 6086 6094 6095
f 6087 6095 6096
f 6088 6096 6097
f 6089 6097 6098
f 2396 2397 6099
f 6091 6099 6100
f 6092 6100 6101
f 6093 6101 6102
f 6094 6102 6103
f 6095 6103 6104
f 6096 6104 6105
f 6097 6105 6106
f 2397 2398 6107
f 6099 6107 6108
f 6100 6108 6109
f 6101 6109 6110
f 6102 6110 6111
f 6103 6111 6112
f 6104 6112 6113
f 6105 6113 6114
f 2398 2399 6115
f 6107 6115 6116
f 6108 6116 6117
f 6109 6117 6118
f 6110 6118 6119
f 6111 6119 6120
f 6112 6120 6121
f 6113 6121 6122
f 2399 2400 6123
f 6115 6123 6124
f 6116 6124 6125
f 6117 6125 6126
f 6118 6126 6127
f 6119 6127 6128
f 6120 6128 6129
f 6121 6129 6130
f 2400 2401 6131
f 6123 6131 6132
f 6124 6132 6133
f 6125 6133 6134
f 6126 6134 6135
f 6127 6135 6136
f 6128 6136 6137
f 6129 6137 6138
f 2401 2402 6139
f 6131 6139 6140
f 6132 6140 6141
f 6133 6141 6142
f 6134 6142 6143
f 6135 6143 6144
f 6136 6144 6145
f 6137 6145 6146
f 2402 114 1531
f 6139 1531 1532
f 6140 1532 1533
f 6141 1533 1534
f 6142 1534 1535
f 6143 1535 1536
f 6144 1536 1537
f 6145 1537 1538
f 666 6154 2395
f 6154 6162 2396
f 6162 6170 2397
f 6170 6178 2398
f 6178 6186 2399
f 6186 6194 2400
f 6194 6202 2401
f 6202 6210 2402
f 111 2387 6147
f 659 6147 6148
f 660 6148 6149
f 661 6149 6150
f 662 6150 6151
f 663 6151 6152
f 664 6152 6153
f 665 6153 6154
f 2387 2388 6155
f 6147 6155 6156
f 6148 6156 6157
f 6149 6157 6158
f 6150 6158 6159
f 6151 6159 6160
f 6152 6160 6161
f 6153 6161 6162
f 2388 2389 6163
f 6155 6163 6164
f 6156 6164 6165
f 6157 6165 6166
f 6158 6166 6167
f 6159 6167 6168
f 6160 6168 6169
f 6161 6169 6170
f 2389 2390 6171
f 6163 6171 6172
f 6164 6172 6173
f 6165 6173 6174
f 6166 6174 6175
f 6167 6175 6176
f 6168 6176 6177
f 6169 6177 6178
f 2390 2391 6179
f 6171 6179 6180
f 6172 6180 6181
f 6173 6181 6182
f 6174 6182 6183
f 6175 6183 6184
f 6176 6184 6185
f 6177 6185 6186
f 2391 2392 6187
f 6179 6187 6188
f 6180 6188 6189
f 6181 6189 6190
f 6182 6190 6191
f 6183 6191 6192
f 6184 6192 6193
f 6185 6193 6194
f 2392 2393 6195
f 6187 6195 6196
f 6188 6196 6197
f 6189 6197 6198
f 6190 6198 6199
f 6191 6199 6200
f 6192 6200 6201
f 6193 6201 6202
f 2393 2394 6203
f 6195 6203 6204
f 6196 6204 6205
f 6197 6205 6206
f 6198 6206 6207
f 6199 6207 6208
f 6200 6208 6209
f 6201 6209 6210
f 2394 112 1523
f 6203 1523 1524
f 6204 1524 1525
f 6205 1525 1526
f 6206 1526 1527
f 6207 1527 1528
f 6208 1528 1529
f 6209 1529 1530
f 658 6218 2387
f 6218 6226 2388
f 6226 6234 2389
f 6234 6242 2390
f 6242 6250 2391
f 6250 6258 2392
f 6258 6266 2393
f 6266 6274 2394
f 109 2379 6211
f 651 6211 6212
f 652 6212 6213
f 653 6213 6214
f 654 6214 6215
f 655 6215 6216
f 656 6216 6217
f 657 6217 6218
f 2379 2380 6219
f 6211 6219 6220
f 6212 6220 6221
f 6213 6221 6222
f 6214 6222 6223
f 6215 6223 6224
f 6216 6224 6225
f 6217 6225 6226
f 2380 2381 6227
f 6219 6227 6228
f 6220 6228 6229
f 6221 6229 6230
f 6222 6230 6231
f 6223 6231 6232
f 6224 6232 6233
f 6225 6233 6234
f 2381 2382 6235
f 6227 6235 6236
f 6228 6236 6237
f 6229 6237 6238
f 6230 6238 6239
f 6231 6239 6240
f 6232 6240 6241
f 6233 6241 6242
f 2382 2383 6243
f 6235 6243 6244
f 6236 6244 6245
f 6237 6245 6246
f 6238 6246 6247
f 6239 6247 6248
f 6240 6248 6249
f 6241 6249 6250
f 2383 2384 6251
f 6243 6251 6252
f 6244 6252 6253
f 6245 6253 6254
f 6246 6254 6255
f 6247 6255 6256
f 6248 6256 6257
f 6249 6257 6258
f 2384 2385 6259
f 6251 6259 6260
f 6252 6260 6261
f 6253 6261 6262
f 6254 6262 6263
f 6255 6263 6264
f 6256 6264 6265
f 6257 6265 6266
f 2385 2386 6267
f 6259 6267 6268
f 6260 6268 6269
f 6261 6269 6270
f 6262 6270 6271
f 6263 6271 6272
f 6264 6272 6273
f 6265 6273 6274
f 2386 110 1515
f 6267 1515 1516
f 6268 1516 1517
f 6269 1517 1518
f 6270 1518 1519
f 6271 1519 1520
f 6272 1520 1521
f 6273 1521 1522
f 650 6282 2379
f 6282 6290 2380
f 6290 6298 2381
f 6298 6306 2382
f 6306 6314 2383
f 6314 6322 2384
f 6322 6330 2385
f 6330 6338 2386
f 107 2371 6275
f 643 6275 6276
f 644 6276 6277
f 645 6277 6278
f 646 6278 6279
f 647 6279 6280
f 648 6280 6281
f 649 6281 6282
f 2371 2372 6283
f 6275 6283 6284
f 6276 6284 6285
f 6277 6285 6286
f 6278 6286 6287
f 6279 6287 6288
f 6280 6288 6289
f 6281 6289 6290
f 2372 2373 6291
f 6283 6291 6292
f 6284 6292 6293
f 6285 6293 6294
f 6286 6294 6295
f 6287 6295 6296
f 6288 6296 6297
f 6289 6297 6298
f 2373 2374 6299
f 6291 6299 6300
f 6292 6300 6301
f 6293 6301 6302
f 6294 6302 6303
f 6295 6303 6304
f 6296 6304 6305
f 6297 6305 6306
f 2374 2375 6307
f 6299 6307 6308
f 6300 6308 6309
f 6301 6309 6310
f 6302 6310 6311
f 6303 6311 6312
f 6304 6312 6313
f 6305 6313 6314
f 2375 2376 6315
f 6307 6315 6316
f 6308 6316 6317
f 6309 6317 6318
f 6310 6318 6319
f 6311 6319 6320
f 6312 6320 6321
f 6313 6321 6322
f 2376 2377 6323
f 6315 6323 6324
f 6316 6324 6325
f 6317 6325 6326
f 6318 6326 6327
f 6319 6327 6328
f 6320 6328 6329
f 6321 6329 6330
f 2377 2378 6331
f 6323 6331 6332
f 6324 6332 6333
f 6325 6333 6334
f 6326 6334 6335
f 6327 6335 6336
f 6328 6336 6337
f 6329 6337 6338
f 2378 108 1507
f 6331 1507 1508
f 6332 1508 1509
f 6333 1509 1510
f 6334 1510 1511
f 6335 1511 1512
f 6336 1512 1513
f 6337 1513 1514
f 642 6346 2371
f 6346 6354 2372
f 6354 6362 2373
f 6362 6370 2374
f 6370 6378 2375
f 6378 6386 2376
f 6386 6394 2377
f 6394 6402 2378
f 105 2363 6339
f 635 6339 6340
f 636 6340 6341
f 637 6341 6342
f 638 6342 6343
f 639 6343 6344
f 640 6344 6345
f 641 6345 6346
f 2363 2364 6347
f 6339 6347 6348
f 6340 6348 6349
f 6341 6349 6350
f 6342 6350 6351
f 6343 6351 6352
f 6344 6352 6353
f 6345 6353 6354
f 2364 2365 6355
f 6347 6355 6356
f 6348 6356 6357
f 6349 6357 6358
f 6350 6358 6359
f 6351 6359 6360
f 6352 6360 6361
f 6353 6361 6362
f 2365 2366 6363
f 6355 6363 6364
f 6356 6364 6365
f 6357 6365 6366
f 6358 6366 6367
f 6359 6367 6368
f 6360 6368 6369
f 6361 6369 6370
f 2366 2367 6371
f 6363 6371 6372
f 6364 6372 6373
f 6365 6373 6374
f 6366 6374 6375
f 6367 6375 6376
f 6368 6376 6377
f 6369 6377 6378
f 2367 2368 6379
f 6371 6379 6380
f 6372 6380 6381
f 6373 6381 6382
f 6374 6382 6383
f 6375 6383 6384
f 6376 6384 6385
f 6377 6385 6386
f 2368 2369 6387
f 6379 6387 6388
f 6380 6388 6389
f 6381 6389 6390
f 6382 6390 6391
f 6383 6391 6392
f 6384 6392 6393
f 6385 6393 6394
f 2369 2370 6395
f 6387 6395 6396
f 6388 6396 6397
f 6389 6397 6398
f 6390 6398 6399
f 6391 6399 6400
f 6392 6400 6401
f 6393 6401 6402
f 2370 106 1499
f 6395 1499 1500
f 6396 1500 1501
f 6397 1501 1502
f 6398 1502 1503
f 6399 1503 1504
f 6400 1504 1505
f 6401 1505 1506
f 634 6410 2363
f 6410 6418 2364
f 6418 6426 2365
f 6426 6434 2366
f 6434 6442 2367
f 6442 6450 2368
f 6450 6458 2369
f 6458 6466 2370
f 103 2355 6403
f 627 6403 6404
f 628 6404 6405
f 629 6405 6406
f 630 6406 6407
f 631 6407 6408
f 632 6408 6409
f 633 6409 6410
f 2355 2356 6411
f 6403 6411 6412
f 6404 6412 6413
f 6405 6413 6414
f 6406 6414 6415
f 6407 6415 6416
f 6408 6416 6417
f 6409 6417 6418
f 2356 2357 6419
f 6411 6419 6420
f 6412 6420 6421
f 6413 6421 6422
f 6414 6422 6423
f 6415 6423 6424
f 6416 6424 6425
f 6417 6425 6426
f 2357 2358 6427
f 6419 6427 6428
f 6420 6428 6429
f 6421 6429 6430
f 6422 6430 6431
f 6423 6431 6432
f 6424 6432 6433
f 6425 6433 6434
f 2358 2359 6435
f 6427 6435 6436
f 6428 6436 6437
f 6429 6437 6438
f 6430 6438 6439
f 6431 6439 6440
f 6432 6440 6441
f 6433 6441 6442
f 2359 2360 6443
f 6435 6443 6444
f 6436 6444 6445
f 6437 6445 6446
f 6438 6446 6447
f 6439 6447 6448
f 6440 6448 6449
f 6441 6449 6450
f 2360 2361 6451
f 6443 6451 6452
f 6444 6452 6453
f 6445 6453 6454
f 6446 6454 6455
f 6447 6455 6456
f 6448 6456 6457
f 6449 6457 6458
f 2361 2362 6459
f 6451 6459 6460
f 6452 6460 6461
f 6453 6461 6462
f 6454 6462 6463
f 6455 6463 6464
f 6456 6464 6465
f 6457 6465 6466
f 2362 104 1491
f 6459 1491 1492
f 6460 1492 1493
f 6461 1493 1494
f 6462 1494 1495
f 6463 1495 1496
f 6464 1496 1497
f 6465 1497 1498
f 626 6474 2355
f 6474 6482 2356
f 6482 6490 2357
f 6490 6498 2358
f 6498 6506 2359
f 6506 6514 2360
f 6514 6522 2361
f 6522 6530 2362
f 101 2347 6467
f 619 6467 6468
f 620 6468 6469
f 621 6469 6470
f 622 6470 6471
f 623 6471 6472
f 624 6472 6473
f 625 6473 6474
f 2347 2348 6475
f 6467 6475 6476
f 6468 6476 6477
f 6469 6477 6478
f 6470 6478 6479
f 6471 6479 6480
f 6472 6480 6481
f 6473 6481 6482
f 2348 2349 6483
f 6475 6483 6484
f 6476 6484 6485
f 6477 6485 6486
f 6478 6486 6487
f 6479 6487 6488
f 6480 6488 6489
f 6481 6489 6490
f 2349 2350 6491
f 6483 6491 6492
f 6484 6492 6493
f 6485 6493 6494
f 6486 6494 6495
f 6487 6495 6496
f 6488 6496 6497
f 6489 6497 6498
f 2350 2351 6499
f 6491 6499 6500
f 6492 6500 6501
f 6493 6501 6502
f 6494 6502 6503
f 6495 6503 6504
f 6496 6504 6505
f 6497 6505 6506
f 2351 2352 6507
f 6499 6507 6508
f 6500 6508 6509
f 6501 6509 6510
f 6502 6510 6511
f 6503 6511 6512
f 6504 6512 6513
f 6505 6513 6514
f 2352 2353 6515
f 6507 6515 6516
f 6508 6516 6517
f 6509 6517 6518
f 6510 6518 6519
f 6511 6519 6520
f 6512 6520 6521
f 6513 6521 6522
f 2353 2354 6523
f 6515 6523 6524
f 6516 6524 6525
f 6517 6525 6526
f 6518 6526 6527
f 6519 6527 6528
f 6520 6528 6529
f 6521 6529 6530
f 2354 102 1483
f 6523 1483 1484
f 6524 1484 1485
f 6525 1485 1486
f 6526 1486 1487
f 6527 1487 1488
f 6528 1488 1489
f 6529 1489 1490
f 618 6538 2347
f 6538 6546 2348
f 6546 6554 2349
f 6554 6562 2350
f 6562 6570 2351
f 6570 6578 2352
f 6578 6586 2353
f 6586 6594 2354
f 99 2339 6531
f 611 6531 6532
f 612 6532 6533
f 613 6533 6534
f 614 6534 6535
f 615 6535 6536
f 616 6536 6537
f 617 6537 6538
f 2339 2340 6539
f 6531 6539 6540
f 6532 6540 6541
f 6533 6541 6542
f 6534 6542 6543
f 6535 6543 6544
f 6536 6544 6545
f 6537 6545 6546
f 2340 2341 6547
f 6539 6547 6548
f 6540 6548 6549
f 6541 6549 6550
f 6542 6550 6551
f 6543 6551 6552
f 6544 6552 6553
f 6545 6553 6554
f 2341 2342 6555
f 6547 6555 6556
f 6548 6556 6557
f 6549 6557 6558
f 6550 6558 6559
f 6551 6559 6560
f 6552 6560 6561
f 6553 6561 6562
f 2342 2343 6563
f 6555 6563 6564
f 6556 6564 6565
f 6557 6565 6566
f 6558 6566 6567
f 6559 6567 6568
f 6560 6568 6569
f 6561 6569 6570
f 2343 2344 6571
f 6563 6571 6572
f 6564 6572 6573
f 6565 6573 6574
f 6566 6574 6575
f 6567 6575 6576
f 6568 6576 6577
f 6569 6577 6578
f 2344 2345 6579
f 6571 6579 6580
f 6572 6580 6581
f 6573 6581 6582
f 6574 6582 6583
f 6575 6583 6584
f 6576 6584 6585
f 6577 6585 6586
f 2345 2346 6587
f 6579 6587 6588
f 6580 6588 6589
f 6581 6589 6590
f 6582 6590 6591
f 6583 6591 6592
f 6584 6592 6593
f 6585 6593 6594
f 2346 100 1475
f 6587 1475 1476
f 6588 1476 1477
f 6589 1477 1478
f 6590 1478 1479
f 6591 1479 1480
f 6592 1480 1481
f 6593 1481 1482
f 610 6602 2339
f 6602 6610 2340
f 6610 6618 2341
f 6618 6626 2342
f 6626 6634 2343
f 6634 6642 2344
f 6642 6650 2345
f 6650 6658 2346
f 97 2331 6595
f 603 6595 6596
f 604 6596 6597
f 605 6597 6598
f 606 6598 6599
f 607 6599 6600
f 608 6600 6601
f 609 6601 6602
f 2331 2332 6603
f 6595 6603 6604
f 6596 6604 6605
f 6597 6605 6606
f 6598 6606 6607
f 6599 6607 6608
f 6600 6608 6609
f 6601 6609 6610
f 2332 2333 6611
f 6603 6611 6612
f 6604 6612 6613
f 6605 6613 6614
f 6606 6614 6615
f 6607 6615 6616
f 6608 6616 6617
f 6609 6617 6618
f 2333 2334 6619
f 6611 6619 6620
f 6612 6620 6621
f 6613 6621 6622
f 6614 6622 6623
f 6615 6623 6624
f 6616 6624 6625
f 6617 6625 6626
f 2334 2335 6627
f 6619 6627 6628
f 6620 6628 6629
f 6621 6629 6630
f 6622 6630 6631
f 6623 6631 6632
f 6624 6632 6633
f 6625 6633 6634
f 2335 2336 6635
f 6627 6635 6636
f 6628 6636 6637
f 6629 6637 6638
f 6630 6638 6639
f 6631 6639 6640
f 6632 6640 6641
f 6633 6641 6642
f 2336 2337 6643
f 6635 6643 6644
f 6636 6644 6645
f 6637 6645 6646
f 6638 6646 6647
f 6639 6647 6648
f 6640 6648 6649
f 6641 6649 6650
f 2337 2338 6651
f 6643 6651 6652
f 6644 6652 6653
f 6645 6653 6654
f 6646 6654 6655
f 6647 6655 6656
f 6648 6656 6657
f 6649 6657 6658
f 2338 98 1467
f 6651 1467 1468
f 6652 1468 1469
f 6653 1469 1470
f 6654 1470 1471
f 6655 1471 1472
f 6656 1472 1473
f 6657 1473 1474
f 602 6666 2331
f 6666 6674 2332
f 6674 6682 2333
f 6682 6690 2334
f 6690 6698 2335
f 6698 6706 2336
f 6706 6714 2337
f 6714 6722 2338
f 95 2323 6659
f 595 6659 6660
f 596 6660 6661
f 597 6661 6662
f 598 6662 6663
f 599 6663 6664
f 600 6664 6665
f 601 6665 6666
f 2323 2324 6667
f 6659 6667 6668
f 6660 6668 6669
f 6661 6669 6670
f 6662 6670 6671
f 6663 6671 6672
f 6664 6672 6673
f 6665 6673 6674
f 2324 2325 6675
f 6667 6675 6676
f 6668 6676 6677
f 6669 6677 6678
f 6670 6678 6679
f 6671 6679 6680
f 6672 6680 6681
f 6673 6681 6682
f 2325 2326 6683
f 6675 6683 6684
f 6676 6684 6685
f 6677 6685 6686
f 6678 6686 6687
f 6679 6687 6688
f 6680 6688 6689
f 6681 6689 6690
f 2326 2327 6691
f 6683 6691 6692
f 6684 6692 6693
f 6685 6693 6694
f 6686 6694 6695
f 6687 6695 6696
f 6688 6696 6697
f 6689 6697 6698
f 2327 2328 6699
f 6691 6699 6700
f 6692 6700 6701
f 6693 6701 6702
f 6694 6702 6703
f 6695 6703 6704
f 6696 6704 6705
f 6697 6705 6706
f 2328 2329 6707
f 6699 6707 6708
f 6700 6708 6709
f 6701 6709 6710
f 6702 6710 6711
f 6703 6711 6712
f 6704 6712 6713
f 6705 6713 6714
f 2329 2330 6715
f 6707 6715 6716
f 6708 6716 6717
f 6709 6717 6718
f 6710 6718 6719
f 6711 6719 6720
f 6712 6720 6721
f 6713 6721 6722
f 2330 96 1459
f 6715 1459 1460
f 6716 1460 1461
f 6717 1461 1462
f 6718 1462 1463
f 6719 1463 1464
f 6720 1464 1465
f 6721 1465 1466
f 594 6730 2323
f 6730 6738 2324
f 6738 6746 2325
f 6746 6754 2326
f 6754 6762 2327
f 6762 6770 2328
f 6770 6778 2329
f 6778 6786 2330
f 93 2315 6723
f 587 6723 6724
f 588 6724 6725
f 589 6725 6726
f 590 6726 6727
f 591 6727 6728
f 592 6728 6729
f 593 6729 6730
f 2315 2316 6731
f 6723 6731 6732
f 6724 6732 6733
f 6725 6733 6734
f 6726 6734 6735
f 6727 6735 6736
f 6728 6736 6737
f 6729 6737 6738
f 2316 2317 6739
f 6731 6739 6740
f 6732 6740 6741
f 6733 6741 6742
f 6734 6742 6743
f 6735 6743 6744
f 6736 6744 6745
f 6737 6745 6746
f 2317 2318 6747
f 6739 6747 6748
f 6740 6748 6749
f 6741 6749 6750
f 6742 6750 6751
f 6743 6751 6752
f 6744 6752 6753
f 6745 6753 6754
f 2318 2319 6755
f 6747 6755 6756
f 6748 6756 6757
f 6749 6757 6758
f 6750 6758 6759
f 6751 6759 6760
f 6752 6760 6761
f 6753 6761 6762
f 2319 2320 6763
f 6755 6763 6764
f 6756 6764 6765
f 6757 6765 6766
f 6758 6766 6767
f 6759 6767 6768
f 6760 6768 6769
f 6761 6769 6770
f 2320 2321 6771
f 6763 6771 6772
f 6764 6772 6773
f 6765 6773 6774
f 6766 6774 6775
f 6767 6775 6776
f 6768 6776 6777
f 6769 6777 6778
f 2321 2322 6779
f 6771 6779 6780
f 6772 6780 6781
f 6773 6781 6782
f 6774 6782 6783
f 6775 6783 6784
f 6776 6784 6785
f 6777 6785 6786
f 2322 94 1451
f 6779 1451 1452
f 6780 1452 1453
f 6781 1453 1454
f 6782 1454 1455
f 6783 1455 1456
f 6784 1456 1457
f 6785 1457 1458
f 586 6794 2315
f 6794 6802 2316
f 6802 6810 2317
f 6810 6818 2318
f 6818 6826 2319
f 6826 6834 2320
f 6834 6842 2321
f 6842 6850 2322
f 91 2307 6787
f 579 6787 6788
f 580 6788 6789
f 581 6789 6790
f 582 6790 6791
f 583 6791 6792
f 584 6792 6793
f 585 6793 6794
f 2307 2308 6795
f 6787 6795 6796
f 6788 6796 6797
f 6789 6797 6798
f 6790 6798 6799
f 6791 6799 6800
f 6792 6800 6801
f 6793 6801 6802
f 2308 2309 6803
f 6795 6803 6804
f 6796 6804 6805
f 6797 6805 6806
f 6798 6806 6807
f 6799 6807 6808
f 6800 6808 6809
f 6801 6809 6810
f 2309 2310 6811
f 6803 6811 6812
f 6804 6812 6813
f 6805 6813 6814
f 6806 6814 6815
f 6807 6815 6816
f 6808 6816 6817
f 6809 6817 6818
f 2310 2311 6819
f 6811 6819 6820
f 6812 6820 6821
f 6813 6821 6822
f 6814 6822 6823
f 6815 6823 6824
f 6816 6824 6825
f 6817 6825 6826
f 2311 2312 6827
f 6819 6827 6828
f 6820 6828 6829
f 6821 6829 6830
f 6822 6830 6831
f 6823 6831 6832
f 6824 6832 6833
f 6825 6833 6834
f 2312 2313 6835
f 6827 6835 6836
f 6828 6836 6837
f 6829 6837 6838
f 6830 6838 6839
f 6831 6839 6840
f 6832 6840 6841
f 6833 6841 6842
f 2313 2314 6843
f 6835 6843 6844
f 6836 6844 6845
f 6837 6845 6846
f 6838 6846 6847
f 6839 6847 6848
f 6840 6848 6849
f 6841 6849 6850
f 2314 92 1443
f 6843 1443 1444
f 6844 1444 1445
f 6845 1445 1446
f 6846 1446 1447
f 6847 1447 1448
f 6848 1448 1449
f 6849 1449 1450
f 578 6858 2307
f 6858 6866 2308
f 6866 6874 2309
f 6874 6882 2310
f 6882 6890 2311
f 6890 6898 2312
f 6898 6906 2313
f 6906 6914 2314
f 89 2299 6851
f 571 6851 6852
f 572 6852 6853
f 573 6853 6854
f 574 6854 6855
f 575 6855 6856
f 576 6856 6857
f 577 6857 6858
f 2299 2300 6859
f 6851 6859 6860
f 6852 6860 6861
f 6853 6861 6862
f 6854 6862 6863
f 6855 6863 6864
f 6856 6864 6865
f 6857 6865 6866
f 2300 2301 6867
f 6859 6867 6868
f 6860 6868 6869
f 6861 6869 6870
f 6862 6870 6871
f 6863 6871 6872
f 6864 6872 6873
f 6865 6873 6874
f 2301 2302 6875
f 6867 6875 6876
f 6868 6876 6877
f 6869 6877 6878
f 6870 6878 6879
f 6871 6879 6880
f 6872 6880 6881
f 6873 6881 6882
f 2302 2303 6883
f 6875 6883 6884
f 6876 6884 6885
f 6877 6885 6886
f 6878 6886 6887
f 6879 6887 6888
f 6880 6888 6889
f 6881 6889 6890
f 2303 2304 6891
f 6883 6891 6892
f 6884 6892 6893
f 6885 6893 6894
f 6886 6894 6895
f 6887 6895 6896
f 6888 6896 6897
f 6889 6897 6898
f 2304 2305 6899
f 6891 6899 6900
f 6892 6900 6901
f 6893 6901 6902
f 6894 6902 6903
f 6895 6903 6904
f 6896 6904 6905
f 6897 6905 6906
f 2305 2306 6907
f 6899 6907 6908
f 6900 6908 6909
f 6901 6909 6910
f 6902 6910 6911
f 6903 6911 6912
f 6904 6912 6913
f 6905 6913 6914
f 2306 90 1435
f 6907 1435 1436
f 6908 1436 1437
f 6909 1437 1438
f 6910 1438 1439
f 6911 1439 1440
f 6912 1440 1441
f 6913 1441 1442
f 570 6922 2299
f 6922 6930 2300
f 6930 6938 2301
f 6938 6946 2302
f 6946 6954 2303
f 6954 6962 2304
f 6962 6970 2305
f 6970 6978 2306
f 87 2291 6915
f 563 6915 6916
f 564 6916 6917
f 565 6917 6918
f 566 6918 6919
f 567 6919 6920
f 568 6920 6921
f 569 6921 6922
f 2291 2292 6923
f 6915 6923 6924
f 6916 6924 6925
f 6917 6925 6926
f 6918 6926 6927
f 6919 6927 6928
f 6920 6928 6929
f 6921 6929 6930
f 2292 2293 6931
f 6923 6931 6932
f 6924 6932 6933
f 6925 6933 6934
f 6926 6934 6935
f 6927 6935 6936
f 6928 6936 6937
f 6929 6937 6938
f 2293 2294 6939
f 6931 6939 6940
f 6932 6940 6941
f 6933 6941 6942
f 6934 6942 6943
f 6935 6943 6944
f 6936 6944 6945
f 6937 6945 6946
f 2294 2295 6947
f 6939 6947 6948
f 6940 6948 6949
f 6941 6949 6950
f 6942 6950 6951
f 6943 6951 6952
f 6944 6952 6953
f 6945 6953 6954
f 2295 2296 6955
f 6947 6955 6956
f 6948 6956 6957
f 6949 6957 6958
f 6950 6958 6959
f 6951 6959 6960
f 6952 6960 6961
f 6953 6961 6962
f 2296 2297 6963
f 6955 6963 6964
f 6956 6964 6965
f 6957 6965 6966
f 6958 6966 6967
f 6959 6967 6968
f 6960 6968 6969
f 6961 6969 6970
f 2297 2298 6971
f 6963 6971 6972
f 6964 6972 6973
f 6965 6973 6974
f 6966 6974 6975
f 6967 6975 6976
f 6968 6976 6977
f 6969 6977 6978
f 2298 88 1427
f 6971 1427 1428
f 6972 1428 1429
f 6973 1429 1430
f 6974 1430 1431
f 6975 1431 1432
f 6976 1432 1433
f 6977 1433 1434
f 562 6986 2291
f 6986 6994 2292
f 6994 7002 2293
f 7002 7010 2294
f 7010 7018 2295
f 7018 7026 2296
f 7026 7034 2297
f 7034 7042 2298
f 85 2283 6979
f 555 6979 6980
f 556 6980 6981
f 557 6981 6982
f 558 6982 6983
f 559 6983 6984
f 560 6984 6985
f 561 6985 6986
f 2283 2284 6987
f 6979 6987 6988
f 6980 6988 6989
f 6981 6989 6990
f 6982 6990 6991
f 6983 6991 6992
f 6984 6992 6993
f 6985 6993 6994
f 2284 2285 6995
f 6987 6995 6996
f 6988 6996 6997
f 6989 6997 6998
f 6990 6998 6999
f 6991 6999 7000
f 6992 7000 7001
f 6993 7001 7002
f 2285 2286 7003
f 6995 7003 7004
f 6996 7004 7005
f 6997 7005 7006
f 6998 7006 7007
f 6999 7007 7008
f 7000 7008 7009
f 7001 7009 7010
f 2286 2287 7011
f 7003 7011 7012
f 7004 7012 7013
f 7005 7013 7014
f 7006 7014 7015
f 7007 7015 7016
f 7008 7016 7017
f 7009 7017 7018
f 2287 2288 7019
f 7011 7019 7020
f 7012 7020 7021
f 7013 7021 7022
f 7014 7022 7023
f 7015 7023 7024
f 7016 7024 7025
f 7017 7025 7026
f 2288 2289 7027
f 7019 7027 7028
f 7020 7028 7029
f 7021 7029 7030
f 7022 7030 7031
f 7023 7031 7032
f 7024 7032 7033
f 7025 7033 7034
f 2289 2290 7035
f 7027 7035 7036
f 7028 7036 7037
f 7029 7037 7038
f 7030 7038 7039
f 7031 7039 7040
f 7032 7040 7041
f 7033 7041 7042
f 2290 86 1419
f 7035 1419 1420
f 7036 1420 1421
f 7037 1421 1422
f 7038 1422 1423
f 7039 1423 1424
f 7040 1424 1425
f 7041 1425 1426
f 554 7050 2283
f 7050 7058 2284
f 7058 7066 2285
f 7066 7074 2286
f 7074 7082 2287
f 7082 7090 2288
f 7090 7098 2289
f 7098 7106 2290
f 83 2275 7043
f 547 7043 7044
f 548 7044 7045
f 549 7045 7046
f 550 7046 7047
f 551 7047 7048
f 552 7048 7049
f 553 7049 7050
f 2275 2276 7051
f 7043 7051 7052
f 7044 7052 7053
f 7045 7053 7054
f 7046 7054 7055
f 7047 7055 7056
f 7048 7056 7057
f 7049 7057 7058
f 2276 2277 7059
f 7051 7059 7060
f 7052 7060 7061
f 7053 7061 7062
f 7054 7062 7063
f 7055 7063 7064
f 7056 7064 7065
f 7057 7065 7066
f 2277 2278 7067
f 7059 7067 7068
f 7060 7068 7069
f 7061 7069 7070
f 7062 7070 7071
f 7063 7071 7072
f 7064 7072 7073
f 7065 7073 7074
f 2278 2279 7075
f 7067 7075 7076
f 7068 7076 7077
f 7069 7077 7078
f 7070 7078 7079
f 7071 7079 7080
f 7072 7080 7081
f 7073 7081 7082
f 2279 2280 7083
f 7075 7083 7084
f 7076 7084 7085
f 7077 7085 7086
f 7078 7086 7087
f 7079 7087 7088
f 7080 7088 7089
f 7081 7089 7090
f 2280 2281 7091
f 7083 7091 7092
f 7084 7092 7093
f 7085 7093 7094
f 7086 7094 7095
f 7087 7095 7096
f 7088 7096 7097
f 7089 7097 7098
f 2281 2282 7099
f 7091 7099 7100
f 7092 7100 7101
f 7093 7101 7102
f 7094 7102 7103
f 7095 7103 7104
f 7096 7104 7105
f 7097 7105 7106
f 2282 84 1411
f 7099 1411 1412
f 7100 1412 1413
f 7101 1413 1414
f 7102 1414 1415
f 7103 1415 1416
f 7104 1416 1417
f 7105 1417 1418
f 546 7114 2275
f 7114 7122 2276
f 7122 7130 2277
f 7130 7138 2278
f 7138 7146 2279
f 7146 7154 2280
f 7154 7162 2281
f 7162 7170 2282
f 81 2267 7107
f 539 7107 7108
f 540 7108 7109
f 541 7109 7110
f 542 7110 7111
f 543 7111 7112
f 544 7112 7113
f 545 7113 7114
f 2267 2268 7115
f 7107 7115 7116
f 7108 7116 7117
f 7109 7117 7118
f 7110 7118 7119
f 7111 7119 7120
f 7112 7120 7121
f 7113 7121 7122
f 2268 2269 7123
f 7115 7123 7124
f 7116 7124 7125
f 7117 7125 7126
f 7118 7126 7127
f 7119 7127 7128
f 7120 7128 7129
f 7121 7129 7130
f 2269 2270 7131
f 7123 7131 7132
f 7124 7132 7133
f 7125 7133 7134
f 7126 7134 7135
f 7127 7135 7136
f 7128 7136 7137
f 7129 7137 7138
f 2270 2271 7139
f 7131 7139 7140
f 7132 7140 7141
f 7133 7141 7142
f 7134 7142 7143
f 7135 7143 7144
f 7136 7144 7145
f 7137 7145 7146
f 2271 2272 7147
f 7139 7147 7148
f 7140 7148 7149
f 7141 7149 7150
f 7142 7150 7151
f 7143 7151 7152
f 7144 7152 7153
f 7145 7153 7154
f 2272 2273 7155
f 7147 7155 7156
f 7148 7156 7157
f 7149 7157 7158
f 7150 7158 7159
f 7151 7159 7160
f 7152 7160 7161
f 7153 7161 7162
f 2273 2274 7163
f 7155 7163 7164
f 7156 7164 7165
f 7157 7165 7166
f 7158 7166 7167
f 7159 7167 7168
f 7160 7168 7169
f 7161 7169 7170
f 2274 82 1403
f 7163 1403 1404
f 7164 1404 1405
f 7165 1405 1406
f 7166 1406 1407
f 7167 1407 1408
f 7168 1408 1409
f 7169 1409 1410
f 538 7178 2267
f 7178 7186 2268
f 7186 7194 2269
f 7194 7202 2270
f 7202 7210 2271
f 7210 7218 2272
f 7218 7226 2273
f 7226 7234 2274
f 79 2259 7171
f 531 7171 7172
f 532 7172 7173
f 533 7173 7174
f 534 7174 7175
f 535 7175 7176
f 536 7176 7177
f 537 7177 7178
f 2259 2260 7179
f 7171 7179 7180
f 7172 7180 7181
f 7173 7181 7182
f 7174 7182 7183
f 7175 7183 7184
f 7176 7184 7185
f 7177 7185 7186
f 2260 2261 7187
f 7179 7187 7188
f 7180 7188 7189
f 7181 7189 7190
f 7182 7190 7191
f 7183 7191 7192
f 7184 7192 7193
f 7185 7193 7194
f 2261 2262 7195
f 7187 7195 7196
f 7188 7196 7197
f 7189 7197 7198
f 7190 7198 7199
f 7191 7199 7200
f 7192 7200 7201
f 7193 7201 7202
f 2262 2263 7203
f 7195 7203 7204
f 7196 7204 7205
f 7197 7205 7206
f 7198 7206 7207
f 7199 7207 7208
f 7200 7208 7209
f 7201 7209 7210
f 2263 2264 7211
f 7203 7211 7212
f 7204 7212 7213
f 7205 7213 7214
f 7206 7214 7215
f 7207 7215 7216
f 7208 7216 7217
f 7209 7217 7218
f 2264 2265 7219
f 7211 7219 7220
f 7212 7220 7221
f 7213 7221 7222
f 7214 7222 7223
f 7215 7223 7224
f 7216 7224 7225
f 7217 7225 7226
f 2265 2266 7227
f 7219 7227 7228
f 7220 7228 7229
f 7221 7229 7230
f 7222 7230 7231
f 7223 7231 7232
f 7224 7232 7233
f 7225 7233 7234
f 2266 80 1395
f 7227 1395 1396
f 7228 1396 1397
f 7229 1397 1398
f 7230 1398 1399
f 7231 1399 1400
f 7232 1400 1401
f 7233 1401 1402
f 530 7242 2259
f 7242 7250 2260
f 7250 7258 2261
f 7258 7266 2262
f 7266 7274 2263
f 7274 7282 2264
f 7282 7290 2265
f 7290 7298 2266
f 77 2251 7235
f 523 7235 7236
f 524 7236 7237
f 525 7237 7238
f 526 7238 7239
f 527 7239 7240
f 528 7240 7241
f 529 7241 7242
f 2251 2252 7243
f 7235 7243 7244
f 7236 7244 7245
f 7237 7245 7246
f 7238 7246 7247
f 7239 7247 7248
f 7240 7248 7249
f 7241 7249 7250
f 2252 2253 7251
f 7243 7251 7252
f 7244 7252 7253
f 7245 7253 7254
f 7246 7254 7255
f 7247 7255 7256
f 7248 7256 7257
f 7249 7257 7258
f 2253 2254 7259
f 7251 7259 7260
f 7252 7260 7261
f 7253 7261 7262
f 7254 7262 7263
f 7255 7263 7264
f 7256 7264 7265
f 7257 7265 7266
f 2254 2255 7267
f 7259 7267 7268
f 7260 7268 7269
f 7261 7269 7270
f 7262 7270 7271
f 7263 7271 7272
f 7264 7272 7273
f 7265 7273 7274
f 2255 2256 7275
f 7267 7275 7276
f 7268 7276 7277
f 7269 7277 7278
f 7270 7278 7279
f 7271 7279 7280
f 7272 7280 7281
f 7273 7281 7282
f 2256 2257 7283
f 7275 7283 7284
f 7276 7284 7285
f 7277 7285 7286
f 7278 7286 7287
f 7279 7287 7288
f 7280 7288 7289
f 7281 7289 7290
f 2257 2258 7291
f 7283 7291 7292
f 7284 7292 7293
f 7285 7293 7294
f 7286 7294 7295
f 7287 7295 7296
f 7288 7296 7297
f 7289 7297 7298
f 2258 78 1387
f 7291 1387 1388
f 7292 1388 1389
f 7293 1389 1390
f 7294 1390 1391
f 7295 1391 1392
f 7296 1392 1393
f 7297 1393 1394
f 522 7306 2251
f 7306 7314 2252
f 7314 7322 2253
f 7322 7330 2254
f 7330 7338 2255
f 7338 7346 2256
f 7346 7354 2257
f 7354 7362 2258
f 75 2243 7299
f 515 7299 7300
f 516 7300 7301
f 517 7301 7302
f 518 7302 7303
f 519 7303 7304
f 520 7304 7305
f 521 7305 7306
f 2243 2244 7307
f 7299 7307 7308
f 7300 7308 7309
f 7301 7309 7310
f 7302 7310 7311
f 7303 7311 7312
f 7304 7312 7313
f 7305 7313 7314
f 2244 2245 7315
f 7307 7315 7316
f 7308 7316 7317
f 7309 7317 7318
f 7310 7318 7319
f 7311 7319 7320
f 7312 7320 7321
f 7313 7321 7322
f 2245 2246 7323
f 7315 7323 7324
f 7316 7324 7325
f 7317 7325 7326
f 7318 7326 7327
f 7319 7327 7328
f 7320 7328 7329
f 7321 7329 7330
f 2246 2247 7331
f 7323 7331 7332
f 7324 7332 7333
f 7325 7333 7334
f 7326 7334 7335
f 7327 7335 7336
f 7328 7336 7337
f 7329 7337 7338
f 2247 2248 7339
f 7331 7339 7340
f 7332 7340 7341
f 7333 7341 7342
f 7334 7342 7343
f 7335 7343 7344
f 7336 7344 7345
f 7337 7345 7346
f 2248 2249 7347
f 7339 7347 7348
f 7340 7348 7349
f 7341 7349 7350
f 7342 7350 7351
f 7343 7351 7352
f 7344 7352 7353
f 7345 7353 7354
f 2249 2250 7355
f 7347 7355 7356
f 7348 7356 7357
f 7349 7357 7358
f 7350 7358 7359
f 7351 7359 7360
f 7352 7360 7361
f 7353 7361 7362
f 2250 76 1379
f 7355 1379 1380
f 7356 1380 1381
f 7357 1381 1382
f 7358 1382 1383
f 7359 1383 1384
f 7360 1384 1385
f 7361 1385 1386
f 514 7370 2243
f 7370 7378 2244
f 7378 7386 2245
f 7386 7394 2246
f 7394 7402 2247
f 7402 7410 2248
f 7410 7418 2249
f 7418 7426 2250
f 73 2235 7363
f 507 7363 7364
f 508 7364 7365
f 509 7365 7366
f 510 7366 7367
f 511 7367 7368
f 512 7368 7369
f 513 7369 7370
f 2235 2236 7371
f 7363 7371 7372
f 7364 7372 7373
f 7365 7373 7374
f 7366 7374 7375
f 7367 7375 7376
f 7368 7376 7377
f 7369 7377 7378
f 2236 2237 7379
f 7371 7379 7380
f 7372 7380 7381
f 7373 7381 7382
f 7374 7382 7383
f 7375 7383 7384
f 7376 7384 7385
f 7377 7385 7386
f 2237 2238 7387
f 7379 7387 7388
f 7380 7388 7389
f 7381 7389 7390
f 7382 7390 7391
f 7383 7391 7392
f 7384 7392 7393
f 7385 7393 7394
f 2238 2239 7395
f 7387 7395 7396
f 7388 7396 7397
f 7389 7397 7398
f 7390 7398 7399
f 7391 7399 7400
f 7392 7400 7401
f 7393 7401 7402
f 2239 2240 7403
f 7395 7403 7404
f 7396 7404 7405
f 7397 7405 7406
f 7398 7406 7407
f 7399 7407 7408
f 7400 7408 7409
f 7401 7409 7410
f 2240 2241 7411
f 7403 7411 7412
f 7404 7412 7413
f 7405 7413 7414
f 7406 7414 7415
f 7407 7415 7416
f 7408 7416 7417
f 7409 7417 7418
f 2241 2242 7419
f 7411 7419 7420
f 7412 7420 7421
f 7413 7421 7422
f 7414 7422 7423
f 7415 7423 7424
f 7416 7424 7425
f 7417 7425 7426
f 2242 74 1371
f 7419 1371 1372
f 7420 1372 1373
f 7421 1373 1374
f 7422 1374 1375
f 7423 1375 1376
f 7424 1376 1377
f 7425 1377 1378
f 506 7434 2235
f 7434 7442 2236
f 7442 7450 2237
f 7450 7458 2238
f 7458 7466 2239
f 7466 7474 2240
f 7474 7482 2241
f 7482 7490 2242
f 71 2227 7427
f 499 7427 7428
f 500 7428 7429
f 501 7429 7430
f 502 7430 7431
f 503 7431 7432
f 504 7432 7433
f 505 7433 7434
f 2227 2228 7435
f 7427 7435 7436
f 7428 7436 7437
f 7429 7437 7438
f 7430 7438 7439
f 7431 7439 7440
f 7432 7440 7441
f 7433 7441 7442
f 2228 2229 7443
f 7435 7443 7444
f 7436 7444 7445
f 7437 7445 7446
f 7438 7446 7447
f 7439 7447 7448
f 7440 7448 7449
f 7441 7449 7450
f 2229 2230 7451
f 7443 7451 7452
f 7444 7452 7453
f 7445 7453 7454
f 7446 7454 7455
f 7447 7455 7456
f 7448 7456 7457
f 7449 7457 7458
f 2230 2231 7459
f 7451 7459 7460
f 7452 7460 7461
f 7453 7461 7462
f 7454 7462 7463
f 7455 7463 7464
f 7456 7464 7465
f 7457 7465 7466
f 2231 2232 7467
f 7459 7467 7468
f 7460 7468 7469
f 7461 7469 7470
f 7462 7470 7471
f 7463 7471 7472
f 7464 7472 7473
f 7465 7473 7474
f 2232 2233 7475
f 7467 7475 7476
f 7468 7476 7477
f 7469 7477 7478
f 7470 7478 7479
f 7471 7479 7480
f 7472 7480 7481
f 7473 7481 7482
f 2233 2234 7483
f 7475 7483 7484
f 7476 7484 7485
f 7477 7485 7486
f 7478 7486 7487
f 7479 7487 7488
f 7480 7488 7489
f 7481 7489 7490
f 2234 72 1363
f 7483 1363 1364
f 7484 1364 1365
f 7485 1365 1366
f 7486 1366 1367
f 7487 1367 1368
f 7488 1368 1369
f 7489 1369 1370
f 498 7498 2227
f 7498 7506 2228
f 7506 7514 2229
f 7514 7522 2230
f 7522 7530 2231
f 7530 7538 2232
f 7538 7546 2233
f 7546 7554 2234
f 69 2219 7491
f 491 7491 7492
f 492 7492 7493
f 493 7493 7494
f 494 7494 7495
f 495 7495 7496
f 496 7496 7497
f 497 7497 7498
f 2219 2220 7499
f 7491 7499 7500
f 7492 7500 7501
f 7493 7501 7502
f 7494 7502 7503
f 7495 7503 7504
f 7496 7504 7505
f 7497 7505 7506
f 2220 2221 7507
f 7499 7507 7508
f 7500 7508 7509
f 7501 7509 7510
f 7502 7510 7511
f 7503 7511 7512
f 7504 7512 7513
f 7505 7513 7514
f 2221 2222 7515
f 7507 7515 7516
f 7508 7516 7517
f 7509 7517 7518
f 7510 7518 7519
f 7511 7519 7520
f 7512 7520 7521
f 7513 7521 7522
f 2222 2223 7523
f 7515 7523 7524
f 7516 7524 7525
f 7517 7525 7526
f 7518 7526 7527
f 7519 7527 7528
f 7520 7528 7529
f 7521 7529 7530
f 2223 2224 7531
f 7523 7531 7532
f 7524 7532 7533
f 7525 7533 7534
f 7526 7534 7535
f 7527 7535 7536
f 7528 7536 7537
f 7529 7537 7538
f 2224 2225 7539
f 7531 7539 7540
f 7532 7540 7541
f 7533 7541 7542
f 7534 7542 7543
f 7535 7543 7544
f 7536 7544 7545
f 7537 7545 7546
f 2225 2226 7547
f 7539 7547 7548
f 7540 7548 7549
f 7541 7549 7550
f 7542 7550 7551
f 7543 7551 7552
f 7544 7552 7553
f 7545 7553 7554
f 2226 70 1355
f 7547 1355 1356
f 7548 1356 1357
f 7549 1357 1358
f 7550 1358 1359
f 7551 1359 1360
f 7552 1360 1361
f 7553 1361 1362
f 490 7562 2219
f 7562 7570 2220
f 7570 7578 2221
f 7578 7586 2222
f 7586 7594 2223
f 7594 7602 2224
f 7602 7610 2225
f 7610 7618 2226
f 67 2211 7555
f 483 7555 7556
f 484 7556 7557
f 485 7557 7558
f 486 7558 7559
f 487 7559 7560
f 488 7560 7561
f 489 7561 7562
f 2211 2212 7563
f 7555 7563 7564
f 7556 7564 7565
f 7557 7565 7566
f 7558 7566 7567
f 7559 7567 7568
f 7560 7568 7569
f 7561 7569 7570
f 2212 2213 7571
f 7563 7571 7572
f 7564 7572 7573
f 7565 7573 7574
f 7566 7574 7575
f 7567 7575 7576
f 7568 7576 7577
f 7569 7577 7578
f 2213 2214 7579
f 7571 7579 7580
f 7572 7580 7581
f 7573 7581 7582
f 7574 7582 7583
f 7575 7583 7584
f 7576 7584 7585
f 7577 7585 7586
f 2214 2215 7587
f 7579 7587 7588
f 7580 7588 7589
f 7581 7589 7590
f 7582 7590 7591
f 7583 7591 7592
f 7584 7592 7593
f 7585 7593 7594
f 2215 2216 7595
f 7587 7595 7596
f 7588 7596 7597
f 7589 7597 7598
f 7590 7598 7599
f 7591 7599 7600
f 7592 7600 7601
f 7593 7601 7602
f 2216 2217 7603
f 7595 7603 7604
f 7596 7604 7605
f 7597 7605 7606
f 7598 7606 7607
f 7599 7607 7608
f 7600 7608 7609
f 7601 7609 7610
f 2217 2218 7611
f 7603 7611 7612
f 7604 7612 7613
f 7605 7613 7614
f 7606 7614 7615
f 7607 7615 7616
f 7608 7616 7617
f 7609 7617 7618
f 2218 68 1347
f 7611 1347 1348
f 7612 1348 1349
f 7613 1349 1350
f 7614 1350 1351
f 7615 1351 1352
f 7616 1352 1353
f 7617 1353 1354
f 482 7626 2211
f 7626 7634 2212
f 7634 7642 2213
f 7642 7650 2214
f 7650 7658 2215
f 7658 7666 2216
f 7666 7674 2217
f 7674 7682 2218
f 65 2203 7619
f 475 7619 7620
f 476 7620 7621
f 477 7621 7622
f 478 7622 7623
f 479 7623 7624
f 480 7624 7625
f 481 7625 7626
f 2203 2204 7627
f 7619 7627 7628
f 7620 7628 7629
f 7621 7629 7630
f 7622 7630 7631
f 7623 7631 7632
f 7624 7632 7633
f 7625 7633 7634
f 2204 2205 7635
f 7627 7635 7636
f 7628 7636 7637
f 7629 7637 7638
f 7630 7638 7639
f 7631 7639 7640
f 7632 7640 7641
f 7633 7641 7642
f 2205 2206 7643
f 7635 7643 7644
f 7636 7644 7645
f 7637 7645 7646
f 7638 7646 7647
f 7639 7647 7648
f 7640 7648 7649
f 7641 7649 7650
f 2206 2207 7651
f 7643 7651 7652
f 7644 7652 7653
f 7645 7653 7654
f 7646 7654 7655
f 7647 7655 7656
f 7648 7656 7657
f 7649 7657 7658
f 2207 2208 7659
f 7651 7659 7660
f 7652 7660 7661
f 7653 7661 7662
f 7654 7662 7663
f 7655 7663 7664
f 7656 7664 7665
f 7657 7665 7666
f 2208 2209 7667
f 7659 7667 7668
f 7660 7668 7669
f 7661 7669 7670
f 7662 7670 7671
f 7663 7671 7672
f 7664 7672 7673
f 7665 7673 7674
f 2209 2210 7675
f 7667 7675 7676
f 7668 7676 7677
f 7669 7677 7678
f 7670 7678 7679
f 7671 7679 7680
f 7672 7680 7681
f 7673 7681 7682
f 2210 66 1339
f 7675 1339 1340
f 7676 1340 1341
f 7677 1341 1342
f 7678 1342 1343
f 7679 1343 1344
f 7680 1344 1345
f 7681 1345 1346
f 474 7690 2203
f 7690 7698 2204
f 7698 7706 2205
f 7706 7714 2206
f 7714 7722 2207
f 7722 7730 2208
f 7730 7738 2209
f 7738 7746 2210
f 63 2195 7683
f 467 7683 7684
f 468 7684 7685
f 469 7685 7686
f 470 7686 7687
f 471 7687 7688
f 472 7688 7689
f 473 7689 7690
f 2195 2196 7691
f 7683 7691 7692
f 7684 7692 7693
f 7685 7693 7694
f 7686 7694 7695
f 7687 7695 7696
f 7688 7696 7697
f 7689 7697 7698
f 2196 2197 7699
f 7691 7699 7700
f 7692 7700 7701
f 7693 7701 7702
f 7694 7702 7703
f 7695 7703 7704
f 7696 7704 7705
f 7697 7705 7706
f 2197 2198 7707
f 7699 7707 7708
f 7700 7708 7709
f 7701 7709 7710
f 7702 7710 7711
f 7703 7711 7712
f 7704 7712 7713
f 7705 7713 7714
f 2198 2199 7715
f 7707 7715 7716
f 7708 7716 7717
f 7709 7717 7718
f 7710 7718 7719
f 7711 7719 7720
f 7712 7720 7721
f 7713 7721 7722
f 2199 2200 7723
f 7715 7723 7724
f 7716 7724 7725
f 7717 7725 7726
f 7718 7726 7727
f 7719 7727 7728
f 7720 7728 7729
f 7721 7729 7730
f 2200 2201 7731
f 7723 7731 7732
f 7724 7732 7733
f 7725 7733 7734
f 7726 7734 7735
f 7727 7735 7736
f 7728 7736 7737
f 7729 7737 7738
f 2201 2202 7739
f 7731 7739 7740
f 7732 7740 7741
f 7733 7741 7742
f 7734 7742 7743
f 7735 7743 7744
f 7736 7744 7745
f 7737 7745 7746
f 2202 64 1331
f 7739 1331 1332
f 7740 1332 1333
f 7741 1333 1334
f 7742 1334 1335
f 7743 1335 1336
f 7744 1336 1337
f 7745 1337 1338
f 466 7754 2195
f 7754 7762 2196
f 7762 7770 2197
f 7770 7778 2198
f 7778 7786 2199
f 7786 7794 2200
f 7794 7802 2201
f 7802 7810 2202
f 61 2187 7747
f 459 7747 7748
f 460 7748 7749
f 461 7749 7750
f 462 7750 7751
f 463 7751 7752
f 464 7752 7753
f 465 7753 7754
f 2187 2188 7755
f 7747 7755 7756
f 7748 7756 7757
f 7749 7757 7758
f 7750 7758 7759
f 7751 7759 7760
f 7752 7760 7761
f 7753 7761 7762
f 2188 2189 7763
f 7755 7763 7764
f 7756 7764 7765
f 7757 7765 7766
f 7758 7766 7767
f 7759 7767 7768
f 7760 7768 7769
f 7761 7769 7770
f 2189 2190 7771
f 7763 7771 7772
f 7764 7772 7773
f 7765 7773 7774
f 7766 7774 7775
f 7767 7775 7776
f 7768 7776 7777
f 7769 7777 7778
f 2190 2191 7779
f 7771 7779 7780
f 7772 7780 7781
f 7773 7781 7782
f 7774 7782 7783
f 7775 7783 7784
f 7776 7784 7785
f 7777 7785 7786
f 2191 2192 7787
f 7779 7787 7788
f 7780 7788 7789
f 7781 7789 7790
f 7782 7790 7791
f 7783 7791 7792
f 7784 7792 7793
f 7785 7793 7794
f 2192 2193 7795
f 7787 7795 7796
f 7788 7796 7797
f 7789 7797 7798
f 7790 7798 7799
f 7791 7799 7800
f 7792 7800 7801
f 7793 7801 7802
f 2193 2194 7803
f 7795 7803 7804
f 7796 7804 7805
f 7797 7805 7806
f 7798 7806 7807
f 7799 7807 7808
f 7800 7808 7809
f 7801 7809 7810
f 2194 62 1323
f 7803 1323 1324
f 7804 1324 1325
f 7805 1325 1326
f 7806 1326 1327
f 7807 1327 1328
f 7808 1328 1329
f 7809 1329 1330
f 458 7818 2187
f 7818 7826 2188
f 7826 7834 2189
f 7834 7842 2190
f 7842 7850 2191
f 7850 7858 2192
f 7858 7866 2193
f 7866 7874 2194
f 59 2179 7811
f 451 7811 7812
f 452 7812 7813
f 453 7813 7814
f 454 7814 7815
f 455 7815 7816
f 456 7816 7817
f 457 7817 7818
f 2179 2180 7819
f 7811 7819 7820
f 7812 7820 7821
f 7813 7821 7822
f 7814 7822 7823
f 7815 7823 7824
f 7816 7824 7825
f 7817 7825 7826
f 2180 2181 7827
f 7819 7827 7828
f 7820 7828 7829
f 7821 7829 7830
f 7822 7830 7831
f 7823 7831 7832
f 7824 7832 7833
f 7825 7833 7834
f 2181 2182 7835
f 7827 7835 7836
f 7828 7836 7837
f 7829 7837 7838
f 7830 7838 7839
f 7831 7839 7840
f 7832 7840 7841
f 7833 7841 7842
f 2182 2183 7843
f 7835 7843 7844
f 7836 7844 7845
f 7837 7845 7846
f 7838 7846 7847
f 7839 7847 7848
f 7840 7848 7849
f 7841 7849 7850
f 2183 2184 7851
f 7843 7851 7852
f 7844 7852 7853
f 7845 7853 7854
f 7846 7854 7855
f 7847 7855 7856
f 7848 7856 7857
f 7849 7857 7858
f 2184 2185 7859
f 7851 7859 7860
f 7852 7860 7861
f 7853 7861 7862
f 7854 7862 7863
f 7855 7863 7864
f 7856 7864 7865
f 7857 7865 7866
f 2185 2186 7867
f 7859 7867 7868
f 7860 7868 7869
f 7861 7869 7870
f 7862 7870 7871
f 7863 7871 7872
f 7864 7872 7873
f 7865 7873 7874
f 2186 60 1315
f 7867 1315 1316
f 7868 1316 1317
f 7869 1317 1318
f 7870 1318 1319
f 7871 1319 1320
f 7872 1320 1321
f 7873 1321 1322
f 450 7882 2179
f 7882 7890 2180
f 7890 7898 2181
f 7898 7906 2182
f 7906 7914 2183
f 7914 7922 2184
f 7922 7930 2185
f 7930 7938 2186
f 57 2171 7875
f 443 7875 7876
f 444 7876 7877
f 445 7877 7878
f 446 7878 7879
f 447 7879 7880
f 448 7880 7881
f 449 7881 7882
f 2171 2172 7883
f 7875 7883 7884
f 7876 7884 7885
f 7877 7885 7886
f 7878 7886 7887
f 7879 7887 7888
f 7880 7888 7889
f 7881 7889 7890
f 2172 2173 7891
f 7883 7891 7892
f 7884 7892 7893
f 7885 7893 7894
f 7886 7894 7895
f 7887 7895 7896
f 7888 7896 7897
f 7889 7897 7898
f 2173 2174 7899
f 7891 7899 7900
f 7892 7900 7901
f 7893 7901 7902
f 7894 7902 7903
f 7895 7903 7904
f 7896 7904 7905
f 7897 7905 7906
f 2174 2175 7907
f 7899 7907 7908
f 7900 7908 7909
f 7901 7909 7910
f 7902 7910 7911
f 7903 7911 7912
f 7904 7912 7913
f 7905 7913 7914
f 2175 2176 7915
f 7907 7915 7916
f 7908 7916 7917
f 7909 7917 7918
f 7910 7918 7919
f 7911 7919 7920
f 7912 7920 7921
f 7913 7921 7922
f 2176 2177 7923
f 7915 7923 7924
f 7916 7924 7925
f 7917 7925 7926
f 7918 7926 7927
f 7919 7927 7928
f 7920 7928 7929
f 7921 7929 7930
f 2177 2178 7931
f 7923 7931 7932
f 7924 7932 7933
f 7925 7933 7934
f 7926 7934 7935
f 7927 7935 7936
f 7928 7936 7937
f 7929 7937 7938
f 2178 58 1307
f 7931 1307 1308
f 7932 1308 1309
f 7933 1309 1310
f 7934 1310 1311
f 7935 1311 1312
f 7936 1312 1313
f 7937 1313 1314
f 442 7946 2171
f 7946 7954 2172
f 7954 7962 2173
f 7962 7970 2174
f 7970 7978 2175
f 7978 7986 2176
f 7986 7994 2177
f 7994 8002 2178
f 55 2163 7939
f 435 7939 7940
f 436 7940 7941
f 437 7941 7942
f 438 7942 7943
f 439 7943 7944
f 440 7944 7945
f 441 7945 7946
f 2163 2164 7947
f 7939 7947 7948
f 7940 7948 7949
f 7941 7949 7950
f 7942 7950 7951
f 7943 7951 7952
f 7944 7952 7953
f 7945 7953 7954
f 2164 2165 7955
f 7947 7955 7956
f 7948 7956 7957
f 7949 7957 7958
f 7950 7958 7959
f 7951 7959 7960
f 7952 7960 7961
f 7953 7961 7962
f 2165 2166 7963
f 7955 7963 7964
f 7956 7964 7965
f 7957 7965 7966
f 7958 7966 7967
f 7959 7967 7968
f 7960 7968 7969
f 7961 7969 7970
f 2166 2167 7971
f 7963 7971 7972
f 7964 7972 7973
f 7965 7973 7974
f 7966 7974 7975
f 7967 7975 7976
f 7968 7976 7977
f 7969 7977 7978
f 2167 2168 7979
f 7971 7979 7980
f 7972 7980 7981
f 7973 7981 7982
f 7974 7982 7983
f 7975 7983 7984
f 7976 7984 7985
f 7977 7985 7986
f 2168 2169 7987
f 7979 7987 7988
f 7980 7988 7989
f 7981 7989 7990
f 7982 7990 7991
f 7983 7991 7992
f 7984 7992 7993
f 7985 7993 7994
f 2169 2170 7995
f 7987 7995 7996
f 7988 7996 7997
f 7989 7997 7998
f 7990 7998 7999
f 7991 7999 8000
f 7992 8000 8001
f 7993 8001 8002
f 2170 56 1299
f 7995 1299 1300
f 7996 1300 1301
f 7997 1301 1302
f 7998 1302 1303
f 7999 1303 1304
f 8000 1304 1305
f 8001 1305 1306
f 434 8010 2163
f 8010 8018 2164
f 8018 8026 2165
f 8026 8034 2166
f 8034 8042 2167
f 8042 8050 2168
f 8050 8058 2169
f 8058 8066 2170
f 53 2155 8003
f 427 8003 8004
f 428 8004 8005
f 429 8005 8006
f 430 8006 8007
f 431 8007 8008
f 432 8008 8009
f 433 8009 8010
f 2155 2156 8011
f 8003 8011 8012
f 8004 8012 8013
f 8005 8013 8014
f 8006 8014 8015
f 8007 8015 8016
f 8008 8016 8017
f 8009 8017 8018
f 2156 2157 8019
f 8011 8019 8020
f 8012 8020 8021
f 8013 8021 8022
f 8014 8022 8023
f 8015 8023 8024
f 8016 8024 8025
f 8017 8025 8026
f 2157 2158 8027
f 8019 8027 8028
f 8020 8028 8029
f 8021 8029 8030
f 8022 8030 8031
f 8023 8031 8032
f 8024 8032 8033
f 8025 8033 8034
f 2158 2159 8035
f 8027 8035 8036
f 8028 8036 8037
f 8029 8037 8038
f 8030 8038 8039
f 8031 8039 8040
f 8032 8040 8041
f 8033 8041 8042
f 2159 2160 8043
f 8035 8043 8044
f 8036 8044 8045
f 8037 8045 8046
f 8038 8046 8047
f 8039 8047 8048
f 8040 8048 8049
f 8041 8049 8050
f 2160 2161 8051
f 8043 8051 8052
f 8044 8052 8053
f 8045 8053 8054
f 8046 8054 8055
f 8047 8055 8056
f 8048 8056 8057
f 8049 8057 8058
f 2161 2162 8059
f 8051 8059 8060
f 8052 8060 8061
f 8053 8061 8062
f 8054 8062 8063
f 8055 8063 8064
f 8056 8064 8065
f 8057 8065 8066
f 2162 54 1291
f 8059 1291 1292
f 8060 1292 1293
f 8061 1293 1294
f 8062 1294 1295
f 8063 1295 1296
f 8064 1296 1297
f 8065 1297 1298
f 426 8074 2155
f 8074 8082 2156
f 8082 8090 2157
f 8090 8098 2158
f 8098 8106 2159
f 8106 8114 2160
f 8114 8122 2161
f 8122 8130 2162
f 51 2147 8067
f 419 8067 8068
f 420 8068 8069
f 421 8069 8070
f 422 8070 8071
f 423 8071 8072
f 424 8072 8073
f 425 8073 8074
f 2147 2148 8075
f 8067 8075 8076
f 8068 8076 8077
f 8069 8077 8078
f 8070 8078 8079
f 8071 8079 8080
f 8072 8080 8081
f 8073 8081 8082
f 2148 2149 8083
f 8075 8083 8084
f 8076 8084 8085
f 8077 8085 8086
f 8078 8086 8087
f 8079 8087 8088
f 8080 8088 8089
f 8081 8089 8090
f 2149 2150 8091
f 8083 8091 8092
f 8084 8092 8093
f 8085 8093 8094
f 8086 8094 8095
f 8087 8095 8096
f 8088 8096 8097
f 8089 8097 8098
f 2150 2151 8099
f 8091 8099 8100
f 8092 8100 8101
f 8093 8101 8102
f 8094 8102 8103
f 8095 8103 8104
f 8096 8104 8105
f 8097 8105 8106
f 2151 2152 8107
f 8099 8107 8108
f 8100 8108 8109
f 8101 8109 8110
f 8102 8110 8111
f 8103 8111 8112
f 8104 8112 8113
f 8105 8113 8114
f 2152 2153 8115
f 8107 8115 8116
f 8108 8116 8117
f 8109 8117 8118
f 8110 8118 8119
f 8111 8119 8120
f 8112 8120 8121
f 8113 8121 8122
f 2153 2154 8123
f 8115 8123 8124
f 8116 8124 8125
f 8117 8125 8126
f 8118 8126 8127
f 8119 8127 8128
f 8120 8128 8129
f 8121 8129 8130
f 2154 52 1283
f 8123 1283 1284
f 8124 1284 1285
f 8125 1285 1286
f 8126 1286 1287
f 8127 1287 1288
f 8128 1288 1289
f 8129 1289 1290
f 418 8138 2147
f 8138 8146 2148
f 8146 8154 2149
f 8154 8162 2150
f 8162 8170 2151
f 8170 8178 2152
f 8178 8186 2153
f 8186 8194 2154
f 49 2139 8131
f 411 8131 8132
f 412 8132 8133
f 413 8133 8134
f 414 8134 8135
f 415 8135 8136
f 416 8136 8137
f 417 8137 8138
f 2139 2140 8139
f 8131 8139 8140
f 8132 8140 8141
f 8133 8141 8142
f 8134 8142 8143
f 8135 8143 8144
f 8136 8144 8145
f 8137 8145 8146
f 2140 2141 8147
f 8139 8147 8148
f 8140 8148 8149
f 8141 8149 8150
f 8142 8150 8151
f 8143 8151 8152
f 8144 8152 8153
f 8145 8153 8154
f 2141 2142 8155
f 8147 8155 8156
f 8148 8156 8157
f 8149 8157 8158
f 8150 8158 8159
f 8151 8159 8160
f 8152 8160 8161
f 8153 8161 8162
f 2142 2143 8163
f 8155 8163 8164
f 8156 8164 8165
f 8157 8165 8166
f 8158 8166 8167
f 8159 8167 8168
f 8160 8168 8169
f 8161 8169 8170
f 2143 2144 8171
f 8163 8171 8172
f 8164 8172 8173
f 8165 8173 8174
f 8166 8174 8175
f 8167 8175 8176
f 8168 8176 8177
f 8169 8177 8178
f 2144 2145 8179
f 8171 8179 8180
f 8172 8180 8181
f 8173 8181 8182
f 8174 8182 8183
f 8175 8183 8184
f 8176 8184 8185
f 8177 8185 8186
f 2145 2146 8187
f 8179 8187 8188
f 8180 8188 8189
f 8181 8189 8190
f 8182 8190 8191
f 8183 8191 8192
f 8184 8192 8193
f 8185 8193 8194
f 2146 50 1275
f 8187 1275 1276
f 8188 1276 1277
f 8189 1277 1278
f 8190 1278 1279
f 8191 1279 1280
f 8192 1280 1281
f 8193 1281 1282
f 410 8202 2139
f 8202 8210 2140
f 8210 8218 2141
f 8218 8226 2142
f 8226 8234 2143
f 8234 8242 2144
f 8242 8250 2145
f 8250 8258 2146
f 47 2131 8195
f 403 8195 8196
f 404 8196 8197
f 405 8197 8198
f 406 8198 8199
f 407 8199 8200
f 408 8200 8201
f 409 8201 8202
f 2131 2132 8203
f 8195 8203 8204
f 8196 8204 8205
f 8197 8205 8206
f 8198 8206 8207
f 8199 8207 8208
f 8200 8208 8209
f 8201 8209 8210
f 2132 2133 8211
f 8203 8211 8212
f 8204 8212 8213
f 8205 8213 8214
f 8206 8214 8215
f 8207 8215 8216
f 8208 8216 8217
f 8209 8217 8218
f 2133 2134 8219
f 8211 8219 8220
f 8212 8220 8221
f 8213 8221 8222
f 8214 8222 8223
f 8215 8223 8224
f 8216 8224 8225
f 8217 8225 8226
f 2134 2135 8227
f 8219 8227 8228
f 8220 8228 8229
f 8221 8229 8230
f 8222 8230 8231
f 8223 8231 8232
f 8224 8232 8233
f 8225 8233 8234
f 2135 2136 8235
f 8227 8235 8236
f 8228 8236 8237
f 8229 8237 8238
f 8230 8238 8239
f 8231 8239 8240
f 8232 8240 8241
f 8233 8241 8242
f 2136 2137 8243
f 8235 8243 8244
f 8236 8244 8245
f 8237 8245 8246
f 8238 8246 8247
f 8239 8247 8248
f 8240 8248 8249
f 8241 8249 8250
f 2137 2138 8251
f 8243 8251 8252
f 8244 8252 8253
f 8245 8253 8254
f 8246 8254 8255
f 8247 8255 8256
f 8248 8256 8257
f 8249 8257 8258
f 2138 48 1267
f 8251 1267 1268
f 8252 1268 1269
f 8253 1269 1270
f 8254 1270 1271
f 8255 1271 1272
f 8256 1272 1273
f 8257 1273 1274
f 402 8266 2131
f 8266 8274 2132
f 8274 8282 2133
f 8282 8290 2134
f 8290 8298 2135
f 8298 8306 2136
f 8306 8314 2137
f 8314 8322 2138
f 45 2123 8259
f 395 8259 8260
f 396 8260 8261
f 397 8261 8262
f 398 8262 8263
f 399 8263 8264
f 400 8264 8265
f 401 8265 8266
f 2123 2124 8267
f 8259 8267 8268
f 8260 8268 8269
f 8261 8269 8270
f 8262 8270 8271
f 8263 8271 8272
f 8264 8272 8273
f 8265 8273 8274
f 2124 2125 8275
f 8267 8275 8276
f 8268 8276 8277
f 8269 8277 8278
f 8270 8278 8279
f 8271 8279 8280
f 8272 8280 8281
f 8273 8281 8282
f 2125 2126 8283
f 8275 8283 8284
f 8276 8284 8285
f 8277 8285 8286
f 8278 8286 8287
f 8279 8287 8288
f 8280 8288 8289
f 8281 8289 8290
f 2126 2127 8291
f 8283 8291 8292
f 8284 8292 8293
f 8285 8293 8294
f 8286 8294 8295
f 8287 8295 8296
f 8288 8296 8297
f 8289 8297 8298
f 2127 2128 8299
f 8291 8299 8300
f 8292 8300 8301
f 8293 8301 8302
f 8294 8302 8303
f 8295 8303 8304
f 8296 8304 8305
f 8297 8305 8306
f 2128 2129 8307
f 8299 8307 8308
f 8300 8308 8309
f 8301 8309 8310
f 8302 8310 8311
f 8303 8311 8312
f 8304 8312 8313
f 8305 8313 8314
f 2129 2130 8315
f 8307 8315 8316
f 8308 8316 8317
f 8309 8317 8318
f 8310 8318 8319
f 8311 8319 8320
f 8312 8320 8321
f 8313 8321 8322
f 2130 46 1259
f 8315 1259 1260
f 8316 1260 1261
f 8317 1261 1262
f 8318 1262 1263
f 8319 1263 1264
f 8320 1264 1265
f 8321 1265 1266
f 394 8330 2123
f 8330 8338 2124
f 8338 8346 2125
f 8346 8354 2126
f 8354 8362 2127
f 8362 8370 2128
f 8370 8378 2129
f 8378 8386 2130
f 43 2115 8323
f 387 8323 8324
f 388 8324 8325
f 389 8325 8326
f 390 8326 8327
f 391 8327 8328
f 392 8328 8329
f 393 8329 8330
f 2115 2116 8331
f 8323 8331 8332
f 8324 8332 8333
f 8325 8333 8334
f 8326 8334 8335
f 8327 8335 8336
f 8328 8336 8337
f 8329 8337 8338
f 2116 2117 8339
f 8331 8339 8340
f 8332 8340 8341
f 8333 8341 8342
f 8334 8342 8343
f 8335 8343 8344
f 8336 8344 8345
f 8337 8345 8346
f 2117 2118 8347
f 8339 8347 8348
f 8340 8348 8349
f 8341 8349 8350
f 8342 8350 8351
f 8343 8351 8352
f 8344 8352 8353
f 8345 8353 8354
f 2118 2119 8355
f 8347 8355 8356
f 8348 8356 8357
f 8349 8357 8358
f 8350 8358 8359
f 8351 8359 8360
f 8352 8360 8361
f 8353 8361 8362
f 2119 2120 8363
f 8355 8363 8364
f 8356 8364 8365
f 8357 8365 8366
f 8358 8366 8367
f 8359 8367 8368
f 8360 8368 8369
f 8361 8369 8370
f 2120 2121 8371
f 8363 8371 8372
f 8364 8372 8373
f 8365 8373 8374
f 8366 8374 8375
f 8367 8375 8376
f 8368 8376 8377
f 8369 8377 8378
f 2121 2122 8379
f 8371 8379 8380
f 8372 8380 8381
f 8373 8381 8382
f 8374 8382 8383
f 8375 8383 8384
f 8376 8384 8385
f 8377 8385 8386
f 2122 44 1251
f 8379 1251 1252
f 8380 1252 1253
f 8381 1253 1254
f 8382 1254 1255
f 8383 1255 1256
f 8384 1256 1257
f 8385 1257 1258
f 386 8394 2115
f 8394 8402 2116
f 8402 8410 2117
f 8410 8418 2118
f 8418 8426 2119
f 8426 8434 2120
f 8434 8442 2121
f 8442 8450 2122
f 41 2107 8387
f 379 8387 8388
f 380 8388 8389
f 381 8389 8390
f 382 8390 8391
f 383 8391 8392
f 384 8392 8393
f 385 8393 8394
f 2107 2108 8395
f 8387 8395 8396
f 8388 8396 8397
f 8389 8397 8398
f 8390 8398 8399
f 8391 8399 8400
f 8392 8400 8401
f 8393 8401 8402
f 2108 2109 8403
f 8395 8403 8404
f 8396 8404 8405
f 8397 8405 8406
f 8398 8406 8407
f 8399 8407 8408
f 8400 8408 8409
f 8401 8409 8410
f 2109 2110 8411
f 8403 8411 8412
f 8404 8412 8413
f 8405 8413 8414
f 8406 8414 8415
f 8407 8415 8416
f 8408 8416 8417
f 8409 8417 8418
f 2110 2111 8419
f 8411 8419 8420
f 8412 8420 8421
f 8413 8421 8422
f 8414 8422 8423
f 8415 8423 8424
f 8416 8424 8425
f 8417 8425 8426
f 2111 2112 8427
f 8419 8427 8428
f 8420 8428 8429
f 8421 8429 8430
f 8422 8430 8431
f 8423 8431 8432
f 8424 8432 8433
f 8425 8433 8434
f 2112 2113 8435
f 8427 8435 8436
f 8428 8436 8437
f 8429 8437 8438
f 8430 8438 8439
f 8431 8439 8440
f 8432 8440 8441
f 8433 8441 8442
f 2113 2114 8443
f 8435 8443 8444
f 8436 8444 8445
f 8437 8445 8446
f 8438 8446 8447
f 8439 8447 8448
f 8440 8448 8449
f 8441 8449 8450
f 2114 42 1243
f 8443 1243 1244
f 8444 1244 1245
f 8445 1245 1246
f 8446 1246 1247
f 8447 1247 1248
f 8448 1248 1249
f 8449 1249 1250
f 378 8458 2107
f 8458 8466 2108
f 8466 8474 2109
f 8474 8482 2110
f 8482 8490 2111
f 8490 8498 2112
f 8498 8506 2113
f 8506 8514 2114
f 39 2099 8451
f 371 8451 8452
f 372 8452 8453
f 373 8453 8454
f 374 8454 8455
f 375 8455 8456
f 376 8456 8457
f 377 8457 8458
f 2099 2100 8459
f 8451 8459 8460
f 8452 8460 8461
f 8453 8461 8462
f 8454 8462 8463
f 8455 8463 8464
f 8456 8464 8465
f 8457 8465 8466
f 2100 2101 8467
f 8459 8467 8468
f 8460 8468 8469
f 8461 8469 8470
f 8462 8470 8471
f 8463 8471 8472
f 8464 8472 8473
f 8465 8473 8474
f 2101 2102 8475
f 8467 8475 8476
f 8468 8476 8477
f 8469 8477 8478
f 8470 8478 8479
f 8471 8479 8480
f 8472 8480 8481
f 8473 8481 8482
f 2102 2103 8483
f 8475 8483 8484
f 8476 8484 8485
f 8477 8485 8486
f 8478 8486 8487
f 8479 8487 8488
f 8480 8488 8489
f 8481 8489 8490
f 2103 2104 8491
f 8483 8491 8492
f 8484 8492 8493
f 8485 8493 8494
f 8486 8494 8495
f 8487 8495 8496
f 8488 8496 8497
f 8489 8497 8498
f 2104 2105 8499
f 8491 8499 8500
f 8492 8500 8501
f 8493 8501 8502
f 8494 8502 8503
f 8495 8503 8504
f 8496 8504 8505
f 8497 8505 8506
f 2105 2106 8507
f 8499 8507 8508
f 8500 8508 8509
f 8501 8509 8510
f 8502 8510 8511
f 8503 8511 8512
f 8504 8512 8513
f 8505 8513 8514
f 2106 40 1235
f 8507 1235 1236
f 8508 1236 1237
f 8509 1237 1238
f 8510 1238 1239
f 8511 1239 1240
f 8512 1240 1241
f 8513 1241 1242
f 370 8522 2099
f 8522 8530 2100
f 8530 8538 2101
f 8538 8546 2102
f 8546 8554 2103
f 8554 8562 2104
f 8562 8570 2105
f 8570 8578 2106
f 37 2091 8515
f 363 8515 8516
f 364 8516 8517
f 365 8517 8518
f 366 8518 8519
f 367 8519 8520
f 368 8520 8521
f 369 8521 8522
f 2091 2092 8523
f 8515 8523 8524
f 8516 8524 8525
f 8517 8525 8526
f 8518 8526 8527
f 8519 8527 8528
f 8520 8528 8529
f 8521 8529 8530
f 2092 2093 8531
f 8523 8531 8532
f 8524 8532 8533
f 8525 8533 8534
f 8526 8534 8535
f 8527 8535 8536
f 8528 8536 8537
f 8529 8537 8538
f 2093 2094 8539
f 8531 8539 8540
f 8532 8540 8541
f 8533 8541 8542
f 8534 8542 8543
f 8535 8543 8544
f 8536 8544 8545
f 8537 8545 8546
f 2094 2095 8547
f 8539 8547 8548
f 8540 8548 8549
f 8541 8549 8550
f 8542 8550 8551
f 8543 8551 8552
f 8544 8552 8553
f 8545 8553 8554
f 2095 2096 8555
f 8547 8555 8556
f 8548 8556 8557
f 8549 8557 8558
f 8550 8558 8559
f 8551 8559 8560
f 8552 8560 8561
f 8553 8561 8562
f 2096 2097 8563
f 8555 8563 8564
f 8556 8564 8565
f 8557 8565 8566
f 8558 8566 8567
f 8559 8567 8568
f 8560 8568 8569
f 8561 8569 8570
f 2097 2098 8571
f 8563 8571 8572
f 8564 8572 8573
f 8565 8573 8574
f 8566 8574 8575
f 8567 8575 8576
f 8568 8576 8577
f 8569 8577 8578
f 2098 38 1227
f 8571 1227 1228
f 8572 1228 1229
f 8573 1229 1230
f 8574 1230 1231
f 8575 1231 1232
f 8576 1232 1233
f 8577 1233 1234
f 362 8586 2091
f 8586 8594 2092
f 8594 8602 2093
f 8602 8610 2094
f 8610 8618 2095
f 8618 8626 2096
f 8626 8634 2097
f 8634 8642 2098
f 35 2083 8579
f 355 8579 8580
f 356 8580 8581
f 357 8581 8582
f 358 8582 8583
f 359 8583 8584
f 360 8584 8585
f 361 8585 8586
f 2083 2084 8587
f 8579 8587 8588
f 8580 8588 8589
f 8581 8589 8590
f 8582 8590 8591
f 8583 8591 8592
f 8584 8592 8593
f 8585 8593 8594
f 2084 2085 8595
f 8587 8595 8596
f 8588 8596 8597
f 8589 8597 8598
f 8590 8598 8599
f 8591 8599 8600
f 8592 8600 8601
f 8593 8601 8602
f 2085 2086 8603
f 8595 8603 8604
f 8596 8604 8605
f 8597 8605 8606
f 8598 8606 8607
f 8599 8607 8608
f 8600 8608 8609
f 8601 8609 8610
f 2086 2087 8611
f 8603 8611 8612
f 8604 8612 8613
f 8605 8613 8614
f 8606 8614 8615
f 8607 8615 8616
f 8608 8616 8617
f 8609 8617 8618
f 2087 2088 8619
f 8611 8619 8620
f 8612 8620 8621
f 8613 8621 8622
f 8614 8622 8623
f 8615 8623 8624
f 8616 8624 8625
f 8617 8625 8626
f 2088 2089 8627
f 8619 8627 8628
f 8620 8628 8629
f 8621 8629 8630
f 8622 8630 8631
f 8623 8631 8632
f 8624 8632 8633
f 8625 8633 8634
f 2089 2090 8635
f 8627 8635 8636
f 8628 8636 8637
f 8629 8637 8638
f 8630 8638 8639
f 8631 8639 8640
f 8632 8640 8641
f 8633 8641 8642
f 2090 36 1219
f 8635 1219 1220
f 8636 1220 1221
f 8637 1221 1222
f 8638 1222 1223
f 8639 1223 1224
f 8640 1224 1225
f 8641 1225 1226
f 354 8650 2083
f 8650 8658 2084
f 8658 8666 2085
f 8666 8674 2086
f 8674 8682 2087
f 8682 8690 2088
f 8690 8698 2089
f 8698 8706 2090
f 33 2075 8643
f 347 8643 8644
f 348 8644 8645
f 349 8645 8646
f 350 8646 8647
f 351 8647 8648
f 352 8648 8649
f 353 8649 8650
f 2075 2076 8651
f 8643 8651 8652
f 8644 8652 8653
f 8645 8653 8654
f 8646 8654 8655
f 8647 8655 8656
f 8648 8656 8657
f 8649 8657 8658
f 2076 2077 8659
f 8651 8659 8660
f 8652 8660 8661
f 8653 8661 8662
f 8654 8662 8663
f 8655 8663 8664
f 8656 8664 8665
f 8657 8665 8666
f 2077 2078 8667
f 8659 8667 8668
f 8660 8668 8669
f 8661 8669 8670
f 8662 8670 8671
f 8663 8671 8672
f 8664 8672 8673
f 8665 8673 8674
f 2078 2079 8675
f 8667 8675 8676
f 8668 8676 8677
f 8669 8677 8678
f 8670 8678 8679
f 8671 8679 8680
f 8672 8680 8681
f 8673 8681 8682
f 2079 2080 8683
f 8675 8683 8684
f 8676 8684 8685
f 8677 8685 8686
f 8678 8686 8687
f 8679 8687 8688
f 8680 8688 8689
f 8681 8689 8690
f 2080 2081 8691
f 8683 8691 8692
f 8684 8692 8693
f 8685 8693 8694
f 8686 8694 8695
f 8687 8695 8696
f 8688 8696 8697
f 8689 8697 8698
f 2081 2082 8699
f 8691 8699 8700
f 8692 8700 8701
f 8693 8701 8702
f 8694 8702 8703
f 8695 8703 8704
f 8696 8704 8705
f 8697 8705 8706
f 2082 34 1211
f 8699 1211 1212
f 8700 1212 1213
f 8701 1213 1214
f 8702 1214 1215
f 8703 1215 1216
f 8704 1216 1217
f 8705 1217 1218
f 346 8714 2075
f 8714 8722 2076
f 8722 8730 2077
f 8730 8738 2078
f 8738 8746 2079
f 8746 8754 2080
f 8754 8762 2081
f 8762 8770 2082
f 31 2067 8707
f 339 8707 8708
f 340 8708 8709
f 341 8709 8710
f 342 8710 8711
f 343 8711 8712
f 344 8712 8713
f 345 8713 8714
f 2067 2068 8715
f 8707 8715 8716
f 8708 8716 8717
f 8709 8717 8718
f 8710 8718 8719
f 8711 8719 8720
f 8712 8720 8721
f 8713 8721 8722
f 2068 2069 8723
f 8715 8723 8724
f 8716 8724 8725
f 8717 8725 8726
f 8718 8726 8727
f 8719 8727 8728
f 8720 8728 8729
f 8721 8729 8730
f 2069 2070 8731
f 8723 8731 8732
f 8724 8732 8733
f 8725 8733 8734
f 8726 8734 8735
f 8727 8735 8736
f 8728 8736 8737
f 8729 8737 8738
f 2070 2071 8739
f 8731 8739 8740
f 8732 8740 8741
f 8733 8741 8742
f 8734 8742 8743
f 8735 8743 8744
f 8736 8744 8745
f 8737 8745 8746
f 2071 2072 8747
f 8739 8747 8748
f 8740 8748 8749
f 8741 8749 8750
f 8742 8750 8751
f 8743 8751 8752
f 8744 8752 8753
f 8745 8753 8754
f 2072 2073 8755
f 8747 8755 8756
f 8748 8756 8757
f 8749 8757 8758
f 8750 8758 8759
f 8751 8759 8760
f 8752 8760 8761
f 8753 8761 8762
f 2073 2074 8763
f 8755 8763 8764
f 8756 8764 8765
f 8757 8765 8766
f 8758 8766 8767
f 8759 8767 8768
f 8760 8768 8769
f 8761 8769 8770
f 2074 32 1203
f 8763 1203 1204
f 8764 1204 1205
f 8765 1205 1206
f 8766 1206 1207
f 8767 1207 1208
f 8768 1208 1209
f 8769 1209 1210
f 338 8778 2067
f 8778 8786 2068
f 8786 8794 2069
f 8794 8802 2070
f 8802 8810 2071
f 8810 8818 2072
f 8818 8826 2073
f 8826 8834 2074
f 29 2059 8771
f 331 8771 8772
f 332 8772 8773
f 333 8773 8774
f 334 8774 8775
f 335 8775 8776
f 336 8776 8777
f 337 8777 8778
f 2059 2060 8779
f 8771 8779 8780
f 8772 8780 8781
f 8773 8781 8782
f 8774 8782 8783
f 8775 8783 8784
f 8776 8784 8785
f 8777 8785 8786
f 2060 2061 8787
f 8779 8787 8788
f 8780 8788 8789
f 8781 8789 8790
f 8782 8790 8791
f 8783 8791 8792
f 8784 8792 8793
f 8785 8793 8794
f 2061 2062 8795
f 8787 8795 8796
f 8788 8796 8797
f 8789 8797 8798
f 8790 8798 8799
f 8791 8799 8800
f 8792 8800 8801
f 8793 8801 8802
f 2062 2063 8803
f 8795 8803 8804
f 8796 8804 8805
f 8797 8805 8806
f 8798 8806 8807
f 8799 8807 8808
f 8800 8808 8809
f 8801 8809 8810
f 2063 2064 8811
f 8803 8811 8812
f 8804 8812 8813
f 8805 8813 8814
f 8806 8814 8815
f 8807 8815 8816
f 8808 8816 8817
f 8809 8817 8818
f 2064 2065 8819
f 8811 8819 8820
f 8812 8820 8821
f 8813 8821 8822
f 8814 8822 8823
f 8815 8823 8824
f 8816 8824 8825
f 8817 8825 8826
f 2065 2066 8827
f 8819 8827 8828
f 8820 8828 8829
f 8821 8829 8830
f 8822 8830 8831
f 8823 8831 8832
f 8824 8832 8833
f 8825 8833 8834
f 2066 30 1195
f 8827 1195 1196
f 8828 1196 1197
f 8829 1197 1198
f 8830 1198 1199
f 8831 1199 1200
f 8832 1200 1201
f 8833 1201 1202
f 330 8842 2059
f 8842 8850 2060
f 8850 8858 2061
f 8858 8866 2062
f 8866 8874 2063
f 8874 8882 2064
f 8882 8890 2065
f 8890 8898 2066
f 27 2051 8835
f 323 8835 8836
f 324 8836 8837
f 325 8837 8838
f 326 8838 8839
f 327 8839 8840
f 328 8840 8841
f 329 8841 8842
f 2051 2052 8843
f 8835 8843 8844
f 8836 8844 8845
f 8837 8845 8846
f 8838 8846 8847
f 8839 8847 8848
f 8840 8848 8849
f 8841 8849 8850
f 2052 2053 8851
f 8843 8851 8852
f 8844 8852 8853
f 8845 8853 8854
f 8846 8854 8855
f 8847 8855 8856
f 8848 8856 8857
f 8849 8857 8858
f 2053 2054 8859
f 8851 8859 8860
f 8852 8860 8861
f 8853 8861 8862
f 8854 8862 8863
f 8855 8863 8864
f 8856 8864 8865
f 8857 8865 8866
f 2054 2055 8867
f 8859 8867 8868
f 8860 8868 8869
f 8861 8869 8870
f 8862 8870 8871
f 8863 8871 8872
f 8864 8872 8873
f 8865 8873 8874
f 2055 2056 8875
f 8867 8875 8876
f 8868 8876 8877
f 8869 8877 8878
f 8870 8878 8879
f 8871 8879 8880
f 8872 8880 8881
f 8873 8881 8882
f 2056 2057 8883
f 8875 8883 8884
f 8876 8884 8885
f 8877 8885 8886
f 8878 8886 8887
f 8879 8887 8888
f 8880 8888 8889
f 8881 8889 8890
f 2057 2058 8891
f 8883 8891 8892
f 8884 8892 8893
f 8885 8893 8894
f 8886 8894 8895
f 8887 8895 8896
f 8888 8896 8897
f 8889 8897 8898
f 2058 28 1187
f 8891 1187 1188
f 8892 1188 1189
f 8893 1189 1190
f 8894 1190 1191
f 8895 1191 1192
f 8896 1192 1193
f 8897 1193 1194
f 322 8906 2051
f 8906 8914 2052
f 8914 8922 2053
f 8922 8930 2054
f 8930 8938 2055
f 8938 8946 2056
f 8946 8954 2057
f 8954 8962 2058
f 25 2043 8899
f 315 8899 8900
f 316 8900 8901
f 317 8901 8902
f 318 8902 8903
f 319 8903 8904
f 320 8904 8905
f 321 8905 8906
f 2043 2044 8907
f 8899 8907 8908
f 8900 8908 8909
f 8901 8909 8910
f 8902 8910 8911
f 8903 8911 8912
f 8904 8912 8913
f 8905 8913 8914
f 2044 2045 8915
f 8907 8915 8916
f 8908 8916 8917
f 8909 8917 8918
f 8910 8918 8919
f 8911 8919 8920
f 8912 8920 8921
f 8913 8921 8922
f 2045 2046 8923
f 8915 8923 8924
f 8916 8924 8925
f 8917 8925 8926
f 8918 8926 8927
f 8919 8927 8928
f 8920 8928 8929
f 8921 8929 8930
f 2046 2047 8931
f 8923 8931 8932
f 8924 8932 8933
f 8925 8933 8934
f 8926 8934 8935
f 8927 8935 8936
f 8928 8936 8937
f 8929 8937 8938
f 2047 2048 8939
f 8931 8939 8940
f 8932 8940 8941
f 8933 8941 8942
f 8934 8942 8943
f 8935 8943 8944
f 8936 8944 8945
f 8937 8945 8946
f 2048 2049 8947
f 8939 8947 8948
f 8940 8948 8949
f 8941 8949 8950
f 8942 8950 8951
f 8943 8951 8952
f 8944 8952 8953
f 8945 8953 8954
f 2049 2050 8955
f 8947 8955 8956
f 8948 8956 8957
f 8949 8957 8958
f 8950 8958 8959
f 8951 8959 8960
f 8952 8960 8961
f 8953 8961 8962
f 2050 26 1179
f 8955 1179 1180
f 8956 1180 1181
f 8957 1181 1182
f 8958 1182 1183
f 8959 1183 1184
f 8960 1184 1185
f 8961 1185 1186
f 314 8970 2043
f 8970 8978 2044
f 8978 8986 2045
f 8986 8994 2046
f 8994 9002 2047
f 9002 9010 2048
f 9010 9018 2049
f 9018 9026 2050
f 23 2035 8963
f 307 8963 8964
f 308 8964 8965
f 309 8965 8966
f 310 8966 8967
f 311 8967 8968
f 312 8968 8969
f 313 8969 8970
f 2035 2036 8971
f 8963 8971 8972
f 8964 8972 8973
f 8965 8973 8974
f 8966 8974 8975
f 8967 8975 8976
f 8968 8976 8977
f 8969 8977 8978
f 2036 2037 8979
f 8971 8979 8980
f 8972 8980 8981
f 8973 8981 8982
f 8974 8982 8983
f 8975 8983 8984
f 8976 8984 8985
f 8977 8985 8986
f 2037 2038 8987
f 8979 8987 8988
f 8980 8988 8989
f 8981 8989 8990
f 8982 8990 8991
f 8983 8991 8992
f 8984 8992 8993
f 8985 8993 8994
f 2038 2039 8995
f 8987 8995 8996
f 8988 8996 8997
f 8989 8997 8998
f 8990 8998 8999
f 8991 8999 9000
f 8992 9000 9001
f 8993 9001 9002
f 2039 2040 9003
f 8995 9003 9004
f 8996 9004 9005
f 8997 9005 9006
f 8998 9006 9007
f 8999 9007 9008
f 9000 9008 9009
f 9001 9009 9010
f 2040 2041 9011
f 9003 9011 9012
f 9004 9012 9013
f 9005 9013 9014
f 9006 9014 9015
f 9007 9015 9016
f 9008 9016 9017
f 9009 9017 9018
f 2041 2042 9019
f 9011 9019 9020
f 9012 9020 9021
f 9013 9021 9022
f 9014 9022 9023
f 9015 9023 9024
f 9016 9024 9025
f 9017 9025 9026
f 2042 24 1171
f 9019 1171 1172
f 9020 1172 1173
f 9021 1173 1174
f 9022 1174 1175
f 9023 1175 1176
f 9024 1176 1177
f 9025 1177 1178
f 306 9034 2035
f 9034 9042 2036
f 9042 9050 2037
f 9050 9058 2038
f 9058 9066 2039
f 9066 9074 2040
f 9074 9082 2041
f 9082 9090 2042
f 21 2027 9027
f 299 9027 9028
f 300 9028 9029
f 301 9029 9030
f 302 9030 9031
f 303 9031 9032
f 304 9032 9033
f 305 9033 9034
f 2027 2028 9035
f 9027 9035 9036
f 9028 9036 9037
f 9029 9037 9038
f 9030 9038 9039
f 9031 9039 9040
f 9032 9040 9041
f 9033 9041 9042
f 2028 2029 9043
f 9035 9043 9044
f 9036 9044 9045
f 9037 9045 9046
f 9038 9046 9047
f 9039 9047 9048
f 9040 9048 9049
f 9041 9049 9050
f 2029 2030 9051
f 9043 9051 9052
f 9044 9052 9053
f 9045 9053 9054
f 9046 9054 9055
f 9047 9055 9056
f 9048 9056 9057
f 9049 9057 9058
f 2030 2031 9059
f 9051 9059 9060
f 9052 9060 9061
f 9053 9061 9062
f 9054 9062 9063
f 9055 9063 9064
f 9056 9064 9065
f 9057 9065 9066
f 2031 2032 9067
f 9059 9067 9068
f 9060 9068 9069
f 9061 9069 9070
f 9062 9070 9071
f 9063 9071 9072
f 9064 9072 9073
f 9065 9073 9074
f 2032 2033 9075
f 9067 9075 9076
f 9068 9076 9077
f 9069 9077 9078
f 9070 9078 9079
f 9071 9079 9080
f 9072 9080 9081
f 9073 9081 9082
f 2033 2034 9083
f 9075 9083 9084
f 9076 9084 9085
f 9077 9085 9086
f 9078 9086 9087
f 9079 9087 9088
f 9080 9088 9089
f 9081 9089 9090
f 2034 22 1163
f 9083 1163 1164
f 9084 1164 1165
f 9085 1165 1166
f 9086 1166 1167
f 9087 1167 1168
f 9088 1168 1169
f 9089 1169 1170
f 298 9098 2027
f 9098 9106 2028
f 9106 9114 2029
f 9114 9122 2030
f 9122 9130 2031
f 9130 9138 2032
f 9138 9146 2033
f 9146 9154 2034
f 19 2019 9091
f 291 9091 9092
f 292 9092 9093
f 293 9093 9094
f 294 9094 9095
f 295 9095 9096
f 296 9096 9097
f 297 9097 9098
f 2019 2020 9099
f 9091 9099 9100
f 9092 9100 9101
f 9093 9101 9102
f 9094 9102 9103
f 9095 9103 9104
f 9096 9104 9105
f 9097 9105 9106
f 2020 2021 9107
f 9099 9107 9108
f 9100 9108 9109
f 9101 9109 9110
f 9102 9110 9111
f 9103 9111 9112
f 9104 9112 9113
f 9105 9113 9114
f 2021 2022 9115
f 9107 9115 9116
f 9108 9116 9117
f 9109 9117 9118
f 9110 9118 9119
f 9111 9119 9120
f 9112 9120 9121
f 9113 9121 9122
f 2022 2023 9123
f 9115 9123 9124
f 9116 9124 9125
f 9117 9125 9126
f 9118 9126 9127
f 9119 9127 9128
f 9120 9128 9129
f 9121 9129 9130
f 2023 2024 9131
f 9123 9131 9132
f 9124 9132 9133
f 9125 9133 9134
f 9126 9134 9135
f 9127 9135 9136
f 9128 9136 9137
f 9129 9137 9138
f 2024 2025 9139
f 9131 9139 9140
f 9132 9140 9141
f 9133 9141 9142
f 9134 9142 9143
f 9135 9143 9144
f 9136 9144 9145
f 9137 9145 9146
f 2025 2026 9147
f 9139 9147 9148
f 9140 9148 9149
f 9141 9149 9150
f 9142 9150 9151
f 9143 9151 9152
f 9144 9152 9153
f 9145 9153 9154
f 2026 20 1155
f 9147 1155 1156
f 9148 1156 1157
f 9149 1157 1158
f 9150 1158 1159
f 9151 1159 1160
f 9152 1160 1161
f 9153 1161 1162
f 290 9162 2019
f 9162 9170 2020
f 9170 9178 2021
f 9178 9186 2022
f 9186 9194 2023
f 9194 9202 2024
f 9202 9210 2025
f 9210 9218 2026
f 17 2011 9155
f 283 9155 9156
f 284 9156 9157
f 285 9157 9158
f 286 9158 9159
f 287 9159 9160
f 288 9160 9161
f 289 9161 9162
f 2011 2012 9163
f 9155 9163 9164
f 9156 9164 9165
f 9157 9165 9166
f 9158 9166 9167
f 9159 9167 9168
f 9160 9168 9169
f 9161 9169 9170
f 2012 2013 9171
f 9163 9171 9172
f 9164 9172 9173
f 9165 9173 9174
f 9166 9174 9175
f 9167 9175 9176
f 9168 9176 9177
f 9169 9177 9178
f 2013 2014 9179
f 9171 9179 9180
f 9172 9180 9181
f 9173 9181 9182
f 9174 9182 9183
f 9175 9183 9184
f 9176 9184 9185
f 9177 9185 9186
f 2014 2015 9187
f 9179 9187 9188
f 9180 9188 9189
f 9181 9189 9190
f 9182 9190 9191
f 9183 9191 9192
f 9184 9192 9193
f 9185 9193 9194
f 2015 2016 9195
f 9187 9195 9196
f 9188 9196 9197
f 9189 9197 9198
f 9190 9198 9199
f 9191 9199 9200
f 9192 9200 9201
f 9193 9201 9202
f 2016 2017 9203
f 9195 9203 9204
f 9196 9204 9205
f 9197 9205 9206
f 9198 9206 9207
f 9199 9207 9208
f 9200 9208 9209
f 9201 9209 9210
f 2017 2018 9211
f 9203 9211 9212
f 9204 9212 9213
f 9205 9213 9214
f 9206 9214 9215
f 9207 9215 9216
f 9208 9216 9217
f 9209 9217 9218
f 2018 18 1147
f 9211 1147 1148
f 9212 1148 1149
f 9213 1149 1150
f 9214 1150 1151
f 9215 1151 1152
f 9216 1152 1153
f 9217 1153 1154
f 282 9226 2011
f 9226 9234 2012
f 9234 9242 2013
f 9242 9250 2014
f 9250 9258 2015
f 9258 9266 2016
f 9266 9274 2017
f 9274 9282 2018
f 15 2003 9219
f 275 9219 9220
f 276 9220 9221
f 277 9221 9222
f 278 9222 9223
f 279 9223 9224
f 280 9224 9225
f 281 9225 9226
f 2003 2004 9227
f 9219 9227 9228
f 9220 9228 9229
f 9221 9229 9230
f 9222 9230 9231
f 9223 9231 9232
f 9224 9232 9233
f 9225 9233 9234
f 2004 2005 9235
f 9227 9235 9236
f 9228 9236 9237
f 9229 9237 9238
f 9230 9238 9239
f 9231 9239 9240
f 9232 9240 9241
f 9233 9241 9242
f 2005 2006 9243
f 9235 9243 9244
f 9236 9244 9245
f 9237 9245 9246
f 9238 9246 9247
f 9239 9247 9248
f 9240 9248 9249
f 9241 9249 9250
f 2006 2007 9251
f 9243 9251 9252
f 9244 9252 9253
f 9245 9253 9254
f 9246 9254 9255
f 9247 9255 9256
f 9248 9256 9257
f 9249 9257 9258
f 2007 2008 9259
f 9251 9259 9260
f 9252 9260 9261
f 9253 9261 9262
f 9254 9262 9263
f 9255 9263 9264
f 9256 9264 9265
f 9257 9265 9266
f 2008 2009 9267
f 9259 9267 9268
f 9260 9268 9269
f 9261 9269 9270
f 9262 9270 9271
f 9263 9271 9272
f 9264 9272 9273
f 9265 9273 9274
f 2009 2010 9275
f 9267 9275 9276
f 9268 9276 9277
f 9269 9277 9278
f 9270 9278 9279
f 9271 9279 9280
f 9272 9280 9281
f 9273 9281 9282
f 2010 16 1139
f 9275 1139 1140
f 9276 1140 1141
f 9277 1141 1142
f 9278 1142 1143
f 9279 1143 1144
f 9280 1144 1145
f 9281 1145 1146
f 274 9290 2003
f 9290 9298 2004
f 9298 9306 2005
f 9306 9314 2006
f 9314 9322 2007
f 9322 9330 2008
f 9330 9338 2009
f 9338 9346 2010
f 13 1995 9283
f 267 9283 9284
f 268 9284 9285
f 269 9285 9286
f 270 9286 9287
f 271 9287 9288
f 272 9288 9289
f 273 9289 9290
f 1995 1996 9291
f 9283 9291 9292
f 9284 9292 9293
f 9285 9293 9294
f 9286 9294 9295
f 9287 9295 9296
f 9288 9296 9297
f 9289 9297 9298
f 1996 1997 9299
f 9291 9299 9300
f 9292 9300 9301
f 9293 9301 9302
f 9294 9302 9303
f 9295 9303 9304
f 9296 9304 9305
f 9297 9305 9306
f 1997 1998 9307
f 9299 9307 9308
f 9300 9308 9309
f 9301 9309 9310
f 9302 9310 9311
f 9303 9311 9312
f 9304 9312 9313
f 9305 9313 9314
f 1998 1999 9315
f 9307 9315 9316
f 9308 9316 9317
f 9309 9317 9318
f 9310 9318 9319
f 9311 9319 9320
f 9312 9320 9321
f 9313 9321 9322
f 1999 2000 9323
f 9315 9323 9324
f 9316 9324 9325
f 9317 9325 9326
f 9318 9326 9327
f 9319 9327 9328
f 9320 9328 9329
f 9321 9329 9330
f 2000 2001 9331
f 9323 9331 9332
f 9324 9332 9333
f 9325 9333 9334
f 9326 9334 9335
f 9327 9335 9336
f 9328 9336 9337
f 9329 9337 9338
f 2001 2002 9339
f 9331 9339 9340
f 9332 9340 9341
f 9333 9341 9342
f 9334 9342 9343
f 9335 9343 9344
f 9336 9344 9345
f 9337 9345 9346
f 2002 14 1131
f 9339 1131 1132
f 9340 1132 1133
f 9341 1133 1134
f 9342 1134 1135
f 9343 1135 1136
f 9344 1136 1137
f 9345 1137 1138
f 266 9354 1995
f 9354 9362 1996
f 9362 9370 1997
f 9370 9378 1998
f 9378 9386 1999
f 9386 9394 2000
f 9394 9402 2001
f 9402 9410 2002
f 11 1987 9347
f 259 9347 9348
f 260 9348 9349
f 261 9349 9350
f 262 9350 9351
f 263 9351 9352
f 264 9352 9353
f 265 9353 9354
f 1987 1988 9355
f 9347 9355 9356
f 9348 9356 9357
f 9349 9357 9358
f 9350 9358 9359
f 9351 9359 9360
f 9352 9360 9361
f 9353 9361 9362
f 1988 1989 9363
f 9355 9363 9364
f 9356 9364 9365
f 9357 9365 9366
f 9358 9366 9367
f 9359 9367 9368
f 9360 9368 9369
f 9361 9369 9370
f 1989 1990 9371
f 9363 9371 9372
f 9364 9372 9373
f 9365 9373 9374
f 9366 9374 9375
f 9367 9375 9376
f 9368 9376 9377
f 9369 9377 9378
f 1990 1991 9379
f 9371 9379 9380
f 9372 9380 9381
f 9373 9381 9382
f 9374 9382 9383
f 9375 9383 9384
f 9376 9384 9385
f 9377 9385 9386
f 1991 1992 9387
f 9379 9387 9388
f 9380 9388 9389
f 9381 9389 9390
f 9382 9390 9391
f 9383 9391 9392
f 9384 9392 9393
f 9385 9393 9394
f 1992 1993 9395
f 9387 9395 9396
f 9388 9396 9397
f 9389 9397 9398
f 9390 9398 9399
f 9391 9399 9400
f 9392 9400 9401
f 9393 9401 9402
f 1993 1994 9403
f 9395 9403 9404
f 9396 9404 9405
f 9397 9405 9406
f 9398 9406 9407
f 9399 9407 9408
f 9400 9408 9409
f 9401 9409 9410
f 1994 12 1123
f 9403 1123 1124
f 9404 1124 1125
f 9405 1125 1126
f 9406 1126 1127
f 9407 1127 1128
f 9408 1128 1129
f 9409 1129 1130
f 258 9418 1987
f 9418 9426 1988
f 9426 9434 1989
f 9434 9442 1990
f 9442 9450 1991
f 9450 9458 1992
f 9458 9466 1993
f 9466 9474 1994
f 9 1979 9411
f 251 9411 9412
f 252 9412 9413
f 253 9413 9414
f 254 9414 9415
f 255 9415 9416
f 256 9416 9417
f 257 9417 9418
f 1979 1980 9419
f 9411 9419 9420
f 9412 9420 9421
f 9413 9421 9422
f 9414 9422 9423
f 9415 9423 9424
f 9416 9424 9425
f 9417 9425 9426
f 1980 1981 9427
f 9419 9427 9428
f 9420 9428 9429
f 9421 9429 9430
f 9422 9430 9431
f 9423 9431 9432
f 9424 9432 9433
f 9425 9433 9434
f 1981 1982 9435
f 9427 9435 9436
f 9428 9436 9437
f 9429 9437 9438
f 9430 9438 9439
f 9431 9439 9440
f 9432 9440 9441
f 9433 9441 9442
f 1982 1983 9443
f 9435 9443 9444
f 9436 9444 9445
f 9437 9445 9446
f 9438 9446 9447
f 9439 9447 9448
f 9440 9448 9449
f 9441 9449 9450
f 1983 1984 9451
f 9443 9451 9452
f 9444 9452 9453
f 9445 9453 9454
f 9446 9454 9455
f 9447 9455 9456
f 9448 9456 9457
f 9449 9457 9458
f 1984 1985 9459
f 9451 9459 9460
f 9452 9460 9461
f 9453 9461 9462
f 9454 9462 9463
f 9455 9463 9464
f 9456 9464 9465
f 9457 9465 9466
f 1985 1986 9467
f 9459 9467 9468
f 9460 9468 9469
f 9461 9469 9470
f 9462 9470 9471
f 9463 9471 9472
f 9464 9472 9473
f 9465 9473 9474
f 1986 10 1115
f 9467 1115 1116
f 9468 1116 1117
f 9469 1117 1118
f 9470 1118 1119
f 9471 1119 1120
f 9472 1120 1121
f 9473 1121 1122
f 250 9482 1979
f 9482 9490 1980
f 9490 9498 1981
f 9498 9506 1982
f 9506 9514 1983
f 9514 9522 1984
f 9522 9530 1985
f 9530 9538 1986
f 7 1971 9475
f 243 9475 9476
f 244 9476 9477
f 245 9477 9478
f 246 9478 9479
f 247 9479 9480
f 248 9480 9481
f 249 9481 9482
f 1971 1972 9483
f 9475 9483 9484
f 9476 9484 9485
f 9477 9485 9486
f 9478 9486 9487
f 9479 9487 9488
f 9480 9488 9489
f 9481 9489 9490
f 1972 1973 9491
f 9483 9491 9492
f 9484 9492 9493
f 9485 9493 9494
f 9486 9494 9495
f 9487 9495 9496
f 9488 9496 9497
f 9489 9497 9498
f 1973 1974 9499
f 9491 9499 9500
f 9492 9500 9501
f 9493 9501 9502
f 9494 9502 9503
f 9495 9503 9504
f 9496 9504 9505
f 9497 9505 9506
f 1974 1975 9507
f 9499 9507 9508
f 9500 9508 9509
f 9501 9509 9510
f 9502 9510 9511
f 9503 9511 9512
f 9504 9512 9513
f 9505 9513 9514
f 1975 1976 9515
f 9507 9515 9516
f 9508 9516 9517
f 9509 9517 9518
f 9510 9518 9519
f 9511 9519 9520
f 9512 9520 9521
f 9513 9521 9522
f 1976 1977 9523
f 9515 9523 9524
f 9516 9524 9525
f 9517 9525 9526
f 9518 9526 9527
f 9519 9527 9528
f 9520 9528 9529
f 9521 9529 9530
f 1977 1978 9531
f 9523 9531 9532
f 9524 9532 9533
f 9525 9533 9534
f 9526 9534 9535
f 9527 9535 9536
f 9528 9536 9537
f 9529 9537 9538
f 1978 8 1107
f 9531 1107 1108
f 9532 1108 1109
f 9533 1109 1110
f 9534 1110 1111
f 9535 1111 1112
f 9536 1112 1113
f 9537 1113 1114
f 242 9546 1971
f 9546 9554 1972
f 9554 9562 1973
f 9562 9570 1974
f 9570 9578 1975
f 9578 9586 1976
f 9586 9594 1977
f 9594 9602 1978
f 5 1963 9539
f 235 9539 9540
f 236 9540 9541
f 237 9541 9542
f 238 9542 9543
f 239 9543 9544
f 240 9544 9545
f 241 9545 9546
f 1963 1964 9547
f 9539 9547 9548
f 9540 9548 9549
f 9541 9549 9550
f 9542 9550 9551
f 9543 9551 9552
f 9544 9552 9553
f 9545 9553 9554
f 1964 1965 9555
f 9547 9555 9556
f 9548 9556 9557
f 9549 9557 9558
f 9550 9558 9559
f 9551 9559 9560
f 9552 9560 9561
f 9553 9561 9562
f 1965 1966 9563
f 9555 9563 9564
f 9556 9564 9565
f 9557 9565 9566
f 9558 9566 9567
f 9559 9567 9568
f 9560 9568 9569
f 9561 9569 9570
f 1966 1967 9571
f 9563 9571 9572
f 9564 9572 9573
f 9565 9573 9574
f 9566 9574 9575
f 9567 9575 9576
f 9568 9576 9577
f 9569 9577 9578
f 1967 1968 9579
f 9571 9579 9580
f 9572 9580 9581
f 9573 9581 9582
f 9574 9582 9583
f 9575 9583 9584
f 9576 9584 9585
f 9577 9585 9586
f 1968 1969 9587
f 9579 9587 9588
f 9580 9588 9589
f 9581 9589 9590
f 9582 9590 9591
f 9583 9591 9592
f 9584 9592 9593
f 9585 9593 9594
f 1969 1970 9595
f 9587 9595 9596
f 9588 9596 9597
f 9589 9597 9598
f 9590 9598 9599
f 9591 9599 9600
f 9592 9600 9601
f 9593 9601 9602
f 1970 6 1099
f 9595 1099 1100
f 9596 1100 1101
f 9597 1101 1102
f 9598 1102 1103
f 9599 1103 1104
f 9600 1104 1105
f 9601 1105 1106
f 234 9610 1963
f 9610 9618 1964
f 9618 9626 1965
f 9626 9634 1966
f 9634 9642 1967
f 9642 9650 1968
f 9650 9658 1969
f 9658 9666 1970
f 3 1955 9603
f 227 9603 9604
f 228 9604 9605
f 229 9605 9606
f 230 9606 9607
f 231 9607 9608
f 232 9608 9609
f 233 9609 9610
f 1955 1956 9611
f 9603 9611 9612
f 9604 9612 9613
f 9605 9613 9614
f 9606 9614 9615
f 9607 9615 9616
f 9608 9616 9617
f 9609 9617 9618
f 1956 1957 9619
f 9611 9619 9620
f 9612 9620 9621
f 9613 9621 9622
f 9614 9622 9623
f 9615 9623 9624
f 9616 9624 9625
f 9617 9625 9626
f 1957 1958 9627
f 9619 9627 9628
f 9620 9628 9629
f 9621 9629 9630
f 9622 9630 9631
f 9623 9631 9632
f 9624 9632 9633
f 9625 9633 9634
f 1958 1959 9635
f 9627 9635 9636
f 9628 9636 9637
f 9629 9637 9638
f 9630 9638 9639
f 9631 9639 9640
f 9632 9640 9641
f 9633 9641 9642
f 1959 1960 9643
f 9635 9643 9644
f 9636 9644 9645
f 9637 9645 9646
f 9638 9646 9647
f 9639 9647 9648
f 9640 9648 9649
f 9641 9649 9650
f 1960 1961 9651
f 9643 9651 9652
f 9644 9652 9653
f 9645 9653 9654
f 9646 9654 9655
f 9647 9655 9656
f 9648 9656 9657
f 9649 9657 9658
f 1961 1962 9659
f 9651 9659 9660
f 9652 9660 9661
f 9653 9661 9662
f 9654 9662 9663
f 9655 9663 9664
f 9656 9664 9665
f 9657 9665 9666
f 1962 4 1091
f 9659 1091 1092
f 9660 1092 1093
f 9661 1093 1094
f 9662 1094 1095
f 9663 1095 1096
f 9664 1096 1097
f 9665 1097 1098
f 226 9674 1955
f 9674 9682 1956
f 9682 9690 1957
f 9690 9698 1958
f 9698 9706 1959
f 9706 9714 1960
f 9714 9722 1961
f 9722 9730 1962
f 1 1947 9667
f 219 9667 9668
f 220 9668 9669
f 221 9669 9670
f 222 9670 9671
f 223 9671 9672
f 224 9672 9673
f 225 9673 9674
f 1947 1948 9675
f 9667 9675 9676
f 9668 9676 9677
f 9669 9677 9678
f 9670 9678 9679
f 9671 9679 9680
f 9672 9680 9681
f 9673 9681 9682
f 1948 1949 9683
f 9675 9683 9684
f 9676 9684 9685
f 9677 9685 9686
f 9678 9686 9687
f 9679 9687 9688
f 9680 9688 9689
f 9681 9689 9690
f 1949 1950 9691
f 9683 9691 9692
f 9684 9692 9693
f 9685 9693 9694
f 9686 9694 9695
f 9687 9695 9696
f 9688 9696 9697
f 9689 9697 9698
f 1950 1951 9699
f 9691 9699 9700
f 9692 9700 9701
f 9693 9701 9702
f 9694 9702 9703
f 9695 9703 9704
f 9696 9704 9705
f 9697 9705 9706
f 1951 1952 9707
f 9699 9707 9708
f 9700 9708 9709
f 9701 9709 9710
f 9702 9710 9711
f 9703 9711 9712
f 9704 9712 9713
f 9705 9713 9714
f 1952 1953 9715
f 9707 9715 9716
f 9708 9716 9717
f 9709 9717 9718
f 9710 9718 9719
f 9711 9719 9720
f 9712 9720 9721
f 9713 9721 9722
f 1953 1954 9723
f 9715 9723 9724
f 9716 9724 9725
f 9717 9725 9726
f 9718 9726 9727
f 9719 9727 9728
f 9720 9728 9729
f 9721 9729 9730
f 1954 2 1083
f 9723 1083 1084
f 9724 1084 1085
f 9725 1085 1086
f 9726 1086 1087
f 9727 1087 1088
f 9728 1088 1089
f 9729 1089 1090
