$MeshFormat
2.2 0 8
$EndMeshFormat
$Nodes
3286
1 -0.9999894781410864 0.0002247514013264951 3.526328243713683e-07
2 -0.9969416975234529 -0.06107356487362134 -0.04233153683968089
3 -0.9968892425621499 -0.05913346417529774 0.04467719312767283
4 -0.9967542807063198 0.06332424201173566 -0.04382735707098444
5 -0.9968184077807523 0.06040441826387138 0.04391681399243766
6 -0.996717 0 -0.08096200000000001
7 -0.996717 1e-06 0.08096299999999999
8 -0.991057 -0.133439 0
9 -0.990579 -0.067556 -0.119123
10 -0.990579 -0.067555 0.119124
11 -0.990076 0.140536 0
12 -0.990075 0.069328 -0.122247
13 -0.9904205955456613 0.06862190948220274 0.118440707474225
14 -0.9876184047872942 -0.1329765500569544 -0.08166706506834233
15 -0.9867638563796151 -0.1396188234230738 0.07924055514073323
16 -0.9867342563578317 0.001880710893939088 -0.1617371225829107
17 -0.987059 2e-06 0.160356
18 -0.986715 0.140059 -0.08232200000000001
19 -0.9863930826184806 0.1439390509621648 0.07457373369797164
20 -0.980062624414501 -0.1909488117720457 -0.04740249377304218
21 -0.979974 -0.195408 0.038286
22 -0.9786603422132442 -0.1255091008912309 -0.1607307913024167
23 -0.979084 -0.131826 0.15497
24 -0.9783962791051232 -0.06672554055217572 -0.1955699709643704
25 -0.978315 -0.066718 0.196082
26 -0.97718 0.068425 -0.201091
27 -0.9770986519556152 0.06152398498763342 0.2022990918405252
28 -0.976835 0.138656 -0.162996
29 -0.9764734301404229 0.1366662281458628 0.1658662788888411
30 -0.976656 0.210804 -0.041301
31 -0.9766550022724714 0.210804 0.04111428704961786
32 -0.974279 -0.194273 -0.114188
33 -0.9704355558803268 -0.2124152300068676 0.1093084350035357
34 -0.9732035600706948 0.0002313340551856634 -0.228668665646246
35 -0.9732028304102396 0.0002328574000137472 0.2286689190395554
36 -0.970059 0.20938 -0.123067
37 -0.9690060966922341 0.2129677785730118 0.1238423374077607
38 -0.9705293599988517 -0.2382610831302502 -0.013043948601754
39 -0.964711 -0.129893 -0.229041
40 -0.964711 -0.129893 0.229041
41 -0.96454 -0.253227 -0.07442
42 -0.9654048280075875 -0.2498755332048192 0.07270445045883325
43 -0.963179 -0.19206 -0.188146
44 -0.9619552006694305 -0.1882633973158155 0.1962507050795585
45 -0.9591626702193699 0.1393109040238333 -0.2451807999577002
46 -0.9612549110703954 0.1312613350353489 0.2415064809689758
47 -0.9608953493088993 -0.06553218387341689 -0.2689581709117179
48 -0.9608356161853696 -0.06620854248417637 0.2689538082245014
49 -0.959966 0.280117 0
50 -0.9587734560036508 0.06791430535792642 -0.2758160542078411
51 -0.958747 0.067136 0.276219
52 -0.957257 0.206616 -0.202405
53 -0.9575834394507731 0.2025399280240694 0.2041011974541435
54 -0.9567290000000001 0.279173 -0.08204500000000001
55 -0.9567290000000001 0.279173 0.08204500000000001
56 -0.9536457956085174 -0.2625568304345839 -0.1442505916852408
57 -0.956626 -0.251149 0.147618
58 -0.9515240416946039 0.003236576382905166 -0.30709620769154
59 -0.951058 -0 0.309013
60 -0.950659 -0.308116 -0.03622
61 -0.950659 -0.308116 0.036221
62 -0.9497090770886967 0.2675593566612896 -0.1603056918398655
63 -0.9463979591829902 0.2718918702900215 0.1719232328474358
64 -0.946128 -0.197742 -0.256399
65 -0.9454695089777982 -0.1983103285271643 0.2580813517687688
66 -0.945709 -0.306512 0.108095
67 -0.944956 -0.13344 -0.298751
68 -0.9438780667594669 -0.1385978831340192 0.2990868798112603
69 -0.9422683209872276 -0.2524916900206108 -0.2186875229733201
70 -0.9419 -0.259031 0.213839
71 -0.940089 0.13344 -0.313729
72 -0.9397386929046719 0.1337565645622133 0.3145207130719095
73 -0.938971 0.202669 -0.277954
74 -0.9416594158729571 0.193126604744156 0.2742254197130441
75 -0.9362052817084316 -0.3384301891964882 -0.08842596522744477
76 -0.938002 -0.067134 -0.340066
77 -0.9382084203145542 -0.07319788648525646 0.3374807849108578
78 -0.937113 0.34664 -0.040749
79 -0.9371119999999999 0.34664 0.040749
80 -0.9340760835827218 0.0703149784002351 -0.3494825722285541
81 -0.9336204087385056 0.07299157285650715 0.3498957438026415
82 -0.9266479938416686 -0.3745848119073883 -0.012392708063672
83 -0.9336490741227483 -0.3133471935023579 -0.1727647350036024
84 -0.9337433082770179 -0.3131671733157087 0.1725439902102415
85 -0.932368808744561 0.2738278322986753 -0.2351167325510878
86 -0.931965 0.271947 0.239764
87 -0.9257104604173957 -0.3720856770080123 0.06132774673720039
88 -0.9320702184274299 0.3415110939185509 -0.1197731385819279
89 -0.9309500000000001 0.344361 0.121443
90 -0.9254352925331079 -0.00282402476495716 -0.3785655388776568
91 -0.9235980167811024 -0.005553377172833836 0.3826830779837525
92 -0.9235796944219647 -0.2028875793501944 -0.3250752088557245
93 -0.9199570326453426 -0.2025847212380424 0.3347233759224724
94 -0.9214115867318845 -0.2648880647987655 0.2840748818243219
95 -0.921507 -0.266063 -0.282904
96 -0.919847 -0.36974 -0.131048
97 -0.9193023449925092 -0.3683223618342617 0.1369965774140214
98 -0.91898 0.339933 -0.199803
99 -0.91898 0.339934 0.199803
100 -0.918856 -0.13641 -0.370265
101 -0.9134171309154511 -0.1408049395512477 0.3806167958363021
102 -0.9127253044726448 0.1969804444676637 -0.3571657275508076
103 -0.9141135975451371 0.1950567658298399 0.3547260365574047
104 -0.915098 0.129893 -0.381737
105 -0.915098 0.129893 0.381737
106 -0.916016338431765 -0.3219500666619817 -0.2386333881142471
107 -0.914838 -0.325682 0.238752
108 -0.7681068112669392 0.3811066115992631 0.1259732391354812
109 -0.911838 0.41055 -0
110 -0.9118039999999999 0.266063 -0.312769
111 -0.9135894066455162 0.2634646102148511 0.3090824397403233
112 -0.908902 0.409229 -0.080178
113 -0.908902 0.409229 0.080178
114 -0.9046333912366933 -0.06667495898259952 -0.4200633448262915
115 -0.9080721426474972 -0.06978480625654759 0.4127608100970285
116 -0.90673 0.06672 -0.4164
117 -0.9056660316998341 0.0555476368035725 0.419323680168363
118 -0.9032592891200157 -0.4278486303690762 0.004715113025310656
119 -0.903739 -0.380897 -0.195378
120 -0.903739 -0.380897 0.195378
121 -0.903599 -0.41839 -0.091975
122 -0.903598 -0.41839 0.091975
123 -0.901861 0.3336 -0.274513
124 -0.901912602741799 0.3410544745853931 0.2630726646618522
125 -0.900263 0.405338 -0.158831
126 -0.900263 0.405339 0.158831
127 -0.8971901729638931 -0.2636875035876604 -0.3533089809167931
128 -0.8894436888142659 -0.2788400882896944 0.36088582374407
129 -0.89341 -0.206617 -0.398908
130 -0.8895931861265822 -0.2099443451908848 0.4048275093294247
131 -0.8923070736978217 0.0101199994215241 -0.450420903558481
132 -0.8902766765207893 -0.01233400361890075 0.454209362530014
133 -0.890977 -0.3336 -0.30801
134 -0.890977 -0.3336 0.30801
135 -0.889821 0.192061 -0.413922
136 -0.889821 0.192061 0.413922
137 -0.8840907764119521 -0.4397395168156967 -0.1561325814031037
138 -0.8847364516995442 -0.4367803664602333 0.1605465979694206
139 -0.887707 0.259032 -0.380629
140 -0.887706 0.259034 0.38063
141 -0.8787568325390417 0.407600744569568 -0.2460728836532196
142 -0.8800448454065122 0.4103704985242679 0.2370728525103688
143 -0.886085 -0.138657 -0.442298
144 -0.886085 -0.138656 0.442298
145 -0.884942 -0.462445 -0.054976
146 -0.8861682813412058 0.1281519434454161 -0.4446444415867562
147 -0.883188 0.131828 0.450112
148 -0.8745677563369101 -0.3945069683519696 -0.2799231375891305
149 -0.8820430631697684 -0.394087022100708 0.257388351457245
150 -0.8774893761867339 0.4776853895753657 -0.02865715407123386
151 -0.8779318430616136 0.4768932989134435 0.03214829546396814
152 -0.8788931492181423 0.325485334671465 -0.3483153668701126
153 -0.880456 0.325684 0.344569
154 -0.8710301096010131 -0.482744748565993 0.08324512587667532
155 -0.876374 0.46704 -0.117648
156 -0.8760371649570617 0.4677432058840465 0.1170272884345634
157 -0.8720698986623059 -0.06524586577770837 -0.4846375289502007
158 -0.8734294066551666 -0.067570428849623 0.4820654472472245
159 -0.8735204940909921 0.06700959060785858 -0.4817793708021303
160 -0.8711265080832862 0.06272584354056975 0.4866096457155443
161 -0.8635276278349308 -0.4503304521288284 -0.2251369565788295
162 -0.8657279037121256 -0.4450485400663008 0.2275501556238969
163 -0.8641499659013807 0.3954832520607841 -0.3103693040657142
164 -0.871468650398452 0.3850274370505 0.3029774263826104
165 -0.8617245868433513 0.4655445967114933 -0.2001369454472396
166 -0.865787 0.461398 0.193712
167 -0.861803 -0.276396 -0.425324
168 -0.8589400188688705 -0.2750303451890906 0.4312958034185105
169 -0.8616264805837134 -0.506117713459546 0.02248086604121164
170 -0.860913 -0.339933 -0.378516
171 -0.8551288754316326 -0.3474675612676689 0.383653928283018
172 -0.8562403920615499 0.2483909416979303 -0.4521107321293153
173 -0.8562403266932241 0.2483909902060235 0.4521107714605749
174 -0.853150938334635 -0.2183128918334783 -0.472981473382299
175 -0.8562475251138092 -0.2197013423899152 0.4665709774411228
176 -0.8503608092773529 0.319291723950473 -0.4174264267435768
177 -0.8496042893955066 0.3226789959884395 0.4163001578356862
178 -0.8528702057177784 -0.5088194371941301 -0.1123080917456149
179 -0.8558316962148321 0.1883656499829307 -0.4812399618999206
180 -0.8528337235637895 0.2014804324603211 0.4811652386207
181 -0.8549909999999999 -0.399094 -0.331231
182 -0.8528608390071467 -0.4058331852499859 0.3276290102226891
183 -0.853952 0 -0.520352
184 -0.853952 -0 0.520352
185 -0.8512535527363765 -0.4895651617863159 -0.1868023200637622
186 -0.853204949799851 -0.4934661555521207 0.1672158588147189
187 -0.8513109128657445 0.5245492736698832 -5.616167253474913e-17
188 -0.8471357675550955 0.454715732210682 -0.2738415212419709
189 -0.8515429991016885 0.4523638963189378 0.2646822785048366
190 -0.8484387900785982 0.5243704337565376 -0.06733762761616421
191 -0.8482797459190231 0.5242721247034089 0.0721853590554653
192 -0.8466590000000001 -0.140059 -0.513374
193 -0.8466590000000001 -0.140059 0.513374
194 -0.8399052345847255 0.3872149155184366 -0.3793691701380708
195 -0.845982 0.3809 0.373136
196 -0.84529 0.133032 -0.517482
197 -0.84529 0.133032 0.517482
198 -0.8419316983968086 -0.4580108072530826 -0.28453614935441
199 -0.8463378803565444 -0.4532312582244369 0.2791019035088095
200 -0.840673 0.519571 -0.152694
201 -0.840673 0.519571 0.152694
202 -0.839181 -0.531071 0.117212
203 -0.8376914999999999 -0.542127 -0.057725
204 -0.8305502647516432 -0.5564771503174102 0.002480687568688063
205 -0.831545 0.44315 -0.334891
206 -0.831545 0.44315 0.334891
207 -0.8285098454942053 -0.5023772700784995 -0.2462637185021294
208 -0.8315025690675181 -0.4997439517601993 0.2420116340549794
209 -0.830476 -0.06979399999999999 0.552666
210 -0.830475 -0.06979399999999999 -0.552666
211 -0.8321124201606799 0.06403754173180282 -0.5504919147465206
212 -0.8298287565235616 0.06269831947284696 0.5540713032650602
213 -0.828684 0.512161 -0.225775
214 -0.832343492296218 0.5080971677608532 0.2201289698574445
215 -0.8285898746674442 0.2987133866355555 -0.4729193734296708
216 -0.828635 0.306514 0.468416
217 -0.8261407172497425 -0.338318511078154 -0.4499779582240207
218 -0.824537 -0.344361 0.448947
219 -0.8253847657557153 0.2511033415898247 -0.5054523165207359
220 -0.824075 0.253229 0.50673
221 -0.8227702753501958 -0.2749636213451826 -0.4970436216595907
222 -0.822236 -0.279173 0.495974
223 -0.8203773597157848 -0.4048376602867794 -0.4035091564311903
224 -0.820377359715785 -0.4048376602867794 0.4035091564311902
225 -0.820139 -0.569155 0.058606
226 -0.818363 -0.545579 -0.180622
227 -0.8206900668595151 -0.5384206259040912 0.1893029262967023
228 -0.815322 0.19541 -0.545037
229 -0.8209977690529766 0.1874834127882619 0.5384944046194357
230 -0.8135681025383852 0.580062507916052 -0.03127069014355503
231 -0.814681 0.578565 0.03946
232 -0.8173262277648771 -0.2052364831118039 -0.5378747975606762
233 -0.817326193778788 -0.2052363228262344 0.5378749125471589
234 -0.8118260095966819 -0.4603943307251689 -0.3583927928482193
235 -0.814299 -0.461398 0.352179
236 -0.812729 0.502301 -0.295238
237 -0.812729 0.502301 0.295238
238 -0.809654 0.574995 -0.117648
239 -0.809654 0.574995 0.117648
240 -0.8032839660552854 0.4379860275138915 0.4028931108612825
241 -0.809018 -0 -0.5877830000000001
242 -0.8104585029659332 -0.004574838987069609 0.5854301679856877
243 -0.8078745000000001 0.3637415 -0.462638
244 -0.8031459999999999 0.394068 0.445677
245 -0.803129 -0.5121599999999999 -0.304428
246 -0.803129 -0.5121599999999999 0.304428
247 -0.8074554727999098 0.1303865773156206 -0.5746574368282082
248 -0.8017840000000001 0.133441 0.582526
249 -0.801022 -0.58633 -0.120749
250 -0.8011638569806663 -0.586145470893861 0.1206167942108197
251 -0.8037905439593946 -0.1414059342547374 -0.5774741270271029
252 -0.8042435116848968 -0.1390857196883634 0.5773655607876149
253 -0.8003130032991072 0.5677166231187556 -0.192590386165244
254 -0.7986319078883479 0.5706500594200238 0.190183352702912
255 -0.797261 0.424879 -0.4275665
256 -0.796925 -0.604078 0
257 -0.7871094773135442 0.3540860445181988 0.5041191026950289
258 -0.793509 0.490422 -0.36032
259 -0.7875802821632222 -0.5599687673512866 -0.2558129106951505
260 -0.7875802821632221 -0.5599687673512869 0.2558129106951504
261 -0.7861632386935511 0.31053537610008 0.5338973037098717
262 -0.790391 0.308119 -0.529475
263 -0.7779030500928308 0.5660159795793955 -0.2713864697500738
264 -0.785844 0.558086 0.26644
265 -0.7839418473534197 0.07123249526824325 -0.616509061313116
266 -0.7842331565970402 0.05406301938617169 0.6172284571108827
267 -0.78264 0.4837045 0.390429
268 -0.776787450062706 0.2551008117073215 0.5752439511194245
269 -0.782073793563143 0.2550136167493773 -0.5685415386395739
270 -0.7824449999999999 -0.409229 -0.469374
271 -0.7824449999999999 -0.409229 0.469374
272 -0.7840849952123139 -0.0674287972153437 -0.6167065251778932
273 -0.7839659449423634 -0.06710677750936238 0.6168961674519264
274 -0.7806738925939362 -0.3448922803002287 -0.5208278667425345
275 -0.7806739898613908 -0.3448921514038417 0.5208278082032977
276 -0.7750117820899265 -0.6291310203213916 0.0538288614003272
277 -0.7832346489538796 -0.6190815501420347 -0.05095143813273725
278 -0.778154 -0.46704 -0.41994
279 -0.776676227756685 -0.4654448925448945 0.4239655202115987
280 -0.7787676382025563 -0.5958322894676481 -0.1944212232891522
281 -0.7787849756917923 -0.5958372366192025 0.194349411726505
282 -0.776629 -0.280118 -0.564253
283 -0.776629 -0.280118 0.564253
284 -0.774987 0.631977 -0
285 -0.772492 0.629942 -0.080177
286 -0.7720426048770143 0.6303967140710557 0.08056207317729039
287 -0.772777304933311 0.2015085243718378 -0.6013340324767346
288 -0.7668040330176142 0.2027913318095488 0.6085481292376904
289 -0.7722480490347103 -0.5175516072953528 -0.368030746349787
290 -0.771908903144861 -0.5132289525910854 0.3744057723152138
291 -0.7633694309880102 0.5479723980248674 -0.3411590875725852
292 -0.7682369999999999 0.545582 0.33489
293 -0.7730770791623478 -0.2076612022532384 -0.5985566169974803
294 -0.7710873562051862 -0.2083786087067654 0.6010620901612158
295 -0.7571086905584996 0.631330605787549 -0.1654024360575258
296 -0.765149 0.623954 0.158831
297 -0.7577080652334289 -0.5664085553976694 -0.3229449297109192
298 -0.7582726932296835 -0.5646135270935889 0.3245620408363016
299 -0.7541327865485665 0.5206780706239573 -0.399279074757504
300 -0.7658491082541564 0.4098656829390632 -0.4946542410279871
301 -0.759289 0.404643 0.509651
302 -0.7560707485846508 -0.006320447635867393 -0.6540441235113038
303 -0.7557164386159599 -0.007149163125202196 0.6543967121940903
304 -0.756749 -0.641857 -0.123894
305 -0.7549976990447655 -0.6432311712042206 0.1263469070759801
306 -0.755206 0.358623 -0.548683
307 -0.7534419999999999 -0.657515 0
308 -0.753368 0.133032 -0.644002
309 -0.753368 0.133032 0.644002
310 -0.7492343011947906 0.6185773822879547 -0.2356159074070437
311 -0.7527429554411381 0.6171243298087256 0.227921080172199
312 -0.7515085 0.333371 0.5683830000000001
313 -0.749881 -0.140059 -0.646577
314 -0.749881 -0.140059 0.646577
315 -0.748248 0.462449 0.475674
316 -0.7481834169510467 0.299711062785348 -0.591410370337131
317 -0.747367 -0.614341 -0.253036
318 -0.747367 -0.614341 0.253036
319 -0.737742 0.601604 -0.306283
320 -0.7364457417927609 0.6052069073358606 0.3014532426620074
321 -0.7399882658944353 -0.4179218097049076 -0.5261319838785172
322 -0.7399483567911832 -0.4180951402214969 0.5260428768499873
323 -0.7505771743130506 0.4758752909889943 -0.4571723193660258
324 -0.7350853370477802 -0.4722867792502284 -0.4861739583344925
325 -0.7350853370477803 -0.4722867792502282 0.4861739583344926
326 -0.736588 0.25323 -0.627147
327 -0.7350698491093054 0.2597909962565904 0.6258462002732442
328 -0.7398468651567938 0.5243895467824446 0.4202782707511487
329 -0.7354140774173654 -0.3495190813897923 -0.5801627288365839
330 -0.7353529002804571 -0.3466799537715697 0.5821571060377038
331 -0.73234 -0.678149 -0.061587
332 -0.7300055171623551 -0.6806126327769139 0.05947432968101141
333 -0.731419 -0.524174 -0.436197
334 -0.732731750391508 -0.5209936202405271 0.4374506120613078
335 -0.7362869434540136 0.05789495687159021 -0.6735612119388498
336 -0.731376 0.06755700000000001 0.67862
337 -0.729132 -0.069329 -0.680852
338 -0.729132 -0.069329 0.680852
339 -0.729128 0.683164 -0.040749
340 -0.729128 0.683164 0.040749
341 -0.7290450000000001 -0.657462 -0.19036
342 -0.7290450000000001 -0.657462 0.19036
343 -0.725784 -0.279174 -0.628728
344 -0.725784 -0.279174 0.628728
345 -0.7147499455019964 0.6859834063704139 -0.1319507994730059
346 -0.7201114575677612 0.6835164966773754 0.1167372348540221
347 -0.724178 -0.574994 -0.38072
348 -0.7218185721425031 -0.5721094854550123 0.3885633541185354
349 0.356656045417907 0.3566560454179069 0.3519615242270663
350 -0.7214765000000001 0.4259315 -0.5451765
351 -0.7237335081069176 0.1887382837827414 -0.6634402891136366
352 -0.72109 0.194275 0.665046
353 -0.7206442524384324 0.4118817822427048 0.5572240688895272
354 -0.7191551273218278 0.5827010968349535 -0.3779312849163297
355 -0.7097042562999349 0.5921806731896013 0.3805190495041464
356 -0.7061368180857347 0.6772375559589112 -0.2044877892912188
357 -0.7225358046440594 0.664876953219564 0.1861735228236336
358 -0.7187003364908098 -0.2111183162297422 -0.6618922768036983
359 -0.719728354236376 -0.2111662467129526 0.6606858433032686
360 -0.7136719190243069 -0.6253059051719291 -0.3148237343788538
361 -0.7136722191450898 -0.6253054173650512 0.3148241165180288
362 -0.7121499999999999 0.357741 -0.604039
363 -0.7069203954338793 0.3691732856843277 0.6026662641841917
364 -0.7008103187988274 -0.7013608182570986 0.1280200179893636
365 -0.6957363646488995 -0.7050292419449526 -0.1332805672471157
366 -0.7058451809845259 -0.0008102515622847861 -0.7082141246589827
367 -0.7052714173514133 -9.255907320125851e-05 0.7088552466775664
368 -0.7062542049045798 -0.707803420015978 0.0003255365829027742
369 -0.7031073705353948 0.6567952790401712 -0.2720456790167058
370 -0.7044535633195832 0.656113918411913 0.2697978059825198
371 -0.7028302195259818 0.2995655931637045 -0.6447954940617318
372 -0.7046042954183783 0.3054327314835009 0.6402441153032814
373 -0.701483 0.498175 -0.509651
374 -0.6998800951752765 0.4950455788665447 0.5145150490848195
375 -0.7017515141685277 0.1217725217753448 -0.7013757304758677
376 -0.7034366370186611 0.1270419582656119 0.6990257399991207
377 -0.706682731626879 0.5596494455595489 -0.4319000885935759
378 -0.6917320154098568 0.568949485216916 0.4439509222674927
379 -0.6959070000000001 -0.669943 -0.258631
380 -0.6959070000000001 -0.669943 0.258632
381 -0.694468 -0.138657 -0.706037
382 -0.6970649336828544 -0.1336274330465345 0.7041220991070978
383 -0.690209 -0.469941 -0.550243
384 -0.690209 -0.469941 0.550243
385 -0.6881890000000001 -0.525736 -0.499997
386 -0.6903483407441754 -0.5246455414811887 0.4978936944447349
387 -0.6911451579016443 -0.4119827238698907 -0.5932950606363252
388 -0.6911446067374377 -0.4119825020002996 0.5932947946189083
389 -0.687159 0.251152 -0.681715
390 -0.687159 0.251152 0.681715
391 -0.685046 0.641861 -0.344568
392 -0.6868539328654728 0.6391465620065991 0.3456547726955136
393 -0.6822859999999999 -0.578565 -0.446932
394 -0.6817161697846916 -0.5782970469253966 0.4480276329800768
395 -0.68177 -0.344362 0.64545
396 -0.681769 -0.344362 -0.64545
397 -0.6802935 0.440421 0.5850770000000001
398 -0.6799008705889941 0.7332135920727134 -0.001538035146574288
399 -0.679501 -0.730992 -0.06268700000000001
400 -0.6816329030628929 -0.7289861214766165 0.06051268492425885
401 -0.677556 0.730881 -0.08204500000000001
402 -0.677556 0.730881 0.08204500000000001
403 -0.6822255245293571 0.4101429562344183 -0.6047669574432813
404 -0.6734737875815351 0.05716561831601201 -0.736478682475702
405 -0.6734735739347815 0.05716555890414681 0.7364787624846045
406 -0.6827342516223995 0.5460268428135227 -0.4848461648703081
407 -0.6748102106070613 -0.7100047208928455 -0.1999774614877957
408 -0.6747451492986255 -0.7103532127324172 0.1991351938488304
409 -0.6769399186336824 -0.06339961363452781 -0.7328515394992532
410 -0.6769400505905746 -0.06339966974295802 0.7328514053641673
411 -0.6688897230510975 -0.6328637531926523 -0.389543899399953
412 -0.669168128531004 -0.6329281857291743 0.3889407491963335
413 -0.6708190000000001 -0.276397 -0.688191
414 -0.6713796500342193 -0.2770692241877547 0.6872893802619676
415 -0.670817 0.723611 -0.162457
416 -0.670817 0.723611 0.162457
417 -0.6633942364946654 0.1916942724900807 -0.7229645780242618
418 -0.668639 0.192062 0.718356
419 -0.6660632791908556 0.3670888062299134 -0.6491108786343227
420 -0.667145 0.369743 0.646689
421 -0.6698522346420005 0.6191291033955026 -0.4092893702212179
422 -0.6550891915006487 0.6273851759995063 0.4198181231206229
423 -0.6644277986231349 0.4655452965089905 -0.5837146058085535
424 -0.6555427392868154 0.7142040452582918 -0.2442102640054014
425 -0.660018 0.711962 0.239763
426 -0.6565653014668359 0.5667736878461337 0.4963597283732305
427 -0.6580416352627979 0.5088043993428103 0.5545543788364015
428 -0.656811655093462 -0.6795155695609124 -0.3267135581886945
429 -0.657382 -0.678669 0.327501
430 -0.655464 -0.206618 -0.726413
431 -0.655464 -0.206618 0.726413
432 -0.6567623313997102 0.3120023406520793 -0.686231063034043
433 -0.653718 0.316537 0.687355
434 -0.6495220267008338 -0.7481623857355708 -0.1338249010952423
435 -0.6462344930319214 -0.7513547322327838 0.1318914458704555
436 -0.649456 -0.760399 0
437 -0.6506759503829294 -0.002979003852696241 -0.7590135097100698
438 -0.6535356456544285 -0.003348967151470607 0.75637703218303
439 -0.6458390000000001 0.129894 -0.752342
440 -0.6422767453327072 0.1284379003185862 0.7553769020490217
441 -0.647881327755771 0.6932442040464883 -0.3151510970824225
442 -0.6528118212849654 0.6874166821902686 0.3169859868702355
443 -0.644726 0.604082 -0.468415
444 -0.6453559696485552 -0.5258411193748282 -0.5534897926469331
445 -0.6453560396419444 -0.525841189307759 0.5534895978811174
446 -0.6398470000000001 -0.467041 -0.610302
447 -0.6398470000000001 -0.467041 0.610301
448 -0.6374484453235529 -0.7263152977923493 -0.2559568184987197
449 -0.6397456827533784 -0.7254533950442765 0.2520927436302658
450 -0.6354968100055312 0.2657073604675376 -0.7245718808149784
451 -0.6365294834731666 0.2649442283317953 0.7239830396053035
452 -0.636087 -0.136411 -0.759464
453 -0.6362280109610219 -0.1279235204175652 0.7603644082918516
454 -0.635898 -0.578565 -0.51078
455 -0.635897 -0.578565 0.51078
456 -0.6349669999999999 -0.40534 -0.65766
457 -0.634966 -0.40534 0.65766
458 -0.6412962579372895 0.5167084251803209 -0.5662079058254822
459 -0.62906 0.431366 -0.646689
460 -0.6330833828548716 0.439599303297797 0.6365383767193473
461 -0.629059 0.569159 -0.529474
462 -0.622802344955754 0.5712257791892164 0.5341718161727986
463 -0.6363703943490289 0.6681814299484483 -0.3843535020144014
464 -0.628675 0.678152 0.380628
465 -0.6206175577758534 -0.6363287803917796 -0.4574807259390195
466 -0.6190920171986026 -0.6373071789109629 0.4580368200096226
467 -0.6238184012941672 -0.3333725176890079 -0.7064531701366213
468 -0.6238189266667316 -0.3333724244382738 0.7064527907415057
469 -0.6161913881288008 0.786080321910764 -0.0379721518651526
470 -0.6118826684951212 0.7891414887255482 0.03936177082332389
471 -0.622290263758664 0.510745684454223 0.5923328349999173
472 -0.6167139196142413 0.777070095335519 0.1239052067580687
473 -0.6189510638397719 0.7758170391528758 -0.1214672421665049
474 -0.6220369880607378 -0.7805139270163548 -0.05977722992452188
475 -0.617929226207134 -0.7838598247794751 0.05593848640873721
476 -0.619766350045409 0.05320171515484477 0.7823987705737837
477 -0.6198352066673349 0.05085704882522461 -0.7824100767209348
478 -0.616302 0.3809 -0.689266
479 -0.6154597079337074 0.3791937754153867 0.6908247056273853
480 -0.6163513203083005 -0.7598888497908873 -0.2048197913689246
481 -0.6133548989343547 -0.7613640342460956 0.2077757869038247
482 -0.6104341501027307 0.2063642203349468 -0.7642785874262478
483 -0.6139329428298627 0.2031631806720664 0.7624689149661459
484 -0.6155348514692757 -0.6808571410067207 -0.3965868766301892
485 -0.61383 -0.683163 0.395603
486 -0.6202183069512572 -0.05597851741138645 -0.781806631337039
487 -0.6172769202525834 -0.0577950250518079 0.784143114210798
488 -0.613042 -0.271948 -0.74177
489 -0.6143638929996253 -0.2729772240454043 0.7401575916620097
490 -0.612896 0.7638 -0.202405
491 -0.6118426042899281 0.7624872141436916 0.209202227460242
492 -0.617268300761019 0.6477453999463794 -0.4456554642557239
493 -0.6101484267241969 0.6478790117863419 0.4549440702755306
494 -0.5966689627074981 0.7516128858486049 -0.2804384010522648
495 -0.6031329447139634 0.7442215577115934 0.2856979978932906
496 -0.5961516690182672 0.3219195505237831 -0.7351441912359203
497 -0.5986450632811576 0.3205020287548748 0.7337994326132824
498 -0.6018249499174866 -0.7284155433604967 -0.3264079810681891
499 -0.5985301888010894 -0.7304538115507856 0.3284550658904903
500 -0.5960493299136094 -0.2105831334724632 -0.7744164742976534
501 -0.5969386771666204 -0.2112830096582757 0.7735117574266812
502 -0.5884196771029621 0.6271163222057299 -0.5098270075481695
503 -0.595028 0.623834 0.506728
504 -0.5903659999999999 -0.519572 -0.617668
505 -0.5903659999999999 -0.519572 0.617668
506 -0.589689 -0.80763 0
507 -0.5836512997111121 0.1314738206110193 0.800948858730875
508 -0.5844619725892154 0.1320586341976017 -0.8003188211862045
509 -0.587898 0.490422 -0.643321
510 -0.587898 0.490422 0.643321
511 -0.587786 -0 -0.809017
512 -0.587786 0 0.809017
513 -0.588384342139784 -0.7973183471943286 -0.1332849180494729
514 -0.586809300923715 -0.7986856636578368 0.1323608014363075
515 -0.586573 0.730995 -0.348681
516 -0.586573 0.730995 0.348681
517 -0.5872721823971816 -0.4592891896132003 -0.6663072127163814
518 -0.5872720441464151 -0.4592893723312289 0.6663072061882434
519 -0.5882386534833939 -0.5734642255884179 -0.5699689919639038
520 -0.585871 -0.574995 0.571082
521 -0.577821747165043 0.2714399316390845 0.7694033988426946
522 -0.5768075144012398 0.2751111926479012 -0.7686814779409772
523 -0.579224 -0.399096 -0.710789
524 -0.579224 -0.399096 0.710789
525 -0.577832 -0.629943 -0.5189240000000001
526 -0.5714424203618583 -0.6374475516363266 0.51601984891533
527 -0.577066 0.586334 -0.568513
528 -0.5794135241982252 0.5809221260369944 0.5712845208932614
529 -0.576138 -0.133441 -0.806386
530 -0.576138 -0.133441 0.806386
531 -0.575467 0.443151 -0.687353
532 -0.5707750912304188 0.4431769199755287 0.6909315328739634
533 -0.5775261375597427 -0.7727921965723986 -0.2624726062158778
534 -0.5723922511458571 -0.7750251431680917 0.2672370243133896
535 -0.569719 0.709993 -0.413921
536 -0.569719 0.709993 0.413921
537 -0.568469 0.822705 0
538 -0.568262 -0.333602 0.752189
539 -0.568261 -0.333602 -0.752189
540 -0.5578690478297308 0.8258526550405023 -0.07676124936860942
541 -0.5598324334730483 0.8246530609537662 0.07549100225254318
542 -0.5652837100826091 -0.6869152423281351 -0.4561524032530004
543 -0.5630799339248592 -0.6852200643358308 0.4616705106617781
544 -0.560867 0.811703 -0.162995
545 -0.560867 0.811703 0.162995
546 -0.5610844506360321 0.3917611708878252 0.7290398523855988
547 -0.5593395325200989 0.391809347209165 -0.7304343824091002
548 -0.557206145761039 0.06413697301201539 -0.827719702106626
549 -0.5554401456209201 0.06388951039773806 0.8288280815409779
550 -0.5568875187160229 -0.8280795818284656 -0.063847
551 -0.5554465932684043 -0.8289695382703087 0.063848
552 -0.5532526957911079 0.6795531792104148 -0.4815021322339111
553 -0.5525431193791374 0.6803004265027535 0.4811791994599225
554 -0.555904 0.545583 -0.627144
555 -0.5563826559953446 0.548783304934559 0.6236276565954989
556 -0.5396954972260798 0.2059773502553249 -0.815565353382169
557 -0.554513 0.20267 0.807118
558 -0.5574332058923012 -0.2684906212513892 -0.785311362195384
559 -0.5574331428218106 -0.268490956394393 0.7853113056444907
560 -0.553278 -0.065522 -0.830416
561 -0.553392675361411 -0.06311624768140317 0.8304031225776627
562 -0.5491835996726964 0.7990240719496247 -0.2440909326823254
563 -0.5491836751107029 0.7990240313599027 0.2440909070303108
564 -0.5549956695525383 -0.7286229975920158 -0.4006420310876387
565 -0.551618146952942 -0.7295861732930153 0.4036808590776519
566 -0.54956 -0.811701 -0.197801
567 -0.5509798303801905 -0.8089134148961351 0.2038101290165726
568 -0.5344654232937808 0.3341131137290993 -0.7760643308701896
569 -0.5346920260568678 0.3343245585017057 0.7758223575591237
570 -0.539768 0.781169 -0.313728
571 -0.539768 0.781169 0.313728
572 -0.5347220783359883 0.6455172327698036 -0.5448857970550286
573 -0.5362032719505869 0.6444800790009765 0.5447862283416742
574 -0.537167646711092 -0.5103071673680949 -0.6714455379074868
575 -0.5385903614969603 -0.5097877389771036 0.6706820778635556
576 -0.5321917509607561 -0.2018153786078985 -0.8219476210940941
577 -0.5321967256525979 -0.2012673249050624 0.8220874254966763
578 -0.5346247246864667 -0.5742204896219479 -0.6194461485809514
579 -0.5346243421065128 -0.5742206021235984 0.6194463541536455
580 -0.5264198292246696 0.5024916385466141 -0.6855042989436945
581 -0.531941 0.502302 0.681712
582 -0.5332131385502993 -0.4506954306189814 -0.7157636995306192
583 -0.531537 -0.453307 0.715529
584 -0.5285839014282683 -0.7809451002273284 -0.3323536759875796
585 -0.530169 -0.779277 0.334138
586 -0.525732 0.13641 -0.839642
587 -0.525732 0.13641 0.839641
588 -0.525208995261758 -0.8509468733195718 0
589 -0.5286457323189898 -0.621558612676409 -0.5778506080279688
590 -0.523729701625092 -0.6287241775536299 0.5743737464329151
591 -0.5178897565727706 0.7649809184637125 -0.3819847154090029
592 -0.5178897565588755 0.7649809184033854 0.381984715551118
593 -0.5248934536150538 -7.536261906193609e-09 0.8511419628898611
594 -0.5225867150526157 -0.0007968223600886542 -0.8524242824483562
595 -0.522205 -0.390821 -0.7579979999999999
596 -0.522205 -0.390821 0.7579979999999999
597 -0.521258 -0.843417 -0.130149
598 -0.521258 -0.843417 0.13015
599 -0.519272 0.6016049999999999 -0.606982
600 -0.519272 0.6016049999999999 0.606982
601 -0.516256 0.453307 -0.726631
602 -0.51356457624852 0.4520758010895165 0.7290827914905785
603 -0.516027 0.271947 0.812257
604 -0.516026 0.271948 -0.812257
605 -0.515946 -0.129894 -0.846716
606 -0.515946 -0.129894 0.846716
607 -0.514614 -0.678671 -0.5240010000000001
608 -0.5102290331541619 -0.6862318287779905 0.5175829965262151
609 -0.51288 0.730996 -0.45011
610 -0.51288 0.730996 0.45011
611 -0.5126584940962537 -0.3166284865054162 -0.7976219634783661
612 -0.5116045710088036 -0.3185846353593323 0.7976093380761358
613 -0.5035793722817572 0.862406457299327 -0.04575351627089146
614 -0.508166 0.860282 0.041022
615 -0.5045234661078445 -0.8210795347911936 -0.26660041502534
616 -0.50673 -0.8199109999999999 0.266403
617 -0.50478 0.854549 -0.122247
618 -0.50478 0.854549 0.122247
619 -0.5032912737730794 -0.7314568025229201 -0.4595401378026295
620 -0.499929 -0.73088 0.464634
621 -0.496227412997004 0.841666996039508 -0.2112312820721176
622 -0.4962274968794654 0.8416671653342628 0.2112313733478826
623 -0.4924569143141939 0.4012107564759237 -0.7720647465518365
624 -0.4937259580021541 0.4009524158096558 0.7714556915131555
625 -0.4967237390966719 0.699883001443826 -0.5128024768554658
626 -0.4967964000346608 0.6998883542155442 0.5127215667989794
627 -0.4901413709725985 0.557595604197731 -0.6695393356690865
628 -0.4868568595160183 0.5577648492168906 0.6716181498569485
629 -0.4941652673269625 -0.260188947811489 -0.8294589989260941
630 -0.4945712542010645 -0.2596210513865068 0.8294249993824663
631 -0.4869573210647144 0.06291081925060418 0.8707309511929539
632 -0.4869689890997952 0.0628928614550181 -0.8707253851011389
633 -0.4847287896151015 -0.8720330618808233 0.0640819223754763
634 -0.484728609205314 -0.8720322028932332 -0.06408134702961198
635 -0.488808 0.8275090000000001 -0.276216
636 -0.4895131766189749 0.8265209495433224 0.2776321797040265
637 -0.4826180134139085 -0.06389931496530238 -0.8731442830328614
638 -0.4826185565895065 -0.0638994846507699 0.8731439683937928
639 -0.478768666058364 0.2148714098167355 -0.8506385320560533
640 -0.4890297500433552 0.2125951566051122 0.8456491307076308
641 -0.4845858866347701 -0.5005727456799217 -0.7172493434738723
642 -0.4869228111883436 -0.5027630048802707 0.7140486697582101
643 -0.481616 -0.779278 -0.400964
644 -0.481615 -0.779277 0.400966
645 -0.480233 -0.854548 -0.197801
646 -0.4702038669744025 -0.8587203557686202 0.2014543953999922
647 -0.4863731599873447 -0.5614749460005591 -0.6688529477664678
648 -0.4811741935632515 -0.5572431615469507 0.6765779393499574
649 -0.476055694477664 0.6632478490445493 -0.5768930039267197
650 -0.4776163149348172 0.6625734387075304 0.5764058547148654
651 -0.4787628945472361 0.8067601643539395 -0.3460699272650469
652 -0.4787628944272794 0.8067601647916041 0.3460699264551748
653 -0.4793671948289633 -0.1929999192326975 -0.8559765394636145
654 -0.476577 -0.192062 0.857897
655 -0.4718811476162527 -0.4489101044885578 -0.7585058518898511
656 -0.475884 -0.443151 0.759705
657 -0.474053408450207 0.3398621451448373 0.8122560010568911
658 -0.4724328059063623 0.3363799304783046 -0.8144447116071136
659 -0.4716884796196568 -0.6256933901503607 -0.6204167755639645
660 -0.4731749613690734 -0.625769520344855 0.6191236119952607
661 -0.473672914698075 0.5044361857230211 0.7214654618121279
662 -0.4757447005672186 0.5065547383602558 -0.7187102581054471
663 -0.465175 0.781169 -0.416398
664 -0.465175 0.781169 0.416398
665 -0.465084 -0.3809 -0.799132
666 -0.4589297718412272 -0.3857361722889728 0.8000381691246143
667 -0.4599765550590451 -0.6718693493041971 -0.580330127826678
668 -0.4612637573741913 -0.6736835569317472 0.5769549411546617
669 -0.4528590022629652 -0.8266228671585342 -0.3331341595074882
670 -0.4567849317234532 -0.8252265659854091 0.3315411718878402
671 -0.452850139528951 -0.8913146538817777 0.0009694754876231462
672 -0.4513214384009669 0.001402476786842592 0.8920452976996881
673 -0.45119238068929 0.003386984537628329 -0.8920545550198595
674 -0.456881 0.138656 0.878655
675 -0.45688 0.138657 -0.878655
676 -0.455902 0.614345 -0.643998
677 -0.4517969817210218 0.6241759265265565 0.6366471851663443
678 -0.451779 0.4614 -0.763548
679 -0.451779 0.4614 0.763548
680 -0.451704 -0.316537 -0.834127
681 -0.451704 -0.316537 0.834127
682 -0.4461966382158673 -0.8853360839305643 -0.128988695261903
683 -0.448355081610799 -0.8843131495962143 0.1291959685385536
684 -0.4549782409538706 0.7485352585603396 -0.4818772916798607
685 -0.455078889763056 0.7485841160894732 0.4816890573833193
686 -0.4469185592054883 -0.1292709641112363 -0.884983688032471
687 -0.4448527188733596 -0.1291072120779623 0.8859558090940965
688 -0.4569142934335085 0.2668727267503986 0.8479063330792284
689 -0.4485721056857152 0.2647162655306129 -0.8530728906388788
690 -0.446275207768401 -0.7228497877524606 -0.5273961695824075
691 -0.4450086794622846 -0.7246481039131886 0.5259735941579655
692 -0.44721 0.894429 0
693 -0.4455319020010285 0.8922287548578615 -0.06676799519940475
694 -0.4479861041813762 0.8909780483849381 0.06628932002701797
695 -0.441423 0.8828549999999999 -0.160354
696 -0.441423 0.8828549999999999 0.160354
697 -0.4429604674667104 -0.253681898846721 -0.8595626441642408
698 -0.4284409134839136 -0.2565670578344187 0.8659982969114824
699 -0.4348419047296389 -0.8620862592882751 -0.2591518021392719
700 -0.4350728433331906 -0.8612498546389492 0.2619922392383403
701 -0.434495 0.869 -0.236757
702 -0.434495 0.869 0.236757
703 -0.43135684661815 0.712740052552774 -0.5530241051808084
704 -0.4320281920316253 0.7130926194997966 0.5519781300929776
705 -0.4316610147410385 0.5668820416585977 -0.7015685763315175
706 -0.43141 0.5680500000000001 0.70086
707 -0.430166 -0.490423 0.75792
708 -0.430137 -0.774015 -0.464632
709 -0.430137 -0.774014 0.464634
710 -0.429259 0.40534 0.8071159999999999
711 -0.429258 0.40534 -0.8071159999999999
712 -0.4269281749708975 0.848165661471215 -0.3129562210508726
713 -0.4265885296991705 0.8494245945871522 0.3103573114315706
714 -0.4297511133121776 -0.5444184291400225 -0.7200577935027863
715 -0.4299554064799035 -0.5417238557139689 0.721964466324587
716 -0.4230656552238161 0.06904277808264848 0.9034164160445918
717 -0.4246914978564565 0.07003080940814896 -0.9024860547573353
718 -0.4157524469730352 -0.9071240606073965 -0.06170649470723275
719 -0.4158013692373554 -0.9070980258330457 0.06182514952091544
720 -0.4108180229034502 -0.4313651228178879 -0.8027990344148844
721 -0.4194 -0.06755800000000001 0.905284
722 -0.419399 -0.06755700000000001 -0.905285
723 -0.416813 -0.6016049999999999 -0.681423
724 -0.416813 -0.601604 0.681424
725 -0.416812 0.20938 0.884549
726 -0.4149256829086482 0.2086725402286172 -0.88548917684101
727 -0.4112270336913171 0.825441409541659 -0.3859737059534492
728 -0.4110812064292974 0.8253382091657682 0.3863140145576727
729 -0.410981 0.669946 -0.618277
730 -0.4096028905292438 0.6737567782609232 0.6146627872549819
731 -0.4099972354876607 -0.818861217397017 -0.4014705860106001
732 -0.4099975099687287 -0.8188605156988953 0.4014718032813668
733 -0.4207313837325709 -0.1907668041587313 -0.8864044755883955
734 -0.4029274712012755 -0.1917264256347388 0.8945835832392103
735 -0.4046271865158604 -0.8934948717335491 -0.1936925572967147
736 -0.4045442434953939 -0.8936549974849844 0.1930313610956047
737 -0.4091491320750372 -0.660970229945759 -0.6285707700939824
738 -0.4123390931370903 -0.6609905132672763 0.6263063349028904
739 -0.405008 0.519572 -0.752338
740 -0.405008 0.519572 0.752338
741 -0.4036745 -0.4837055 -0.7758905
742 -0.403183 0.344362 0.847855
743 -0.404018714871268 0.3384588486059037 -0.8495143284531005
744 -0.4055578484954458 0.7954670526617721 -0.4496435852186542
745 -0.399272 0.798552 0.45044
746 -0.3989155 -0.4541770000000001 0.7959849999999999
747 -0.3952142437412072 -0.7106155563899288 -0.5819220000000001
748 -0.3942585143203745 -0.7112145024202093 0.5819124247914633
749 -0.3922164233922704 -0.9197554560313762 0.0002320227426793881
750 -0.3927116715397915 -0.3881366839550257 -0.8331501267516039
751 -0.3945765882493391 -0.3920696211243198 0.8303034430689026
752 -0.387506 0.623956 -0.678615
753 -0.3831441921388677 0.6346446539550343 0.6703353268639471
754 -0.3929875537812423 -0.8587600481132127 -0.3277981636148338
755 -0.3961665205265499 -0.8572713626713849 0.3274864462824441
756 -0.385009 0.9220469999999999 -0.03996
757 -0.385009 0.9220469999999999 0.03996
758 -0.3899066984640231 -0.003184105299061768 0.9205578886030353
759 -0.3897162476135069 -0.004211648146055999 -0.9206215219072519
760 -0.3921134787399422 0.1426340603761038 0.9083314011297772
761 -0.391696169280411 0.1439972093351612 -0.9082780098697179
762 -0.38271 0.467042 -0.797123
763 -0.3797440576195903 0.466538613969922 0.7986603696217919
764 -0.3814378885011459 0.9165867599288936 -0.1194668854957563
765 -0.3814378885011463 0.9165867599288935 0.119466885495756
766 -0.3839757652729384 0.7619609324175165 0.5212862523763871
767 -0.3851310780147293 0.7636776145826327 -0.5178107980840079
768 -0.3854850046040147 -0.1327973162364012 0.912856633825512
769 -0.3907099300088744 -0.1327026293594287 -0.91046115114663
770 -0.385628570479286 -0.9128240306402865 -0.1318971027071032
771 -0.3856282944496672 -0.9128241882370454 0.1318977451529926
772 -0.3750749450843499 0.9066191608794881 -0.1922180198016168
773 -0.3753281966833992 0.9064211990358592 0.1927916948459922
774 -0.376871 -0.763801 -0.5240010000000001
775 -0.376871 -0.763799 0.524003
776 -0.3747265 -0.3321285 -0.864986
777 -0.3747264999999999 -0.3321285 0.864986
778 -0.373679 0.279174 0.884549
779 -0.3804887516136424 0.2728925238970985 -0.8831667519346281
780 -0.3780552436717893 0.8856624904752293 -0.2684824072030155
781 -0.3774917410652108 0.8858013447509794 0.2688868209081567
782 -0.3760483117663886 -0.5196541748549478 0.7666347159711289
783 -0.3656419742452214 -0.5342326927606518 -0.7619054467793457
784 -0.368835 -0.25323 -0.894335
785 -0.3708389326502702 -0.2493765205532967 0.8944122977223438
786 -0.362367 -0.586334 -0.724501
787 -0.362367 -0.586334 0.724502
788 -0.3559922279086524 0.5766234485666831 -0.7350211478139108
789 -0.362092 0.574997 0.733668
790 -0.3672418934429626 0.7207902872515097 -0.5874271473933106
791 -0.3678851295909198 0.721319820351163 0.5863538294873623
792 -0.361801 -0.894429 -0.262863
793 -0.361801 -0.894428 0.262864
794 -0.3547470091681204 0.8709085800440877 -0.339475084592934
795 -0.3547470219485533 0.8709085520364134 0.3394751462487248
796 -0.3611729309176254 -0.8126054512067777 0.4569131953932305
797 -0.3618012479824098 -0.8118575450062797 -0.4577654297534758
798 -0.3497798923641492 0.4187979044277572 -0.8375288767346717
799 -0.357124 0.40923 0.839639
800 -0.3481793647645434 -0.6426827580330589 -0.6822274875997182
801 -0.3514994275393294 -0.6462417564776247 0.6770200882082246
802 -0.349934 -0.934675 -0.06268700000000001
803 -0.3438612927917641 -0.9364878123136207 0.06497314138044838
804 -0.3704217272515371 0.06088658374752655 0.9259244991258244
805 -0.371117783963167 0.06521070478267035 -0.9254138317999336
806 -0.3561903090370657 -0.07207431233348664 0.931138984811367
807 -0.357874414700691 -0.07330494069182793 -0.9303201363260387
808 -0.345206 0.843419 -0.411677
809 -0.345205 0.843419 0.411677
810 -0.3447321319524753 0.2109188487414674 0.9145245153319241
811 -0.3450596434911771 0.2107293117423383 -0.9144355240092013
812 -0.3425937717519904 0.6734894006352222 -0.6545964086964454
813 -0.339334 0.6786720000000001 0.65135
814 -0.3445091883009037 -0.1895236341404321 0.9191382345705894
815 -0.339782048168257 -0.1872595265563212 -0.9213194940744511
816 -0.33857 -0.69656 0.632594
817 -0.338569 -0.696561 -0.632592
818 -0.3344817595881104 -0.855755921339063 0.3944217610837887
819 -0.3375412212670525 -0.8534751855591877 -0.3968280851108871
820 -0.3302807647114377 0.5244731489168749 -0.7845063439311656
821 -0.335342 0.524176 0.782806
822 -0.334968 -0.9220469999999999 -0.193973
823 -0.3461964350108234 -0.9173622887040935 0.1943614411862136
824 -0.328342 0.346641 0.878653
825 -0.328341 0.346642 -0.878653
826 -0.3214817112367395 0.8124549148726391 -0.4858176289296929
827 -0.3262495664961169 0.8124714674972362 0.4829581588555497
828 -0.3209678730344596 -0.3048052686483729 -0.8963579681451328
829 -0.328215 -0.308119 0.892938
830 -0.3302428965078434 -0.458755152719815 -0.8246990830678788
831 -0.3309014268889316 -0.4557636720712871 0.8260175903829153
832 -0.3210330334933608 0.9469383609986118 -0.0004231197070825969
833 -0.322991 -0.74921 -0.57824
834 -0.322991 -0.749209 0.578242
835 -0.3156269046122044 0.9458170573489838 -0.07124500888316093
836 -0.3155259333939334 0.9457889570343836 0.07271624917747867
837 -0.320097 -0.947385 0
838 -0.3173855037979089 0.9348802207095965 -0.1579676012382208
839 -0.3166651947010545 0.9355192088850641 0.1557578254806078
840 -0.318343 -0.515103 -0.795818
841 -0.318343 -0.515103 0.795818
842 -0.315251 0.920955 -0.22904
843 -0.315251 0.920955 0.22904
844 -0.3066062739706497 0.6298498589507127 -0.7131794990243291
845 -0.314971 0.6299439999999999 0.709904
846 -0.3084484394237311 -0.411296503119194 -0.8574598677239257
847 -0.3088289454340222 -0.4128875899706804 0.8565074200578825
848 -0.313024 -0.891493 -0.3275
849 -0.313024 -0.891492 0.327502
850 -0.3055075731379944 0.4722094482412206 0.8265982688038149
851 -0.3041664418254652 0.4740660863341402 -0.8259423354736096
852 -0.3194791055358145 -0.57248790819746 -0.7546416860392431
853 -0.3146199716882009 -0.5644103421598504 0.7628554560342343
854 -0.309017 -1e-06 0.951056
855 -0.309016 -0 -0.951057
856 -0.3021036689934644 0.7753734303231716 -0.5540189382064035
857 -0.3100655078857644 0.7711169416986458 0.5557405164037846
858 -0.312519708306301 -0.9407851049130792 -0.129299942694245
859 -0.307168 -0.943208 0.126519
860 -0.3117866340027614 -0.1388962771136397 0.939610309788137
861 -0.306252 -0.133441 -0.942551
862 -0.3090023788631539 0.1408616792152232 0.9404252602464255
863 -0.3162333013949086 0.1352465682061813 -0.9384637379922904
864 -0.305015 -0.79855 0.518925
865 -0.305014 -0.798552 -0.518923
866 -0.303244 0.904872 -0.298749
867 -0.2951451061355415 0.9084570655778959 0.2947582329995916
868 -0.2869253790072725 -0.2534817888901764 -0.9233824468919292
869 -0.298885 -0.253934 0.919883
870 -0.2888178748473386 -0.6220082322855782 -0.7273455296516227
871 -0.298055 -0.623833 0.7224930000000001
872 -0.2979387790561728 0.2755688427452411 -0.9137133254383639
873 -0.2917012343532903 0.2777699848445268 0.9150070175279046
874 -0.289283 0.5785670000000001 -0.762611
875 -0.289283 0.5785670000000001 0.762611
876 -0.288916 0.8828549999999999 -0.370262
877 -0.288916 0.8828549999999999 0.370262
878 -0.278409495775812 -0.3649503909689547 -0.8880248111245765
879 -0.2842691483830927 -0.3630219589032597 0.8871616577959714
880 -0.2826474027504012 -0.9226251468123836 -0.2614679003991188
881 -0.2864179842584102 -0.923662474856639 0.2538123272915244
882 -0.28943990134356 0.7304586197319862 -0.6184419582949902
883 -0.287409 0.730882 0.6190369999999999
884 -0.2863319682867745 -0.6830562241515787 -0.671440271376483
885 -0.2809081261562362 -0.6862350472462947 0.6703629459455266
886 -0.280655306711476 -0.8460789382340103 0.452654618950064
887 -0.2806545917487921 -0.8460805986739214 -0.4526530119630764
888 -0.281777 0.410552 -0.867208
889 -0.2871227799150117 0.4245335248296582 0.8580394832197394
890 -0.2797040830723987 -0.9579934755536524 -0.06258799426956993
891 -0.2752526310354489 -0.9590646263936078 0.06384198395323444
892 -0.2623857752550523 0.850778964467941 -0.4539788088391566
893 -0.2635810819584424 0.8503984202930288 0.4540508602729907
894 -0.2683915835250866 -0.07075774668691383 0.9605850024812309
895 -0.270048 -0.06798700000000001 -0.960443
896 -0.269593 -0.730994 0.626871
897 -0.2692691050370157 -0.7317287932713403 -0.6260821629099407
898 -0.2698090102779486 0.0678777260218598 -0.9604276589176221
899 -0.2722561281338355 0.06829211613339703 0.959623362249198
900 -0.2551786913364213 -0.507347114371578 -0.8225436138276764
901 -0.269595771813088 -0.194797258851466 0.9429239123711914
902 -0.2565078064956591 -0.1986782530083046 -0.9454941492923533
903 -0.2540840881261268 0.685137467893013 -0.6820546565844131
904 -0.259682025179422 0.6845531028021499 0.6808390328557913
905 -0.2605305388336404 0.9646547882986333 -0.02384243307398563
906 -0.2592174141029521 0.9649888268159014 0.0348315589062242
907 -0.2614084783158822 0.5237287064653883 -0.8106444541735668
908 -0.262869 0.525738 0.809012
909 -0.2482418260848644 -0.8848545762217908 0.3928076265896296
910 -0.2520232527792267 -0.8846859975777605 -0.3911128051003703
911 -0.2591935265956182 0.2016815790583746 0.9441225734667971
912 -0.2594580528221134 0.2019615496176461 -0.9440000816569593
913 -0.257068781099423 -0.9459679379982376 -0.1962191009504133
914 -0.254872955412082 -0.9466919373955902 0.195287400049604
915 -0.263865897634306 0.9583080394763935 -0.1070260075603834
916 -0.2602308130527903 0.9590552123290549 0.1101840654520509
917 -0.2545695638660934 -0.3071344460900486 -0.9167867981150967
918 -0.2651809760822221 0.9437291771729358 -0.1957193264941295
919 -0.258962 0.947386 0.188145
920 -0.2469048737754008 0.8232688194340515 -0.5105121127677255
921 -0.253366 0.819914 0.513369
922 -0.25818719616344 -0.7784952463137054 0.5716817122137796
923 -0.2581867736656003 -0.778496023125625 -0.5716797622091946
924 -0.252098 -0.577384 -0.7758895
925 -0.2570273396125707 -0.5759203818148709 0.7752453313726534
926 -0.2540494450511036 -0.9666418223906817 0.01362318487416892
927 -0.2487366868861202 0.3530406984373374 0.9016109087373054
928 -0.250831 0.346642 -0.903838
929 -0.2520306743271322 -0.4685230760656692 0.8459965293274603
930 -0.241749693147722 0.9329613790459687 -0.2653079290160654
931 -0.2422310471155455 0.9347708296759724 0.2591065984035892
932 -0.237047703222019 -0.3257688783397272 0.9145615721553212
933 -0.239489 -0.9162130000000001 0.321245
934 -0.2296084061716653 -0.9171066868117638 -0.3246290347863063
935 -0.239488 0.631979 -0.737054
936 -0.2376054651743477 0.6353093866469856 0.7345282558577353
937 -0.235663 -0.963905 0.123895
938 -0.235662 -0.963905 -0.123894
939 -0.2374580898435427 0.4724479811509967 -0.8485680167636135
940 -0.2366661965713001 0.4745520952296473 0.8475597348190987
941 -0.2248548578348069 -0.8271167131232308 0.5144128015267161
942 -0.233093 -0.82751 -0.510779
943 -0.2379766809514108 -0.6503700769745523 -0.7209046369144667
944 -0.232822 -0.657519 0.7165629999999999
945 -0.2367237618762376 0.7826900889806849 -0.5750035494835594
946 -0.2368019701482832 0.783419146882022 0.5739158374149078
947 -0.2299589776915054 0.9145057211093142 -0.332223257902484
948 -0.2300138263985065 0.9154098864075435 0.3299058740931976
949 -0.226902121144032 -9.477675862055465e-07 0.973754715319331
950 -0.2276988705619213 -6.071532165918825e-18 -0.9735987267587151
951 -0.2245394380496225 -0.1321211463076387 -0.9652090347159058
952 -0.2325602556071659 -0.1400015924132069 0.9621618734826212
953 -0.2161898442347486 -0.259019299094294 -0.9409186031356013
954 -0.2314802753551282 -0.2520161223952547 0.9394458709384983
955 -0.226619 0.140059 0.963861
956 -0.226618 0.140059 -0.963861
957 -0.2328257815033621 -0.4621263238247117 -0.8553160934184896
958 -0.2163707581207513 -0.4051858433387119 0.8875927613911134
959 -0.2147518635318594 0.2779311620294419 0.9361329736373536
960 -0.2173420398976046 0.2795684911337916 -0.9351813052085599
961 -0.2241823630974173 -0.7092900251381251 -0.6679191277866618
962 -0.2191465707706042 -0.7137952538757657 0.6648065138571755
963 -0.215246 -0.943208 0.253038
964 -0.2098861545868438 -0.9440216802178607 -0.2536914753092027
965 -0.214743 0.891494 -0.398904
966 -0.214743 0.891494 0.398904
967 -0.2095169422364763 0.584447017039725 -0.783519221803319
968 -0.214225 0.5785670000000001 0.786999
969 -0.218760769574597 -0.8682509512687381 0.4446459296157227
970 -0.2172582331026942 -0.8695855046327436 -0.442849953407133
971 -0.2181408726581487 -0.5127793563409425 0.8300829870129376
972 -0.2014967555493162 0.74430230816587 -0.6356941883546676
973 -0.2070285262602631 0.7360821729296099 0.6441600714984405
974 -0.209481 -0.975957 -0.060207
975 -0.2006700181092077 -0.977123589725759 0.06511944622783913
976 -0.2093587613645684 0.9776720929554281 -0.0004987620701513568
977 -0.2041353675601062 -0.3401658355501179 -0.9172799370510604
978 -0.204862 0.975958 -0.07442
979 -0.2061545881331054 0.9759041704150063 0.06807598941434338
980 -0.204616 0.40923 0.889193
981 -0.204615 0.40923 -0.889192
982 -0.1937811245467427 -0.5427702966299347 -0.8163758973014992
983 -0.2103075475905012 0.9650112115353067 -0.1544121008770722
984 -0.2081314020920604 0.966265916067415 0.1503220165267066
985 -0.2102128177085386 -0.7611968205276616 -0.6128648013236233
986 -0.2114158830517096 -0.7618329104162699 0.6115887676476072
987 -0.197694 -0.56916 0.798107
988 -0.1950913877709728 0.8583870818236309 -0.4741192432154195
989 -0.1929859574862118 0.8592709800293714 0.4733179071421136
990 -0.19281 -0.06755700000000001 -0.978908
991 -0.19281 -0.06755700000000001 0.978908
992 -0.1972726412213097 -0.1979761717327171 -0.9598974110772718
993 -0.1972884807010202 -0.1974805326776017 0.9600043487115164
994 -0.191749 -0.418393 -0.887795
995 -0.1908124708880349 -0.9634513731365658 0.1876232073605593
996 -0.1953071757647392 -0.9608358412420085 -0.1947417294751203
997 -0.1843835940595962 -0.9035082599109403 -0.386113679018189
998 -0.184471611134291 -0.9052810137449847 0.3820397109440992
999 -0.1852869194795393 0.06480540212229355 -0.9802763472507915
1000 -0.1846352614722009 0.0618405298205692 0.9805140568673912
1001 -0.189547 0.958304 -0.213837
1002 -0.1932524312691733 0.9570720175573717 0.215270289721763
1003 -0.1891824855683657 -0.3041179882092304 0.933555995439787
1004 -0.188833 0.524176 -0.830411
1005 -0.1856506915209178 0.5225875928321779 0.8319363931806649
1006 -0.1839611713086423 0.6867011099760914 -0.7029527520013241
1007 -0.1834959223875913 0.687679825621739 0.7020343958892399
1008 -0.183906 -0.982944 0
1009 -0.183532 -0.623834 0.759702
1010 -0.183532 -0.623833 -0.759703
1011 -0.1846238701313586 0.2193211796539986 0.9575810005417775
1012 -0.1847028938921724 0.2210881086140119 -0.9570914008684123
1013 -0.1914778777256794 -0.8034840882141615 -0.5630569162262331
1014 -0.18222 -0.807634 0.560824
1015 -0.18916735693662 0.8210592649838996 -0.5376241870263555
1016 -0.1888959571442995 0.8219441235680356 0.5364241230953731
1017 -0.174138 0.943209 -0.282901
1018 -0.174138 0.943209 0.282901
1019 -0.172182 0.344362 0.922913
1020 -0.1723720082655537 0.3432119380087182 -0.9232453882325633
1021 -0.167753 -0.934675 0.313436
1022 -0.1682631336672746 -0.9362870675955365 -0.3075126092490433
1023 -0.167728 -0.6781509999999999 -0.715526
1024 -0.167727 -0.678153 0.715525
1025 -0.1745763683250469 -0.9757928571502215 -0.1284666166834434
1026 -0.1594808179846237 -0.9791580972402016 0.1236119106960583
1027 -0.1642885071778303 0.6357971509445428 -0.7537539310600648
1028 -0.1663566625356785 0.6337174100507758 0.7550853731436683
1029 -0.162456 -0.850654 -0.499995
1030 -0.164111638178846 -0.8536157956204524 0.4938033132533987
1031 -0.1754984661649274 -0.4702217251871313 0.8644332630927213
1032 -0.1527227270463276 -0.3718176594582467 -0.9154000467229206
1033 -0.15961 -0.369743 0.915322
1034 -0.1683605706155446 0.4686035415657245 -0.8667945581136469
1035 -0.1669722479102841 0.4680376383266336 0.8674339830233491
1036 -0.156981 0.922048 -0.353814
1037 -0.1597708517723181 0.9210810161500124 0.3547060309945996
1038 -0.155215 -0.251152 -0.955422
1039 -0.1515159738245578 -0.255849038161565 0.9545344111834226
1040 -0.161136078017593 -0.1340568206929814 -0.9775197087499742
1041 -0.1641939750840047 -0.1359650419567559 0.9766143258202453
1042 -0.1553335663372843 0.7801516422479221 -0.6058222911501298
1043 -0.153956 0.7792790000000001 0.607471
1044 -0.159261493976942 0.003570149228152799 -0.9868971933468726
1045 -0.1558991360624465 0.0005147668432068718 0.9876269060677294
1046 -0.150354 -0.730996 0.665612
1047 -0.150354 -0.730994 -0.665613
1048 -0.1441251883141446 0.9827544391902359 -0.1135946946084533
1049 -0.148782 0.982944 0.108095
1050 -0.1497203303523126 -0.5371095652801983 0.8297827698451463
1051 -0.1553519073419036 -0.5277903800980253 -0.8347374468865584
1052 -0.1435278118515897 0.1409719802989821 0.9793729817684026
1053 -0.1435468557083348 0.1420766032542621 -0.9791895461174159
1054 -0.1481453466051657 -0.9584242597605528 0.2431441323896456
1055 -0.144799 -0.958304 -0.246348
1056 -0.1408893020518466 -0.9880041389110596 -0.06138754811433374
1057 -0.1551307192397726 -0.888115996887591 -0.4314363260985427
1058 -0.1498420877257136 -0.888337242788196 0.4332675873552843
1059 -0.138309 0.574997 -0.80638
1060 -0.1412841720292608 0.5787152721058435 0.8029102645933284
1061 -0.138199 0.276397 -0.951055
1062 -0.1415619300641422 0.2757770762179241 0.9505840357741046
1063 -0.1391225942045171 0.897562891781555 -0.4176002094385167
1064 -0.138197 0.8944299999999999 0.425319
1065 -0.1226568401209402 0.9748972916490786 -0.182923283858957
1066 -0.134084 0.975958 0.171837
1067 -0.1297673251500548 -0.5840298025549092 -0.8011077340087593
1068 -0.132684 -0.586334 0.799129
1069 -0.1277739661801133 -0.782586234534777 -0.6090102261569433
1070 -0.1339310034992868 -0.783522961421473 0.6064222286704227
1071 -0.1310654283063363 0.730855665526821 -0.6698117961052846
1072 -0.1350413032936278 0.7298208365787973 0.6699091050260909
1073 -0.1294705 -0.4837055 -0.8649835
1074 -0.1337191054532082 -0.414469562888296 -0.8995755151439665
1075 -0.1344873703006189 -0.4247568770368202 0.8949207681965639
1076 -0.127141 0.40534 -0.905281
1077 -0.1321928272350586 0.4071797414417454 0.9034708126022353
1078 -0.1353347259022808 -0.3191811383189648 -0.9375818331634275
1079 -0.1275922991129043 -0.3172122571145082 0.9396156798746294
1080 -0.1300282460383495 0.990557803083319 0.02852378124569852
1081 -0.1230155 0.9904770000000001 -0.0531545
1082 -0.1321969562547454 -0.9736348721118532 -0.1838916930752791
1083 -0.1270212732796039 -0.9743404854827267 0.1844457954363613
1084 -0.1272066751984004 -0.9178569346918312 -0.3750829982064641
1085 -0.120413 -0.920955 0.370598
1086 -0.1255837666234836 -0.1855278534450983 0.9742340110816002
1087 -0.1259621303354004 -0.1917073446194824 -0.9730690329893347
1088 -0.118019 0.860283 -0.495969
1089 -0.118019 0.860283 0.495969
1090 -0.1186153987268432 0.9620810175478181 -0.2446196845053263
1091 -0.1154021265293066 0.9629550179555393 0.2429312927728481
1092 -0.1109582045013021 -0.6394322138380321 -0.7604878683153357
1093 -0.1073509439211479 -0.6415561166556533 0.759093366561745
1094 -0.115829 -0.066721 0.991026
1095 -0.1190995131027789 -0.05765204038503775 -0.9908522251231364
1096 -0.114564 0.519572 0.846711
1097 -0.1198257008124959 0.5211079835935923 -0.8447692977314278
1098 -0.111648 -0.827508 -0.550241
1099 -0.1108350502517495 -0.8262838060485316 0.5520586230969627
1100 -0.1087361192698208 0.0736169888525921 0.9911107179523593
1101 -0.1089126237246967 0.07357052031674395 -0.9910965837346445
1102 -0.1256256252921488 -0.989776018516101 0.06054199255811825
1103 -0.1146791699189969 0.6809030888687253 -0.7228957154046752
1104 -0.1171798956338558 0.6797526640578663 0.723532776959313
1105 -0.1028281023427323 0.2087418556013648 -0.9724484334693798
1106 -0.1041053673948615 0.2083008751373749 0.9724293655301143
1107 -0.10008 0.946105 -0.308007
1108 -0.1029673510450111 0.945925038086891 0.3072281128774163
1109 -0.09546374777082497 -0.9886304903432782 -0.1146413067287471
1110 -0.1095103647967267 -0.947217466176053 -0.2999039602705622
1111 -0.1026812686270164 -0.9488549781135777 0.2975909589342698
1112 -0.097915 -0.696561 0.710785
1113 -0.100802198281949 -0.6972504112901088 -0.7095161012270308
1114 -0.1034864086626033 -0.4861188647274721 0.8674411301301784
1115 -0.1016460368658044 0.8205616231772727 -0.5620486826432904
1116 -0.09864378284326727 0.820265619897906 0.5632435880876758
1117 -0.0967936879499894 0.3410126281272335 -0.934917132787554
1118 -0.093957 0.339934 0.935744
1119 -0.08983799700122615 -0.3892000709838934 -0.9164099901973257
1120 -0.0899511164937568 -0.38979371598484 0.9161238343746836
1121 -0.08911454586301271 -0.86971976181931 -0.4852327112878239
1122 -0.08415326339690543 -0.8708038790456936 0.4837867249962089
1123 -0.08613104234666416 0.9902264957904703 0.1049091203415587
1124 -0.08961325553614197 -0.9954261741637039 -0.003490210006497173
1125 -0.087685 -0.259033 -0.96188
1126 -0.087685 -0.259033 0.96188
1127 -0.08538900000000001 0.623956 -0.77678
1128 -0.08538900000000001 0.623956 0.77678
1129 -0.083314 0.4614 -0.8832719999999999
1130 -0.083314 0.4614 0.8832719999999999
1131 -0.08110100000000001 -0.545583 -0.834124
1132 -0.08110000000000001 -0.545583 0.8341229999999999
1133 -0.080971 0.922048 -0.378512
1134 -0.080971 0.922048 0.378512
1135 -0.07214880885601085 0.9884439579108547 -0.1310834951644312
1136 -0.080276 -0.129894 0.988273
1137 -0.080276 -0.129893 -0.988273
1138 -0.078572 -0.749209 -0.657657
1139 -0.07360954811426217 -0.7533558598089451 0.6529751563261705
1140 -0.06891466838685065 -0.9647956351721756 -0.2518639056905155
1141 -0.0705242992066796 -0.9643189443547071 0.253108772862399
1142 -0.07061752068238218 0.0005282639971001812 0.9973336217851951
1143 -0.075057 -0 -0.997179
1144 -0.07112713386737241 0.7737074698169972 -0.6292953594248222
1145 -0.07182474881321091 0.7797002734693899 0.6213567019397902
1146 -0.06805429104388959 -0.9018210213114707 -0.4260368806945342
1147 -0.06972399999999999 -0.904872 0.419936
1148 -0.0682775 -0.9904769999999999 0.1153105
1149 -0.068205 0.13641 -0.988302
1150 -0.068205 0.13641 0.988302
1151 -0.063483 0.978672 -0.195376
1152 -0.05900336395257507 0.97947528482119 0.191806374371279
1153 -0.05089240778782177 -0.5990966023156471 -0.7984718280472743
1154 -0.05102254935820717 -0.5994682809782649 0.7981948372888005
1155 -0.062946 0.5680500000000001 -0.820583
1156 -0.06235851633977106 0.567970371407294 0.8206559868823238
1157 -0.07309094942863274 -0.4456686262497086 -0.8917546620081931
1158 -0.061538 -0.443151 0.894332
1159 -0.06430650812796462 0.8907705723574033 -0.4495140745587085
1160 -0.04912359812746547 0.8887119742397742 0.4547329116823718
1161 -0.06462514151622549 0.2743584110744984 0.9592127464846312
1162 -0.06146379380805621 0.2749494993185418 -0.959351613300248
1163 -0.04480486550864952 -0.8028010558415958 -0.5936399633017195
1164 -0.05228853884766839 -0.8041335771294454 0.5913981029404163
1165 -0.056828 -0.982944 -0.174903
1166 -0.06428030940719581 -0.981335670205898 0.1794955621420365
1167 -0.055629 -0.325684 -0.943841
1168 -0.05540749723341201 -0.3304267709963954 0.9419898965594973
1169 -0.05876518973494987 0.7213494314876178 -0.6896643012717179
1170 -0.0610282722464486 0.724908694843047 0.6856515720788985
1171 -0.050817 0.399096 0.9155
1172 -0.050816 0.399096 -0.9155
1173 -0.04929850115784302 -0.9327129326649249 -0.3566985682297621
1174 -0.04218700643612232 -0.1944857401430862 -0.979701985763928
1175 -0.04002528187583453 -0.2025577329856236 0.9780617535615971
1176 -0.0470653766012592 -0.9317025505869275 0.359284684132411
1177 -0.0480505 -0.9968205 -0.0559095
1178 -0.03646510075435626 0.9986962547105467 -0.02465146927129582
1179 -0.03605812803232544 0.9979123651565662 0.04469432900906522
1180 -0.045009 0.963906 -0.262412
1181 -0.05367902661939229 0.9621308103415503 0.2659262734514794
1182 -0.044239 -0.657465 -0.752185
1183 -0.04134649216538595 -0.6576018968202532 0.7520767482939246
1184 -0.04452596373637439 0.5074004718352849 -0.8603109600142383
1185 -0.04102850606687543 0.5097933911015692 0.8591897570199315
1186 -0.04177978953599745 -0.0587245954692116 -0.9971310009197401
1187 -0.04021718096915973 -0.05903365316267156 0.9971828981499808
1188 -0.039723 0.85455 -0.517848
1189 -0.03944370213299195 0.8546916227965401 0.5176054375003192
1190 -0.03393590090894797 -0.8460038789660468 -0.5316153729542908
1191 -0.037293 -0.843419 0.535961
1192 -0.03725914975715812 0.06116143678483844 0.997179
1193 -0.03706824744160959 0.06081501395296348 -0.9971942052036954
1194 -0.03677615825168033 0.6664892099056623 -0.7442228599750037
1195 -0.03875719779085514 0.6654959007792239 0.7448991865568987
1196 -0.0359801489907163 0.9957994502844574 -0.07972067272086578
1197 -0.029639 -0.502302 -0.864184
1198 -0.029639 -0.502302 0.864184
1199 -0.02200190049056357 -0.9520430386216637 -0.3029598383118569
1200 -0.02200079638508275 -0.9520436891837158 0.3029590218438
1201 -0.02039458895103307 0.2046267254504703 -0.9783868914907987
1202 -0.025806 0.20267 0.978907
1203 -0.03233968121278646 0.9433581020059 -0.3294030603817735
1204 -0.02823526701208431 0.9429024779733758 0.3315002333637033
1205 -0.02563141858199897 -0.7116365359541743 -0.7019947800672355
1206 -0.01879445208405839 -0.7113679242064839 0.7022459589831184
1207 -0.023061 -0.390821 -0.9201780000000001
1208 -0.023061 -0.390821 0.9201780000000001
1209 -0.0208275 0.9917009999999999 0.1227035
1210 -0.01567476476375643 0.8119717344603318 -0.5832815381032452
1211 -0.018301 0.811704 0.5837830000000001
1212 -0.02419176417081424 -0.9981037868876229 0.05258183970833642
1213 -0.0208232210848202 0.3366044527044097 0.9412132121361786
1214 -0.02030967962166241 0.3377403680512199 -0.9408064326727273
1215 -0.01003918993097241 -0.8778434469427713 -0.4779159288308333
1216 -0.004104077375696846 -0.8825450193714217 0.4692171305018105
1217 -0.002485131065323823 -0.2642187201064672 -0.9639664084630268
1218 -0.0005431324075113771 -0.2755626023502531 0.9606143095012681
1219 -0.007727148517196605 -0.9905377577045726 -0.1328574646236415
1220 0.001075624657364724 -0.547794616536035 -0.836030741670601
1221 0.001091912207107845 -0.547226952089379 0.836380100765079
1222 -0.007673654594571205 0.6077530556128161 -0.793741958226779
1223 -0.01267136041668734 0.6103662417555449 0.7917384646450292
1224 -0.009452 0.453307 -0.891304
1225 -0.009452 0.453307 0.891304
1226 -0.00753425246416585 -0.1328218853404334 -0.9910822728769024
1227 -0.007874000000000001 -0.133441 0.991025
1228 -0.001933243750375678 -0.9723374669926869 -0.2313561928344105
1229 -0.007471 -0.975958 0.217832
1230 -0.00493 0.916214 -0.400658
1231 -0.00493 0.916214 0.400658
1232 -0.003102 -0.7638 -0.645446
1233 -0.003101 -0.763801 0.645445
1234 0 -1 0
1235 0 0 -1
1236 0.0006945690818090863 0 0.9999738951293695
1237 0.003102 0.763801 -0.645444
1238 0.001421012137294546 0.7729112460450076 0.6336627644493495
1239 0.01113664232505232 -0.9152364812296366 -0.4020859157512957
1240 0.0148386274107131 -0.9157781060174246 0.4004347525300519
1241 0.007471 0.975958 -0.217831
1242 -0.005982876171323016 0.9733727405652134 0.2270645468818849
1243 0.003887970270737687 0.1270633139589183 -0.9916169265209305
1244 0.007222222836532038 0.1334664357496594 0.9910026631922964
1245 -0.001166345906615254 -0.4552721499485383 -0.8899194578732106
1246 0.009452 -0.453307 0.891304
1247 0.01096084420301851 -0.6084765614710055 -0.7931353646238174
1248 0.01301932314745871 -0.6104205142937674 0.7916895268218582
1249 -9.438389281998111e-05 0.5495869119224016 -0.8348930781304836
1250 -0.001724420820071647 0.547220669451949 0.8363821151435509
1251 0.004674968228758205 -0.9870817568965059 0.158248606609438
1252 0.012539 0.9904770000000001 -0.13342
1253 0.0024850385224301 0.2642184090046547 0.9639662310160678
1254 0.00702820124851191 0.2712639939945383 -0.9620602798111983
1255 0.006925553074872005 0.8775156146451857 -0.478500894566304
1256 0.01761161242379612 0.8847891204705338 0.4652198489112884
1257 0.01922528907779997 -0.3345097000156706 -0.9421090979932886
1258 0.02372692789360801 -0.3461674991339716 0.9373641688589288
1259 0.0183 -0.811702 -0.583785
1260 0.018301 -0.811703 0.5837830000000001
1261 0.01646208208985339 0.3908132455606818 0.920061416181381
1262 0.01919749650182817 0.3958068262181208 -0.9178585275338981
1263 0.02476357408902221 0.7135133796689851 0.7000490290024575
1264 0.02407 0.711964 -0.701804
1265 0.03367553111832812 -0.9430401528144808 -0.3300108360869428
1266 0.03268213578298389 -0.9421964378292295 0.3325511027279989
1267 0.025806 -0.202671 -0.978907
1268 0.025806 -0.202671 0.978907
1269 0.02735500000000001 0.9955965 0.0841915
1270 0.02200094033527878 0.9520438396925844 -0.3029582944641531
1271 0.02200094033527816 0.9520438396925843 0.3029582944641533
1272 0.029639 0.502302 -0.864184
1273 0.029639 0.502302 0.864184
1274 0.02061301748976973 -0.9968526869639366 -0.06816996403794684
1275 0.02799284365889353 -0.9954899445307408 0.08950785119832627
1276 0.03875702876008927 -0.665494984868378 -0.7449001294336627
1277 0.03522832869096968 -0.6673852300389518 0.7435891330425326
1278 0.03621727479854561 -0.06109520780371199 -0.9972197175956422
1279 0.03752755271025598 -0.06072804480108374 0.997179
1280 0.0346130126170363 0.8472328459711759 -0.5295260745027678
1281 0.04156989122733906 0.8430331877722193 0.5359262666143982
1282 0.039723 -0.854548 -0.517851
1283 0.03997280297422255 -0.8549862664040568 0.5170334337690035
1284 0.04053556158067902 0.05898123029292968 -0.9971720914143585
1285 0.04210556399336424 0.06033102878046555 0.9970832323306102
1286 0.04317047785562419 -0.5059125845680141 -0.8611827844881302
1287 0.04095306931568186 -0.5094848490090177 0.8593603709698301
1288 0.04071677133687647 0.658909877401761 -0.7508965722725569
1289 0.044239 0.657466 0.752184
1290 0.05510758975371022 -0.9621112100897919 -0.2655297954884815
1291 0.045009 -0.963906 0.262412
1292 0.04976499493011806 0.9965882871872171 -0.05784078674569878
1293 0.04937822953919403 0.9303946195723007 -0.362122183062591
1294 0.0486240360272542 0.930835407433996 0.3611631079609053
1295 0.03705928429201629 0.2008506048099917 -0.9784922619054216
1296 0.04236374831836023 0.1945706727770211 0.9796849903770626
1297 0.050817 -0.399097 -0.9155
1298 0.05253723002474257 -0.3988664765579636 0.915423759861652
1299 0.06279104084774827 -0.726925775067112 -0.6831567490504432
1300 0.05876583146045555 -0.7213489026707171 0.6896648581951278
1301 0.055629 0.325684 0.943841
1302 0.05563 0.325684 -0.943841
1303 0.056828 0.982944 -0.174903
1304 0.04999573404990597 0.9853405304929888 0.1604070885050295
1305 0.029208994460414 0.9989804479792449 0.00831215397103852
1306 0.0470702881162824 0.8018147574170843 -0.5949469202958023
1307 0.05296738252938719 0.8049770485714351 0.5901624758491665
1308 0.06522141249558831 -0.2741121809194673 -0.9592289661015178
1309 0.06299808984112282 -0.2770695079746717 0.9585330900187103
1310 0.0670367005507559 -0.8903751033342909 -0.4496452193676634
1311 0.06575720222404563 -0.8908330154874643 0.4490565537501048
1312 0.05414861107803594 0.4415719462560052 -0.8952697256406908
1313 0.04689723175263191 0.4411457318579795 0.8956560077634929
1314 0.06235824029466433 -0.5679703339916433 -0.8206560291733737
1315 0.05986855312691267 -0.5676328773117942 0.8209653310638056
1316 0.05533767614902146 0.5985343288667898 -0.7987594380986796
1317 0.05089246183736573 0.5990970570201147 0.7984711391625032
1318 0.063482 -0.978671 -0.195377
1319 0.06249319765670577 -0.978165745204973 0.1977237682026636
1320 0.068205 -0.13641 0.988302
1321 0.068206 -0.13641 -0.988302
1322 0.0650241010195034 0.9017261034300221 -0.4266139458762924
1323 0.06972399999999999 0.904872 0.419935
1324 0.06066822556240885 -0.9974886954775216 0.01806143041492902
1325 0.07152001039900038 -0.7771573278754124 -0.624830649487044
1326 0.074887 -0.774015 0.628723
1327 0.07273924144589113 -0.000441953823648214 -0.9972558834064672
1328 0.075058 -0 0.997179
1329 0.06997291990113172 0.9654720328381802 -0.2492730641358232
1330 0.07050002620018717 0.966803868565227 0.2444425082880945
1331 0.07404779464724123 0.7512476636069865 -0.6555076220631627
1332 0.078571 0.74921 0.657655
1333 0.08544322262624877 0.1319104224196149 0.9873484516228652
1334 0.080276 0.129894 -0.988273
1335 0.06451749038544952 -0.9890984243061137 -0.1285287104396272
1336 0.080666 -0.988089 0.131047
1337 0.080971 -0.9220469999999999 -0.378514
1338 0.080972 -0.9220469999999999 0.378513
1339 0.08110100000000001 0.545583 -0.8341229999999999
1340 0.08110100000000001 0.545583 0.8341229999999999
1341 0.083314 -0.4614 -0.8832719999999999
1342 0.08252684383550248 -0.4635955692074038 0.8820774365746216
1343 0.08538900000000001 -0.623955 -0.7767810000000001
1344 0.0902846360754407 -0.6276384187563653 0.7728592823796113
1345 0.087685 0.259033 -0.96188
1346 0.08683556868046396 0.2571909351038767 0.9623674113895828
1347 0.088973 0.9917009999999999 0.08702799999999999
1348 0.08935659042028382 0.8692862366949223 -0.4860393348234596
1349 0.08477012569794327 0.8720426034353744 0.4813169261742268
1350 0.09421108291218612 0.3868804671836749 -0.9170378629939396
1351 0.09345100000000001 0.3809 0.919882
1352 0.093957 -0.339935 -0.935744
1353 0.093957 -0.339935 0.935744
1354 0.07435507377588162 -0.9952925413371418 -0.05406633154333167
1355 0.09864311537754758 -0.8202642559670598 -0.5632447965725558
1356 0.1031744858480362 -0.8206281830061652 0.5615715474324805
1357 0.09162546604954298 0.4880366148238153 -0.8677228855967629
1358 0.08737810208867031 0.4848122967616099 0.8697777134450569
1359 0.097915 0.696561 -0.710785
1360 0.1008019720544343 0.6972520934074284 0.7095144765463893
1361 0.1032654782395986 0.9488168979169909 -0.2974909328659166
1362 0.098913 0.947386 0.304427
1363 0.099707 0.988089 -0.117212
1364 0.1029667123466865 -0.9459252420015068 -0.3072293081045702
1365 0.09986180392959654 -0.9453551876200161 0.3100831298541691
1366 0.1043721234404295 -0.208744246880859 -0.9722847826318406
1367 0.1046681462906184 -0.2093362925812369 0.9720989983856213
1368 0.1159816271071211 -0.6780358521732188 -0.7253932538355404
1369 0.1151076787589188 -0.6803368861592758 0.7233734721941215
1370 0.1088388762099578 -0.07370733733132302 0.9910890707330434
1371 0.1086629685094242 -0.07298450706514874 -0.9911919600578248
1372 0.111647 0.82751 -0.550238
1373 0.1118297432898134 0.8291416717681847 0.547492939459329
1374 0.114564 -0.519573 0.846711
1375 0.114564 -0.519572 -0.846711
1376 0.117790382210266 0.05947754542913194 0.9909618574254931
1377 0.1182787729540981 0.06074401503525492 -0.9908778067903403
1378 0.1086184355185736 0.6434694175549047 -0.7573954934635992
1379 0.1109581350850733 0.639433416132913 0.7604873626888147
1380 0.1178341794456757 -0.9601897991787163 -0.2514561590054161
1381 0.1185932519640576 -0.9617889632959157 0.245627078848041
1382 0.118019 -0.860282 -0.495971
1383 0.1193285090077561 -0.8610441465310124 0.4941146319300233
1384 0.1265811269927825 0.1915266899249742 0.9730014342736384
1385 0.118697 0.192062 -0.974178
1386 0.119245 0.992865 0
1387 0.1195265607412521 0.917804549614443 -0.3777972810087804
1388 0.120413 0.920955 0.370598
1389 0.1304211342509885 0.9740661006298862 -0.1831964252888599
1390 0.121993 0.975958 0.180622
1391 0.123016 -0.9904770000000001 0.053155
1392 0.1284067965301954 0.3176948511428917 0.9393028201654801
1393 0.1308816786332024 0.3147772088537819 -0.9398804557546723
1394 0.1308298985439038 -0.4086905041527332 -0.9029959135877508
1395 0.1311757217408323 -0.4087804646599467 0.9028892448492225
1396 0.120964568899989 0.4278657620124865 0.8953528822724737
1397 0.131349 -0.730881 -0.669746
1398 0.1311902377375073 -0.728464632347793 0.6721855333167576
1399 0.1373468080763206 0.7812780665035582 -0.6084857794121484
1400 0.1270189353644601 0.7841865357499762 0.6069469819091137
1401 0.132684 0.5863350000000001 -0.799129
1402 0.1302936127357886 0.5844465277942124 0.8007506430204488
1403 0.1396863253258072 -0.9739566314828895 -0.1770822094573461
1404 0.134086 -0.975957 0.171838
1405 0.1362657177874763 -0.8989045854092452 -0.4153499796862155
1406 0.1352733751953266 -0.8941271959751229 0.4265820916987192
1407 0.1406792016506277 -0.2753659130895817 -0.9508620216950664
1408 0.138199 -0.276398 0.951055
1409 0.138309 -0.574996 -0.806381
1410 0.13831 -0.574997 0.80638
1411 0.141726 0.888621 -0.436196
1412 0.1437254390852195 0.8922924058758522 0.4270732311984102
1413 0.142287 0.988089 -0.058606
1414 0.1476341429035346 0.986907508179414 0.06134197135146169
1415 0.1481448540489307 0.9584249268979024 -0.2431431228367482
1416 0.1445845886965786 0.956869622543177 0.2511912393220852
1417 0.1414177539412662 0.4530835254415243 -0.879560287071265
1418 0.1429195858349326 -0.1411619419503947 -0.9794079381574886
1419 0.1429194578086125 -0.1411621381694197 0.9794079166732305
1420 0.1431468404568711 0.5208350535581587 -0.8410671440119269
1421 0.14784 0.531075 0.834328
1422 0.148782 -0.982944 -0.108095
1423 0.1455604577194335 -0.9824773278937933 0.1143357312132444
1424 0.1408900873895947 -0.9892741712839167 -0.01741806476615114
1425 0.150354 0.730996 -0.665612
1426 0.150354 0.730996 0.665611
1427 0.1600396594892194 -0.002788248419991381 -0.986763517212589
1428 0.157175086230292 -0.003532891168838065 0.9873060759938888
1429 0.153955 -0.779278 -0.607473
1430 0.1568715870547521 -0.7801352532643744 0.6053450684890289
1431 0.1608843027221801 0.1331338806700144 0.9777140074463252
1432 0.155166 0.131829 -0.979053
1433 0.155215 0.251152 -0.955422
1434 0.1567510903505888 0.2567737248240144 0.9534449997067745
1435 0.15698 -0.9220469999999999 -0.353816
1436 0.1636272066691288 -0.9196518482480387 0.3561707891969578
1437 0.1674599745882796 -0.4688828693810107 -0.8668395388278967
1438 0.1674599973506697 -0.468882820300158 0.8668395616516155
1439 0.161465 0.476988 0.863951
1440 0.1705752552666072 0.8483980302230454 -0.5005274301975311
1441 0.1641117539161134 0.8536160929647313 0.4938027319608028
1442 0.1663576750064203 -0.6337167215441358 0.7550857192108367
1443 0.1663566386411761 -0.6337165388472226 -0.7550862658442046
1444 0.1743644172319619 0.9761417600836051 -0.1264302715261713
1445 0.1667238725878462 0.977240361328247 0.1288752902409679
1446 0.1726775178353465 0.6830948081977417 -0.7091461849440567
1447 0.167728 0.678153 0.715525
1448 0.1665164361402536 0.9353575162067741 -0.3117729532205097
1449 0.1694910275210511 0.936059551679728 0.3075057028106056
1450 0.172182 -0.344362 -0.922913
1451 0.172182 -0.344362 0.922913
1452 0.1746010476952513 -0.9410005929229386 -0.2889852711395717
1453 0.17414 -0.943208 0.282902
1454 0.1885488056299513 -0.8222519857326283 -0.5361071824297245
1455 0.1879376010445613 -0.8220190303741324 0.5367003943136796
1456 0.1756795 0.394068 -0.9015584999999999
1457 0.1885132097348686 0.3905560096085738 0.9003052038303218
1458 0.1882649159851126 0.8051396975480555 -0.5619923183476934
1459 0.18222 0.807634 0.560824
1460 0.1848828797288337 -0.2198388618456719 -0.9573931717804194
1461 0.1839352619326696 -0.2200924840589679 0.957504685895657
1462 0.1860953596770853 0.6325529028502991 -0.7512522081030397
1463 0.183532 0.623834 0.759702
1464 0.183906 0.982944 0
1465 0.1807726080975531 -0.686800041059703 -0.7035884456235488
1466 0.1868977030139821 -0.6892555533079491 0.6994729175316046
1467 0.188833 -0.524176 -0.830411
1468 0.188833 -0.524176 0.830411
1469 0.18943 0.306515 -0.932826
1470 0.18943 0.306515 0.932826
1471 0.1874109713487827 -0.9573926544446802 -0.2187904931221762
1472 0.189548 -0.958303 0.213839
1473 0.185297198777207 -0.06448933486959589 -0.9802895571408562
1474 0.1840388103548236 -0.0634011834284148 0.9805324214818941
1475 0.1848603413363234 0.9031042962742842 -0.3868540333394111
1476 0.1829903065238996 0.9055563423956772 0.381975556468114
1477 0.1980791380159375 0.9604989315597195 -0.1933188485090701
1478 0.190335203504233 0.9625487335618048 0.1918040769187242
1479 0.199640843406527 0.1938534515929816 -0.9602280384644338
1480 0.1999196085674583 0.2009870198681491 0.9585877946885614
1481 0.19281 0.06755700000000001 -0.978908
1482 0.1969175575064346 0.06001274756444866 0.9782737766204238
1483 0.1900346057905756 -0.8605680979506515 -0.4720339322483273
1484 0.193853988944078 -0.8591872106095915 0.4731768544550789
1485 0.1963754072339437 0.5671561129693584 -0.799721952981969
1486 0.2106509881040178 0.7615513585217959 -0.6122464196523087
1487 0.2097961519847485 0.7625470997267499 0.6113436303903051
1488 0.203181 -0.96795 -0.147618
1489 0.2060033237420314 -0.9660244995413142 0.1542602584077094
1490 0.204615 -0.409231 -0.889192
1491 0.2052054775194248 -0.4251744559129036 0.8808196138410079
1492 0.2011592800448291 -0.9767885596898578 -0.07137843593977071
1493 0.204863 -0.975957 0.07442
1494 0.2035511505488071 -0.978942663644307 0.002416360753570296
1495 0.209481 0.975957 -0.060207
1496 0.2084210351243773 0.9758138225102791 0.06370994595618837
1497 0.2070654786893128 -0.7355115046408067 -0.6448341991706973
1498 0.2046352775507676 -0.7441141012628169 0.6349095031759151
1499 0.2093713029298686 0.5144410538873904 -0.8315221482515636
1500 0.2206961265975787 0.8674061485882173 -0.4452016251783683
1501 0.2175634274208237 0.8690118406632585 0.443823575536999
1502 0.2096011277618196 -0.5843196468418784 -0.7835995886878593
1503 0.2095998321661332 -0.5843597235327657 0.7835676103735486
1504 0.2146999125392758 -0.8877919837987117 -0.4062768977032591
1505 0.206048966222288 -0.8908472826724222 0.4039075619555347
1506 0.2094878008045726 0.9444426388418785 -0.2524894232146748
1507 0.215245 0.943209 0.253036
1508 0.2246090148353676 0.7103179616503431 -0.6666510588942256
1509 0.2219159858091701 0.7123901146858671 0.6654338662324663
1510 0.2153869681857937 -0.2778546547937435 -0.9360334053760782
1511 0.2154372418568658 -0.2772554764836064 0.9361847627251675
1512 0.2318633161684583 0.4486959721203708 -0.8625313247485514
1513 0.221172 0.462449 0.858617
1514 0.226619 -0.14006 -0.963861
1515 0.226619 -0.14006 0.963861
1516 0.236447544131255 0.2535945945595206 -0.9376311032580918
1517 0.224401311810939 0.2584063857821079 0.9394064089843929
1518 0.2099496600498943 0.5615820065842235 0.7998081524044079
1519 0.224387942836884 0.1334778046425397 0.9650598826606074
1520 0.2259599751153527 0.1358038048745561 -0.9643841617227595
1521 0.2283383586424074 0 -0.9734738646783495
1522 0.2260139813123779 -0.0002861605199297153 0.9739216250734677
1523 0.231516 -0.916214 -0.327036
1524 0.231518 -0.9162130000000001 0.327036
1525 0.2349646746834395 -0.7840502731780128 -0.5738922678613165
1526 0.2355175250512845 -0.7840049142290881 0.5736918288677438
1527 0.245081539070275 0.656338180092229 -0.7129263989640794
1528 0.2348731428249926 0.6625155517524139 0.7108571737982896
1529 0.233093 0.82751 -0.510779
1530 0.224642426230735 0.8273676256211348 0.5140942316723293
1531 0.238185878861415 -0.4713345874252711 -0.8489854791966494
1532 0.2394818060238165 -0.471289260650713 0.8485910204752984
1533 0.235662 0.963905 -0.123894
1534 0.235662 0.963905 0.123894
1535 0.2308297568289853 0.5062981228329479 0.8303072754483689
1536 0.239488 -0.631978 -0.737055
1537 0.2280669280981544 0.9169140387461149 -0.3260549722639861
1538 0.239488 0.916214 0.321243
1539 0.239489 -0.631978 0.737054
1540 0.2402035 0.3329299999999999 -0.911297
1541 0.2402035 0.3329299999999999 0.911297
1542 0.2385836801743733 -0.9348713971569091 -0.2615164494327504
1543 0.2431074699891474 -0.9326943607123607 0.2651523860139267
1544 0.246259 0.604083 -0.757919
1545 0.246259 0.604083 0.757919
1546 0.2589181919595993 0.4088875220385157 0.8747081911305207
1547 0.250832 -0.346642 -0.903838
1548 0.250832 -0.346642 0.903838
1549 0.251147 0.9679489999999999 0
1550 0.2624484153560611 0.7782425258476992 -0.5697782266727042
1551 0.2581863945734836 0.7784961566478978 0.5716797322994367
1552 0.2490109909511088 -0.8228197566044324 -0.5103850040117242
1553 0.2486527745078399 -0.8228514277457815 0.5104791285355745
1554 0.2599713175720227 -0.9447593927728002 -0.1978091879065409
1555 0.2612331700202922 -0.9445331861053488 0.197206162403895
1556 0.2673341772082682 -0.9557189203429298 -0.1204172134664039
1557 0.2659977972833428 -0.9565252896201657 0.1178383792179443
1558 0.2570686962036879 0.9459679424362022 -0.196219116099398
1559 0.2571105209722894 0.9459845885441994 0.1960997030123239
1560 0.262525 -0.210805 -0.941617
1561 0.2568449800863047 -0.2029895240376455 0.9444761974907693
1562 0.2504912032216384 0.8849512795331236 -0.3913702665472363
1563 0.250493508647555 0.8836891722992393 0.3941192869209895
1564 0.2617244730570307 -0.5225939100456261 -0.8112305357274585
1565 0.2612330864731778 -0.5224661729463557 0.8114652252601667
1566 0.2670782596224274 -0.9628437064055816 -0.03372162147742637
1567 0.263479 -0.963905 0.038286
1568 0.264071 -0.683164 -0.680847
1569 0.25944893748715 -0.6859630256617776 0.6794594765053484
1570 0.2622840038672757 0.1944680722149095 -0.9450109062641436
1571 0.2598026934419913 0.1998445207737133 0.9444412264189089
1572 0.2699546585368687 -0.06810854780478616 -0.9603802567308756
1573 0.2683427161874519 -0.06810774777393754 0.9608327107997238
1574 0.2679622073319173 0.3951053811375509 -0.8780849297135839
1575 0.269592 0.730996 -0.626869
1576 0.269592 0.730996 0.626869
1577 0.2671840611720539 0.07126855081068782 -0.9608266357069164
1578 0.270049 0.06798700000000001 0.960443
1579 0.2635806288640035 -0.8503975073982414 -0.4540515772573353
1580 0.2626398114745426 -0.8504185470099086 0.4544893097339803
1581 0.2795257489636996 0.9580417842858701 -0.06271061692839817
1582 0.2800806718844083 0.9578180558888294 0.06315647889469332
1583 0.281777 -0.410552 -0.867207
1584 0.281777 -0.410552 0.867207
1585 0.289057511212434 0.5619070682486185 -0.7744383810456656
1586 0.2857052525942128 0.8443156338753512 -0.4530544915741452
1587 0.2821243512029642 0.8455991652638907 0.4527525442192384
1588 0.2842244049172047 0.6803992081507756 -0.6753114330569386
1589 0.284874 0.678153 0.677462
1590 0.287409 -0.730881 -0.619039
1591 0.2886923452149389 -0.7312612716298887 0.6178586777004329
1592 0.2807161152089485 0.9230219805869289 -0.2618674193365626
1593 0.28799 0.922048 0.258631
1594 0.288916 -0.8828549999999999 -0.370263
1595 0.288918 -0.882854 0.370264
1596 0.289283 -0.5785670000000001 -0.762611
1597 0.289283 -0.5785670000000001 0.762611
1598 0.2897991343665693 0.5078156968686831 -0.8106374535270553
1599 0.2955455 0.425932 0.8546335
1600 0.2968352919353852 -0.2764589091861753 -0.9138458520738804
1601 0.2960700203501391 -0.274876284791862 0.9144952120640099
1602 0.2977828069312906 0.6249516734673163 -0.7215654579754185
1603 0.2928146529851109 0.6233548641300218 0.7247646765524161
1604 0.297410124915774 0.253411851063244 -0.9204325040441252
1605 0.298886 0.253934 0.919883
1606 0.3010655 0.4548345 -0.837645
1607 0.2959430603638913 -0.9082806233571601 -0.2945968893027148
1608 0.2974224731240268 -0.9050901084183854 0.3029474640291328
1609 0.305014 0.798552 -0.5189240000000001
1610 0.305014 0.798552 0.5189240000000001
1611 0.3092429446153954 -0.1414227155863071 -0.9402364841652583
1612 0.3094701380933738 -0.1401538644459213 0.9403584391348773
1613 0.3063642170648945 0.1371269504329827 -0.9418214314737559
1614 0.3020787338357602 0.1358612654248946 0.9433386880503114
1615 0.3129323948236125 0.9405136108416077 -0.1300357236934907
1616 0.3108796637045527 0.9415389854146267 0.1283748600549071
1617 0.3135592150132128 0.326762587874343 0.8910322940694153
1618 0.308975 -0.774015 -0.552662
1619 0.308977 -0.774014 0.552662
1620 0.309017 -0 -0.951056
1621 0.309017 0 0.951056
1622 0.309171 0.56916 0.761886
1623 0.3037766447984552 -0.4741598612413856 -0.8260139130921391
1624 0.3049821510309496 -0.4736025995805734 0.8259495141783825
1625 0.313023 0.891493 -0.3275
1626 0.310639627496901 0.8905751099857923 0.3316321075376527
1627 0.3056002792595554 -0.6312543025064384 -0.7123083572256034
1628 0.314971 -0.629943 0.709904
1629 0.3161529635119352 -0.9202765454791374 -0.230225643479268
1630 0.315251 -0.920955 0.22904
1631 0.318342 0.515103 0.795818
1632 0.319948 -0.934675 -0.154968
1633 0.319949 -0.934675 0.15497
1634 0.3265430410797554 0.9449225802864759 -0.000618326273707177
1635 0.322869 -0.943208 -0.078191
1636 0.3276900241678876 -0.9415888323478349 0.07469421013887023
1637 0.32299 0.74921 -0.57824
1638 0.32299 0.74921 0.57824
1639 0.3258986707092388 -0.9452817012666782 -0.001848974939825552
1640 0.325743 0.462449 0.824641
1641 0.3209051585969606 0.3193045073713061 -0.8912507911945668
1642 0.328338 -0.811703 -0.483045
1643 0.328341 -0.811702 0.483045
1644 0.328342 -0.346642 -0.878653
1645 0.328342 -0.346642 0.878653
1646 0.332966679408036 0.3880254889390912 -0.8587873368859259
1647 0.3352022229584162 0.9219492797024408 -0.1939810820577316
1648 0.334968 0.9220469999999999 0.193973
1649 0.3303838525793329 -0.5242850903911236 -0.7845973122676698
1650 0.3300755070072501 -0.5235420512883894 0.7851810997137292
1651 0.337094531649486 0.8534917668946923 -0.3971868396384266
1652 0.336518 0.854549 0.395602
1653 0.338568 0.696561 0.632593
1654 0.338569 0.696561 -0.632593
1655 0.3446524010077382 0.1910965063063077 -0.9187758231403065
1656 0.339239 0.195411 0.92018
1657 0.3418874911530079 -0.6797330506227265 -0.6486403355186691
1658 0.3397316152241218 -0.6814346043781705 0.6479651852331207
1659 0.3450598311613295 -0.21073027354444 -0.9144357880187696
1660 0.3444399538540841 -0.2108029701732771 0.9146780855745079
1661 0.345205 -0.843419 -0.411677
1662 0.345207 -0.843418 0.411678
1663 0.3574448544730352 0.07302785619390752 -0.9305254620261569
1664 0.3572808650715656 0.07077995966382417 0.9308100247627253
1665 0.347019 -0.06979399999999999 -0.935258
1666 0.347019 -0.06979399999999999 0.935258
1667 0.3568482448435972 0.9316983469330412 -0.06356476688125687
1668 0.3568032368005093 0.9317451795261321 0.06326121729869048
1669 0.3527981764603808 0.6438299416580391 -0.678766670898806
1670 0.3477733378332064 0.6429949804469101 0.6821179169601271
1671 0.352615594142292 0.3683868655771947 0.8597812710871499
1672 0.3497802421648717 -0.4187977866351737 -0.8375292532291053
1673 0.3499402671532501 -0.4184906333572253 0.8376287567694217
1674 0.3637339806543534 0.8114079695662667 -0.4568324918549981
1675 0.3637339806543535 0.8114079695662665 0.4568324918549984
1676 0.359439 -0.869 -0.340064
1677 0.3587227006363208 -0.8671530269686969 0.3449246029682589
1678 0.3618 0.894429 -0.262863
1679 0.3618 0.894429 0.262863
1680 0.3657870486339063 -0.7214150552080294 -0.5876770297702569
1681 0.3678864439479252 -0.7213183223784689 0.5863542837995902
1682 0.3573953132650515 -0.5758308082205255 -0.7350470312154528
1683 0.358673941356089 -0.5749523689999508 0.7351827904034036
1684 0.35850932467065 0.5852842420484853 -0.7270540718917556
1685 0.362366 0.586334 0.724502
1686 0.3688434750432902 0.4180196296461064 -0.8300849373099067
1687 0.3771106664189532 0.2448860746291044 -0.8927656450363729
1688 0.3678200792944492 0.2485702466118216 0.8958509633285667
1689 0.370794 0.531074 -0.761887
1690 0.3656411246210259 0.5342321393893535 0.761905560245698
1691 0.3781740317899358 -0.8851515306257676 -0.2699320990587674
1692 0.3837603396063382 -0.8809754498164375 0.2748451199290288
1693 0.373678 -0.279175 -0.884548
1694 0.373678 -0.279175 0.884548
1695 0.376869 0.763801 -0.524002
1696 0.376869 0.763801 0.524002
1697 0.3724893386745238 0.4766899562896778 -0.7960447977859894
1698 0.377837 -0.904871 -0.196079
1699 0.3864261257031629 -0.8997451422153433 0.2008545448679959
1700 0.3850275641027112 0.913117098650811 0.1318018291832484
1701 0.3856279609996171 0.9128243980206855 -0.1318970223049682
1702 0.3882514541787248 0.1348740434046032 -0.911234849339663
1703 0.3887818309964608 0.1366346427840248 0.9106924182776441
1704 0.3872166263003801 -0.7632962655754749 -0.5166551098242874
1705 0.3871486800774797 -0.7637431109135204 0.5160024891704708
1706 0.3839753793675061 -0.916095743916792 -0.1133505692605194
1707 0.382575 -0.9162130000000001 0.119124
1708 0.38271 -0.467042 -0.797123
1709 0.3844795884703713 -0.4639116258637834 0.7979136327509212
1710 0.3922614713100583 -0.1441999671266521 -0.9079761619175521
1711 0.3921740264361813 -0.144490140765368 0.9079642209249643
1712 0.3882561329406035 0.002373081527139777 -0.9213449778901635
1713 0.3884295012162078 0.002367864693070648 0.9212644992395866
1714 0.3925833530764207 -0.9186842174303039 -0.03491876109653939
1715 0.3948110931899936 -0.9173772397404469 0.04075225538519082
1716 0.393443555542724 0.8589870266841962 -0.3265496484719176
1717 0.3935976162092539 0.8585607667398101 0.3275013705333734
1718 0.387506 -0.623956 -0.678615
1719 0.3866624605111302 -0.6223280942815042 0.6804444091080364
1720 0.3938609531622083 0.3891679070212681 0.8320877742042613
1721 0.3922161850973823 0.9197555699301914 0.0002318457715483461
1722 0.3935747002371208 0.7112602126904159 -0.5823406689506622
1723 0.3949795620388503 0.7100690154651828 0.582707830368894
1724 0.395044 0.306515 -0.866019
1725 0.395044 0.306515 0.866019
1726 0.4066579309369125 -0.7968102963760241 -0.4462244150827854
1727 0.4066597314521786 -0.7968091531467578 0.4462247877180535
1728 0.4082723150096517 -0.3378985186982033 -0.8476461948878866
1729 0.4083017624456793 -0.3378582168010194 0.8476460942139861
1730 0.4036745 0.4837055 0.7758905
1731 0.4053956618414214 -0.5231934263441509 -0.7493635447322855
1732 0.3977847734281145 -0.5156955565329954 0.7583214242331093
1733 0.4111613352728672 0.6607840429249258 -0.6273688588894825
1734 0.4120036791883784 0.6603057853426076 0.6273207336147573
1735 0.408202 0.891493 -0.1965
1736 0.4041263881277006 0.8936242463201598 0.1940960181985746
1737 0.4031048092822941 0.3721383633045014 -0.8358048046997919
1738 0.4093648505837891 0.1990698891524749 -0.8901750108645019
1739 0.409668 0.194275 0.891308
1740 0.4110933152850714 0.8190802134598523 -0.3999729309719701
1741 0.4112557180218961 0.818970689783876 0.4000087322688107
1742 0.410981 -0.669946 -0.618278
1743 0.410982 -0.669945 0.618278
1744 0.4119759735559938 -0.8255324860429991 -0.3850976092060754
1745 0.411325187988195 -0.8255743371509582 0.3856185264353556
1746 0.416812 -0.209381 -0.884549
1747 0.416812 -0.209381 0.884549
1748 0.416812 0.6016049999999999 -0.681424
1749 0.416812 0.6016049999999999 0.681424
1750 0.4200918012291501 0.06689556430862915 -0.9049646141487158
1751 0.4198683294864861 0.06738493313266961 0.9050542062621313
1752 0.4248092113354284 0.4326708965140216 -0.7949707904294741
1753 0.4156948726493414 0.4295253033172134 0.8014457709019291
1754 0.4157521415018481 0.9071238059577875 -0.06170650149134989
1755 0.4154561430275627 0.9072644092045931 0.0613548831534798
1756 0.4242282442590053 -0.0711535559914539 -0.9026087593654002
1757 0.4220829789514297 -0.07096227971433081 0.9036919585320204
1758 0.4287388217269775 0.5424823311328499 -0.7221775740898276
1759 0.424667 0.545583 0.722494
1760 0.4335992316759983 -0.8451412364818275 -0.3113805921850447
1761 0.4268297585249175 -0.8494012507247125 0.3101057178414067
1762 0.429259 -0.405341 -0.8071159999999999
1763 0.429259 -0.405341 0.8071159999999999
1764 0.430135 0.774015 -0.464633
1765 0.430135 0.774015 0.464633
1766 0.430166 0.490423 -0.75792
1767 0.427602110276211 -0.5687283542372832 -0.7024143513212852
1768 0.431411 -0.5680500000000001 0.70086
1769 0.4317814202679537 -0.7137902831733187 -0.5511841953998531
1770 0.4321317045448423 -0.7135071486128468 0.5513039832320956
1771 0.434495 -0.868999 -0.236757
1772 0.4447686746586583 -0.8629997784449234 0.2376593541559629
1773 0.4350722201780632 0.8612506446107693 -0.2619913121561646
1774 0.4350931772906583 0.8619660193158242 0.2591240425255421
1775 0.436007 0.251152 -0.864188
1776 0.4380974501745782 0.2412443532943714 0.8655237865044481
1777 0.4394018333650506 -0.8855869555614913 -0.1471386201697043
1778 0.441424 -0.882854 0.160356
1779 0.4481559812251764 -0.8908906774674521 -0.06622249852911687
1780 0.4464810671380815 -0.8917553772278691 0.06670149956762048
1781 0.4455497526290557 0.7220243450576588 -0.528981671279846
1782 0.4443637356616128 0.7244015966904375 0.5267870543410524
1783 0.447211 -0.894428 1e-06
1784 0.456917519604563 -0.266879414652872 -0.8479025959383681
1785 0.4569177884327443 -0.2668793864239472 0.8479024849305307
1786 0.449939 0.131829 -0.883276
1787 0.449939 0.131829 0.883276
1788 0.4547018678176721 -0.7488619022507786 -0.481621681245711
1789 0.4547032543187862 -0.748860700752067 0.4816219907709864
1790 0.4461283556036701 0.8853720175723369 -0.1289572576568516
1791 0.4447038357841884 0.8860226074333449 0.129022829668518
1792 0.451705 0.316537 -0.834127
1793 0.4502677382988404 0.3123170938072921 0.8362804058180731
1794 0.451779 -0.4614 -0.763548
1795 0.451779 -0.4614 0.763548
1796 0.455902 -0.614344 -0.643999
1797 0.4517494319250976 -0.6187959232707134 0.6422982537322536
1798 0.456881 -0.138657 -0.878655
1799 0.456881 -0.138657 0.878655
1800 0.4520707182730607 -0.002211595595225227 -0.891676265489874
1801 0.4520706966197012 -0.002211560905476239 0.8916762764443812
1802 0.4528354107787385 0.8913194245746415 0.001063880904591188
1803 0.4534225947897721 0.8268424166323805 -0.3317577041369635
1804 0.4545365978448419 0.8259620425060366 0.3326280174525222
1805 0.4611375144554919 0.6733299721992408 -0.5775144354853086
1806 0.4618231820696894 0.673354638482919 0.5768840386053996
1807 0.465085 0.3809 -0.799131
1808 0.4662252555957417 0.3803326259684773 0.7986673214931892
1809 0.465175 -0.781169 -0.416398
1810 0.465177 -0.7811669999999999 0.416399
1811 0.474069417020363 -0.509558779457876 0.7178298158872272
1812 0.4740289656077321 -0.5040961139519001 -0.7214522256878098
1813 0.4719107380605756 0.6240540116160186 -0.6219833255477701
1814 0.472727764446242 0.6260054973097045 0.6192353988740028
1815 0.4733849366965278 -0.3386948547628723 -0.8130585871645644
1816 0.474009 -0.339935 0.812256
1817 0.4811620167012468 0.4448631752444447 -0.7550382023967843
1818 0.4785829827862162 0.4415706529309587 0.7587579948440831
1819 0.4696318766150003 0.2063381273339825 -0.857837024648654
1820 0.4710147003231768 0.2023658793375027 0.8581576804406706
1821 0.4787629491777395 -0.8067601572582483 -0.3460698958855841
1822 0.477067 -0.807633 0.346605
1823 0.4764945593966404 -0.6635127875737078 -0.5761887020484506
1824 0.4752649827449952 -0.6609626542549759 0.5804186773407487
1825 0.4796767541784598 0.5568674994526802 -0.6780078281096806
1826 0.4848450374989449 0.5566130255344404 0.6742288145618824
1827 0.480232 0.854548 -0.197801
1828 0.480232 0.854548 0.197801
1829 0.481614 0.779278 -0.400965
1830 0.4816528674995688 0.7766381711840274 0.4054566986378002
1831 0.4879410463630137 0.5028466634076181 -0.7132337558190516
1832 0.483971 0.502302 0.716565
1833 0.4888578713167112 -0.2128364077356437 -0.8456753390221236
1834 0.4890290194233171 -0.2125968171678052 0.8456484440998693
1835 0.4823260413540033 0.05958756042353999 -0.8735110209216086
1836 0.4823260794303813 0.05958757039029502 0.8735110009495608
1837 0.4879333685997297 -0.8280699710725767 -0.2759141666088679
1838 0.488809 -0.827508 0.276218
1839 0.4847282495539552 0.8720327445556451 -0.0640818324271125
1840 0.4842285197812799 0.8722277546894499 0.06472366586005877
1841 0.4870433397287906 -0.06277711992863463 -0.870692631970387
1842 0.4863181300999129 -0.06269942870302102 0.8710721425777108
1843 0.4935508261253913 0.2602241969877957 0.8298103118447795
1844 0.494973733925563 0.2613717799147283 -0.8285462342616187
1845 0.4868569478716514 -0.557764536619803 -0.6716183366039656
1846 0.4999374067233756 -0.5564938236388633 0.6633622690998955
1847 0.4971869301990503 -0.6986965663426474 -0.5141101046331029
1848 0.4971887521074302 -0.6986954430847018 0.5141113837923618
1849 0.5015155524788754 -0.3934530797927683 -0.7701514753120243
1850 0.5034574928644063 -0.3913087832582496 0.7698499951956442
1851 0.4948367772167039 -0.8427077775031478 -0.2102973620651571
1852 0.4962020260137047 -0.8416455251184218 0.2113599990647888
1853 0.499928 0.730881 -0.464634
1854 0.4996838223667731 0.7259714068602225 0.4717844540217516
1855 0.50478 -0.854548 -0.122246
1856 0.504781 -0.854548 0.122248
1857 0.504807188173293 0.8207739230680463 -0.2670235837189872
1858 0.5050758271245934 0.8206866232451041 0.2668409575003213
1859 0.508167 -0.860281 -0.041022
1860 0.5035801728293627 -0.8624055966691 0.04575422179415226
1861 0.512615366668293 0.3170120083027949 0.7975146917874029
1862 0.5128892632786953 0.3175327299005611 -0.7971536010364343
1863 0.51288 -0.730996 -0.45011
1864 0.512983715966827 -0.7302713034271981 0.4510550263743314
1865 0.514613 0.678671 -0.524003
1866 0.5111082577968382 0.6827355132090516 0.521659235788836
1867 0.515946 0.129894 -0.846716
1868 0.515946 0.129894 0.846716
1869 0.516026 -0.271948 -0.812257
1870 0.516027 -0.271948 0.812257
1871 0.5135772410762135 -0.4484275324017851 -0.7311924250667224
1872 0.5171070201660711 -0.4421120066646204 0.7322785752648526
1873 0.519272 -0.6016049999999999 -0.606982
1874 0.5140700820148918 -0.6026509203442053 0.6100212364692245
1875 0.521257 0.843417 -0.13015
1876 0.521257 0.843417 0.13015
1877 0.5265351398481268 0.3919734116158383 0.7541143416733608
1878 0.522207 0.390821 -0.757997
1879 0.5235245173374206 -0.0002450131589860211 -0.851908714966704
1880 0.5234713301386474 -0.0003468345549286411 0.8519350801939339
1881 0.5174554144480104 -0.7654095078387225 -0.3816602234679894
1882 0.5198444273322981 -0.7605067231289473 0.3882397035867342
1883 0.5244959496840871 0.6215769770541876 -0.5815432260778225
1884 0.525657 0.623955 0.578242
1885 0.5247309349427057 0.8512174413641354 0
1886 0.5253840176748226 -0.1377749937731952 -0.839562441496382
1887 0.525732 -0.136411 0.839641
1888 0.530168 0.779278 -0.334138
1889 0.530168 0.779278 0.334138
1890 0.5334668853262904 0.4513620661572894 -0.7151802575815251
1891 0.531539 0.453307 0.7155280000000001
1892 0.531941 -0.502302 -0.681712
1893 0.5456891167800053 -0.495760686964171 0.6748565377163581
1894 0.533246 0.568049 -0.626872
1895 0.533246 0.568049 0.626872
1896 0.5310764391035471 0.2002374805788737 0.8230284304517713
1897 0.5302578815674349 0.2015606119368149 -0.8231756389808996
1898 0.5369845529860237 0.5084009060525501 -0.6729159142466157
1899 0.536844884461574 0.5089355505624725 0.6726454694166371
1900 0.5343279083119593 -0.6466317666538542 -0.5438931875881632
1901 0.5294519165798633 -0.6440748098993907 0.5514413926463924
1902 0.5386378827203657 -0.7830438869010806 -0.3104423352086647
1903 0.53977 -0.7811669999999999 0.313729
1904 0.5344653374965544 -0.3341131219912767 -0.776064382231892
1905 0.5397729999999999 -0.333602 0.772887
1906 0.549559 0.811702 -0.197801
1907 0.549559 0.811702 0.197801
1908 0.5482049112857276 0.7317605230825192 -0.4043825651508725
1909 0.5468713248897934 0.7337256230543818 0.4027423884278006
1910 0.5424941274757843 -0.8035841736594651 -0.2431613144757701
1911 0.5495799356027117 -0.7989689760285604 0.2434995621788076
1912 0.5537183271457967 0.06226424768349672 -0.8302073995361036
1913 0.5537185021163513 0.06226450454171878 0.8302072549147061
1914 0.5588982062265027 0.2665684507578224 0.7849346176051217
1915 0.5574339200278594 0.2684905707667565 -0.7853106628115645
1916 0.554513 -0.202671 -0.807118
1917 0.554513 -0.202671 0.807118
1918 0.5533445090722622 -0.5494972771553212 -0.6257362039862422
1919 0.555904 -0.545582 0.627145
1920 0.5565318424884913 -0.6788049072315234 -0.4789427664027088
1921 0.5566900766171452 -0.6818220318263813 0.4740107762417666
1922 0.5551924410212297 0.8291317372507199 -0.06374792992076515
1923 0.5572859151788908 0.8278872443095898 0.06279807114130974
1924 0.5572061120848784 -0.06413710031455606 -0.8277187914792933
1925 0.5572057564329429 -0.06413766464581484 0.8277189416723827
1926 0.5663806707627913 -0.3847761549820287 -0.7283204037208832
1927 0.5650743692543557 -0.387579794812706 0.7279700217268603
1928 0.560867 -0.811702 -0.162995
1929 0.560868 -0.811701 0.162996
1930 0.565924 0.683164 -0.461538
1931 0.565924 0.683164 0.461538
1932 0.5605399570276075 -0.8241601308995049 -0.07607560679337019
1933 0.5595123411569886 -0.8248768026686588 0.07522187996001996
1934 0.568263 0.333602 -0.752188
1935 0.5675920238558365 0.3335111768820178 0.7526947900211448
1936 0.56847 -0.822704 1e-06
1937 0.5660170014592735 -0.7122016177959445 -0.4147866337383308
1938 0.5646558278142999 -0.7117036308754326 0.4173964182050964
1939 0.577931854193017 0.7723988205219784 -0.2626777543624813
1940 0.5774599267552236 0.7733380917730017 0.2609391290948816
1941 0.571234822237311 -0.439122590130669 -0.6930058658415192
1942 0.5893659965746314 -0.4361146262658555 0.6792648366375051
1943 0.576139 0.133441 -0.806385
1944 0.576139 0.133441 0.806386
1945 0.5749799643693472 -0.5877940723671635 -0.5689332896407214
1946 0.5722809938643919 -0.5845306203879633 0.5746467646439365
1947 0.570331385083236 0.6326155068856293 -0.5232357951240019
1948 0.5698703102144547 0.6346304918908157 0.5212927405653472
1949 0.579226 0.399096 0.710788
1950 0.579226 0.399097 -0.710788
1951 0.5772895050507829 -0.2733536682373345 -0.7690294820171348
1952 0.5783253028717551 -0.2696726110503584 0.7697403557732795
1953 0.585869 0.574996 -0.571084
1954 0.5797068534785937 0.5770950164427089 0.5747161534411986
1955 0.586573 -0.730995 -0.348681
1956 0.5845643284511425 -0.7284479003861675 0.3565385421674299
1957 0.5873966155627589 0.4590604730813985 0.6663390426214313
1958 0.58771797019004 0.4591255448526781 -0.6660152922259376
1959 0.5877830000000001 0.798549 -0.129731
1960 0.5899818451728847 0.7961826221042156 0.1328200501633268
1961 0.587786 -0 -0.809017
1962 0.587786 0 0.809017
1963 0.587898 -0.490422 -0.643321
1964 0.6093541839345068 -0.4774835668127788 0.6319655065997175
1965 0.5840116800135928 -0.134848491469885 -0.8001763798001573
1966 0.5831765967057225 -0.1300496730860069 0.8014650038633144
1967 0.589689 0.80763 0
1968 0.5903659999999999 0.519572 -0.617668
1969 0.5871355909805536 0.5176851677975927 0.6219610181920956
1970 0.5950387309805579 -0.6274326403041106 -0.5018011589458667
1971 0.595029 -0.6238320000000001 0.506729
1972 0.596263 0.20267 0.7767849999999999
1973 0.5952080176991175 0.2095580123390443 -0.7753883287739615
1974 0.5904069821625062 0.7379594893812744 0.3254294927891273
1975 0.59638 0.73088 -0.331881
1976 0.599786 -0.325684 -0.730881
1977 0.5986701256211236 -0.3183492666451871 0.7346046902632569
1978 0.6011879999999999 -0.749209 -0.277953
1979 0.5979952894533771 -0.7508703209762214 0.2798148070629344
1980 0.6179601444072148 -0.6541583182393043 -0.4351834467897154
1981 0.613256040637169 -0.6538341363003256 0.4427488530245123
1982 0.610017 -0.531074 -0.588081
1983 0.6180061210580039 -0.5201631599918846 0.5888207518119118
1984 0.6154192746584569 -0.7613854158332366 -0.2030892815032831
1985 0.612897 -0.763799 0.202405
1986 0.6123034930548159 0.2744790937636079 0.7412907366097079
1987 0.613044 0.271948 -0.741769
1988 0.6168824473465189 0.05684807347167051 0.7844807517720727
1989 0.6168360501916457 0.05672984550694083 -0.7845207201098501
1990 0.613828 0.683164 -0.395604
1991 0.6049202162437216 0.6910938970407883 0.3943993301933307
1992 0.615477882540601 -0.2043474109243389 -0.7608449348620054
1993 0.6168524350437575 -0.2037813369633218 0.7599143538479676
1994 0.6151702402398087 0.7600730737237664 -0.2072243919183495
1995 0.6173452588727161 0.7583722809785679 0.2070435734812368
1996 0.6197942406193988 -0.3859899157762853 -0.6828341999342817
1997 0.6219241178517245 -0.3825364901239809 0.6828393611909427
1998 0.6205092901492539 -0.05339149063769273 0.7818091542625467
1999 0.6203006208735624 -0.05365407328165271 -0.781966342475151
2000 0.6177620420420368 0.7839923403433972 -0.05589637462444289
2001 0.6235487639104893 0.7792674100577696 0.05967932159004718
2002 0.621093 -0.774014 -0.123066
2003 0.6189516917388961 -0.7758154245150247 0.1214679349238598
2004 0.6159651373922141 -0.786173140574012 -0.03937342138398896
2005 0.6162285660236144 -0.7859819768926809 0.0393678674533193
2006 0.6239240718123391 0.3341433953819075 0.7060342465153221
2007 0.6238199673845228 0.3333727434033875 -0.7064519249457621
2008 0.626977 0.631977 -0.455527
2009 0.626977 0.631977 0.455527
2010 0.6361086194984087 -0.6695567717555744 -0.3824404183659271
2011 0.6304119706168079 -0.6730285205888237 0.3860609727001098
2012 0.6266470611914053 -0.5762324743708467 -0.5240547868370455
2013 0.629059 -0.5691580000000001 0.529474
2014 0.6361726301242275 -0.4444075950333341 -0.6298311078257112
2015 0.634968 0.405339 0.657659
2016 0.634968 0.40534 -0.657658
2017 0.635896 0.578566 -0.510782
2018 0.6341639472341907 0.5801121028519995 0.5110080743597514
2019 0.6363431349401762 0.1306629535854655 0.7599381583592792
2020 0.6363574332706731 0.1300761351876427 -0.7599967360430965
2021 0.6322584209619656 -0.2630543973530665 -0.7284062985441276
2022 0.6376513802753505 -0.2620739806137922 0.7241688990183963
2023 0.6374296574123598 0.7258209177726122 -0.2576740476639583
2024 0.636791136688058 0.7251001023389065 0.2617524915462739
2025 0.639849 0.467041 0.6103
2026 0.639849 0.467042 -0.610299
2027 0.641159855276508 0.5259061811672526 -0.5586735455852208
2028 0.640871 0.5241749999999999 0.560826
2029 0.647758776641745 -0.6089065893852984 -0.4570610308954309
2030 0.6414535376195014 -0.6093900413422373 0.4655527551945121
2031 0.648308689185073 -0.6929853617835874 -0.3148461640483723
2032 0.6469752873267084 -0.6945778180957347 0.31427809171879
2033 0.6471465318564261 -0.1298447957445253 -0.7511362479335411
2034 0.6458390000000001 -0.129894 0.752342
2035 0.646851 -1e-06 0.762616
2036 0.646851 0 -0.762616
2037 0.6551272375695036 0.755153799104165 0.0008673262002933219
2038 0.649751 0.749207 -0.128498
2039 0.6537088673389904 0.7450239113423986 0.1307388018307436
2040 0.6518175966410766 -0.4285994353047018 0.6246967687268185
2041 0.6568957765399228 -0.3118851147889821 -0.686146681257395
2042 0.653718 -0.316537 0.687355
2043 0.6522770215131849 0.2095356153691841 0.7281728085052845
2044 0.652507127127939 0.2086289582040797 -0.7282569070771374
2045 0.6571459667981485 0.6789586181511311 -0.3273164170574598
2046 0.6548354228549422 0.6812601376144849 0.326732274568383
2047 0.6605133273433758 -0.5020604654106112 -0.557451898112802
2048 0.658496 -0.515103 0.548682
2049 0.6622294054644005 -0.7051952046117121 -0.2512650520199303
2050 0.6545906988590401 -0.714548295010842 0.2455024160930346
2051 0.6599891574762861 -0.4720871347896067 0.5835203551692582
2052 0.6719430752514022 -0.6196259446631032 -0.4049445490378316
2053 0.6656675967569378 -0.6204158397086367 0.4141746686973677
2054 0.667145 -0.369743 -0.646689
2055 0.6735075786136078 -0.3758093038561494 0.6358359376595961
2056 0.668639 -0.192062 -0.718356
2057 0.668639 -0.192062 0.718356
2058 0.6736612986526549 -0.7197233528626599 -0.1663765160930644
2059 0.670818 -0.72361 0.162458
2060 0.671897459533857 0.2770524917491536 0.686748464328321
2061 0.6719191865383319 0.2769449910416922 -0.6867752277299281
2062 0.6681772453840809 0.6333253831144523 -0.3899192186510186
2063 0.668176689300143 0.6335049054211902 0.3896388432641941
2064 0.677382969295983 0.06280047997956838 0.7324512342854363
2065 0.6774292998881315 0.06273849733893631 -0.73241032332791
2066 0.6739668969377917 0.710207135382645 -0.2017534654599359
2067 0.6740655807215346 0.7097697394799717 0.2027639948007928
2068 0.6826833230863023 -0.5400030303838124 -0.4915145272975157
2069 0.6777947076211019 -0.5452375917495559 0.4928910644765036
2070 0.6778230468388109 -0.06132489315174523 0.7323625173154289
2071 0.6786632923711061 -0.06556539594437591 -0.7313088672720015
2072 0.6816325677898272 -0.7272435770940239 -0.07641521214955378
2073 0.677557 -0.73088 0.08204500000000001
2074 0.6823766087191364 0.7282851621164038 -0.05977989887077787
2075 0.6868447442134606 0.7237502172273591 0.06080021668720482
2076 0.679849 -0.733352 0
2077 0.6802935 -0.440421 -0.5850770000000001
2078 0.681771 0.344361 0.645448
2079 0.681771 0.344362 -0.645448
2080 0.682284 0.578565 -0.446935
2081 0.6813370171130237 0.5770597383529386 0.4499809551332237
2082 0.685046 -0.641861 -0.344568
2083 0.685047 -0.64186 0.344569
2084 0.6869170583435011 -0.2410761139777191 -0.6850367872360809
2085 0.687159 -0.251152 0.681715
2086 0.6978080336915872 0.5219400994142571 -0.4894914463457148
2087 0.6995985230642481 0.5201375649673238 0.4887087573767291
2088 0.6926100494600435 0.4118390390066601 0.5915647297347584
2089 0.6911460165280046 0.4119826590080211 -0.5932933429011121
2090 0.690211 0.469941 -0.550241
2091 0.690211 0.469941 0.550241
2092 0.694469 0.138656 0.706037
2093 0.694469 0.138657 -0.706036
2094 0.695906 0.669944 -0.258633
2095 0.695906 0.669944 0.258633
2096 0.7067831664886826 -0.5571380045939958 -0.4349074558815857
2097 0.6959473140234089 -0.5693181563452018 0.4373648662475102
2098 0.7045895621590572 -0.1266637184875052 0.6978406733613222
2099 0.701007 -0.131829 -0.700864
2100 0.7036613898185554 -0.302484929713889 -0.6426929197592398
2101 0.704798913316724 -0.6536512607529481 -0.2749553643631912
2102 0.7042911756362191 -0.6557483220302336 0.2712925949974199
2103 0.7064705727663425 0.7075337968306221 -0.001616465087594069
2104 0.7093813960452572 -0.001590471344012252 0.7043887721180393
2105 0.7089738819504873 -0.002736590877013316 -0.704789753710598
2106 0.7062580000000001 0.696558 -0.126519
2107 0.7051260354153087 0.6966290636493035 0.1309148947385889
2108 0.7031193085016643 -0.3155319811179481 0.6367391039172174
2109 0.7121499999999999 -0.357741 -0.604039
2110 0.7134286416226113 0.6252998216093619 -0.3154639545640421
2111 0.712699842812225 0.6260604394651714 0.315604512315479
2112 0.7187005216662793 0.2111170947702269 0.6618921200096243
2113 0.7187010385697881 0.2111179113630992 -0.6618909247473517
2114 0.7125450000000001 -0.4726975 -0.5176879999999999
2115 0.7077692269990229 -0.4829721509549746 0.5148588791690996
2116 0.7171972490577598 -0.6661768857976309 -0.2034441449931635
2117 0.7111970259321996 -0.6743265578591752 0.1974769640251094
2118 0.720278410859655 -0.5808515664621595 -0.3784924458074584
2119 0.7186266071162042 -0.586015454642268 0.3742732653565912
2120 0.719346 -0.404643 -0.564628
2121 0.7123832443201219 -0.4047835092547632 0.5727443834497676
2122 0.7228927342510509 -0.1948661865762272 0.6627359450743302
2123 0.721091 -0.194275 -0.665046
2124 0.724176 0.574995 -0.380723
2125 0.724176 0.574995 0.380723
2126 0.724333 -0.67867 -0.121443
2127 0.7228305198831566 -0.6799593331020997 0.122433878392492
2128 0.72532 -0.5151019999999999 0.456707
2129 0.725786 0.279173 0.628727
2130 0.725786 0.279174 -0.628726
2131 0.7262234256490218 0.6581589133399864 -0.1971879783253694
2132 0.7312457948272566 0.6541673797425349 0.1923003019681421
2133 0.7315707696549546 -0.6804365366864695 -0.03105669646919256
2134 0.729128 -0.683163 0.040749
2135 0.729133 0.069327 0.680852
2136 0.729133 0.069329 -0.680851
2137 0.731376 -0.06755800000000001 0.678619
2138 0.7313770000000001 -0.06755700000000001 -0.678619
2139 0.731419 0.524174 -0.436197
2140 0.731419 0.524174 0.436197
2141 0.73035750121515 0.6802089909026177 -0.06031700061200556
2142 0.7337915669989734 0.6765954214634291 0.05948201487854617
2143 0.7355814188760705 0.3488273573511085 0.5803987728718177
2144 0.7352322998385667 0.3494898981393516 -0.5804332001730778
2145 0.7350944759758834 -0.260320141048454 0.62556705903638
2146 0.736588 -0.25323 -0.627147
2147 0.736599 0.46994 0.486393
2148 0.7366504275507521 0.47184835718547 -0.4842363477969784
2149 0.7367835 -0.488776 -0.4661905
2150 0.7395121850041386 0.4172742950861986 0.5274106910960632
2151 0.7400276405416518 0.4175878860793566 -0.5263601433045074
2152 0.7365432893876406 -0.6003341055434007 -0.3110592254746066
2153 0.7405981566573095 -0.5971502062579708 0.3074597875299172
2154 0.747366 0.6143420000000001 -0.253038
2155 0.747366 0.6143420000000001 0.253038
2156 0.7478089999999999 -0.531073 0.398426
2157 0.7483840807422382 -0.3105175897935162 0.5859069437138561
2158 0.7490411557274912 -0.3049157188935231 -0.5879684992648729
2159 0.7504514893387363 -0.468814172452096 0.4650653820022879
2160 0.749882 0.140058 0.646577
2161 0.749882 0.140059 -0.646575
2162 0.753364 -0.614343 -0.234576
2163 0.7481574304627564 -0.6216533200467217 0.2305081148654356
2164 0.753368 -0.133034 0.644002
2165 0.753368 -0.133032 -0.644002
2166 0.7569669153503268 0.6530011484137125 -0.005524212894612096
2167 0.7573235229684002 -0.3555836269540135 -0.5475270464623138
2168 0.756748 0.641858 -0.123895
2169 0.7605664585745787 0.6366788072425456 0.1252711225794984
2170 0.758272077697755 0.006503575785121377 0.651470881749612
2171 0.7582724243837613 0.006505098715113078 -0.6514705117204374
2172 0.7599389322529483 -0.4190817103457078 -0.4957863926138918
2173 0.759289 -0.404643 0.509651
2174 0.7597895 -0.5040305 -0.4094825
2175 0.7576929543534037 0.5664478683265169 -0.3229165615802448
2176 0.760973 0.568048 0.313436
2177 0.7662155967807148 -0.6211409787555536 -0.1632626988465201
2178 0.7622322800803355 -0.6272165267611193 0.1588160224718093
2179 0.7732894599510501 0.2079107622738531 0.598183989564552
2180 0.7734683140704278 0.2079448109641321 -0.5979265021051061
2181 0.7682369999999999 -0.545582 -0.33489
2182 0.7718776618388163 -0.5441379146954932 0.3279139300271156
2183 0.7722478833766228 0.5175517030111617 -0.3680300167334655
2184 0.7719098842062965 0.5129200259207544 0.3747958937447202
2185 0.7716961186204048 -0.1958164949283545 0.6049326833254756
2186 0.7703140000000001 -0.195411 -0.606985
2187 0.772492 -0.629942 -0.080177
2188 0.7716640564555324 -0.6309156063586771 0.07978277272310054
2189 0.7727984999999999 -0.3333715000000001 0.5390794999999999
2190 0.7761809056548082 -0.6301590321906346 0.004447282227740866
2191 0.77663 0.280117 0.564252
2192 0.77663 0.280118 -0.5642509999999999
2193 0.7782593785580838 0.596699023349257 -0.1938925996135613
2194 0.7787922247846882 0.5953246299434317 0.1956558504629781
2195 0.778156 0.46704 -0.419937
2196 0.7762806647232212 0.4671708677792588 0.4229369028519462
2197 0.7787705941645671 0.6246241555353551 -0.05353873478113058
2198 0.7836555033354974 0.618911997801874 0.04470747232575497
2199 0.7799597773289234 0.3459982824949701 0.521163229745208
2200 0.7799589972864247 0.345977815067823 -0.521175850473549
2201 0.7844716269292582 0.06802716534670802 0.6161254364255127
2202 0.7844726899739722 0.06802849774932614 -0.616125269415106
2203 0.782446 0.409228 0.469372
2204 0.782447 0.409229 -0.469371
2205 0.7875562132625071 -0.2576617483022546 0.5590847665468942
2206 0.7808725763205537 -0.2569774706332185 -0.569174394498644
2207 0.7846490065718906 -0.05434467793643253 0.6166917929827355
2208 0.784489494842195 -0.05482167630239525 -0.6168765232621226
2209 0.778681420495694 -0.5655689824275668 -0.270179355614338
2210 0.7788314612722556 -0.5677582006306355 0.2649688135373546
2211 0.790392 -0.308119 -0.529475
2212 0.7906015 -0.454176 0.4094825
2213 0.7875792737728219 0.5599692770208298 -0.2558141652939834
2214 0.7875792737728216 0.5599692770208299 0.2558141652939837
2215 0.793509 -0.490422 -0.360319
2216 0.793509 -0.490422 0.36032
2217 0.797261 -0.424879 -0.4275665
2218 0.8014157798916145 -0.5664040401030871 -0.1914898464870312
2219 0.7950527328182897 -0.5724779496055987 0.1988765279723667
2220 0.8038425558843605 0.1421843091046978 0.5771604560114086
2221 0.8038432846428176 0.1421863829284669 -0.5771598060677537
2222 0.801022 0.586331 -0.12075
2223 0.801022 0.586331 0.12075
2224 0.8033173186138769 -0.1294680230190449 0.5810176453939617
2225 0.8017840000000001 -0.133441 -0.582525
2226 0.803129 0.5121599999999999 -0.304428
2227 0.803129 0.5121599999999999 0.304428
2228 0.7984965324199558 -0.3983100308125927 0.4501921346388292
2229 0.8078745000000001 -0.3637415 -0.4626379999999999
2230 0.809019 -2e-06 0.5877830000000001
2231 0.809019 0 -0.587782
2232 0.809654 -0.574995 -0.117648
2233 0.809654 -0.574995 0.117648
2234 0.8179045195202523 -0.3182248739051741 0.47826417794072
2235 0.812729 -0.502301 -0.295238
2236 0.8161444561146552 -0.4962272827335575 0.2952068722262587
2237 0.8143 0.461397 -0.352177
2238 0.8118470781113679 0.4593767906028352 0.3595040472337102
2239 0.818118355902539 0.2059279159585604 0.5363126276045741
2240 0.8183804014743266 0.2074350646541084 -0.5353262551647842
2241 0.8134090902545339 -0.580276516975911 -0.03485132723316418
2242 0.8133540502844367 -0.5803505802838703 0.03150717537126353
2243 0.815321 -0.195412 0.545037
2244 0.815322 -0.19541 -0.545036
2245 0.8120545822828298 0.5826006738797697 -0.002759570416675863
2246 0.818363 0.54558 -0.180623
2247 0.8187110626166298 0.5375271543942817 0.1988993043085335
2248 0.8249769141885295 0.5624776242034903 -0.04712235917619826
2249 0.8194170501859848 0.5703398529025516 0.05408313498374931
2250 0.8203787539686045 0.4048374277469305 -0.4035076010967535
2251 0.8201300299381361 0.4053659902976341 0.4035016911295171
2252 0.8231657366294308 0.2760786189071904 0.4958716927451502
2253 0.8231959596352562 0.2765479686955249 -0.4956033934040162
2254 0.820173324357417 -0.2571834561251808 0.5105737772009737
2255 0.8249249849925041 -0.252983855031041 -0.505344215896087
2256 0.824539 0.34436 0.448946
2257 0.824539 0.344361 -0.448945
2258 0.828832972755378 -0.2980736955551402 -0.4728503063746975
2259 0.828684 -0.512161 -0.225775
2260 0.828684 -0.512161 0.225775
2261 0.8308944174188123 -0.06178193452183501 0.5525084939116525
2262 0.8297016039905427 -0.06275647376265436 -0.5542588862864628
2263 0.830476 0.06979100000000001 0.552665
2264 0.830476 0.06979399999999999 -0.552664
2265 0.8295513245590433 0.5007733269990914 -0.2459948163005483
2266 0.8308443227778054 0.5002012829778367 0.2431614551876558
2267 0.8315699033278011 -0.4431142660804179 -0.334871465193262
2268 0.8311318276864366 -0.4397189888998845 0.3397378972723807
2269 0.8414119745482284 0.5265028159854009 0.1200175719931705
2270 0.840673 -0.519571 -0.152694
2271 0.840673 -0.519571 0.152694
2272 0.844562176003561 0.4542869359471401 -0.2832410670371533
2273 0.8419315710477323 0.4580097853045192 0.2845348820020307
2274 0.845289 -0.133034 0.517482
2275 0.84529 -0.133032 -0.517481
2276 0.845982 -0.380899 -0.373136
2277 0.8432484044890608 -0.3834947357785405 0.3761799473512972
2278 0.8466590000000001 0.140057 0.513373
2279 0.84666 0.140059 -0.5133720000000001
2280 0.8466613598863402 0.5229690756355697 -0.09267280689406143
2281 0.848121 -0.524174 -0.077024
2282 0.848121 -0.524174 0.077024
2283 0.850602 -0.453306 -0.26644
2284 0.8476428445333414 -0.4524096096143441 0.2760139329372561
2285 0.850648 -0.525736 0
2286 0.8509608364794665 0.4898819962665311 -0.1872596112941066
2287 0.8490005266235133 0.4915857683353338 0.1912595010065672
2288 0.8536560158145705 0.0008779465093577746 0.5207594006212211
2289 0.8531103448018005 0.001221786864844017 -0.5215630009442881
2290 0.8519965441062465 0.4036793777647798 0.3327719692963348
2291 0.854992 0.399094 -0.331229
2292 0.8576429987803632 0.5110249103891488 0.0541902620400943
2293 0.855329 -0.194276 0.480281
2294 0.8518580788825519 -0.2036169748582839 -0.4818455941269159
2295 0.8517034100213273 -0.3194558342322527 -0.4147492977066364
2296 0.8512227761922464 -0.3191237846000574 0.415914729731805
2297 0.8570237026633708 0.2205483801222978 0.4646900515273685
2298 0.8570239435302653 0.220549696717598 -0.4646889749403194
2299 0.8573323828689878 -0.2496867321322141 -0.4495399736411708
2300 0.860698 -0.251151 0.442858
2301 0.8600293860750493 0.3347756732803654 0.3842547478759669
2302 0.860914 0.339933 -0.378514
2303 0.861804 0.276394 0.425323
2304 0.861804 0.276396 -0.425322
2305 0.8625540017072781 -0.4650059631366675 -0.1981892836141436
2306 0.8625540017070535 -0.4650059631368581 0.1981892836145784
2307 0.8594111809677123 0.5102793528157278 -0.008297219176691642
2308 0.8702235308568478 -0.3872429072252103 -0.3039919578650795
2309 0.868015 -0.390819 0.306283
2310 0.8634459993258878 0.450568824663943 0.224967070361449
2311 0.8670827259446742 0.4413679141533781 -0.2292057386421538
2312 0.8739051646849654 -0.06414927262761728 0.4813056896785733
2313 0.8709907680299934 -0.06466927999757895 -0.4867666017810379
2314 0.8766407220614778 0.4697912607488589 -0.09958967855505425
2315 0.8748312804109425 0.06353699696013518 0.4796895528998543
2316 0.8748316484586206 0.06353841411105432 -0.4796887966538508
2317 0.876374 -0.46704 -0.117648
2318 0.8781951213532814 -0.4643234820483636 0.1125748696554831
2319 0.8803005 0.454173 0.1334205
2320 0.880456 -0.325683 -0.344569
2321 0.880456 -0.325683 0.344569
2322 0.8775052479462411 -0.4776569764371001 -0.03236433501439512
2323 0.8773186697016812 -0.4779909831020598 0.02849315196710054
2324 0.8749477801534127 0.3983522006749174 0.273334788692398
2325 0.88227 0.390818 -0.262413
2326 0.8861619232388289 -0.1279214008661121 0.444718268362774
2327 0.883188 -0.131828 -0.450112
2328 0.8879240984222708 0.4568119821277269 0.04855019114284344
2329 0.886085 0.138654 0.442298
2330 0.886086 0.138656 -0.442297
2331 0.8788135868180387 -0.4080344116186616 -0.2452250405893085
2332 0.8784484368110705 -0.4089732693062564 0.244958832393883
2333 0.887707 -0.259032 -0.380629
2334 0.8882077130611183 -0.251869218220389 0.3835430338418882
2335 0.8924231023488877 0.4238399364533465 -0.1528433218046772
2336 0.889684 0.4548305 -0.02748800000000001
2337 0.889821 -0.192061 -0.413922
2338 0.889821 -0.192061 0.413922
2339 0.8864387159763875 0.3360582077026679 0.3170676392513382
2340 0.885560723240589 0.33859578282792 -0.3166418212274341
2341 0.8942594913629042 0.001699004509372323 0.4471629440628761
2342 0.8906809306358672 0.01033544730871496 -0.4536092064261542
2343 0.890281248244375 0.2112653311807531 0.402733024282629
2344 0.8901329532724854 0.2101581360811874 -0.4036240706342851
2345 0.8940599826140707 0.2675476915586673 0.3585291554797295
2346 0.8936929118333898 0.2684840782961848 -0.358754173771107
2347 0.900263 -0.405339 -0.158831
2348 0.900263 -0.405339 0.158831
2349 0.901861 -0.333601 -0.274513
2350 0.901861 -0.333601 0.274513
2351 0.895740968832918 0.3939956438717528 0.2033123843043319
2352 0.90374 0.380897 -0.195376
2353 0.90673 -0.066722 0.416401
2354 0.905263041463735 -0.05326307550455567 -0.4203274896195153
2355 0.9125681301391979 0.4038982126441001 -0.05515501598856881
2356 0.9078151183657142 0.07127576402195571 0.4129635298562237
2357 0.9078931975195609 0.07145241680762489 -0.4127472459580451
2358 0.908902 -0.409229 -0.080178
2359 0.908902 -0.409229 0.080178
2360 0.9117235 0.394064 0.1115115
2361 0.9130156150714818 -0.2637552181668263 -0.3107541671236225
2362 0.9118039999999999 -0.266064 0.312769
2363 0.911838 -0.41055 0
2364 0.913845 0.404639 0.033976
2365 0.9126526088849549 0.3301902580009354 0.2401275627654127
2366 0.914839 0.325682 -0.238751
2367 0.915098 -0.129893 -0.381737
2368 0.915098 -0.129893 0.381737
2369 0.9128185344213411 -0.1970244903520872 0.3569218045115001
2370 0.91418154927708 -0.1953540062450924 -0.3544307572119318
2371 0.9147711060757686 0.1438684844504398 0.376382503530056
2372 0.9147710271952255 0.1438698738407973 -0.3763814013931299
2373 0.9197299433576785 -0.3365128768353194 -0.2013644967954317
2374 0.91898 -0.339933 0.199803
2375 0.921508 0.266061 0.282904
2376 0.9208492794433243 0.263969934709733 -0.2863683937141256
2377 0.923023 0.202667 0.327038
2378 0.923024 0.202669 -0.327036
2379 0.9230979982383571 0.002952175413092013 0.3839236076535099
2380 0.9233515049181723 0.003846728595994215 -0.3833175541471615
2381 0.9233572462631486 0.3663865214878576 -0.1107272278170691
2382 0.9320305316596383 -0.3414066905817234 -0.1203363001975477
2383 0.9323916978658124 -0.3401253006052091 0.1206876959461144
2384 0.931965 -0.271947 -0.239763
2385 0.9325198700549023 -0.2735268138077669 0.2348599651293722
2386 0.9329213270717666 0.3139169396890171 0.1754131568674278
2387 0.9314405461988091 0.3211548899534413 -0.1700054567749663
2388 0.9344852844438198 -0.07109154015896769 -0.3481729185492976
2389 0.9324465505011119 -0.07359737350411563 0.3526710574745848
2390 0.937113 -0.34664 -0.040749
2391 0.937113 -0.34664 0.040749
2392 0.938002 0.067132 0.340067
2393 0.9375692214321206 0.07518722853814724 -0.3385977593434528
2394 0.9397545388774572 -0.2007068040127192 0.2763269232812474
2395 0.9394974415764211 -0.1999694774005103 -0.2776987348075697
2396 0.9410452376874885 -0.1350484301783425 -0.3095408006018959
2397 0.9372729827531509 -0.1396528826544898 0.3184413888437832
2398 0.9409235 0.332927 0.0531545
2399 0.9418002171691907 0.2582746383654791 0.2149287369268724
2400 0.9434573936544182 0.2530522297749693 -0.2130276406998257
2401 0.9427165270188926 0.3304782530435404 -0.02921773632791983
2402 0.9439615241451126 0.1349100633652768 0.3008290929100769
2403 0.9442099540159449 0.1370390825451008 -0.2989649615225494
2404 0.9450362441901131 0.3091746113119611 -0.1050469327586724
2405 0.9453689881129643 0.3049441050790646 0.1134578280541278
2406 0.9456911453344341 0.1975929049195542 0.2578798698946219
2407 0.946128 0.197742 -0.256398
2408 0.947213 -0.276396 -0.162458
2409 0.949484730743688 -0.2680215885785623 0.1609707024224918
2410 0.951058 0 -0.309013
2411 0.9495246962213937 -0.004687678774043609 0.3128903995386831
2412 0.9567437866241846 0.2528477519281594 -0.1425044400131289
2413 0.9571078800823825 0.2430193954508678 0.1553641550068365
2414 0.9567290000000001 -0.279173 -0.08204500000000001
2415 0.9567290000000001 -0.279173 0.08204500000000001
2416 0.9565531523971835 -0.2068675161600271 -0.204930344353693
2417 0.957257 -0.206616 0.202405
2418 0.958796325125334 -0.06861531477107624 -0.2754539762068958
2419 0.9586365034406077 -0.06796214036827003 0.2762671641855041
2420 0.959966 -0.280117 0
2421 0.9607809829630387 0.06608994156715409 -0.2692253003057967
2422 0.9607809681487303 0.06608970105975195 0.2692254517816336
2423 0.961008 -0.13641 -0.240533
2424 0.961008 -0.13641 0.240533
2425 0.9619536111526491 0.1935369374992777 -0.1919885480953008
2426 0.9619099975673171 0.187334247882268 0.1971526399605535
2427 0.9609904738138348 0.267262728177539 -0.06465183485977169
2428 0.9639921182873161 0.2557444176244981 0.07037378180225815
2429 0.964711 0.129893 -0.229041
2430 0.964711 0.129893 0.229041
2431 0.967222 0.253931 0
2432 0.9695844609658556 -0.2122272384490083 -0.1205773962017125
2433 0.9703630528333662 -0.2103639855959248 0.1166919340739343
2434 0.9730837629425013 -0.0003994112534752379 -0.2292399244627872
2435 0.9731668391788315 -0.0004571636473800003 0.2288234137495156
2436 0.9719561356931126 0.2079683337322978 -0.1054752140406166
2437 0.9740142814123365 0.1971341228320967 0.1096022127699105
2438 0.976656 -0.210803 -0.041301
2439 0.976656 -0.210803 0.041301
2440 0.9754765642504925 -0.1411437915472442 -0.1675098417280427
2441 0.9740735556194958 -0.1522100649609754 0.1640509788474278
2442 0.9764721942378725 -0.06925516735621098 -0.203638959552899
2443 0.9759611938031042 -0.07586216513052606 0.202753914727758
2444 0.978315 0.06672 -0.19608
2445 0.978315 0.06672 0.19608
2446 0.979084 0.131828 -0.154969
2447 0.979084 0.131828 0.154969
2448 0.9774835496372367 0.2053198295273791 -0.04043188719084318
2449 0.979974 0.195409 0.038285
2450 0.986715 -0.140059 -0.08232200000000001
2451 0.986715 -0.140059 0.08232200000000001
2452 0.9866811616198126 0.003951098697892454 -0.1615949779176902
2453 0.9867517739141762 0.007186165616729721 0.1602332377660769
2454 0.9855118463459538 0.1486260451468736 -0.07463446204020027
2455 0.988023 0.133031 0.078192
2456 0.9898737052152228 -0.06470088964222659 -0.1247904156691961
2457 0.990075 -0.069328 0.122247
2458 0.990076 -0.140536 0
2459 0.9907808377455595 0.06704457472996334 -0.1168900131656754
2460 0.990579 0.067556 0.119123
2461 0.991057 0.13344 0
2462 0.9967836843098392 -0.005247058013119896 -0.0763166527328431
2463 0.9969637973037998 -0.001192585974387418 0.07419368416561244
2464 0.9967327356229885 -0.06581628708661544 -0.04293292835621391
2465 0.9968680007622833 -0.06338202965258137 0.04098933437151887
2466 0.9970120848477266 0.05999507876058535 -0.04118004393217725
2467 0.9970518220087478 0.06014828553751355 0.04011796502387865
2468 0.9999196773572486 -0.001708092079692275 0.0009781729659886079
2469 -0.9074437684898854 -0.2249964088219079 0.006006380064271924
2470 -0.9243397058567266 0.002867521996776706 0.01310527694835092
2471 -0.905836866081917 0.2153117548439761 -0.001351698292683172
2472 -0.6524959555412774 -0.455276911541649 -0.4684642103567359
2473 -0.7342512680459634 -0.480515096230431 -0.223320271421149
2474 -0.7483546178969368 -0.5082378999123824 -0.00886441012018044
2475 -0.7195668157040901 -0.4857925716510912 0.2389081845768575
2476 -0.6576685598353323 -0.4611072469186658 0.4458031056013347
2477 -0.7226764246519638 -0.2219245056476817 -0.4821080497673047
2478 -0.6946352376753148 -0.2281132281420059 0.01703298905901903
2479 -0.7125565040813016 -0.2279741266328717 0.2281761382472207
2480 -0.7160789703942817 -0.2238260542376405 0.4849371429126532
2481 -0.7452875179316765 -0.00676992408926894 -0.491281190949778
2482 -0.7188821634660826 -0.003212092430679353 -0.251834867031467
2483 -0.6838023074754866 0.007873056438984878 0.0009755257454282509
2484 -0.6859142929335658 0.01351317351542736 0.2309188672937409
2485 -0.7445302921352152 0.001852568428158762 0.4907343033518336
2486 -0.733395703691606 0.2321966867527494 -0.4738145159708697
2487 -0.7231538674856928 0.2480228679753996 -0.2413965956532272
2488 -0.6891699067275079 0.2152365306105749 0.00751314517465463
2489 -0.7148492981543865 0.2476099479514972 0.248340129905824
2490 -0.7265145768834091 0.2490816620523524 0.4732979741833513
2491 -0.6673939044805651 0.4488022219155587 -0.4365097391697249
2492 -0.7208575683571946 0.4875933759314631 -0.256903659970325
2493 -0.7569259934542306 0.4758655662283394 -0.01864613246028296
2494 -0.6789010616373962 0.4401059401293378 0.4340881807683325
2495 -0.4592140180969173 -0.6845441726365954 -0.4335770756791114
2496 -0.4920370543403079 -0.7193441507267612 -0.2219540373327651
2497 -0.5127128859072876 -0.7368739155608667 0.008284026476467485
2498 -0.4924138377336935 -0.7170325075330543 0.2180784297743904
2499 -0.4629703069142215 -0.6545852073760398 0.4546161719995114
2500 -0.4213407303861464 -0.4611869573454428 -0.6520720463198882
2501 -0.5141441879273408 -0.5076177460096013 -0.5028529566895984
2502 -0.4804069512704117 -0.4621494453204843 -0.2293818429609416
2503 -0.4878306546939242 -0.4655426579151612 -0.006735789946914214
2504 -0.4664800165779306 -0.4751745536406432 0.2219401645034267
2505 -0.5010915875064793 -0.4969410013286228 0.4995457011685843
2506 -0.4222746148951241 -0.4591971358976329 0.6721729644059738
2507 -0.4661056237910813 -0.2312563646460459 -0.7332092625491373
2508 -0.4631914820350404 -0.2265761091175799 -0.4681647900214502
2509 -0.471929174946204 -0.2338121280398782 -0.2330758350385994
2510 -0.4762779177375349 -0.2343022324029588 -0.005759119104988655
2511 -0.4690647177900684 -0.2350257734680792 0.2332276562363799
2512 -0.4594692475905804 -0.2382336552181948 0.4483488126729082
2513 -0.4849529893468324 -0.2331838114636469 0.7316172877261783
2514 -0.5091898147689855 0.005973914521140223 -0.7392982477642331
2515 -0.4617237001135427 0.004580789663792911 -0.4516008744772487
2516 -0.4726639659099953 -0.003755923173976108 -0.2374930865555611
2517 -0.4972700483949136 -0.01162698240532687 -0.01375675801347616
2518 -0.4681258912775381 3.565071491322905e-05 0.2351560769558684
2519 -0.4600223090149037 -0.01864408606391682 0.4808753258100575
2520 -0.5050181963873962 0.00783522569846638 0.7383292698736474
2521 -0.4988003499052691 0.2360395688168045 -0.7122638087981391
2522 -0.4701171469363909 0.2365538091105523 -0.4706756144461785
2523 -0.4690852501639362 0.2356807486436111 -0.2346604103350834
2524 -0.4684795017718751 0.2342880853278445 0.0001989381636895752
2525 -0.4692820323027551 0.2346410161513774 0.2346410161513774
2526 -0.4700841010243506 0.2398628760013498 0.4695249365543912
2527 -0.4787337007397285 0.232632610680242 0.7317585506374285
2528 -0.4654799546413665 0.4560199444667388 -0.6587426217744791
2529 -0.4937618084681529 0.5133523788304382 -0.4946212116270747
2530 -0.4406902278758862 0.4898863169889384 -0.2279582768252609
2531 -0.4716341265191878 0.4682910693501863 0.005500846309431952
2532 -0.4647902015027844 0.4806084910283934 0.2271598792952924
2533 -0.5000075235079869 0.5362961437369637 0.499961718132558
2534 -0.4629046486615255 0.4570715444363943 0.6595592631036963
2535 -0.4498596731415389 0.6721629093845807 -0.4435330459882968
2536 -0.4861486071830241 0.7188465704673587 -0.2346606612742042
2537 -0.487801717796995 0.74857487639011 0.002661163280776159
2538 -0.4774219018496632 0.7173721843188465 0.2362203766206112
2539 -0.4425506046534013 0.6717612105077275 0.4457609842025893
2540 -0.2329757104148388 -0.9109414661005544 0.004029524914512422
2541 -0.2246248546905552 -0.7333329032594391 -0.4917766723041953
2542 -0.2216732118359686 -0.683484729753451 -0.2011637939835456
2543 -0.2049224373321017 -0.6877207941041863 -0.01227695017328678
2544 -0.2201414426924347 -0.6905352632739742 0.2056738596466352
2545 -0.2231013928403247 -0.7350666825545493 0.49292174250081
2546 -0.2513325636810075 -0.4984105003613798 -0.7033088289090651
2547 -0.2473181388947134 -0.4526105051733182 -0.4754236991191493
2548 -0.2188239811595392 -0.4619066384164363 -0.2312367447917359
2549 -0.2317926774481335 -0.4729767227167755 0.002693054859426699
2550 -0.2241646303781322 -0.4724688830419054 0.238518859084398
2551 -0.2410605424705949 -0.4476276257602877 0.4639178731405041
2552 -0.2381529145472429 -0.4909170537250559 0.7032993490937035
2553 -0.2406489395104483 -0.2221832753023288 -0.7136159930168433
2554 -0.2291798878121846 -0.2433121744128645 -0.50054540409521
2555 -0.2346410161513776 -0.2346410161513776 -0.2346410161513776
2556 -0.2346061671543273 -0.2348317469740197 3.295168968896356e-05
2557 -0.2346410161513776 -0.2346410161513776 0.2346410161513774
2558 -0.2277226235966915 -0.2332205179725675 0.4763443600626602
2559 -0.2206910242286544 -0.2293008307457125 0.7012240747410522
2560 -0.2380966409138827 0.0007706375083767093 -0.9086973160337143
2561 -0.2357778603787961 0.01004816487327029 -0.6952720736192612
2562 -0.2342098406497161 -0.0002706821069425572 -0.4688478522088675
2563 -0.2346410161513776 0 -0.2346410161513776
2564 -0.2346410161513776 0 0
2565 -0.2346410161513776 0 0.2346410161513774
2566 -0.2471283493308437 -0.01656106390927124 0.4699099675632465
2567 -0.2349681659178902 -0.001032464608198453 0.6897318432616405
2568 -0.23887691182178 0.245273373060612 -0.7118038410709652
2569 -0.2346619196720707 0.2349747186422018 -0.4693660922600245
2570 -0.2346410161513776 0.2346410161513774 -0.2346410161513776
2571 -0.2345912081720321 0.2348524595083836 6.591551490118426e-17
2572 -0.2346003982207134 0.2345622684583699 0.2346531075714353
2573 -0.2346410161513776 0.2346410161513774 0.4692820323027551
2574 -0.2405965911815129 0.2351568360607453 0.7052870304717025
2575 -0.2295726860817777 0.4881776935715516 -0.7223905138489182
2576 -0.2326403036632884 0.4753461884043997 -0.4749567529134274
2577 -0.2310005708131184 0.4850455657708716 -0.2496098675860648
2578 -0.230533159723586 0.4733898887305467 -6.923951838013095e-17
2579 -0.231688153732221 0.4677357550557281 0.2355338325442244
2580 -0.2309775851090017 0.461590126411535 0.4830693999943873
2581 -0.2310930798815068 0.48634995455668 0.7217776442192491
2582 -0.2286377770693528 0.7346705156370981 -0.4627752236106945
2583 -0.2387618676967918 0.7060373304641553 -0.2295716746513078
2584 -0.2453151629595973 0.7194205833206618 -0.002804924425618747
2585 -0.2396894260399171 0.7042096255781491 0.2310175300381019
2586 -0.2451074310662994 0.7210475221758412 0.4783396337843734
2587 -0.2276732163901359 0.8975207141106177 0.00072180250379841
2588 -0.01459279831193993 -0.9086429150545351 -0.2456669390046702
2589 -0.01629986729976666 -0.9253771360339862 -0.009152508734576216
2590 0.0171367646422132 -0.8971531072733325 0.2267528914932189
2591 -0.01138426967785075 -0.7509575368961359 -0.4848700067145191
2592 0.002789183151840499 -0.6972726766582094 -0.2335410080527178
2593 0.02048323957032535 -0.7184971536316905 0.2250164891127957
2594 -0.0140731171113552 -0.7477684637300299 0.4903496076356147
2595 -0.006533368525173209 -0.4939712156274671 -0.7528465146333451
2596 -0.01643833703656219 -0.4579834142797646 -0.477518072702717
2597 0.01069976166439163 -0.466934140680573 -0.2382548777723137
2598 0.0001293442853391592 -0.4516555523263177 -0.01204859106795327
2599 0.00202251162336137 -0.4690577694625256 0.2344167533111481
2600 -0.01970988627462247 -0.4666571755716679 0.4572603398533795
2601 -0.009573153649148066 -0.499023524910245 0.7498895031037887
2602 0.008099555633763496 -0.2192892673918274 -0.909520939721575
2603 0.009608448297965665 -0.2271014248998513 -0.6864215030072719
2604 -0.0006846942386470705 -0.2329741332643111 -0.4675232268067545
2605 0.0001450767205351085 -0.2345254495498393 -0.2346904443660383
2606 0 -0.2346410161513776 0
2607 2.671211480038034e-05 -0.2346295182243791 0.2346380531866061
2608 0 -0.2346410161513776 0.4692820323027551
2609 0.01511114844049957 -0.227788298894013 0.6984960394432909
2610 -0.0003850211863324908 -0.0001671657583660131 -0.9155625212848124
2611 0.006012502874655871 -0.003136240568931619 -0.6831646182095387
2612 0 0 -0.4692820323027551
2613 1.913091131424302e-06 6.085532585056193e-06 -0.2346416679501714
2614 0 0 0
2615 0 0 0.2346410161513774
2616 0.0001024386047381434 -7.337244875742913e-05 0.468063111158088
2617 0.005473334283380262 -0.003916200583315263 0.6838236479237433
2618 0.0003187189242386792 0.0004214216991027349 0.9154781287279029
2619 0.0002694393077062174 0.2063019543475034 -0.9143294338698341
2620 -0.0191320270467718 0.2137747848018338 -0.7098913548223246
2621 -0.0002260713435524379 0.2342110313818644 -0.4696389963371281
2622 0 0.2346410161513774 -0.2346410161513776
2623 0 0.2346410161513774 0
2624 0 0.2346410161513774 0.2346410161513774
2625 0.0002543686050255493 0.2344275173300756 0.46930321824156
2626 -0.01930021447834289 0.2119552282685549 0.7037776004903659
2627 -0.0103220998453105 0.2190116267221636 0.9118376931350308
2628 0.0016229363374139 0.4952046210083549 -0.7555309833623592
2629 -0.001120272089188676 0.4654083033604072 -0.468356126626824
2630 -0.01125725235008827 0.467497361818185 -0.2186928236416971
2631 0.0139084485581859 0.4798336178247672 0.0002200592371136587
2632 -0.01119716484903491 0.467388716358111 0.2180338174962031
2633 -0.001176283901873545 0.4653498332830672 0.4682772936199672
2634 0.01746120984750106 0.4877092631272502 0.7586724378544129
2635 0.01253882741691571 0.7553105441186525 -0.4800941559760517
2636 -0.005007773615718014 0.6822340349034225 -0.213460363138295
2637 0.02610557950242337 0.6975828627539936 -0.001995174803005224
2638 0.002845909377003932 0.6881308906190611 0.216843409012728
2639 -0.001311951654473512 0.7317305609227905 0.5155974225043298
2640 -0.02096501432029432 0.9020363075321194 -0.2270605977145929
2641 0.01195134426381037 0.9271988782824314 -0.009968935264580807
2642 -0.003505936965149723 0.906137517992017 0.2222122723112248
2643 0.2328508344851392 -0.9125905434396625 0.002577962670562786
2644 0.2282140387853237 -0.7175465580233343 -0.4805948466211442
2645 0.241281014024017 -0.7075367433568872 -0.2373472270686097
2646 0.2346927780962847 -0.7011865448292754 -0.01112329270187296
2647 0.2653924369422153 -0.7439103144639823 0.2247203730920689
2648 0.2260256002620592 -0.7219810304392501 0.4819811661504103
2649 0.2297705049296532 -0.4882170302489637 -0.722235565844065
2650 0.2281763538476774 -0.4783551878785721 -0.4747852962762921
2651 0.2340816581702756 -0.4695139934277857 -0.2348773565723119
2652 0.2346417301568756 -0.4691449800681601 -0.0001518210306860862
2653 0.2320178082199268 -0.4639726640913037 0.2364123802350521
2654 0.2113808554028574 -0.483340222212293 0.4770274865325875
2655 0.2370625547864324 -0.488768048797044 0.719574579388965
2656 0.2394029615981463 -0.2458656246053247 -0.7138168960122536
2657 0.2343105657703169 -0.2352218715345479 -0.469363235329107
2658 0.2346410161513774 -0.2346410161513776 -0.2346410161513776
2659 0.2346410255706484 -0.2346337977626208 -2.002842516306983e-06
2660 0.2346410161513774 -0.2346410161513776 0.2346410161513774
2661 0.2351067426208905 -0.2353044782525583 0.4692696864510339
2662 0.2391883268948295 -0.2439139051195413 0.7135372884684025
2663 0.2404448107765207 -0.002648282073490328 -0.6916463970477147
2664 0.2347133813017009 -0.0001274704539312921 -0.468576944438214
2665 0.2346410161513774 0 -0.2346410161513776
2666 0.2346410161513774 0 0
2667 0.2346410161513774 0 0.2346410161513774
2668 0.2346410161513774 0 0.4692820323027551
2669 0.2414404701780582 -0.002402248153584433 0.6909928676699731
2670 0.2184403770918275 0.234738488860969 -0.698161596274088
2671 0.2346410161513774 0.2346410161513774 -0.4692820323027551
2672 0.2343245548155177 0.2348178840322255 -0.2346298779485519
2673 0.2346410161513774 0.2346410161513774 0
2674 0.2353155913458395 0.2356950978257211 0.2351294093317138
2675 0.2399260970860674 0.234890286346453 0.4736281792722423
2676 0.2332264881688365 0.2277929045855907 0.7016231948442299
2677 0.2526520376576114 0.497529390787405 -0.7027839749169118
2678 0.2326667100285073 0.4701205525593589 -0.4648957998133176
2679 0.2346410161513776 0.4739765534935955 -0.2393355373422184
2680 0.2361302159565526 0.4698671445312974 0.0007673050673765434
2681 0.2351565405552185 0.4785355859218463 0.2427006343351563
2682 0.2259533313513431 0.4775313889295201 0.4569559401977108
2683 0.2448973762524042 0.4859993511945991 0.7093554533941465
2684 0.2195111197653257 0.7252377015888396 -0.4836351155912177
2685 0.2066421442066596 0.6859959400633447 -0.2155055054659298
2686 0.2020595403447535 0.6925744737619425 -0.01843800897683683
2687 0.2149964125550718 0.6893647741091506 0.2097810581199632
2688 0.2195099696871128 0.7289126482937727 0.4894575613547116
2689 0.2423109482590636 0.9125648477933819 -0.001229888670649867
2690 0.4506515063415207 -0.6667766388585816 -0.4399143391998243
2691 0.4770110949019966 -0.7189718969338957 -0.2414431067167517
2692 0.4833673482026003 -0.7521631317000199 0.0005782973682556691
2693 0.4785358757699978 -0.7246211341911379 0.2265046179595885
2694 0.4502232371002971 -0.658430925830482 0.4627893535119528
2695 0.453727589026843 -0.4595474413032815 -0.6598213385802659
2696 0.5097454193318236 -0.4999428586162039 -0.5211065871737109
2697 0.4498457003420277 -0.4680386136285115 -0.2263614792569466
2698 0.4637492450413613 -0.4690912733875327 0.001299901544374295
2699 0.4549554700130948 -0.4628874485660299 0.2562873346432746
2700 0.4716656287358788 -0.2461726931289003 -0.7318863558305614
2701 0.4643689902971588 -0.2434052180213701 -0.4707379094807725
2702 0.4689700948700848 -0.2347218423143676 -0.23461551540495
2703 0.4692820323027551 -0.2346410161513776 0
2704 0.4692925143731166 -0.2342597179288985 0.2344588007416818
2705 0.4833738388675072 -0.2293975099117452 0.4603851570564815
2706 0.4754795185381413 -0.2406987614830581 0.7338950315551631
2707 0.5038600663618588 -0.003694799824770036 -0.738032015388748
2708 0.4689088895665514 -0.004032436066797302 -0.4689593302393721
2709 0.4692820323027551 0 -0.2346410161513776
2710 0.4680026096380756 -4.336670917734907e-05 0.0001367202780945647
2711 0.4692820323027551 0 0.2346410161513774
2712 0.458690257187903 -0.003552531437211933 0.4549819427028955
2713 0.4999651090027633 -0.00596598996865511 0.7414839676560196
2714 0.4888023678486721 0.2285667390370975 -0.7319090233947477
2715 0.466219058429482 0.2286369047533953 -0.4480190553714586
2716 0.4634555342405638 0.2302712877538651 -0.2300302349162675
2717 0.4692820323027551 0.2346410161513774 0
2718 0.4696889566524933 0.2350369585982069 0.2346374050170868
2719 0.4628612484313416 0.2148948775098567 0.459874132839348
2720 0.4856822068270714 0.2228738402323774 0.727799187604898
2721 0.4191820147941058 0.4598909973785282 -0.6741728780816033
2722 0.5144549921879991 0.5039050397921432 -0.504527263538876
2723 0.4728250068583228 0.4754295840806337 -0.219807108380026
2724 0.4809355229491833 0.4812295797697025 0.008692880917009666
2725 0.4767521018208271 0.4709261111674394 0.2277920810093033
2726 0.5048664072890529 0.4996112806437114 0.504071625101557
2727 0.4329354263793364 0.4623785303549472 0.6807039428684303
2728 0.4805022548529607 0.6532341605370647 -0.4364632478984152
2729 0.4926512802316664 0.7187628846843716 -0.2155442588110689
2730 0.5135500770329005 0.73499078062553 -0.006624197843200613
2731 0.5000160844490311 0.7047697707321985 0.2493074244565266
2732 0.477372498075262 0.6444956445445819 0.4520926060185694
2733 0.6680887494424069 -0.4324725627600375 -0.4451012756880427
2734 0.7220402831177262 -0.4853650524127986 -0.254612035090336
2735 0.7453319683428122 -0.491498851127101 -0.006624978301112965
2736 0.7234202407118877 -0.4935178513236582 0.2464614264685824
2737 0.6832266922581423 -0.4475765853088998 0.4384974176932157
2738 0.7308539156546583 -0.2414799123408317 -0.4747656781656246
2739 0.7226437627994586 -0.2410190944101353 -0.2368203097489699
2740 0.6725769078675545 -0.2428765075097053 -0.005526038817495893
2741 0.7215353929819315 -0.2608934821420495 0.2416795366314374
2742 0.7286436322331059 -0.2237244293096144 0.4724335368310682
2743 0.7424072768531731 -0.004830796475332457 -0.4899392515315268
2744 0.6786937856821477 0.006239789677104666 -0.2289712040077584
2745 0.6829502181424372 -0.002279990487082291 0.007212095986042721
2746 0.6850517117840867 -0.003309789126767657 0.2273290124528104
2747 0.7400226440266779 0.005981302067845499 0.4997795106424386
2748 0.7159821644702861 0.2226682672386563 -0.4841046233345226
2749 0.7387230273091793 0.2373523967081705 -0.2308216427828324
2750 0.6962879698689345 0.2244523603650971 0.001741445193697561
2751 0.7600462755728951 0.2543774536206012 0.2487200765181482
2752 0.7194582958793326 0.2236976920979587 0.4930158829848413
2753 0.6593826044108172 0.4576561577352318 -0.4723322255158394
2754 0.7275287933538005 0.4843776876623755 -0.2177316163518319
2755 0.7492801787328419 0.5042406177299738 0.01456872480656116
2756 0.7339057199475713 0.478958709317609 0.222620399793155
2757 0.6610122384926566 0.4572002327589761 0.4474667018610021
2758 0.9074359990727613 -0.2199438863239185 -3.807146809338946e-05
2759 0.9160088454025355 -0.00602182358974666 0.008904679555067978
2760 0.896781183696574 0.2238854951182232 -0.005872205208144093
2761 -0.3500010668845592 0.3525615695332775 0.3523000801020051
2762 -0.117753726139542 0.3501331076444325 0.3515878187634888
2763 0.3552733604173066 -0.3550068055753996 0.3743139351906061
2764 0.3515914157486452 -0.1178637125267854 0.3491855184270823
2765 0.3502525242937121 0.3561960896121519 -0.346411924859279
2766 0.3529302092906302 0.35431585309355 -0.1141736587803914
2767 -0.5731370270429405 0.3693912746993352 0.3451860257535641
2768 -0.3523189840046748 -0.3542246912097177 0.347436833918659
2769 -0.3505631302129364 -0.1201628768862318 0.3321476602129661
2770 -0.3484797523705147 0.3591625880413599 -0.3544551147156225
2771 -0.3475513347374729 0.3558324067093694 -0.1173904305583865
2772 -0.1176460549601432 -0.333471375580857 0.3507870487039476
2773 -0.1175688712037086 -0.1176799794363084 0.35197403914842
2774 -0.1178862785867922 0.3530335570144114 -0.3527226457989878
2775 -0.1169861247672466 0.3376573326965173 -0.1164547308635178
2776 0.1159132453056498 0.3530769778761881 0.3498961723423001
2777 0.3453958795278567 -0.5408808547890428 0.3717124833194988
2778 0.3477513142513445 -0.3534209681821199 -0.351672102834918
2779 0.3480256304742133 -0.3509832066548355 -0.1161805542102018
2780 0.3514497699497477 -0.1190597396845485 -0.3514710129161904
2781 0.3504616912959896 -0.1173698033004266 -0.1173405307046378
2782 0.349782486101413 0.1152609272478145 0.3488972589414409
2783 0.3269246928175736 0.3336273956562774 -0.5724158007842681
2784 0.3539113016455939 0.3546960345659325 0.118385684093496
2785 0.3404934839613134 0.3498502938608241 0.5688612438484592
2786 0.3550212654224693 0.5548015425024433 0.3272551371432313
2787 0.5557973617624542 0.3431559307215776 0.3357397007758156
2788 -0.5714954230733199 -0.3555130973134559 0.332013098561302
2789 -0.5752651666895201 -0.1080510102373963 0.3404679635714937
2790 -0.5700253749191594 0.3437656879564507 -0.3311731835377505
2791 -0.5710615226984193 0.3765780543581258 -0.1336999572879087
2792 -0.3552745371622155 -0.5510005190295706 0.3225417904002624
2793 -0.3552914975647563 -0.3514460730436705 -0.3526837929785623
2794 -0.3567101552997645 -0.3502109211256246 -0.1170771022752248
2795 -0.3493056209761125 -0.1181014987552901 -0.3524800748312317
2796 -0.3585201955807732 -0.1188382098323189 -0.1197224727464615
2797 -0.3526602933799075 0.1144818520452495 0.353190055642341
2798 -0.3440830819939693 0.3393936522979625 -0.5640724721181827
2799 -0.3506296394305813 0.3529821998602854 0.117218478525003
2800 -0.3300546968433731 0.3479575377312057 0.5864289209276178
2801 -0.3300051124446269 0.5733675632778945 0.350763728103124
2802 -0.1171750081556555 -0.3326621194451287 -0.358919897754824
2803 -0.1153478631125444 -0.3315414699804666 -0.1189859084103625
2804 -0.1172738752016803 -0.1168030787719939 -0.3541271733851283
2805 -0.1173069159344331 -0.1173317454368303 -0.1173199582859754
2806 -0.1187981673814493 0.1154960088206392 0.3523970325157808
2807 -0.1223847412443927 0.3580918952714368 -0.5789041318136633
2808 -0.1169072033688551 0.3362997336572943 0.1152347810419832
2809 -0.1219932095490586 0.3554041393002094 0.6024611573082007
2810 -0.1175069671448876 0.5716899810826137 0.3732178244127047
2811 0.1133628799678946 -0.3521328425761137 0.3508328731773534
2812 0.1174585008762285 -0.1174655279755375 0.3506861235785607
2813 0.1155035670233916 0.3522417973807718 -0.3499633938211723
2814 0.1181507505025914 0.3531387751659992 -0.1162939966741047
2815 0.3449849842727667 -0.5689431925380567 -0.3409851238118812
2816 0.348651728932812 -0.5779377288604673 -0.1168163341436746
2817 0.3439205763236576 -0.335875717833056 -0.5768705534494367
2818 0.3497333952875807 -0.3506005491665497 0.1205280351804183
2819 0.3461886177955977 -0.3254233765785894 0.5792751786622862
2820 0.3554940730705141 -0.1338031477037283 -0.5769757676963304
2821 0.3513651401807848 -0.1173570028952395 0.1171769500565015
2822 0.3525908859601917 -0.1286980116942702 0.5808897388113926
2823 0.3503650751121633 0.115328102811701 -0.3489309644801158
2824 0.3502393197283402 0.1167850920602182 -0.1163893002066548
2825 0.3503769009486407 0.5586971922033529 -0.3350170040297894
2826 0.3474093852628819 0.5957544447675972 -0.1179137182322868
2827 0.5840920241970822 -0.3604307501331407 0.3545432740652834
2828 0.5931516930098247 -0.1149612717901333 0.3538691539356857
2829 0.5524403058165567 0.3309235529600073 -0.3287557893268777
2830 0.5988849909774535 0.346046927258626 -0.109874829796131
2831 -0.5787126971645704 -0.3201869364770717 -0.3260172653932204
2832 -0.5738385992749691 -0.09500772166083551 -0.3447173976463922
2833 -0.5719144980426153 0.1193594689924078 0.3604755105042114
2834 -0.5897132389627298 0.3404963270041874 0.1298379842649015
2835 -0.3524644658782279 -0.5450062460911654 -0.3105055742245915
2836 -0.3500793909929886 -0.5807259921114374 -0.1191746584376765
2837 -0.3467673045889587 -0.3487164427088307 -0.5644497604714139
2838 -0.3527208067638293 -0.3529979983814885 0.11470456047183
2839 -0.3094027902628668 -0.3592212133995882 0.5673113735924824
2840 -0.3483549040916773 -0.09813064517327506 -0.5929800441039447
2841 -0.3554039452001536 -0.1181679228475962 0.1135782882988667
2842 -0.3510840949213765 0.1187937964193637 -0.3493379036498567
2843 -0.3549861001642381 0.11569264030043 -0.1184117853758339
2844 -0.3674609701922243 0.5840853434655046 -0.0924239634080801
2845 -0.1160736105477362 -0.3488109965179713 0.1166459272729888
2846 -0.1179953057726729 -0.348506993337538 0.5963243583717897
2847 -0.1157364901509724 -0.1011210197549586 -0.5751214706470619
2848 -0.1173174240549669 -0.1173384933466729 0.1173208917967468
2849 -0.09749167063558158 -0.1174390431916303 0.5734324856704466
2850 -0.1172707426067347 0.1174065649631897 -0.3519563920776621
2851 -0.1173191613590913 0.1173417652912675 -0.1173173023686427
2852 -0.104785345392449 0.5809507450820127 -0.3620606868504159
2853 0.132195140733353 -0.6135304764307059 0.3503766439468481
2854 0.1162394442302687 -0.3502316059198938 -0.3542287616148751
2855 0.1191002060217758 -0.3492264809024385 -0.119229264002329
2856 0.1173282284476517 -0.1171396581887118 -0.3509673781013594
2857 0.117282460138655 -0.1171596739543618 -0.1173478485413269
2858 0.1179044217538331 0.1176366965775707 0.3515854221473369
2859 0.1095452751776436 0.3548281387873271 -0.591579086965155
2860 0.1185624893767938 0.3535014618061151 0.1169254581859992
2861 0.1161480707611189 0.3540022062295171 0.5944540200437748
2862 0.1003133433455118 0.5919177680196525 0.3536529292716174
2863 0.3533438835690575 -0.5834906462638972 0.1198984193570034
2864 0.348631934755843 0.1198888009964773 -0.5665727019208283
2865 0.3503403548505157 0.1175581548655909 0.1173022472640962
2866 0.3417228994267296 0.09915462954357487 0.5773514978717634
2867 0.3521380765808199 0.5869080243450248 0.1218371554489243
2868 0.578969926254403 -0.3420086222142402 -0.3450894704019851
2869 0.5679659948698451 -0.3729906211458317 -0.1337743797917104
2870 0.5721420281142736 -0.1216326655018457 -0.3581430655342331
2871 0.56483476276891 -0.1182726607652498 -0.1179814517504044
2872 0.5811857422087131 0.1206138648765864 0.3399559501773576
2873 0.6287692139378106 0.3225129410882894 0.1233478516121552
2874 -0.6013190538099439 -0.3418469496265751 0.1252371167228808
2875 -0.5772832082537809 -0.1145216118828876 0.1329131701243187
2876 -0.5961152623033743 0.1166965250961045 -0.3599679435251149
2877 -0.5767039365620781 0.1341427195515302 -0.1244132872752752
2878 -0.3387140031961885 -0.5926146379394119 0.1104549890773625
2879 -0.3607298254967085 0.1206224219798515 -0.5744229130794262
2880 -0.3550248097196786 0.1155271267474419 0.1154863444714217
2881 -0.3636458919684701 0.1290045296775892 0.5810644642087022
2882 -0.3693642477274447 0.5830301968892234 0.1157073487505599
2883 -0.1138999424965434 -0.5616605318989979 0.1072502540959502
2884 -0.1199531686362301 0.1186405008486898 -0.5685945145530849
2885 -0.1173209976748305 0.1163888042536857 0.1173043924940625
2886 -0.1211341220219121 0.1130781086212389 0.5658098225283291
2887 0.1134349047739931 -0.5700914346360185 -0.3547373066019912
2888 0.1202087001842826 -0.6077159241725515 -0.1166309252357341
2889 0.1397736224674706 -0.3565130254828797 -0.5784231918985769
2890 0.1171018499655479 -0.350841678190466 0.1159329925349927
2891 0.1095758830395337 -0.3494761059716751 0.5633910519978017
2892 0.1211977645239825 -0.1190517182824347 -0.5729073184625547
2893 0.1172948188254535 -0.1173115656336857 0.1172494159419982
2894 0.1203568057994972 -0.1188316643606914 0.5678484359029906
2895 0.1172650742018279 0.1172991127597945 -0.3519263700487198
2896 0.117301529562851 0.1174050802675298 -0.1172971058132996
2897 0.09864483360921492 0.5719580580422956 -0.3580930785172644
2898 0.1310012761544872 0.5592843617028349 -0.1152939551136496
2899 0.5744858912572642 -0.3791996005989045 0.1383784616823024
2900 0.5789444804853423 -0.1198893638338802 0.1167333236354249
2901 0.5741731619573957 0.1155473019027063 -0.3516101180098001
2902 0.5742102414223774 0.118123693327571 -0.1151285612328649
2903 -0.590883809125417 0.1162839069206317 0.1173213370849676
2904 0.09945870721597892 -0.6174079393632476 0.09470738705486202
2905 0.1146323881375982 0.1152021461707786 -0.5760133308419493
2906 0.1174212146101929 0.1174534610018523 0.117405385767525
2907 0.1185095838557249 0.1173561494034874 0.5742439498129676
2908 0.1319754785974914 0.573777652403219 0.1107116970785284
2909 0.5616862134837975 0.1144955526158271 0.118163176549361
2910 0.08979393081582313 -0.6261143826563661 0.6350624977180295
2911 0.08618328292922739 -0.6267590580998679 -0.6348133223238611
2912 -0.07927880275330211 0.6166870578746896 -0.6416761897235761
2913 -0.09454806932564552 0.5921709269479581 0.649531614187953
2914 0.08471295425333897 0.6130370149009672 -0.6395665653160669
2915 0.0844719804091331 0.6163395926901457 0.6190957104871805
2916 -0.07911107926624676 -0.6325487158344553 0.6270700098393993
2917 -0.0846962792105246 -0.6269172629527534 -0.6247168749362774
2918 0.6310491159034745 -0.6342315503258577 0.07192055356464865
2919 -0.633437296357743 0.6350988478140186 -0.06514718567447685
2920 -0.5835416792164299 0.6079437329838616 0.1170042897379571
2921 0.5963460077439762 -0.650338254025457 -0.08772148770855852
2922 0.6053959797225391 -0.1024934403632777 0.5786380522220264
2923 -0.6020217925205714 0.09961039020364557 -0.600468353363028
2924 -0.5893419889243752 0.107648233950273 0.5836985998777692
2925 0.6302119289967915 0.6368703053898384 0.07136431966608706
2926 -0.6262862678799872 -0.6430863135748385 -0.07297503400320884
2927 -0.06140826376961868 -0.89739846265624 0.09415356963961849
2928 -0.8473647306413461 0.05670376876335018 0.09820501697287094
2929 -0.8767554809099393 0.06527570510776691 -0.07483426099105647
2930 0.876814561674617 -0.07173043190797314 -0.0874539342335471
2931 -0.6234034650668907 -0.6255897905236376 0.2055287956112053
2932 0.6227734925082457 0.6288209576653569 -0.2083619141263592
2933 0.6077252079120438 0.6368600173938085 0.2010856487656223
2934 -0.6061558903142996 -0.6383278254666721 -0.205662963664633
2935 0.191652343124954 -0.6446432883467584 0.6067571057487789
2936 0.1856863889214084 -0.6424082696727587 -0.6062160845945482
2937 -0.1875497737072029 0.6617736017102723 -0.5959338488525882
2938 -0.1755057742705059 0.6418026065878905 0.5928347396764625
2939 0.6266406980130472 -0.1718322362921208 -0.6276803842503277
2940 0.06891438378655246 0.8765514113937412 0.07958194032387139
2941 0.09436037795063389 0.8638859247671744 0.1818635164879769
2942 -0.07572181736187489 -0.8700796958318952 -0.163062385961001
2943 0.6000308953721368 0.2316345447701655 0.6212885757362646
2944 -0.5891203779420445 -0.2156407562551211 -0.628215619759667
2945 -0.5856132098785445 -0.2190535112248069 0.6230487348154278
2946 0.5995264985202597 0.2281404253541252 -0.6270375824332447
2947 0.6539769675074312 -0.3461001086675285 0.5145747695455463
2948 -0.1903964926439164 0.8772463773069393 -0.1111943070553567
2949 -0.1708762157557177 0.8773504525547233 0.102974940723886
2950 0.1812000520467059 -0.8676022089595953 -0.1073118778084001
2951 0.1743122004149507 -0.861561144687193 0.1053198584345685
2952 -0.7751219974772173 0.3930708642279502 0.277200164560566
2953 -0.06979919734603598 0.8668316549573971 -0.08432902869641576
2954 0.06315314666812093 -0.8743057497925187 0.08448032446540873
2955 -0.1112288202586262 -0.176065439829291 0.8720242315449104
2956 -0.8469247275688218 0.2150566753101334 0.07176536409037021
2957 -0.8434583306617757 0.2054698328337681 -0.09707598686798881
2958 0.8508165265687395 -0.2096970242887199 -0.09096040292443716
2959 0.8496020791278083 -0.150034392133377 0.0829264186196213
2960 0.3679637035285055 -0.7419951904200024 0.3666182217584562
2961 0.3923253022840948 0.3690012038561036 -0.7271217754150139
2962 0.3498349352732801 0.73665436531211 0.3713609959934338
2963 0.7526710550716015 0.3508728877353604 0.3667278474594035
2964 -0.7431319247957513 -0.3563692955263664 0.3836143826661454
2965 -0.7106049541541913 -0.1225593521314613 0.375149725745706
2966 -0.8043607994198001 0.3722348724621956 -0.1366113252725707
2967 -0.3544198665928181 -0.7347332367638171 0.3706519319760285
2968 -0.3588900496546015 0.3850705121809841 -0.7361633742197319
2969 -0.368104725373155 0.3870685602278714 0.7422207197758692
2970 -0.3661956492666808 0.7538211617808679 0.3548844518059349
2971 -0.1598714592954754 0.3809004665023727 -0.7829379707865374
2972 -0.1074457852902878 0.3807490696842088 0.7954065854050576
2973 -0.1210750405339666 0.7686041339422082 0.386288230072089
2974 -0.005409187754802966 -0.1033012129969265 0.8855453672966654
2975 0.3677861609020842 -0.7471422805115615 -0.3671401430112397
2976 0.3533123612673466 -0.7328399834488634 -0.1143318748260814
2977 0.3302962806488839 -0.3845687016202936 -0.7377566775065357
2978 0.3318287935396432 -0.3722357637137969 0.757999427126648
2979 0.3754048865972186 -0.124745467560552 -0.7079740446621318
2980 0.375592128989497 -0.1247309617651535 0.7079803235935171
2981 0.3564432053238166 0.7393082177214363 -0.3686578489402845
2982 0.7493554609128797 0.3534048674699403 -0.373303393158819
2983 -0.779319015070905 0.1161739633499449 0.3821117704643008
2984 -0.6307932164386854 0.3939607977934866 -0.5169622720445594
2985 -0.5019407315340414 -0.6436764343294146 0.3635048492908515
2986 -0.4824445746823945 0.365061703096222 -0.6405423547699444
2987 -0.5293796388172195 0.365555692160822 0.6292537410710192
2988 -0.1576597818393587 -0.619003355838308 0.3848117806427968
2989 0.007488565580674574 0.09516400074988619 0.870496241728566
2990 0.08499412412793146 0.8341678717720242 -0.03485109547711134
2991 0.3583811230018073 -0.7355822609384625 0.1246257094911839
2992 0.3562452540701007 0.1529511241583232 -0.7121987848207183
2993 0.368972524632754 0.1249250602237051 0.7058486640841838
2994 0.3478516877090087 0.230877951296228 0.6439798286468078
2995 0.3901175775694343 0.620063891508375 -0.5382815089994806
2996 0.2454866855500951 0.6230607858447461 0.3669609829493654
2997 0.3749605535440555 0.6226699718883506 0.5422819119742954
2998 0.5007777259670599 -0.6194349819771947 0.3649115528891576
2999 0.5267430146347264 0.3739858431097355 -0.6298908893197831
3000 0.6307360847548658 0.3565638464604003 -0.5183077026382044
3001 0.5272578401009689 0.3762806817595384 0.6339429887917206
3002 0.6329384621117609 0.3535160922076278 0.5203244858655188
3003 0.8700619446798364 0.1042969971430375 0.01659586446337454
3004 0.7076666263972 0.1375665919211009 0.3707703820816797
3005 -0.7480344008253148 -0.3615246435590736 -0.3636597423788807
3006 -0.7398020927143215 -0.3652760092703239 -0.1296263552219928
3007 -0.758226471983765 -0.1272538902978906 -0.3685305943284409
3008 -0.6803958182062997 -0.1393968689771627 -0.1659802350759209
3009 -0.356922540984633 -0.7297881369484213 -0.3727783328354593
3010 -0.3780749670934104 -0.3768074285050263 -0.7398153357563592
3011 -0.37804806718309 -0.3683395746855239 0.7352229020439683
3012 -0.3617681623196535 0.7207087980655684 -0.359948714904948
3013 -0.3525809861228024 0.730377471928132 -0.1134832926794112
3014 -0.1157021881738335 -0.3863223158149933 -0.6904127340107581
3015 -0.1058107810040836 -0.131312531659406 -0.7339771913229888
3016 -0.1139648509527287 -0.09699517079202527 0.7338226151190204
3017 -0.1297504933681125 0.7696922807654099 -0.383194991246647
3018 0.001008233449785485 -0.0904444231316648 -0.8667682814136891
3019 0.801271661464669 -0.3726212494626795 -0.1362258200353213
3020 0.7803181403476296 -0.1148253031244374 -0.3746109324026083
3021 0.7277295273933314 -0.1220307592890533 -0.1134364527796845
3022 -0.6586704589292616 -0.479654123951217 -0.3664099837321625
3023 -0.6342684385335703 -0.3521085272106689 -0.5212274676505141
3024 -0.6311411616952826 -0.4940043886050666 -0.1216985452089805
3025 -0.6336236964872207 -0.3566988151651607 0.5254199771255805
3026 -0.7389226379948378 -0.09124694567591224 0.1033415366560328
3027 -0.6290695660512109 -0.1267812940741813 0.5320523862069794
3028 -0.7264413464972436 0.119493336198052 -0.1334398702552147
3029 -0.5042121441885786 -0.6323727028710311 -0.3758448885097214
3030 -0.3820389553645888 -0.6229481547137323 -0.5347937475000717
3031 -0.373216145095889 -0.6243042956571622 0.542189488038045
3032 -0.5344972913209919 -0.3807750328810175 -0.6314626320163664
3033 -0.5267690150715977 -0.3788026464862877 0.6315817287853606
3034 -0.3761611668753871 -0.1824730963940284 0.6331771104574538
3035 -0.3742814344361632 0.1207027726225191 0.7085717820132901
3036 -0.3525809861228023 0.7303774719281314 0.1134832926794116
3037 -0.1568050142228758 -0.6091782952635914 -0.3798976699890106
3038 -0.07908963994260064 -0.7310237622039378 0.1178767885247784
3039 -0.1151877006995711 0.6365053819575788 0.007833498154071758
3040 0.1233561954741095 -0.7752086236908619 -0.3865456259423322
3041 -0.07939523912629856 -0.5889542231947046 -0.08932651817140046
3042 0.1400550887795955 -0.3761176014787079 -0.8051650218038929
3043 0.1334874366331881 -0.3844911872338238 0.802070008913553
3044 0.1134240140550243 -0.1233955284447727 -0.7314132744398089
3045 0.114857694530204 -0.1236254930058206 0.7299058287830658
3046 0.01518105174702603 0.09451216830130733 -0.8784513976414769
3047 0.1471722156999992 0.702834049929853 -0.3613866148285224
3048 0.5089585709790114 0.6432807658707711 -0.3406596202415987
3049 0.6463037461887651 0.4679286875291935 -0.3749880253454199
3050 0.5112655651533075 0.5971603945087413 -0.1019288865218694
3051 0.626948459424235 0.5038730173476821 -0.1108486848267448
3052 0.8023848594486976 -0.3739257613120593 0.1368333298843522
3053 0.7107883153049981 0.1234427977275751 -0.3755821914059724
3054 0.7324696635274222 0.1015449008118053 -0.1049217337267191
3055 -0.5821935999382476 -0.4860173824126383 0.1102050696858121
3056 -0.6369478009717547 -0.04044210513163111 -0.6381463832252056
3057 -0.6422599997188519 -0.0368062597251881 0.6471195453126295
3058 -0.6068084856449195 0.4756525336439162 0.1123987674288892
3059 -0.5219065832075372 -0.6133725485191477 0.1103842774854275
3060 0.1116360729034609 0.09922232837658096 -0.7457717235852001
3061 0.1080375065125377 0.1208378540178029 0.7322938793675209
3062 0.1263645101692967 0.7406559619764443 0.1094076619326843
3063 0.4884076261521538 0.1223904390238748 -0.5886551852036886
3064 0.6391006439675304 0.03287450708839388 -0.6410830014331241
3065 0.6364926090854102 0.1285819074004997 -0.5477487487182302
3066 0.6414986367912681 0.1326776392309451 0.540812520696334
3067 0.62783243322403 0.04443121559605681 0.6397367538155745
3068 0.6457052859820945 0.5213157284014729 0.1253757471506914
3069 0.7147110338265205 0.132376359369332 0.1142349479861872
3070 -0.6651552057623437 0.5113271821212863 0.2744203520688945
3071 -0.1176983942052167 0.1752254857078709 0.8893732924754625
3072 0.11512605888688 -0.1717394623403893 -0.8873883807615686
3073 0.1134009812004569 -0.1735157039405883 0.8889896701800793
3074 -0.1167950312534693 0.1789497925004644 -0.8849504448341755
3075 0.3572081541473937 -0.6411570979637012 0.5235609903088257
3076 0.3710091818673963 -0.6255181185574376 -0.5418230420504448
3077 -0.3638209299579215 0.633605984721754 -0.5460921386849983
3078 -0.3707248396929976 0.6291173820245012 0.5413999573360039
3079 -0.8741163399729648 -0.1079940674912571 -0.04207041617961179
3080 -0.1644734660077513 0.05591605221982066 -0.8674427149093166
3081 0.1664099357359386 -0.05149739689393307 0.868585065679488
3082 -0.1642538700955896 0.05495445575162847 0.8680029639524117
3083 0.1687581709861882 -0.05479385941596506 -0.8710442336953003
3084 0.6189945970692551 -0.5580507679615118 0.3525226318147827
3085 -0.5959272339833264 0.5660760662895564 -0.3616553779964187
3086 0.5938729734102755 -0.5746600060630623 -0.3802366684124327
3087 0.3411677712084842 -0.508271014686858 0.6041220500656074
3088 0.3723733732372045 -0.5163294230101843 -0.6292142998036081
3089 -0.3760752052064769 0.5216809721468816 -0.6301749811774372
3090 -0.3762434728186472 0.5237263254148595 0.6303739762780214
3091 -0.6327650615554957 0.6049577377098889 -0.2175232881415394
3092 0.6392368546023198 -0.6046722523114572 -0.206715456564034
3093 0.6322544491435494 -0.6039435342256455 0.2184213687397749
3094 -0.178234454227482 -0.08535875964807815 -0.8842550818707451
3095 -0.1812431303173898 -0.08029793970668575 0.8820612209001417
3096 0.193633416443749 0.0733637150665073 -0.8768737433629349
3097 0.1807609354027232 0.08880699570098223 0.8772575704097217
3098 0.6254838546272703 -0.3600436639674661 -0.5338189798322474
3099 0.5993766195872381 0.5821707306046442 0.3399328702486255
3100 0.6096225735842854 0.5783024874728386 -0.3436494526688342
3101 -0.5999675153837444 -0.5790354696097918 -0.3413741274781015
3102 -0.6078941868190028 -0.5727997509464967 0.3484248007561229
3103 -0.8775459480464737 -0.05497129969217342 -0.1903798814213135
3104 0.8811659414166357 0.06884735706284448 -0.17820335329442
3105 0.8667441691231372 0.05801859759956388 0.1763429603693465
3106 -0.8761889356652115 -0.0592403116180702 0.1764480945653064
3107 -0.05348096550931243 0.8634519361477861 0.1157968799017612
3108 0.1299853114025142 0.3671037423229399 -0.8037978621031602
3109 0.3522901091258638 -0.06071263442589566 -0.8443764586016185
3110 0.3524264110700223 -0.06041088081628441 0.843596876879653
3111 -0.3558395744302743 0.05903689925685958 0.8439382538231424
3112 -0.3570834917007689 0.05964193852609575 -0.8426704419048936
3113 -0.5611791112683583 0.5919582471359434 0.3585758491247947
3114 -0.2339205676668864 -0.6418255263885777 -0.6050929702402339
3115 -0.2313928830198716 -0.643130311497604 0.6029561167867719
3116 0.2300468657728454 0.6415928737996459 -0.6149905476321592
3117 0.2319214285620933 0.6445030724259907 0.6092506578847948
3118 -0.08461070953189065 -0.1823928697535522 -0.8877240769524017
3119 0.08624673842099362 0.2039107166131399 0.8828885174180771
3120 0.07771644055465335 0.2217282773948497 -0.8715125053214923
3121 0.08225729357476702 -0.8729671623630717 -0.1734467412129505
3122 0.826608708918627 0.3532103534415675 0.06094805550357687
3123 0.8308474962653989 -0.08857992117182638 0.361782610079373
3124 -0.8197501112982172 0.1008681383889609 -0.3807101044431775
3125 0.3416248797998839 0.06163398980715828 -0.8428271083123556
3126 0.33786863360447 0.06052038410006987 0.841574161385232
3127 -0.3603068940610161 -0.09084755218467543 -0.8292201021954044
3128 -0.3608674624876815 -0.08269401678923076 0.8288415836075139
3129 0.3644441600316003 0.8275292917346068 -0.07940792531276852
3130 0.3687279934780545 0.8254792350752254 0.07975482579590457
3131 -0.3776283147672057 -0.8200211771342679 -0.07996337114162112
3132 -0.3687460900907769 -0.8146376027033679 0.07737633580087283
3133 -0.5714159779695748 0.3341641737795272 -0.5704759270232219
3134 -0.8327615339262164 -0.05992931355314355 0.3445471883095788
3135 0.8308983570942613 0.0605179023696985 -0.343498310996009
3136 0.8205779920208486 0.06040473375694053 0.3443420313037364
3137 0.07690886029893142 0.8283997651897724 -0.327115137317012
3138 -0.2241506472200417 -0.8625034561248213 -0.08582723144695244
3139 -0.6307688244723763 0.2344716630136051 -0.623068364169699
3140 -0.6229872734883755 0.2366301197737663 0.6233375257903592
3141 0.6299133285817247 -0.2203282073031013 0.6246577456924095
3142 0.1996055646640715 0.8704632438941482 -0.08963077803781434
3143 0.1917987759327844 0.8730432645047467 0.05878893316301645
3144 0.2113334293399464 0.2041626386413398 -0.8617204280240247
3145 0.07482635249075177 0.8672756011448324 -0.1688163472873991
3146 -0.07375962745136481 -0.8793123318117134 0.1946273774860589
3147 0.07259358364606575 -0.8280122599720554 0.3627135388299386
3148 0.566183761145044 -0.3428232667871542 0.6218164963004175
3149 0.5735898572621067 -0.3309451588506283 -0.634337514992547
3150 0.2677206557249308 -0.5937643262325486 0.6053554938461353
3151 -0.2811292956401457 0.5967893035444745 -0.6237169858131636
3152 -0.2794082185542001 0.5918510822040387 0.618418992647813
3153 0.2831217274799954 -0.5903806497205731 -0.6297037742916466
3154 -0.6042512023198818 0.6358425650661168 0.2631486995461809
3155 0.633790502606272 -0.4531793583829284 0.5032097211470977
3156 -0.08527512119059562 0.3248035663828735 -0.8216262910257374
3157 -0.1883727430429836 -0.880895500230493 -0.2135792387223025
3158 0.1858171388692542 0.8818295808535431 -0.2167754481179674
3159 0.1883508422846773 0.8808248411637891 0.1929769394302489
3160 -0.1774149377629227 -0.8741907145459236 0.1958807599991606
3161 0.8671964038832483 0.2195286025549894 0.1314831458225404
3162 -0.8563250825454203 -0.187250385214123 0.142964809389852
3163 -0.3211089858061022 0.1779773002414074 0.8257740209966568
3164 0.3226380136281966 -0.1802243732695006 -0.8263412204510278
3165 0.3246509652617994 -0.1744779673622433 0.8296001873826694
3166 -0.3438255868938002 0.1771942224009367 -0.8257150312305634
3167 0.3622733933583708 0.2075969845156332 -0.8181799463374534
3168 0.3588701380627823 0.1896577400823249 0.8294628118830637
3169 0.8687249540336385 -0.1501896210500346 -0.1842079101095699
3170 -0.8573937583603451 -0.2461885319472136 -0.1046624994743002
3171 -0.8753510305921992 -0.2748252554250387 0.09916117625634507
3172 -0.06593645625756467 -0.3262129716440066 -0.8411521034012952
3173 -0.1008615974651013 -0.3437246868094963 0.8350009247853369
3174 -0.2059828352996439 -0.1750484782570313 -0.8730142734596135
3175 0.2033894322305771 0.1816417935839256 0.8699763763058618
3176 -0.08810911695301907 -0.8260008121299899 0.3019227568985286
3177 0.1021442098132238 0.8445971885930879 0.2614957513232055
3178 0.7644801969452547 -0.3739487014184366 0.3348128039099466
3179 0.87821593492038 0.2183997452551439 -0.1097662938626851
3180 -0.7477349103329007 0.5200972167856304 0.1458472912047467
3181 0.8188659024252357 0.2014931029037288 0.3744417543271952
3182 -0.8158522663427741 -0.199817877273143 0.3753968864998776
3183 0.8228590640120507 0.1970330847840907 -0.3685480064958281
3184 0.2942178844237705 -0.8432261820190579 0.0932654260820792
3185 0.2865483064841997 -0.8284234420688698 -0.07417762710517942
3186 0.007798937740028968 0.364738950015161 -0.8436092227687049
3187 -0.1890123822433298 -0.8040654510285143 0.3792205792126603
3188 0.1917808865029526 0.8001284256667917 0.374334395463742
3189 -0.175841921366634 -0.8182820437096628 -0.3476673918904609
3190 0.216240568580945 0.8205331452522189 -0.3429275109323605
3191 -0.816164159544801 -0.1016117268822199 -0.2877443881707384
3192 0.3414039278611596 0.3606282156148858 0.7647501822005974
3193 0.1585091273706942 -0.845137135410736 -0.2712468391123515
3194 -0.1593190260612753 0.8496752964587996 0.2660513987775455
3195 -0.159806966497774 0.8580117619286928 -0.2601499136170607
3196 0.1545086066681782 -0.8665644883933695 0.2575917073015311
3197 -0.7679439765679867 0.3502337869529298 -0.3463664955972597
3198 0.7820043688876186 -0.3437186992145109 -0.3339379259681851
3199 -0.8409972504974692 -0.3439290878486763 -0.0450702862622093
3200 -0.8258990728981969 -0.3434511051723369 0.05978851940132592
3201 0.3689451338647153 -0.8412201235933654 0.003185933770045425
3202 -0.3594056856858705 0.8429384724852206 -6.659764626182708e-05
3203 0.2856753178278519 -0.8510077831153466 -0.186734673776351
3204 -0.2845308229499746 0.8469451777997968 -0.1877432333728593
3205 -0.2843030789328989 0.8540190088004397 0.1842359661406004
3206 0.2506591116047358 -0.8820672865711188 0.1768394410319293
3207 0.02264267405429741 0.8388546402338883 0.3725739140187738
3208 -0.2210861326707472 -0.1611163406209297 0.8644028950661554
3209 -0.5561087093310041 0.4231977767016539 -0.6158121198242291
3210 0.3119481049460123 0.8388691790244907 -0.2005151463737947
3211 -0.3103879931453037 -0.8390479607351683 -0.1994208213475032
3212 -0.3142950235695419 -0.8409043950349752 0.1955053167364514
3213 0.3114264597499184 0.8376220364888977 0.1961706805104442
3214 0.8312033339703021 0.3480487335394564 -0.06999607594606133
3215 -0.6925419075493775 0.61086190855607 0.07649219342165771
3216 -0.6152552601688612 0.4203461219343202 0.5281027346876564
3217 -0.1769585971228773 -0.2695922815129554 -0.8642175371964117
3218 0.1522325048980882 0.3062179127268461 0.8330661725336242
3219 0.4396434971039447 -0.5664665759048085 0.5808933501507115
3220 0.01368861976790526 -0.3487891385981238 0.833887567959379
3221 -0.8375430787710662 0.3145745073096093 0.008679165019940538
3222 0.8438515400395524 -0.3201833133566218 -2.184170210742526e-05
3223 0.04424150137255187 -0.8528027212623029 -0.3197521961016982
3224 -0.05387293507705224 0.8384665694367194 0.2636293349699746
3225 -0.05164354780662932 0.8394545919065217 -0.3209123085871046
3226 -0.6615885725994052 -0.6312344374128529 0.04171578361107643
3227 0.6635430857495997 0.6329080808505219 -0.03945051839561763
3228 0.8758990104177705 0.1762936219683028 0.2574610720153045
3229 -0.8730327582669494 -0.1714748053587117 0.253676104187061
3230 -0.8437220648754213 -0.2261577209392489 -0.2450552477189888
3231 0.8712864513487563 0.1765966371892706 -0.2550592918667455
3232 0.8460184281428756 -0.1731512490000766 -0.3073511056735738
3233 -0.8273837359248069 0.1753597431989914 0.3088555538951209
3234 0.1811864425207179 -0.2537548856025508 -0.8519382507406926
3235 0.1720177043059615 -0.2555747644444185 0.8517672698275577
3236 -0.1940477923484349 0.246800791967688 -0.8521323357063583
3237 -0.1757157524574341 0.2754600975498114 0.8512864897132389
3238 0.02767341542005813 0.3426956348863054 0.8448669996233035
3239 0.8163227599236541 0.3675788916751035 -0.2231531684431172
3240 -0.8227892383373467 -0.3425805567301977 0.2314667095153685
3241 -0.862345825092046 0.07795658039371478 -0.2386553320366422
3242 0.8551624468023337 -0.0649077524285602 -0.2799637252150771
3243 -0.8643352415988702 0.06570621640000905 0.2787463936868785
3244 0.05008451079598398 -0.2781278240549651 -0.8438383640153199
3245 0.01856138161596149 -0.2555882305262677 0.8816687782335925
3246 -0.05690276225875445 0.2604427101200181 0.8494197682000032
3247 -0.0356472789459196 0.2753642303563398 -0.866574267835394
3248 -0.8263212120207991 0.01656476645733841 -0.3273870995416637
3249 -0.1873821034333286 -0.2771657782371685 0.8619149172242242
3250 -0.233531743289641 -0.3435693814197956 -0.8192843044922575
3251 -0.8531118074371907 0.1552016534410892 0.1818042894729929
3252 0.8301339414333755 -0.2097520105776998 0.3480246145640027
3253 -0.8380883689226727 0.1984396221015864 -0.3310542986164761
3254 0.2970322513036176 0.3540575836918999 -0.7955881762066088
3255 -0.6278553226850868 0.536532116684154 0.4049898498173061
3256 0.6000922686306379 -0.5456574303098697 0.4409688401548584
3257 -0.8726236134435825 0.212458497118134 -0.2099561973522174
3258 0.8696193543534874 -0.2474981503126871 -0.2062626606337767
3259 0.8663247381832454 -0.2062005051701689 0.2058566914990179
3260 -0.8570543490206274 0.2561899737283953 0.2062499826976047
3261 0.2133501659198883 0.8518285729726046 0.2738409391784696
3262 -0.2110805581115881 -0.8447508386091878 0.2858889081399863
3263 0.2219121102210434 -0.7837662332747377 -0.3527825225482084
3264 -0.224189168774123 0.799002263224408 0.3505495488743374
3265 -0.2205436518887165 0.7975600010715239 -0.3509264823440126
3266 0.2393687692317041 -0.8159887439178843 0.3280321554502011
3267 0.5277944104013935 -0.4854461727967261 0.5421156123581211
3268 -0.3228530046532666 -0.217926661146454 0.8350561749851172
3269 0.3263772740266482 0.2682410597095805 0.7990347869231952
3270 -0.2401103904583893 0.3660097884421767 0.7526234658222233
3271 0.0003656372352724712 0.3466696621779697 -0.688927796794287
3272 0.349496819012673 -0.258243531334526 -0.7368862552236711
3273 0.3494968190126725 -0.2582435313345257 0.736886255223671
3274 0.3561772257005757 0.7409361341168619 -0.2418304806726052
3275 0.363962141442119 0.7548998354166716 0.2496747669344484
3276 0.8568304479009037 -0.04591003275999764 0.2321156941591007
3277 -0.3622020870853022 -0.7565694836569117 -0.2470094606119791
3278 -0.3629953634038461 -0.7582001454150764 0.2455223053502272
3279 -0.3678060365673252 0.2721496298672349 -0.7685505457491943
3280 -0.3516549581955953 0.2585621432150705 0.736610290844683
3281 -0.2322037321144035 -0.353748409657566 0.7515266137152422
3282 0.03354653255528021 -0.8223472018988507 -0.04820541658427489
3283 0.2208534343768938 -0.8342708384739994 -0.0007469300437329564
3284 0.4583278257214984 -0.3819133420323347 -0.7046788369499767
3285 0.4433182194326636 -0.4321187179817024 0.676453448625648
3286 -0.7517512625190701 -0.4824337091371571 0.1173216995228573
$EndNodes
$Elements
11225
1 4 2 0 0 2210 2736 2153 2182
2 4 2 0 0 1439 2683 1513 1457
3 4 2 0 0 2932 2131 2154 2094
4 4 2 0 0 2532 3058 2834 3070
5 4 2 0 0 2587 835 905 915
6 4 2 0 0 2904 3038 2883 3041
7 4 2 0 0 2165 2186 2939 2123
8 4 2 0 0 3087 3075 2777 3219
9 4 2 0 0 465 3029 484 542
10 4 2 0 0 1188 1115 2635 1088
11 4 2 0 0 2544 3038 3176 3160
12 4 2 0 0 1595 1662 2648 1580
13 4 2 0 0 2250 2237 2195 2982
14 4 2 0 0 2471 30 49 54
15 4 2 0 0 3007 2831 2832 3008
16 4 2 0 0 1973 2044 2714 2020
17 4 2 0 0 1841 1800 2707 1879
18 4 2 0 0 2739 2333 3232 2361
19 4 2 0 0 2415 2758 2420 2391
20 4 2 0 0 577 559 501 2513
21 4 2 0 0 2201 2747 2220 2263
22 4 2 0 0 1076 3156 1129 2971
23 4 2 0 0 2553 3015 3172 3217
24 4 2 0 0 1767 2695 1812 1731
25 4 2 0 0 518 583 3033 524
26 4 2 0 0 2684 1550 1637 1575
27 4 2 0 0 776 3250 828 784
28 4 2 0 0 3224 2940 2941 2638
29 4 2 0 0 1093 2601 2916 2552
30 4 2 0 0 547 2986 623 2528
31 4 2 0 0 1163 2591 1069 1098
32 4 2 0 0 1871 1794 1812 2695
33 4 2 0 0 3197 139 3253 152
34 4 2 0 0 2296 3252 2334 2321
35 4 2 0 0 751 3011 666 681
36 4 2 0 0 2265 2246 2213 2754
37 4 2 0 0 2995 1865 1883 1805
38 4 2 0 0 3030 589 667 607
39 4 2 0 0 2194 2155 2756 2214
40 4 2 0 0 3268 829 879 932
41 4 2 0 0 1824 1901 3219 1874
42 4 2 0 0 1818 2727 1832 1891
43 4 2 0 0 1896 1820 1843 2720
44 4 2 0 0 517 574 3032 504
45 4 2 0 0 2481 157 183 210
46 4 2 0 0 175 2480 144 193
47 4 2 0 0 2281 2322 2317 2735
48 4 2 0 0 1429 2911 2936 1397
49 4 2 0 0 1398 2935 1430 2910
50 4 2 0 0 1071 1144 1042 2912
51 4 2 0 0 1142 1236 2618 1192
52 4 2 0 0 1986 2060 2943 2006
53 4 2 0 0 2739 2738 3232 2333
54 4 2 0 0 2147 2140 2757 2087
55 4 2 0 0 3256 3084 2699 2827
56 4 2 0 0 3006 145 3199 121
57 4 2 0 0 1363 2990 3142 1413
58 4 2 0 0 2443 2441 3259 2959
59 4 2 0 0 2914 1462 1446 3116
60 4 2 0 0 2151 2204 2148 2753
61 4 2 0 0 1622 2683 1518 1545
62 4 2 0 0 1199 1265 2588 1290
63 4 2 0 0 1502 1596 2649 1536
64 4 2 0 0 199 149 182 3240
65 4 2 0 0 1006 935 2912 2937
66 4 2 0 0 936 2938 1007 2913
67 4 2 0 0 2911 2936 1465 1536
68 4 2 0 0 2935 1466 1539 2910
69 4 2 0 0 2047 2696 3098 2014
70 4 2 0 0 2977 1731 3088 2649
71 4 2 0 0 2387 2749 3239 2366
72 4 2 0 0 2222 2168 3051 3227
73 4 2 0 0 1982 1963 2696 2014
74 4 2 0 0 516 464 3154 3113
75 4 2 0 0 485 499 3102 2985
76 4 2 0 0 3100 2045 1990 1975
77 4 2 0 0 3101 498 484 3029
78 4 2 0 0 2058 2921 3092 1984
79 4 2 0 0 903 2937 882 3151
80 4 2 0 0 2346 2304 3183 2982
81 4 2 0 0 2964 128 168 3182
82 4 2 0 0 689 3166 779 3279
83 4 2 0 0 126 108 166 2952
84 4 2 0 0 2206 2738 2158 2211
85 4 2 0 0 1935 2006 1986 2720
86 4 2 0 0 1725 3269 1793 3168
87 4 2 0 0 3107 1304 2940 1269
88 4 2 0 0 2108 2947 3141 2157
89 4 2 0 0 2267 2308 3198 2283
90 4 2 0 0 3213 1828 1736 1774
91 4 2 0 0 1200 1176 1266 2590
92 4 2 0 0 2730 2037 1967 2001
93 4 2 0 0 1180 1241 2640 1270
94 4 2 0 0 1135 1252 2640 1151
95 4 2 0 0 3192 2994 2720 3269
96 4 2 0 0 1889 1940 2731 1858
97 4 2 0 0 7 2928 17 3106
98 4 2 0 0 871 3115 944 885
99 4 2 0 0 2183 2195 2982 3049
100 4 2 0 0 289 278 3005 3022
101 4 2 0 0 175 144 3182 130
102 4 2 0 0 196 159 3124 146
103 4 2 0 0 1980 1920 3086 1970
104 4 2 0 0 2984 3197 300 2486
105 4 2 0 0 1226 1174 3118 1137
106 4 2 0 0 1296 1333 1244 3119
107 4 2 0 0 254 3180 311 264
108 4 2 0 0 1762 1794 3284 1708
109 4 2 0 0 925 2552 971 987
110 4 2 0 0 2963 2251 2196 2203
111 4 2 0 0 1126 3245 1175 1218
112 4 2 0 0 3000 2144 2089 2151
113 4 2 0 0 1650 1732 1683 2655
114 4 2 0 0 2655 1503 1410 1442
115 4 2 0 0 286 296 3180 3215
116 4 2 0 0 1846 1919 3267 1893
117 4 2 0 0 1986 2043 2943 2060
118 4 2 0 0 2375 2345 2751 3228
119 4 2 0 0 2726 1954 1895 1969
120 4 2 0 0 1973 2714 1915 1897
121 4 2 0 0 2018 2028 1954 2726
122 4 2 0 0 2634 1340 1317 1250
123 4 2 0 0 418 390 451 3140
124 4 2 0 0 2639 1307 1332 1400
125 4 2 0 0 31 30 49 2471
126 4 2 0 0 3085 2529 2491 406
127 4 2 0 0 283 2480 294 344
128 4 2 0 0 1441 1373 2688 1459
129 4 2 0 0 2207 2747 2137 2170
130 4 2 0 0 2463 2467 2759 2460
131 4 2 0 0 2434 3104 2444 2421
132 4 2 0 0 228 287 269 2486
133 4 2 0 0 2227 2756 2273 2238
134 4 2 0 0 1458 1486 1550 2684
135 4 2 0 0 1222 1249 1316 2628
136 4 2 0 0 2211 2229 2258 2738
137 4 2 0 0 682 634 718 3131
138 4 2 0 0 658 3279 689 743
139 4 2 0 0 1940 1995 2024 2731
140 4 2 0 0 1430 2648 1526 1455
141 4 2 0 0 2655 1597 1628 1683
142 4 2 0 0 1730 2727 1759 1832
143 4 2 0 0 1610 2688 1587 1675
144 4 2 0 0 1730 1832 1818 2727
145 4 2 0 0 1413 2689 1495 1464
146 4 2 0 0 853 2552 925 871
147 4 2 0 0 2336 2280 2314 2755
148 4 2 0 0 2731 3275 3130 2867
149 4 2 0 0 3286 2474 202 154
150 4 2 0 0 2404 2401 3179 2427
151 4 2 0 0 2194 2223 2247 2756
152 4 2 0 0 3149 3098 2939 2701
153 4 2 0 0 1549 1634 2689 1581
154 4 2 0 0 1914 2720 1986 1972
155 4 2 0 0 2538 622 618 545
156 4 2 0 0 1116 1145 2639 1211
157 4 2 0 0 1754 1790 1839 3129
158 4 2 0 0 2463 3105 2453 2460
159 4 2 0 0 1914 1986 2720 1935
160 4 2 0 0 1441 1501 3188 1412
161 4 2 0 0 1204 1108 1181 3224
162 4 2 0 0 613 2537 617 693
163 4 2 0 0 1144 2635 1210 1115
164 4 2 0 0 2434 3104 2421 2410
165 4 2 0 0 3166 872 2568 3236
166 4 2 0 0 1270 2640 1361 1329
167 4 2 0 0 2316 2279 2264 2743
168 4 2 0 0 2619 1345 1295 1254
169 4 2 0 0 2036 2065 1989 3064
170 4 2 0 0 2742 2185 2224 2164
171 4 2 0 0 362 403 350 2984
172 4 2 0 0 3234 2656 1547 1600
173 4 2 0 0 2722 1813 2995 1883
174 4 2 0 0 3046 1377 1284 1334
175 4 2 0 0 2339 2345 2963 2751
176 4 2 0 0 2102 2163 2736 2153
177 4 2 0 0 2259 2305 2283 2734
178 4 2 0 0 2728 1853 1764 1829
179 4 2 0 0 3108 1357 1420 1417
180 4 2 0 0 1799 2706 1887 1834
181 4 2 0 0 1372 2635 1440 1348
182 4 2 0 0 2087 2140 2757 2081
183 4 2 0 0 2181 2174 2734 2215
184 4 2 0 0 1840 1791 1755 3130
185 4 2 0 0 2448 2449 2431 2760
186 4 2 0 0 2739 2373 2331 2349
187 4 2 0 0 2925 2039 2075 2001
188 4 2 0 0 2363 2322 2323 2735
189 4 2 0 0 2754 2193 2222 2246
190 4 2 0 0 1924 1961 1879 2707
191 4 2 0 0 1854 2732 1866 1782
192 4 2 0 0 1866 1884 2732 1948
193 4 2 0 0 2086 2027 2090 2753
194 4 2 0 0 2755 2222 3227 2197
195 4 2 0 0 2305 2347 3019 2317
196 4 2 0 0 1728 2700 1784 1693
197 4 2 0 0 1458 2684 1550 1529
198 4 2 0 0 2361 2320 2349 3198
199 4 2 0 0 2232 2735 2241 2281
200 4 2 0 0 3064 2136 2161 2202
201 4 2 0 0 2677 1462 1485 1401
202 4 2 0 0 2722 1883 1953 1894
203 4 2 0 0 3129 1875 1790 1839
204 4 2 0 0 2748 2192 2144 2200
205 4 2 0 0 319 369 2492 391
206 4 2 0 0 2706 1993 1966 1917
207 4 2 0 0 2999 1968 2026 1958
208 4 2 0 0 2190 2918 2133 2134
209 4 2 0 0 2449 2437 2428 2760
210 4 2 0 0 450 482 522 2521
211 4 2 0 0 2739 3258 2349 2361
212 4 2 0 0 2120 2077 2114 2733
213 4 2 0 0 1845 2695 1892 1812
214 4 2 0 0 2258 2738 2299 2255
215 4 2 0 0 2210 2163 2153 2736
216 4 2 0 0 1531 1490 1437 2649
217 4 2 0 0 1531 2649 1583 1490
218 4 2 0 0 2691 1928 1851 1910
219 4 2 0 0 1823 1873 2696 1900
220 4 2 0 0 2485 209 252 273
221 4 2 0 0 2487 3197 123 141
222 4 2 0 0 2739 3198 2333 2361
223 4 2 0 0 399 2926 436 474
224 4 2 0 0 2450 2930 2458 2464
225 4 2 0 0 1861 1843 2720 1914
226 4 2 0 0 2289 2231 2743 2264
227 4 2 0 0 2995 1813 1805 1883
228 4 2 0 0 2232 2270 2735 2281
229 4 2 0 0 2677 1544 1485 1462
230 4 2 0 0 1973 1897 1943 2714
231 4 2 0 0 2434 2410 2418 3104
232 4 2 0 0 2181 2209 2235 2734
233 4 2 0 0 2190 2735 2241 2187
234 4 2 0 0 1443 2911 1536 2649
235 4 2 0 0 203 2474 204 256
236 4 2 0 0 1526 1553 2648 1619
237 4 2 0 0 961 3114 897 985
238 4 2 0 0 2152 2082 2734 2118
239 4 2 0 0 2049 2031 1978 2691
240 4 2 0 0 2261 2224 2747 2274
241 4 2 0 0 2152 2118 2734 2181
242 4 2 0 0 1982 1963 1918 2696
243 4 2 0 0 2691 1910 1978 1984
244 4 2 0 0 2601 1246 1287 1342
245 4 2 0 0 2317 2358 2735 2322
246 4 2 0 0 2271 2282 2233 2735
247 4 2 0 0 2210 2736 2260 2219
248 4 2 0 0 2306 2736 2284 2332
249 4 2 0 0 1513 1546 2683 1599
250 4 2 0 0 2706 1905 1850 1927
251 4 2 0 0 2102 2083 2153 2736
252 4 2 0 0 1217 2602 1167 1257
253 4 2 0 0 2210 2736 2182 2236
254 4 2 0 0 2947 2228 3178 2742
255 4 2 0 0 2217 2267 2734 2215
256 4 2 0 0 2706 1917 1952 1993
257 4 2 0 0 2153 2736 2083 2119
258 4 2 0 0 2182 2119 2736 2153
259 4 2 0 0 1808 1877 2727 1818
260 4 2 0 0 3011 3281 2839 2559
261 4 2 0 0 1863 2690 1788 1809
262 4 2 0 0 2212 2268 3178 2277
263 4 2 0 0 2706 1966 1993 2034
264 4 2 0 0 1955 1937 1881 2691
265 4 2 0 0 1925 2713 1966 1887
266 4 2 0 0 2415 2439 2420 2758
267 4 2 0 0 2451 2458 2959 2465
268 4 2 0 0 1872 1850 3285 1795
269 4 2 0 0 1650 1597 2655 1683
270 4 2 0 0 2777 2998 3267 2694
271 4 2 0 0 440 483 3140 418
272 4 2 0 0 2457 2443 2453 3276
273 4 2 0 0 2219 2233 2736 2271
274 4 2 0 0 2341 2288 2747 2312
275 4 2 0 0 1566 1492 2643 1556
276 4 2 0 0 2171 2208 2231 2743
277 4 2 0 0 1811 3285 1872 1893
278 4 2 0 0 3285 1850 1927 2706
279 4 2 0 0 2720 2043 1972 2019
280 4 2 0 0 2009 2018 1948 2726
281 4 2 0 0 2601 1344 1248 1277
282 4 2 0 0 3045 2662 3081 3235
283 4 2 0 0 3043 1438 1342 1374
284 4 2 0 0 2261 2230 2747 2207
285 4 2 0 0 1811 3285 1795 1872
286 4 2 0 0 2655 1597 1539 1628
287 4 2 0 0 2218 2734 2270 2259
288 4 2 0 0 2128 2097 2737 2156
289 4 2 0 0 1260 1326 1356 2594
290 4 2 0 0 1770 1848 2694 1824
291 4 2 0 0 1212 2589 1275 1324
292 4 2 0 0 782 715 2552 787
293 4 2 0 0 1183 1277 2916 2601
294 4 2 0 0 1513 2683 1546 1457
295 4 2 0 0 1221 1315 2601 1287
296 4 2 0 0 2590 1251 1336 1319
297 4 2 0 0 1164 2594 1191 1099
298 4 2 0 0 1430 1455 1356 2648
299 4 2 0 0 971 929 1031 2552
300 4 2 0 0 445 447 2505 2476
301 4 2 0 0 1601 2662 3235 3165
302 4 2 0 0 1580 2648 1643 1662
303 4 2 0 0 2966 155 165 125
304 4 2 0 0 2266 2273 2756 2310
305 4 2 0 0 616 585 670 2498
306 4 2 0 0 171 3240 134 128
307 4 2 0 0 751 3011 831 746
308 4 2 0 0 596 612 666 2513
309 4 2 0 0 501 489 2513 559
310 4 2 0 0 186 162 2475 138
311 4 2 0 0 1603 1622 2683 1685
312 4 2 0 0 134 94 3240 107
313 4 2 0 0 501 2513 489 431
314 4 2 0 0 570 562 494 2536
315 4 2 0 0 741 714 2500 641
316 4 2 0 0 2627 1301 1213 1253
317 4 2 0 0 3132 3138 2543 2540
318 4 2 0 0 2969 2581 3270 2800
319 4 2 0 0 59 3106 77 48
320 4 2 0 0 14 3079 8 20
321 4 2 0 0 2911 1325 1299 1397
322 4 2 0 0 1190 1215 2591 1121
323 4 2 0 0 2601 1287 1374 1342
324 4 2 0 0 724 2552 787 801
325 4 2 0 0 314 252 273 2485
326 4 2 0 0 2601 1410 1374 1315
327 4 2 0 0 2499 565 2985 644
328 4 2 0 0 1625 1678 1592 3210
329 4 2 0 0 224 279 235 2964
330 4 2 0 0 260 227 208 2475
331 4 2 0 0 499 2931 429 3102
332 4 2 0 0 2964 128 2479 3240
333 4 2 0 0 199 3240 162 149
334 4 2 0 0 583 642 2506 656
335 4 2 0 0 543 620 2499 608
336 4 2 0 0 1099 1030 2594 1122
337 4 2 0 0 1955 1937 3086 2010
338 4 2 0 0 224 235 182 2964
339 4 2 0 0 380 2931 318 361
340 4 2 0 0 700 2498 616 670
341 4 2 0 0 2478 3200 3171 2469
342 4 2 0 0 430 2507 488 500
343 4 2 0 0 235 290 246 2475
344 4 2 0 0 212 160 197 2485
345 4 2 0 0 38 2469 21 42
346 4 2 0 0 331 2474 277 307
347 4 2 0 0 1193 1284 2610 1235
348 4 2 0 0 198 3005 181 148
349 4 2 0 0 551 598 633 2497
350 4 2 0 0 1047 985 3114 961
351 4 2 0 0 199 246 2475 235
352 4 2 0 0 186 162 208 2475
353 4 2 0 0 186 3286 227 202
354 4 2 0 0 2540 1026 975 1102
355 4 2 0 0 2967 849 3262 3187
356 4 2 0 0 719 3132 671 633
357 4 2 0 0 1718 1682 1627 3153
358 4 2 0 0 1190 1282 2591 1215
359 4 2 0 0 3011 666 681 2513
360 4 2 0 0 262 215 2486 243
361 4 2 0 0 2740 2958 2959 3222
362 4 2 0 0 506 475 2497 436
363 4 2 0 0 400 475 2497 435
364 4 2 0 0 607 542 3029 525
365 4 2 0 0 94 128 2479 3229
366 4 2 0 0 548 632 586 2514
367 4 2 0 0 1803 1829 1888 2981
368 4 2 0 0 260 208 246 2475
369 4 2 0 0 1243 1284 1334 3046
370 4 2 0 0 1243 1295 2619 1334
371 4 2 0 0 1131 1153 1220 2595
372 4 2 0 0 1056 974 3138 1025
373 4 2 0 0 2690 2696 1920 1900
374 4 2 0 0 2181 2734 2235 2215
375 4 2 0 0 2495 619 708 643
376 4 2 0 0 1427 3083 1521 1481
377 4 2 0 0 2514 637 560 594
378 4 2 0 0 2171 2202 3064 2743
379 4 2 0 0 1050 1114 1132 2601
380 4 2 0 0 511 560 594 2514
381 4 2 0 0 547 2986 2528 531
382 4 2 0 0 3103 34 24 16
383 4 2 0 0 1737 1792 1807 2961
384 4 2 0 0 3156 3271 3186 2628
385 4 2 0 0 535 591 2536 2535
386 4 2 0 0 2304 2298 2748 2253
387 4 2 0 0 1140 2588 1165 1228
388 4 2 0 0 302 241 2481 265
389 4 2 0 0 450 482 3139 417
390 4 2 0 0 3156 3271 2628 2971
391 4 2 0 0 1803 1857 1773 2729
392 4 2 0 0 750 680 665 3010
393 4 2 0 0 2485 158 193 209
394 4 2 0 0 446 444 504 2501
395 4 2 0 0 3112 675 717 632
396 4 2 0 0 2172 2114 2733 2120
397 4 2 0 0 2934 317 379 341
398 4 2 0 0 2944 413 488 467
399 4 2 0 0 33 21 2469 42
400 4 2 0 0 170 133 3230 127
401 4 2 0 0 540 2537 544 617
402 4 2 0 0 544 621 617 2536
403 4 2 0 0 1293 1203 2640 1270
404 4 2 0 0 13 2470 5 19
405 4 2 0 0 1042 1115 2635 1144
406 4 2 0 0 3137 2636 3145 3225
407 4 2 0 0 2514 560 637 605
408 4 2 0 0 492 2529 3085 443
409 4 2 0 0 570 2536 635 562
410 4 2 0 0 2628 1339 1316 1401
411 4 2 0 0 727 663 3012 651
412 4 2 0 0 1184 1224 2628 1129
413 4 2 0 0 739 762 2968 678
414 4 2 0 0 1222 1316 1288 2628
415 4 2 0 0 888 851 798 2968
416 4 2 0 0 744 826 3012 767
417 4 2 0 0 2739 3169 3258 3232
418 4 2 0 0 2195 2139 2753 3049
419 4 2 0 0 2978 2706 1763 3285
420 4 2 0 0 2731 1828 3130 3275
421 4 2 0 0 820 851 2575 762
422 4 2 0 0 653 576 2507 605
423 4 2 0 0 362 3139 316 371
424 4 2 0 0 1999 2707 1961 1924
425 4 2 0 0 653 2507 576 629
426 4 2 0 0 1210 1280 2635 1306
427 4 2 0 0 1724 1775 1792 3167
428 4 2 0 0 2342 2316 2289 2743
429 4 2 0 0 820 762 2575 739
430 4 2 0 0 547 2521 2986 478
431 4 2 0 0 1226 1186 1137 3018
432 4 2 0 0 767 3077 703 790
433 4 2 0 0 1065 2640 1090 1151
434 4 2 0 0 1172 1224 1129 3186
435 4 2 0 0 2912 1194 2628 1127
436 4 2 0 0 306 350 2984 362
437 4 2 0 0 820 788 739 2575
438 4 2 0 0 917 868 828 3250
439 4 2 0 0 856 790 2582 767
440 4 2 0 0 1230 1322 2635 1255
441 4 2 0 0 2575 1034 981 939
442 4 2 0 0 547 601 2528 623
443 4 2 0 0 664 610 2539 685
444 4 2 0 0 401 2919 473 469
445 4 2 0 0 2536 651 635 712
446 4 2 0 0 552 572 625 2535
447 4 2 0 0 812 3077 3151 882
448 4 2 0 0 535 2536 591 515
449 4 2 0 0 2968 2568 3279 825
450 4 2 0 0 1372 1440 2684 1458
451 4 2 0 0 1306 2635 1399 1372
452 4 2 0 0 1529 1550 1609 2684
453 4 2 0 0 3116 1486 1575 1508
454 4 2 0 0 1241 1329 1303 2640
455 4 2 0 0 1180 1203 1270 2640
456 4 2 0 0 1675 1652 1741 2962
457 4 2 0 0 1270 2640 1329 1241
458 4 2 0 0 1348 2635 1322 1255
459 4 2 0 0 2743 2202 2161 2221
460 4 2 0 0 1735 1790 3129 1827
461 4 2 0 0 2214 2247 2266 2756
462 4 2 0 0 2966 165 141 125
463 4 2 0 0 2538 592 536 2539
464 4 2 0 0 415 473 2536 490
465 4 2 0 0 310 263 2492 253
466 4 2 0 0 145 203 178 2474
467 4 2 0 0 177 173 140 2490
468 4 2 0 0 283 233 294 2480
469 4 2 0 0 156 201 3180 191
470 4 2 0 0 507 440 2520 476
471 4 2 0 0 252 193 2480 233
472 4 2 0 0 3162 2479 3240 3171
473 4 2 0 0 521 497 569 2527
474 4 2 0 0 832 2587 905 906
475 4 2 0 0 540 617 613 2537
476 4 2 0 0 134 128 3240 94
477 4 2 0 0 238 285 2493 295
478 4 2 0 0 192 251 2477 232
479 4 2 0 0 191 3180 231 239
480 4 2 0 0 145 118 169 2474
481 4 2 0 0 314 294 2480 359
482 4 2 0 0 751 847 831 3011
483 4 2 0 0 2539 592 536 610
484 4 2 0 0 1889 1804 1858 2731
485 4 2 0 0 1730 2727 1818 1753
486 4 2 0 0 630 2513 698 681
487 4 2 0 0 795 2585 2970 781
488 4 2 0 0 1227 2974 1268 1175
489 4 2 0 0 557 603 640 2527
490 4 2 0 0 7 2470 1 5
491 4 2 0 0 2538 563 495 571
492 4 2 0 0 2009 2726 1948 2732
493 4 2 0 0 2278 2220 2747 2263
494 4 2 0 0 763 710 2969 799
495 4 2 0 0 628 706 661 2534
496 4 2 0 0 2278 2752 2220 2239
497 4 2 0 0 233 193 2480 175
498 4 2 0 0 899 854 3082 949
499 4 2 0 0 266 242 212 2485
500 4 2 0 0 271 322 2964 275
501 4 2 0 0 528 555 2533 600
502 4 2 0 0 264 320 292 3070
503 4 2 0 0 593 2520 638 561
504 4 2 0 0 904 2586 883 973
505 4 2 0 0 650 600 573 2533
506 4 2 0 0 2627 2989 3119 1244
507 4 2 0 0 1518 2683 1402 1463
508 4 2 0 0 2634 1289 1317 1379
509 4 2 0 0 2634 2915 1195 1289
510 4 2 0 0 483 2527 521 557
511 4 2 0 0 2559 879 3281 3249
512 4 2 0 0 3087 1732 1683 1768
513 4 2 0 0 1720 1793 1725 3192
514 4 2 0 0 2634 1439 1358 1396
515 4 2 0 0 1754 1839 1802 3129
516 4 2 0 0 1830 1854 2732 1909
517 4 2 0 0 2046 2024 2731 1974
518 4 2 0 0 2067 2933 2095 2024
519 4 2 0 0 1914 2720 1972 1896
520 4 2 0 0 1808 2720 1877 1861
521 4 2 0 0 1610 1551 2688 1638
522 4 2 0 0 2184 2756 2176 2227
523 4 2 0 0 2752 2112 2179 2129
524 4 2 0 0 1675 1765 2962 1741
525 4 2 0 0 1793 1861 2720 1808
526 4 2 0 0 1720 1808 1793 3192
527 4 2 0 0 1832 1826 2727 1759
528 4 2 0 0 1832 1899 2727 1826
529 4 2 0 0 1940 2731 2024 1974
530 4 2 0 0 1907 1995 2731 1960
531 4 2 0 0 1749 1826 1759 2727
532 4 2 0 0 1891 1877 3001 1949
533 4 2 0 0 1986 2043 1972 2720
534 4 2 0 0 1211 1281 1307 2639
535 4 2 0 0 1818 1877 2727 1891
536 4 2 0 0 1776 2720 1793 1843
537 4 2 0 0 2184 2757 2963 2196
538 4 2 0 0 2431 2760 2449 2428
539 4 2 0 0 2194 2223 2756 2169
540 4 2 0 0 1891 3001 1877 2727
541 4 2 0 0 1944 1972 2019 2720
542 4 2 0 0 3148 1977 1927 1997
543 4 2 0 0 2460 3003 2455 2467
544 4 2 0 0 1428 3081 1482 1522
545 4 2 0 0 1739 1820 3168 1776
546 4 2 0 0 3148 2042 1977 1997
547 4 2 0 0 2785 2727 3192 3001
548 4 2 0 0 2184 2140 2757 2196
549 4 2 0 0 1948 1954 1884 2726
550 4 2 0 0 2655 1539 1503 1442
551 4 2 0 0 1944 1913 2713 1988
552 4 2 0 0 1891 1899 1957 3001
553 4 2 0 0 1793 2720 1861 1843
554 4 2 0 0 1227 2974 1279 1320
555 4 2 0 0 1868 2713 1944 1913
556 4 2 0 0 2201 3067 2135 2160
557 4 2 0 0 2201 2220 2747 2160
558 4 2 0 0 1650 1709 1732 2655
559 4 2 0 0 3267 2013 1946 1971
560 4 2 0 0 1861 1877 1935 2720
561 4 2 0 0 3276 2435 2422 2411
562 4 2 0 0 1535 1599 1513 2683
563 4 2 0 0 1949 1877 3001 1935
564 4 2 0 0 1896 2720 1972 1944
565 4 2 0 0 2693 1911 1979 1903
566 4 2 0 0 1868 1913 1836 2713
567 4 2 0 0 3081 2669 3126 3110
568 4 2 0 0 2993 2994 3168 2720
569 4 2 0 0 1605 1541 1617 3269
570 4 2 0 0 1949 2006 1935 3001
571 4 2 0 0 2230 2263 2747 2201
572 4 2 0 0 2713 1913 1962 1988
573 4 2 0 0 2713 1913 1880 1962
574 4 2 0 0 3126 1751 1836 1787
575 4 2 0 0 1868 1820 2720 1787
576 4 2 0 0 1868 1836 1787 2713
577 4 2 0 0 1944 2019 1988 2713
578 4 2 0 0 1891 1957 1949 3001
579 4 2 0 0 1891 2727 1832 1899
580 4 2 0 0 1868 2720 1820 1896
581 4 2 0 0 1868 1944 2720 1896
582 4 2 0 0 2713 1836 1880 1913
583 4 2 0 0 1861 1935 1914 2720
584 4 2 0 0 3067 1988 2064 2019
585 4 2 0 0 1801 1842 2713 1880
586 4 2 0 0 874 788 820 2575
587 4 2 0 0 1914 2720 1896 1843
588 4 2 0 0 1808 3001 2727 1877
589 4 2 0 0 1776 1843 1820 2720
590 4 2 0 0 1753 2727 1808 3192
591 4 2 0 0 3256 2013 1971 2030
592 4 2 0 0 261 216 257 2490
593 4 2 0 0 1753 2727 1818 1808
594 4 2 0 0 1753 3192 1640 1730
595 4 2 0 0 3218 2676 1541 1605
596 4 2 0 0 1793 3168 2720 1776
597 4 2 0 0 3269 2994 2720 3168
598 4 2 0 0 1834 1917 2706 1887
599 4 2 0 0 1617 1541 3192 3269
600 4 2 0 0 1589 3117 1603 1528
601 4 2 0 0 3192 3269 1541 2676
602 4 2 0 0 1866 1884 1806 2732
603 4 2 0 0 1518 2683 1631 1535
604 4 2 0 0 1439 1457 1396 3218
605 4 2 0 0 1720 1808 3192 1753
606 4 2 0 0 549 631 2520 587
607 4 2 0 0 3269 1541 2676 1605
608 4 2 0 0 3269 3168 1605 2676
609 4 2 0 0 1834 1917 1870 2706
610 4 2 0 0 1739 1787 3168 1820
611 4 2 0 0 3175 3168 2676 1605
612 4 2 0 0 2989 1333 1285 1376
613 4 2 0 0 2726 2025 2028 1969
614 4 2 0 0 1973 1987 2714 2044
615 4 2 0 0 1973 1915 2714 1987
616 4 2 0 0 1830 2732 1765 2962
617 4 2 0 0 2034 2713 1998 2070
618 4 2 0 0 763 2969 850 799
619 4 2 0 0 1528 1545 2683 1603
620 4 2 0 0 873 2574 3280 824
621 4 2 0 0 1518 1421 1402 2683
622 4 2 0 0 1202 1296 2627 1253
623 4 2 0 0 1227 1175 1136 2974
624 4 2 0 0 1225 1273 1313 2634
625 4 2 0 0 3218 1605 3175 2676
626 4 2 0 0 2683 1541 2676 3192
627 4 2 0 0 1799 1747 2706 1834
628 4 2 0 0 1785 1870 2706 1834
629 4 2 0 0 1884 1814 1806 2997
630 4 2 0 0 2978 1645 3273 2662
631 4 2 0 0 2601 1158 1114 1198
632 4 2 0 0 2866 2720 2994 2993
633 4 2 0 0 2326 2274 2312 3123
634 4 2 0 0 2910 1539 2655 1442
635 4 2 0 0 2655 1597 1565 1503
636 4 2 0 0 1650 2655 1565 1624
637 4 2 0 0 1309 1367 3073 1268
638 4 2 0 0 3001 2025 1969 1957
639 4 2 0 0 3218 1541 2676 2683
640 4 2 0 0 1589 1670 1603 3117
641 4 2 0 0 1463 1402 1379 2683
642 4 2 0 0 3119 2989 1333 1244
643 4 2 0 0 549 512 2520 593
644 4 2 0 0 2634 1060 1096 1156
645 4 2 0 0 889 2581 940 980
646 4 2 0 0 2574 3237 2626 2972
647 4 2 0 0 1830 1765 1741 2962
648 4 2 0 0 1622 1631 1518 2683
649 4 2 0 0 2730 1876 1923 1840
650 4 2 0 0 1211 1238 2639 1307
651 4 2 0 0 1909 1974 1991 2731
652 4 2 0 0 2962 1717 1741 1804
653 4 2 0 0 3275 1774 1717 1804
654 4 2 0 0 2634 1421 1340 1358
655 4 2 0 0 1528 1463 2683 1545
656 4 2 0 0 1142 2618 1187 1094
657 4 2 0 0 1447 1379 2683 1463
658 4 2 0 0 1610 1551 1530 2688
659 4 2 0 0 1518 1421 2683 1535
660 4 2 0 0 1535 1439 1421 2683
661 4 2 0 0 1640 1730 2683 1631
662 4 2 0 0 1535 2683 1513 1439
663 4 2 0 0 1931 2732 1948 1866
664 4 2 0 0 1447 1463 2683 1528
665 4 2 0 0 593 672 638 2520
666 4 2 0 0 2997 1765 1696 1782
667 4 2 0 0 1603 1685 2683 1670
668 4 2 0 0 1545 1463 2683 1518
669 4 2 0 0 2639 1373 1307 1400
670 4 2 0 0 1690 1730 1631 2683
671 4 2 0 0 1690 2683 1631 1622
672 4 2 0 0 1386 1413 1464 3143
673 4 2 0 0 1685 2683 1759 1690
674 4 2 0 0 1685 1622 2683 1690
675 4 2 0 0 2639 1332 1307 1238
676 4 2 0 0 1749 1685 1670 2683
677 4 2 0 0 1749 2683 1759 1685
678 4 2 0 0 1603 1545 2683 1622
679 4 2 0 0 2538 592 571 516
680 4 2 0 0 3129 2689 3143 3130
681 4 2 0 0 1016 946 2586 1043
682 4 2 0 0 1854 1866 2732 1931
683 4 2 0 0 2730 1840 1802 3130
684 4 2 0 0 1889 1804 2731 1830
685 4 2 0 0 1425 1508 1486 3116
686 4 2 0 0 1909 2732 1931 1854
687 4 2 0 0 1202 2627 1106 1161
688 4 2 0 0 921 2586 827 893
689 4 2 0 0 906 979 916 2587
690 4 2 0 0 1696 2962 1675 1765
691 4 2 0 0 1496 1445 1414 3143
692 4 2 0 0 1626 1679 1717 3213
693 4 2 0 0 2688 1459 1487 1551
694 4 2 0 0 1907 2731 1995 1940
695 4 2 0 0 2147 2757 2203 2150
696 4 2 0 0 1549 2689 1582 1496
697 4 2 0 0 1413 1464 3143 2689
698 4 2 0 0 1386 1464 1414 3143
699 4 2 0 0 1610 1587 2688 1530
700 4 2 0 0 1204 1271 1294 2642
701 4 2 0 0 2639 1373 1349 1281
702 4 2 0 0 1530 1587 2688 1501
703 4 2 0 0 2128 2737 2097 2069
704 4 2 0 0 1530 1551 1459 2688
705 4 2 0 0 2715 2999 3000 2946
706 4 2 0 0 1876 1828 1791 3130
707 4 2 0 0 1610 1675 1696 2688
708 4 2 0 0 2997 1638 1653 1723
709 4 2 0 0 2688 1576 1551 1487
710 4 2 0 0 2641 1292 1386 1413
711 4 2 0 0 2730 1923 1967 1885
712 4 2 0 0 1889 1974 1909 2731
713 4 2 0 0 1204 1271 2642 1181
714 4 2 0 0 1306 2635 1237 1331
715 4 2 0 0 1675 1652 2962 1587
716 4 2 0 0 2297 2252 2752 2239
717 4 2 0 0 2448 2760 2427 2436
718 4 2 0 0 1907 1828 2731 1858
719 4 2 0 0 1496 1534 1445 3143
720 4 2 0 0 2532 3154 2920 3070
721 4 2 0 0 1549 2689 1464 1495
722 4 2 0 0 694 618 614 2537
723 4 2 0 0 1803 1857 2729 1888
724 4 2 0 0 883 2586 946 973
725 4 2 0 0 1152 1209 1242 2642
726 4 2 0 0 906 2587 976 979
727 4 2 0 0 1016 989 1089 2586
728 4 2 0 0 1496 1464 2689 3143
729 4 2 0 0 1444 1495 3142 1533
730 4 2 0 0 1241 2640 1303 1252
731 4 2 0 0 2297 2239 2752 2278
732 4 2 0 0 1530 2688 1459 1441
733 4 2 0 0 2997 1723 1806 1782
734 4 2 0 0 1876 1960 1907 2731
735 4 2 0 0 3117 1653 1638 1576
736 4 2 0 0 2688 1459 1400 1487
737 4 2 0 0 1909 2732 1991 1931
738 4 2 0 0 1854 1782 1765 2732
739 4 2 0 0 3213 3159 3261 1593
740 4 2 0 0 1610 1638 2688 1696
741 4 2 0 0 2343 3181 2297 2303
742 4 2 0 0 3117 1487 1400 1426
743 4 2 0 0 3117 1487 1426 1509
744 4 2 0 0 1830 1741 1804 2962
745 4 2 0 0 244 216 2490 257
746 4 2 0 0 1696 1723 1638 2997
747 4 2 0 0 2750 3122 3161 2760
748 4 2 0 0 2726 1826 1814 2997
749 4 2 0 0 2970 664 728 652
750 4 2 0 0 1209 1269 3107 2641
751 4 2 0 0 3130 1791 1736 1828
752 4 2 0 0 2641 1363 1292 1413
753 4 2 0 0 573 503 553 2533
754 4 2 0 0 2754 2154 2193 2213
755 4 2 0 0 3188 1563 1587 1652
756 4 2 0 0 3188 1563 1501 1587
757 4 2 0 0 2639 1349 1256 1281
758 4 2 0 0 1530 1501 2688 1441
759 4 2 0 0 3261 1626 3275 3213
760 4 2 0 0 3188 1476 1501 1563
761 4 2 0 0 1858 1774 1828 2731
762 4 2 0 0 3188 1412 1501 1476
763 4 2 0 0 2639 1373 1441 1349
764 4 2 0 0 2688 1459 1373 1400
765 4 2 0 0 3117 1509 1576 1487
766 4 2 0 0 3117 1576 1509 1589
767 4 2 0 0 2732 2997 1782 1765
768 4 2 0 0 3117 1653 1576 1589
769 4 2 0 0 2997 1696 1723 1782
770 4 2 0 0 2688 1551 1576 1638
771 4 2 0 0 2111 2756 2155 2176
772 4 2 0 0 1043 973 2938 1072
773 4 2 0 0 2641 1386 1305 1347
774 4 2 0 0 2940 1347 1414 1386
775 4 2 0 0 3207 1256 1349 1323
776 4 2 0 0 2639 1307 1373 1281
777 4 2 0 0 2252 2256 2752 2199
778 4 2 0 0 2252 2191 2199 2752
779 4 2 0 0 2147 2091 2757 2150
780 4 2 0 0 2866 2720 2719 2994
781 4 2 0 0 2963 2757 2787 3002
782 4 2 0 0 2196 2140 2757 2147
783 4 2 0 0 2227 2756 2176 2214
784 4 2 0 0 1106 1161 3071 1062
785 4 2 0 0 2348 3052 2306 2332
786 4 2 0 0 3267 1901 1971 1946
787 4 2 0 0 2151 2148 2090 2753
788 4 2 0 0 1991 1974 2046 2731
789 4 2 0 0 2726 349 2725 2787
790 4 2 0 0 1948 2726 2018 1954
791 4 2 0 0 2147 2757 2091 2087
792 4 2 0 0 2962 2997 2732 1765
793 4 2 0 0 2962 2732 2997 2786
794 4 2 0 0 2687 3188 2962 3261
795 4 2 0 0 2996 2962 3188 2688
796 4 2 0 0 3261 2962 3275 1626
797 4 2 0 0 3261 1538 3188 1626
798 4 2 0 0 3261 1538 1626 1593
799 4 2 0 0 2687 3275 3213 3261
800 4 2 0 0 1626 1679 3213 1593
801 4 2 0 0 2687 3213 3159 3261
802 4 2 0 0 3213 1593 3261 1626
803 4 2 0 0 2953 1135 1196 1252
804 4 2 0 0 921 946 2586 1016
805 4 2 0 0 2641 1363 1252 1292
806 4 2 0 0 2687 3261 2962 3275
807 4 2 0 0 2465 2759 2464 2458
808 4 2 0 0 3122 2405 2428 2398
809 4 2 0 0 2150 2091 2757 2088
810 4 2 0 0 2297 2752 2329 2278
811 4 2 0 0 1866 1782 2732 1806
812 4 2 0 0 2087 2757 2018 2081
813 4 2 0 0 1889 2731 1909 1830
814 4 2 0 0 2742 2185 2243 2224
815 4 2 0 0 1889 1974 2731 1940
816 4 2 0 0 2726 349 2786 2725
817 4 2 0 0 2726 1814 1884 2997
818 4 2 0 0 2726 1884 1814 1895
819 4 2 0 0 2726 1954 1884 1895
820 4 2 0 0 2726 1895 1814 1826
821 4 2 0 0 2726 1899 1895 1826
822 4 2 0 0 2726 1969 1895 1899
823 4 2 0 0 3001 1899 1957 1969
824 4 2 0 0 2726 2025 1969 3001
825 4 2 0 0 2726 2025 3002 2757
826 4 2 0 0 2726 2028 2025 2757
827 4 2 0 0 2726 1969 2028 1954
828 4 2 0 0 1907 1940 1858 2731
829 4 2 0 0 1830 2732 1854 1765
830 4 2 0 0 1876 1828 2731 1907
831 4 2 0 0 1858 1804 1774 2731
832 4 2 0 0 2238 2273 2290 2963
833 4 2 0 0 2730 1875 1922 1959
834 4 2 0 0 2933 2039 1995 2067
835 4 2 0 0 2039 2933 1995 1960
836 4 2 0 0 2728 1908 1853 1829
837 4 2 0 0 2755 2197 2166 2245
838 4 2 0 0 2356 2329 3136 2315
839 4 2 0 0 2345 3181 2303 2963
840 4 2 0 0 2252 2256 2303 2752
841 4 2 0 0 2266 2287 2310 2756
842 4 2 0 0 2227 2756 2214 2266
843 4 2 0 0 2449 2437 3003 2455
844 4 2 0 0 2138 2208 2743 2165
845 4 2 0 0 2752 2179 2112 2160
846 4 2 0 0 2238 2251 2963 2290
847 4 2 0 0 2752 2129 2179 2191
848 4 2 0 0 2297 2752 2252 2303
849 4 2 0 0 2184 2238 2196 2963
850 4 2 0 0 2401 2398 2760 2431
851 4 2 0 0 2963 2301 2256 2303
852 4 2 0 0 2963 2301 2251 2256
853 4 2 0 0 2150 2203 2963 2757
854 4 2 0 0 2963 2251 2203 2256
855 4 2 0 0 2963 2199 2256 2203
856 4 2 0 0 2752 2143 2191 2199
857 4 2 0 0 3002 2150 2143 2199
858 4 2 0 0 3002 2963 2757 2150
859 4 2 0 0 3002 2150 2199 2963
860 4 2 0 0 3002 2757 2088 2150
861 4 2 0 0 3002 2088 2143 2150
862 4 2 0 0 3002 2143 2088 2078
863 4 2 0 0 2752 2129 2143 2078
864 4 2 0 0 2943 2060 2129 2078
865 4 2 0 0 2739 2349 3198 2361
866 4 2 0 0 2239 2220 2179 2752
867 4 2 0 0 2315 2263 2278 2747
868 4 2 0 0 2315 2329 2747 2278
869 4 2 0 0 2943 2060 2112 2129
870 4 2 0 0 2752 2191 2143 2129
871 4 2 0 0 2752 2220 2179 2160
872 4 2 0 0 2239 2191 2752 2179
873 4 2 0 0 2239 2752 2191 2252
874 4 2 0 0 2756 2787 2757 3099
875 4 2 0 0 2462 2759 2468 2466
876 4 2 0 0 2344 2298 3183 2304
877 4 2 0 0 2434 3104 2442 2452
878 4 2 0 0 2343 3181 2329 2297
879 4 2 0 0 1863 1920 1847 2690
880 4 2 0 0 2925 2001 2075 2037
881 4 2 0 0 2247 2756 2223 2269
882 4 2 0 0 2314 2754 2755 2280
883 4 2 0 0 2346 2376 2749 3231
884 4 2 0 0 2346 2376 2340 2749
885 4 2 0 0 1101 3046 1193 1149
886 4 2 0 0 1405 1483 1382 3040
887 4 2 0 0 1405 1483 3040 1504
888 4 2 0 0 2466 2454 3003 2461
889 4 2 0 0 2457 3105 2453 2463
890 4 2 0 0 2758 2458 2451 2439
891 4 2 0 0 3228 2751 3181 2345
892 4 2 0 0 2375 2751 2339 2365
893 4 2 0 0 2998 1938 1956 2011
894 4 2 0 0 2229 2276 2295 3198
895 4 2 0 0 2305 2331 3019 2347
896 4 2 0 0 2462 2456 2464 2930
897 4 2 0 0 2462 2459 2759 2466
898 4 2 0 0 2184 2125 2757 2140
899 4 2 0 0 2375 2339 2751 2345
900 4 2 0 0 1227 2974 1320 1268
901 4 2 0 0 2431 2428 2398 2760
902 4 2 0 0 2283 2331 2308 3198
903 4 2 0 0 2756 2757 2787 2963
904 4 2 0 0 2214 2155 2756 2176
905 4 2 0 0 2196 2757 2203 2147
906 4 2 0 0 2081 2018 2009 2726
907 4 2 0 0 2750 3161 3003 2760
908 4 2 0 0 2982 2151 2204 2200
909 4 2 0 0 2194 2247 2214 2756
910 4 2 0 0 2722 2008 2080 2017
911 4 2 0 0 2933 2731 1995 1960
912 4 2 0 0 2194 2155 2132 2756
913 4 2 0 0 2247 2269 2287 2756
914 4 2 0 0 1947 1865 2995 2728
915 4 2 0 0 2756 2319 2287 2310
916 4 2 0 0 2756 2351 2319 2310
917 4 2 0 0 2266 2756 2247 2287
918 4 2 0 0 2756 2310 2273 2324
919 4 2 0 0 2963 2273 2290 2324
920 4 2 0 0 2095 2024 2933 2046
921 4 2 0 0 2756 2238 2184 2963
922 4 2 0 0 2111 2933 2095 2155
923 4 2 0 0 2087 2757 2091 2028
924 4 2 0 0 2184 2125 2756 2757
925 4 2 0 0 2227 2273 2756 2266
926 4 2 0 0 2184 2963 2757 2756
927 4 2 0 0 2184 2176 2756 2125
928 4 2 0 0 2081 2757 2125 2140
929 4 2 0 0 2196 2757 2963 2203
930 4 2 0 0 2196 2963 2238 2251
931 4 2 0 0 2184 2756 2227 2238
932 4 2 0 0 2095 2132 2155 2933
933 4 2 0 0 2194 2132 2169 2756
934 4 2 0 0 2722 2008 1947 2728
935 4 2 0 0 2111 2176 2125 2756
936 4 2 0 0 2933 1995 2731 2024
937 4 2 0 0 2452 2459 3104 2462
938 4 2 0 0 2171 2202 2136 3064
939 4 2 0 0 2086 2080 2017 2753
940 4 2 0 0 2722 1953 1968 1894
941 4 2 0 0 2086 2090 2148 2753
942 4 2 0 0 2265 2226 2754 2213
943 4 2 0 0 3265 3204 866 794
944 4 2 0 0 2222 2168 3227 2197
945 4 2 0 0 1549 2689 1496 1464
946 4 2 0 0 2400 2749 2366 2376
947 4 2 0 0 2257 2200 2982 2204
948 4 2 0 0 1444 1495 1413 3142
949 4 2 0 0 2730 1875 1839 1922
950 4 2 0 0 2257 2748 2253 2304
951 4 2 0 0 2729 1857 1773 1827
952 4 2 0 0 3129 1875 1827 1790
953 4 2 0 0 1888 1908 1975 3048
954 4 2 0 0 2327 2313 2275 2743
955 4 2 0 0 3227 2141 2166 2197
956 4 2 0 0 3227 2141 2197 2168
957 4 2 0 0 1839 3129 1875 2730
958 4 2 0 0 2925 2039 2001 1960
959 4 2 0 0 2258 2738 2229 2295
960 4 2 0 0 2330 2357 3135 2316
961 4 2 0 0 2730 1885 1967 1922
962 4 2 0 0 2433 2451 2439 2758
963 4 2 0 0 2722 1947 1883 2995
964 4 2 0 0 3000 2089 2753 2151
965 4 2 0 0 2730 1923 1960 2001
966 4 2 0 0 3130 1791 1876 1840
967 4 2 0 0 1293 2640 1361 1270
968 4 2 0 0 2730 1802 1840 1885
969 4 2 0 0 2755 2319 2292 2269
970 4 2 0 0 2730 2001 1967 1923
971 4 2 0 0 1781 1722 2995 1695
972 4 2 0 0 2730 2037 2074 2000
973 4 2 0 0 2730 1967 2037 2000
974 4 2 0 0 2730 2000 1922 1967
975 4 2 0 0 2400 2749 2376 3231
976 4 2 0 0 2730 1885 1839 1802
977 4 2 0 0 1537 3190 1592 3158
978 4 2 0 0 1549 1582 2689 1634
979 4 2 0 0 2730 1885 1840 1923
980 4 2 0 0 2730 3130 1876 1840
981 4 2 0 0 1188 1255 2635 1280
982 4 2 0 0 2730 1959 2000 2038
983 4 2 0 0 705 788 3089 739
984 4 2 0 0 1735 1827 3210 1773
985 4 2 0 0 2730 1839 1885 1922
986 4 2 0 0 2730 2000 1959 1922
987 4 2 0 0 2730 2074 2038 2000
988 4 2 0 0 3142 3143 3129 2689
989 4 2 0 0 1280 1348 2635 1372
990 4 2 0 0 1625 3190 1592 1537
991 4 2 0 0 3225 2640 2953 3145
992 4 2 0 0 1144 1237 1210 2635
993 4 2 0 0 1280 1255 2635 1348
994 4 2 0 0 1549 1581 2689 1495
995 4 2 0 0 2729 2038 1994 1959
996 4 2 0 0 2729 1906 1959 1994
997 4 2 0 0 2729 1959 1906 1875
998 4 2 0 0 2729 1939 1906 1994
999 4 2 0 0 2729 1857 1906 1939
1000 4 2 0 0 2729 1888 1857 1939
1001 4 2 0 0 2729 1939 1975 1888
1002 4 2 0 0 2729 1975 3048 1888
1003 4 2 0 0 2981 1888 3048 1829
1004 4 2 0 0 3190 3210 1592 3158
1005 4 2 0 0 2684 1637 1550 1609
1006 4 2 0 0 3048 1908 1975 1990
1007 4 2 0 0 3048 1975 2729 2932
1008 4 2 0 0 2932 2023 2045 1975
1009 4 2 0 0 2932 2023 2094 2045
1010 4 2 0 0 2932 2066 2094 2023
1011 4 2 0 0 2932 1994 2066 2023
1012 4 2 0 0 2729 2023 1975 1939
1013 4 2 0 0 2729 2023 1939 1994
1014 4 2 0 0 2932 2038 2066 1994
1015 4 2 0 0 2729 1827 1875 1906
1016 4 2 0 0 2729 1906 1857 1827
1017 4 2 0 0 2982 2753 2204 2151
1018 4 2 0 0 2722 2026 2027 2753
1019 4 2 0 0 2754 2124 2110 2175
1020 4 2 0 0 2722 1947 2008 2017
1021 4 2 0 0 2730 1876 1960 1923
1022 4 2 0 0 1865 1853 2728 1930
1023 4 2 0 0 2707 1912 1835 1867
1024 4 2 0 0 2582 1015 988 1088
1025 4 2 0 0 3116 1654 1575 1637
1026 4 2 0 0 752 788 844 3151
1027 4 2 0 0 663 651 591 3012
1028 4 2 0 0 3274 2981 2685 3190
1029 4 2 0 0 1625 3210 1716 1678
1030 4 2 0 0 1625 3190 3274 3210
1031 4 2 0 0 1107 1090 2640 1180
1032 4 2 0 0 1740 1829 1803 2981
1033 4 2 0 0 1625 1592 3190 3210
1034 4 2 0 0 3190 3274 3210 2685
1035 4 2 0 0 2728 1930 1853 1908
1036 4 2 0 0 1716 1803 2981 1740
1037 4 2 0 0 3274 2729 1827 3129
1038 4 2 0 0 2685 3210 3190 3158
1039 4 2 0 0 1529 1500 1440 2684
1040 4 2 0 0 2342 2313 2743 2289
1041 4 2 0 0 1716 1773 3274 1803
1042 4 2 0 0 2684 1575 1486 1550
1043 4 2 0 0 1372 1399 1458 2684
1044 4 2 0 0 1458 2684 1399 1486
1045 4 2 0 0 1306 1331 1399 2635
1046 4 2 0 0 1529 1586 1500 2684
1047 4 2 0 0 1738 3167 1819 1775
1048 4 2 0 0 3225 2640 3195 2953
1049 4 2 0 0 2521 639 586 556
1050 4 2 0 0 1399 3116 1425 1486
1051 4 2 0 0 2448 2760 2431 2427
1052 4 2 0 0 1306 1372 1280 2635
1053 4 2 0 0 1529 1609 1586 2684
1054 4 2 0 0 2748 2221 2161 2180
1055 4 2 0 0 2743 2279 2264 2221
1056 4 2 0 0 2748 2192 2180 2130
1057 4 2 0 0 2995 1695 1722 1637
1058 4 2 0 0 2981 1764 1695 1674
1059 4 2 0 0 2684 1609 1674 1695
1060 4 2 0 0 2684 1586 1674 1609
1061 4 2 0 0 2981 1674 1586 1651
1062 4 2 0 0 3190 1651 1586 1562
1063 4 2 0 0 3190 1586 1500 1562
1064 4 2 0 0 3190 1475 1562 1500
1065 4 2 0 0 3190 1411 1475 1500
1066 4 2 0 0 2825 2981 3047 2685
1067 4 2 0 0 2684 1500 1440 1411
1068 4 2 0 0 1458 1440 2684 1529
1069 4 2 0 0 2981 1740 1674 1651
1070 4 2 0 0 3047 2685 2981 3190
1071 4 2 0 0 2981 1764 1674 1740
1072 4 2 0 0 1865 1853 1781 2728
1073 4 2 0 0 2754 2193 2131 2168
1074 4 2 0 0 3125 1786 1835 1750
1075 4 2 0 0 2754 2154 2131 2193
1076 4 2 0 0 3116 1575 1588 1508
1077 4 2 0 0 2684 1637 1609 1695
1078 4 2 0 0 2995 1722 1654 1637
1079 4 2 0 0 3116 1654 1588 1575
1080 4 2 0 0 2670 3167 1641 3254
1081 4 2 0 0 888 2568 825 928
1082 4 2 0 0 284 285 339 2919
1083 4 2 0 0 874 820 907 2575
1084 4 2 0 0 3247 2620 3186 3156
1085 4 2 0 0 1105 1201 2619 1149
1086 4 2 0 0 2748 2180 2192 2240
1087 4 2 0 0 1278 1327 2610 1371
1088 4 2 0 0 2707 1989 1961 1912
1089 4 2 0 0 2237 2754 2226 2183
1090 4 2 0 0 2728 1853 1781 1764
1091 4 2 0 0 2728 1908 1990 1930
1092 4 2 0 0 2677 1606 1512 1598
1093 4 2 0 0 1764 1695 1781 2995
1094 4 2 0 0 1865 1781 1805 2995
1095 4 2 0 0 2610 1327 1284 1377
1096 4 2 0 0 2487 123 98 141
1097 4 2 0 0 2670 1540 3108 3254
1098 4 2 0 0 2755 2830 3051 2754
1099 4 2 0 0 2981 1829 1764 1740
1100 4 2 0 0 3048 1829 1888 1908
1101 4 2 0 0 1888 2729 1803 2981
1102 4 2 0 0 1947 2728 1930 1865
1103 4 2 0 0 2728 1764 1781 2995
1104 4 2 0 0 3048 1888 2981 2729
1105 4 2 0 0 2754 2222 2193 2168
1106 4 2 0 0 2139 2753 2086 2148
1107 4 2 0 0 2450 2456 2930 2464
1108 4 2 0 0 2782 2719 2866 2712
1109 4 2 0 0 2363 2735 2323 2359
1110 4 2 0 0 2655 1597 1503 1539
1111 4 2 0 0 1155 1249 2628 1184
1112 4 2 0 0 2946 2113 2061 2130
1113 4 2 0 0 1867 1897 2714 1943
1114 4 2 0 0 2932 2154 2110 2094
1115 4 2 0 0 2151 2089 2753 2090
1116 4 2 0 0 1737 1752 2961 1807
1117 4 2 0 0 1786 3167 1819 1738
1118 4 2 0 0 1815 2700 1784 1728
1119 4 2 0 0 2257 2200 2253 2748
1120 4 2 0 0 1973 2714 1943 2020
1121 4 2 0 0 1897 1915 1844 2714
1122 4 2 0 0 2707 1912 1879 1835
1123 4 2 0 0 2461 3003 2455 2449
1124 4 2 0 0 1951 1992 2700 2021
1125 4 2 0 0 2461 2449 2448 2760
1126 4 2 0 0 2044 2061 1987 2946
1127 4 2 0 0 2670 1540 3254 1641
1128 4 2 0 0 1819 1844 2714 1897
1129 4 2 0 0 2459 2759 3104 2462
1130 4 2 0 0 2677 1499 1417 1420
1131 4 2 0 0 3254 1606 1646 1574
1132 4 2 0 0 2677 1585 1499 1485
1133 4 2 0 0 2961 1606 1697 1686
1134 4 2 0 0 2961 1686 1697 1752
1135 4 2 0 0 2999 1950 1934 1878
1136 4 2 0 0 2714 1862 1878 1934
1137 4 2 0 0 2714 1862 1807 1878
1138 4 2 0 0 2714 1792 1807 1862
1139 4 2 0 0 2714 1792 1862 1844
1140 4 2 0 0 2714 1792 1844 1775
1141 4 2 0 0 3125 1835 1800 1750
1142 4 2 0 0 3254 1606 1686 1646
1143 4 2 0 0 2714 1934 1915 1862
1144 4 2 0 0 2714 1915 1934 1987
1145 4 2 0 0 2748 2113 2180 2161
1146 4 2 0 0 2677 1585 1689 1598
1147 4 2 0 0 2755 2269 2292 2249
1148 4 2 0 0 2677 1585 1485 1544
1149 4 2 0 0 2677 1544 1462 1527
1150 4 2 0 0 3108 1456 1417 1512
1151 4 2 0 0 2677 1417 1499 1512
1152 4 2 0 0 2677 1512 1499 1598
1153 4 2 0 0 2007 2061 2946 1987
1154 4 2 0 0 2311 2325 3239 2272
1155 4 2 0 0 2036 3064 1989 2707
1156 4 2 0 0 2714 1915 1844 1862
1157 4 2 0 0 1924 2707 1879 1841
1158 4 2 0 0 1819 1897 2714 1867
1159 4 2 0 0 1924 2707 1841 1886
1160 4 2 0 0 1819 1775 2714 1844
1161 4 2 0 0 2265 2272 2311 2754
1162 4 2 0 0 1786 2714 1867 1819
1163 4 2 0 0 2707 1989 2020 3064
1164 4 2 0 0 2656 1600 3272 1644
1165 4 2 0 0 2595 1341 1245 1297
1166 4 2 0 0 2007 1950 1934 2999
1167 4 2 0 0 2707 1989 1943 2020
1168 4 2 0 0 3254 1512 1574 1456
1169 4 2 0 0 2602 1321 1366 1267
1170 4 2 0 0 1334 1295 2619 1385
1171 4 2 0 0 1385 1345 1295 2619
1172 4 2 0 0 2033 1999 1965 2707
1173 4 2 0 0 2707 1912 1961 1879
1174 4 2 0 0 2619 1345 1254 1302
1175 4 2 0 0 790 3077 812 882
1176 4 2 0 0 888 939 851 2575
1177 4 2 0 0 2595 1341 1286 1245
1178 4 2 0 0 1105 2619 1201 1162
1179 4 2 0 0 2914 1401 1316 1378
1180 4 2 0 0 1427 1377 1327 3083
1181 4 2 0 0 1391 1424 2643 1494
1182 4 2 0 0 950 855 2560 898
1183 4 2 0 0 1724 3254 1792 1737
1184 4 2 0 0 2257 2982 2304 2302
1185 4 2 0 0 2707 1835 1786 1867
1186 4 2 0 0 2139 2753 2080 2086
1187 4 2 0 0 2183 2226 2175 2754
1188 4 2 0 0 2620 3247 3120 3046
1189 4 2 0 0 2528 623 601 678
1190 4 2 0 0 2195 2183 2982 2237
1191 4 2 0 0 2743 2202 2221 2264
1192 4 2 0 0 2707 1835 1879 1800
1193 4 2 0 0 888 2971 2568 928
1194 4 2 0 0 2707 1867 1943 1912
1195 4 2 0 0 580 2528 662 627
1196 4 2 0 0 3144 1604 1641 3167
1197 4 2 0 0 2670 3144 1641 3167
1198 4 2 0 0 2286 2280 2754 2314
1199 4 2 0 0 2461 2455 3003 2467
1200 4 2 0 0 2783 2714 2992 2961
1201 4 2 0 0 2340 2982 2346 2749
1202 4 2 0 0 3239 2749 2982 2340
1203 4 2 0 0 1623 1672 2977 1708
1204 4 2 0 0 2595 1067 1153 1092
1205 4 2 0 0 2754 2154 2213 2175
1206 4 2 0 0 3000 2144 2151 2200
1207 4 2 0 0 2748 2253 2240 2192
1208 4 2 0 0 3000 2089 2144 2079
1209 4 2 0 0 2421 2393 2410 3104
1210 4 2 0 0 1222 2628 1155 1249
1211 4 2 0 0 2748 2130 2079 2144
1212 4 2 0 0 2677 1598 1689 1697
1213 4 2 0 0 2721 1758 1825 1831
1214 4 2 0 0 2670 3144 1540 1641
1215 4 2 0 0 2721 1825 1898 1831
1216 4 2 0 0 2755 2319 2328 2292
1217 4 2 0 0 1823 2696 1873 1796
1218 4 2 0 0 2195 2148 2204 2753
1219 4 2 0 0 2195 2753 2139 2148
1220 4 2 0 0 2754 2154 2175 2110
1221 4 2 0 0 2139 2080 3049 2124
1222 4 2 0 0 2007 1934 1987 2714
1223 4 2 0 0 2721 1766 1752 1697
1224 4 2 0 0 2721 1752 1766 1817
1225 4 2 0 0 2721 1831 1817 1766
1226 4 2 0 0 2721 1831 1890 1817
1227 4 2 0 0 2721 1817 1890 1878
1228 4 2 0 0 2999 1890 1950 1878
1229 4 2 0 0 2721 1878 1890 2999
1230 4 2 0 0 1958 1898 1890 2999
1231 4 2 0 0 1958 1890 1950 2999
1232 4 2 0 0 2961 1807 1817 1878
1233 4 2 0 0 2721 1878 2961 1817
1234 4 2 0 0 2961 1752 1817 1807
1235 4 2 0 0 2721 1817 2961 1752
1236 4 2 0 0 2721 1758 1766 1689
1237 4 2 0 0 2764 2705 2828 2712
1238 4 2 0 0 2670 3254 2961 3167
1239 4 2 0 0 2721 1748 1825 1758
1240 4 2 0 0 2721 1890 1831 1898
1241 4 2 0 0 2721 1766 1758 1831
1242 4 2 0 0 2677 1602 1544 1527
1243 4 2 0 0 3116 1602 1527 1588
1244 4 2 0 0 2755 2198 2245 2166
1245 4 2 0 0 2755 2245 2198 2249
1246 4 2 0 0 3116 1669 1602 1588
1247 4 2 0 0 2677 1602 1669 1684
1248 4 2 0 0 2677 1684 1669 1748
1249 4 2 0 0 2265 2754 2226 2272
1250 4 2 0 0 2677 1748 1758 1684
1251 4 2 0 0 2677 1684 1758 1689
1252 4 2 0 0 2677 1585 1602 1684
1253 4 2 0 0 2677 1585 1544 1602
1254 4 2 0 0 3116 1527 2677 1462
1255 4 2 0 0 2259 2734 2283 2235
1256 4 2 0 0 3116 1527 1462 1446
1257 4 2 0 0 2250 2982 2204 2257
1258 4 2 0 0 287 326 3139 351
1259 4 2 0 0 2272 3239 2291 2325
1260 4 2 0 0 2628 1272 1357 1312
1261 4 2 0 0 2914 1378 1462 1401
1262 4 2 0 0 406 458 2491 373
1263 4 2 0 0 1193 2610 1143 1235
1264 4 2 0 0 2677 1401 1485 1420
1265 4 2 0 0 2677 1420 1485 1499
1266 4 2 0 0 3254 1574 1512 1606
1267 4 2 0 0 2335 2314 2286 2754
1268 4 2 0 0 2707 1912 1943 1989
1269 4 2 0 0 2165 2743 2225 2208
1270 4 2 0 0 2677 1598 1697 1606
1271 4 2 0 0 2677 1689 1585 1684
1272 4 2 0 0 2677 1499 1585 1598
1273 4 2 0 0 2656 3272 1600 3164
1274 4 2 0 0 2656 2977 1644 3272
1275 4 2 0 0 2670 1540 3144 3108
1276 4 2 0 0 3144 1604 1540 1641
1277 4 2 0 0 2748 2180 2113 2130
1278 4 2 0 0 2462 2930 2452 2456
1279 4 2 0 0 2340 2366 2749 2376
1280 4 2 0 0 2826 3274 2729 2825
1281 4 2 0 0 2722 2753 3000 2026
1282 4 2 0 0 300 255 243 3197
1283 4 2 0 0 228 219 2486 269
1284 4 2 0 0 228 179 2486 219
1285 4 2 0 0 2250 2302 2982 2257
1286 4 2 0 0 2825 2981 2729 3048
1287 4 2 0 0 2825 3274 2729 2981
1288 4 2 0 0 2946 2130 2061 2079
1289 4 2 0 0 2330 2743 2279 2316
1290 4 2 0 0 2715 2946 3063 2999
1291 4 2 0 0 2715 3063 3065 2708
1292 4 2 0 0 2743 2202 2264 2231
1293 4 2 0 0 2722 1953 2017 2027
1294 4 2 0 0 2722 2027 1968 1953
1295 4 2 0 0 2183 2175 2124 2754
1296 4 2 0 0 2722 2017 1953 1947
1297 4 2 0 0 2722 1883 1947 1953
1298 4 2 0 0 2722 1813 1883 1894
1299 4 2 0 0 2722 1968 1898 1894
1300 4 2 0 0 2999 1968 1958 1898
1301 4 2 0 0 2722 1894 1825 1813
1302 4 2 0 0 2722 1825 1894 1898
1303 4 2 0 0 2722 1825 2995 1813
1304 4 2 0 0 2722 2026 2999 1968
1305 4 2 0 0 2722 2027 2026 1968
1306 4 2 0 0 2748 2240 2279 2221
1307 4 2 0 0 2754 2213 2226 2175
1308 4 2 0 0 2754 2213 2193 2246
1309 4 2 0 0 2755 2830 2754 3214
1310 4 2 0 0 2755 2756 2319 2269
1311 4 2 0 0 2755 2269 2249 2223
1312 4 2 0 0 2755 2292 2245 2249
1313 4 2 0 0 2755 2142 2169 2198
1314 4 2 0 0 2755 2169 2223 2198
1315 4 2 0 0 2755 2223 2249 2198
1316 4 2 0 0 2755 2198 2166 2142
1317 4 2 0 0 2755 3227 2142 2166
1318 4 2 0 0 2755 2197 3227 2166
1319 4 2 0 0 2248 2307 2755 2280
1320 4 2 0 0 2748 2144 2192 2130
1321 4 2 0 0 2748 2221 2180 2240
1322 4 2 0 0 2748 2253 2192 2200
1323 4 2 0 0 2748 2298 2279 2240
1324 4 2 0 0 2748 2298 2240 2253
1325 4 2 0 0 2452 2930 2462 3104
1326 4 2 0 0 2336 2314 2355 3214
1327 4 2 0 0 2346 3231 2749 3183
1328 4 2 0 0 2250 2982 2195 2204
1329 4 2 0 0 2344 3183 2298 2330
1330 4 2 0 0 2195 2204 2982 2753
1331 4 2 0 0 3239 2366 2749 2340
1332 4 2 0 0 2330 2298 2279 2748
1333 4 2 0 0 2272 2754 2226 2237
1334 4 2 0 0 2272 3239 2237 2291
1335 4 2 0 0 2250 2982 2291 2237
1336 4 2 0 0 2286 2311 2754 2265
1337 4 2 0 0 2286 2754 2246 2265
1338 4 2 0 0 2280 2222 2754 2755
1339 4 2 0 0 2280 2754 2222 2246
1340 4 2 0 0 2286 2754 2280 2246
1341 4 2 0 0 2262 2275 2743 2225
1342 4 2 0 0 2335 2311 2754 2286
1343 4 2 0 0 3179 3003 2760 2750
1344 4 2 0 0 2307 2245 2755 2292
1345 4 2 0 0 2336 3214 2355 2364
1346 4 2 0 0 2336 2364 2328 3122
1347 4 2 0 0 2314 2754 3214 2755
1348 4 2 0 0 2427 2760 2431 2401
1349 4 2 0 0 2466 2759 2468 2467
1350 4 2 0 0 1926 1904 2700 1976
1351 4 2 0 0 2434 3104 2418 2442
1352 4 2 0 0 2036 2071 3064 2707
1353 4 2 0 0 2181 2734 2174 2118
1354 4 2 0 0 2466 2459 3003 2454
1355 4 2 0 0 2452 2930 2442 2456
1356 4 2 0 0 2448 2436 2454 2760
1357 4 2 0 0 2434 2444 3104 2452
1358 4 2 0 0 2461 2454 2760 2448
1359 4 2 0 0 2462 2468 2759 2464
1360 4 2 0 0 2465 2759 2468 2464
1361 4 2 0 0 2465 2468 2759 2463
1362 4 2 0 0 2758 2438 2458 2439
1363 4 2 0 0 2262 2231 2208 2743
1364 4 2 0 0 1999 1961 2707 2036
1365 4 2 0 0 2190 2241 2735 2242
1366 4 2 0 0 2033 1965 1992 2939
1367 4 2 0 0 2739 3258 2361 3232
1368 4 2 0 0 2012 1945 2696 1982
1369 4 2 0 0 2258 2299 2738 2295
1370 4 2 0 0 1783 1860 1859 2692
1371 4 2 0 0 2354 2313 2743 2342
1372 4 2 0 0 2295 2738 2333 2299
1373 4 2 0 0 2337 2299 2738 2294
1374 4 2 0 0 2244 2255 2738 2206
1375 4 2 0 0 2217 2276 3198 2267
1376 4 2 0 0 1815 1728 1762 2700
1377 4 2 0 0 1982 2696 1918 1945
1378 4 2 0 0 2033 2707 2071 1999
1379 4 2 0 0 2244 2738 2255 2294
1380 4 2 0 0 2036 1961 2707 1989
1381 4 2 0 0 2109 2054 3098 2100
1382 4 2 0 0 2172 2120 2738 2167
1383 4 2 0 0 2172 2229 2167 2738
1384 4 2 0 0 2255 2299 2294 2738
1385 4 2 0 0 2283 2734 2305 2331
1386 4 2 0 0 2285 2322 2735 2323
1387 4 2 0 0 2217 2276 2229 3198
1388 4 2 0 0 2116 2101 3092 2162
1389 4 2 0 0 2305 3019 2270 2317
1390 4 2 0 0 2959 2758 3222 2958
1391 4 2 0 0 2219 2178 2736 2233
1392 4 2 0 0 1504 2644 1579 1483
1393 4 2 0 0 2259 2209 2734 2235
1394 4 2 0 0 2217 2734 2174 2215
1395 4 2 0 0 2289 2743 2316 2264
1396 4 2 0 0 2267 3198 2308 2276
1397 4 2 0 0 2029 1970 3086 2012
1398 4 2 0 0 2218 2270 2734 2232
1399 4 2 0 0 2158 2100 2738 2146
1400 4 2 0 0 2327 2294 2738 2275
1401 4 2 0 0 2177 3092 2162 2116
1402 4 2 0 0 2337 2294 2738 2327
1403 4 2 0 0 2337 2738 2299 2333
1404 4 2 0 0 2259 2734 2270 2305
1405 4 2 0 0 2171 2743 3064 2138
1406 4 2 0 0 2244 2738 2275 2225
1407 4 2 0 0 2165 2738 2186 2225
1408 4 2 0 0 2244 2294 2275 2738
1409 4 2 0 0 2342 2357 2316 3135
1410 4 2 0 0 2354 2743 2313 2327
1411 4 2 0 0 2206 2255 2738 2211
1412 4 2 0 0 2354 2743 2327 3020
1413 4 2 0 0 2742 2205 2189 2254
1414 4 2 0 0 2235 2734 2283 2267
1415 4 2 0 0 2244 2186 2738 2225
1416 4 2 0 0 2215 2267 2734 2235
1417 4 2 0 0 2742 2224 2243 2274
1418 4 2 0 0 3003 2449 2461 2760
1419 4 2 0 0 3003 2760 2461 2454
1420 4 2 0 0 2930 3104 3003 2759
1421 4 2 0 0 2463 2759 2467 2468
1422 4 2 0 0 2741 3252 2362 3259
1423 4 2 0 0 2457 2465 2451 2959
1424 4 2 0 0 2217 2174 2733 2149
1425 4 2 0 0 2739 2331 3198 2349
1426 4 2 0 0 3088 2650 3153 3076
1427 4 2 0 0 2014 1941 1963 2696
1428 4 2 0 0 2693 2003 2059 1985
1429 4 2 0 0 2121 3155 2115 2051
1430 4 2 0 0 604 658 568 2521
1431 4 2 0 0 2115 2051 3155 2048
1432 4 2 0 0 2864 2708 3063 2715
1433 4 2 0 0 1278 1321 1371 3018
1434 4 2 0 0 2507 467 488 539
1435 4 2 0 0 500 452 2507 529
1436 4 2 0 0 3234 2656 3042 1547
1437 4 2 0 0 3272 2700 1693 3164
1438 4 2 0 0 2211 2738 2167 2229
1439 4 2 0 0 3197 243 176 194
1440 4 2 0 0 720 830 3010 741
1441 4 2 0 0 2171 2743 2138 2208
1442 4 2 0 0 2171 2231 2202 2743
1443 4 2 0 0 1886 1798 1833 2700
1444 4 2 0 0 1217 2602 1125 1167
1445 4 2 0 0 1892 1941 2695 1963
1446 4 2 0 0 2012 1945 1970 2696
1447 4 2 0 0 2211 2255 2738 2258
1448 4 2 0 0 2114 2068 2149 2733
1449 4 2 0 0 2158 2738 2100 2109
1450 4 2 0 0 2158 2738 2109 2167
1451 4 2 0 0 2146 2084 2100 2939
1452 4 2 0 0 2211 2167 2738 2158
1453 4 2 0 0 2167 2738 2109 2120
1454 4 2 0 0 2206 2738 2146 2158
1455 4 2 0 0 2244 2738 2186 2206
1456 4 2 0 0 2206 2186 2146 2738
1457 4 2 0 0 2172 3198 2217 2229
1458 4 2 0 0 2172 2733 2149 2217
1459 4 2 0 0 2172 2149 2733 2114
1460 4 2 0 0 2262 2743 2313 2289
1461 4 2 0 0 2123 2084 2146 2939
1462 4 2 0 0 2123 2186 2939 2146
1463 4 2 0 0 1926 1996 1976 3149
1464 4 2 0 0 2262 2231 2743 2289
1465 4 2 0 0 2262 2743 2208 2225
1466 4 2 0 0 2021 2939 2041 2084
1467 4 2 0 0 2262 2313 2743 2275
1468 4 2 0 0 1916 1833 2700 1886
1469 4 2 0 0 2690 2696 1900 1823
1470 4 2 0 0 3284 2977 1708 2695
1471 4 2 0 0 2033 2056 2939 1992
1472 4 2 0 0 1841 3109 1800 1756
1473 4 2 0 0 3109 2707 1798 1841
1474 4 2 0 0 1521 1473 1572 3083
1475 4 2 0 0 3164 2656 3234 1600
1476 4 2 0 0 1841 3109 1756 1798
1477 4 2 0 0 1583 1672 2977 1623
1478 4 2 0 0 1547 1583 1644 2656
1479 4 2 0 0 1815 1849 2700 1762
1480 4 2 0 0 1746 1784 2700 1693
1481 4 2 0 0 1746 1784 1833 2700
1482 4 2 0 0 1746 1833 1798 2700
1483 4 2 0 0 1547 1600 2656 1644
1484 4 2 0 0 1871 1941 2695 1892
1485 4 2 0 0 1871 1892 2695 1812
1486 4 2 0 0 3109 3125 3083 2663
1487 4 2 0 0 2864 3063 2999 2715
1488 4 2 0 0 917 868 3250 3217
1489 4 2 0 0 1427 1473 1521 3083
1490 4 2 0 0 1467 1531 2649 1564
1491 4 2 0 0 1531 2649 1623 1583
1492 4 2 0 0 3244 3042 2603 2595
1493 4 2 0 0 1547 3042 1583 2656
1494 4 2 0 0 1235 1327 1284 2610
1495 4 2 0 0 1073 1197 2595 1131
1496 4 2 0 0 1521 1481 3083 1577
1497 4 2 0 0 1815 2700 1849 1904
1498 4 2 0 0 3250 3217 868 2553
1499 4 2 0 0 430 452 2507 500
1500 4 2 0 0 223 3005 270 217
1501 4 2 0 0 1197 1220 1286 2595
1502 4 2 0 0 1278 2610 1327 1235
1503 4 2 0 0 1131 2595 1220 1197
1504 4 2 0 0 2663 3096 3125 3083
1505 4 2 0 0 2864 2999 2783 2715
1506 4 2 0 0 2992 2714 3167 2961
1507 4 2 0 0 1095 1143 2610 1186
1508 4 2 0 0 2595 2917 1182 1276
1509 4 2 0 0 2021 2939 2056 1992
1510 4 2 0 0 1308 3072 1407 1366
1511 4 2 0 0 733 2507 653 697
1512 4 2 0 0 3083 2656 3044 3234
1513 4 2 0 0 3247 3120 3186 2620
1514 4 2 0 0 1308 1366 1267 2602
1515 4 2 0 0 3014 2595 1073 1157
1516 4 2 0 0 2591 1355 1282 1259
1517 4 2 0 0 1521 1577 3083 1620
1518 4 2 0 0 1521 1572 1620 3083
1519 4 2 0 0 2472 444 2501 454
1520 4 2 0 0 1886 1798 2707 1841
1521 4 2 0 0 1427 1481 1377 3083
1522 4 2 0 0 1427 3083 1327 1371
1523 4 2 0 0 1186 1143 2610 1235
1524 4 2 0 0 1186 1235 2610 1278
1525 4 2 0 0 1762 1672 1708 2977
1526 4 2 0 0 1762 3284 2700 2977
1527 4 2 0 0 1762 2700 3284 1849
1528 4 2 0 0 1762 2977 1708 3284
1529 4 2 0 0 1999 2071 2036 2707
1530 4 2 0 0 961 884 897 3114
1531 4 2 0 0 1869 2700 1904 1951
1532 4 2 0 0 1926 3149 1976 2700
1533 4 2 0 0 1869 1916 2700 1951
1534 4 2 0 0 1965 1886 2707 1924
1535 4 2 0 0 1916 1886 2700 1965
1536 4 2 0 0 1926 2700 1904 1849
1537 4 2 0 0 1965 1924 2707 1999
1538 4 2 0 0 1992 2700 1965 1916
1539 4 2 0 0 2021 2084 2056 2939
1540 4 2 0 0 1926 1849 1871 3284
1541 4 2 0 0 1926 3284 2700 1849
1542 4 2 0 0 1869 2700 1815 1904
1543 4 2 0 0 1926 1941 3284 1871
1544 4 2 0 0 2021 2041 3149 1976
1545 4 2 0 0 1951 1916 2700 1992
1546 4 2 0 0 1951 2700 1904 1976
1547 4 2 0 0 2047 2077 2733 2114
1548 4 2 0 0 2049 1984 2691 1978
1549 4 2 0 0 1869 1833 1784 2700
1550 4 2 0 0 1976 2041 3149 1996
1551 4 2 0 0 1951 1976 2021 2700
1552 4 2 0 0 1845 2696 1796 1873
1553 4 2 0 0 1564 2649 1649 1623
1554 4 2 0 0 1869 2700 1784 1815
1555 4 2 0 0 1845 2696 1873 1918
1556 4 2 0 0 1845 1892 2695 1918
1557 4 2 0 0 1869 1833 2700 1916
1558 4 2 0 0 1443 1536 1502 2649
1559 4 2 0 0 2047 2014 1982 2696
1560 4 2 0 0 2012 2068 2047 2696
1561 4 2 0 0 2012 1982 2696 2047
1562 4 2 0 0 2047 2068 2114 2733
1563 4 2 0 0 1945 2696 1918 1873
1564 4 2 0 0 1918 1963 1892 2695
1565 4 2 0 0 1608 1677 2647 3266
1566 4 2 0 0 1383 1484 1406 3147
1567 4 2 0 0 1900 1873 2696 1945
1568 4 2 0 0 1900 1945 2696 1970
1569 4 2 0 0 1900 2696 1920 1970
1570 4 2 0 0 1731 1794 2695 1812
1571 4 2 0 0 1627 1682 1596 2649
1572 4 2 0 0 2690 1900 1920 1847
1573 4 2 0 0 2590 1251 1319 1229
1574 4 2 0 0 1731 1708 2695 1794
1575 4 2 0 0 1596 1682 1649 2649
1576 4 2 0 0 1596 2649 1649 1564
1577 4 2 0 0 2188 2233 2242 2735
1578 4 2 0 0 2690 1847 1823 1900
1579 4 2 0 0 1726 2690 1788 1704
1580 4 2 0 0 2152 2734 2082 2101
1581 4 2 0 0 1937 2690 1920 1863
1582 4 2 0 0 3285 1763 1850 2706
1583 4 2 0 0 1467 1564 2649 1502
1584 4 2 0 0 2190 2242 2735 2188
1585 4 2 0 0 1502 1564 2649 1596
1586 4 2 0 0 741 2546 783 840
1587 4 2 0 0 3029 643 584 564
1588 4 2 0 0 3250 994 1074 1073
1589 4 2 0 0 2546 786 800 723
1590 4 2 0 0 1767 2695 1845 1812
1591 4 2 0 0 2546 1092 1067 2595
1592 4 2 0 0 1718 1682 3088 1767
1593 4 2 0 0 1649 2649 1731 1708
1594 4 2 0 0 1649 1682 1731 2649
1595 4 2 0 0 1649 1708 1623 2649
1596 4 2 0 0 1564 1623 1531 2649
1597 4 2 0 0 1467 1437 2649 1531
1598 4 2 0 0 1467 2649 1409 1502
1599 4 2 0 0 1536 1596 2649 1627
1600 4 2 0 0 1767 1682 3088 1731
1601 4 2 0 0 1375 2649 1409 1467
1602 4 2 0 0 1375 1437 2649 1467
1603 4 2 0 0 1051 2595 1067 1131
1604 4 2 0 0 1443 1409 2649 1502
1605 4 2 0 0 2546 1010 924 982
1606 4 2 0 0 868 3217 3174 2553
1607 4 2 0 0 2595 2911 2917 1276
1608 4 2 0 0 2546 870 800 786
1609 4 2 0 0 2546 1092 2595 2917
1610 4 2 0 0 2232 2187 2241 2735
1611 4 2 0 0 2546 1067 1010 982
1612 4 2 0 0 1197 1157 2595 1245
1613 4 2 0 0 1163 2591 1138 1069
1614 4 2 0 0 2911 1397 1429 1325
1615 4 2 0 0 699 3211 645 735
1616 4 2 0 0 1318 1380 1290 3121
1617 4 2 0 0 1579 2644 1594 1661
1618 4 2 0 0 2975 1744 1821 1760
1619 4 2 0 0 1443 2911 1465 1536
1620 4 2 0 0 1568 1627 1536 3153
1621 4 2 0 0 1769 1847 1823 2690
1622 4 2 0 0 1769 1788 1847 2690
1623 4 2 0 0 1163 1138 2591 1232
1624 4 2 0 0 1336 1251 2954 1275
1625 4 2 0 0 1704 1788 1769 2690
1626 4 2 0 0 2152 2734 2209 2181
1627 4 2 0 0 1661 1726 1642 2975
1628 4 2 0 0 1955 1881 1902 2691
1629 4 2 0 0 3189 3223 2592 2942
1630 4 2 0 0 802 2540 837 890
1631 4 2 0 0 3223 1364 1290 1265
1632 4 2 0 0 1122 1191 1216 2594
1633 4 2 0 0 2692 1933 1929 1856
1634 4 2 0 0 1579 1642 2644 1661
1635 4 2 0 0 1504 2644 1594 1579
1636 4 2 0 0 2975 1642 1704 1726
1637 4 2 0 0 2975 1704 2690 1726
1638 4 2 0 0 1726 1788 2690 1809
1639 4 2 0 0 3076 1769 2690 1704
1640 4 2 0 0 1579 1552 2644 1642
1641 4 2 0 0 1579 1483 2644 1552
1642 4 2 0 0 2975 1744 1809 1821
1643 4 2 0 0 3076 1680 1769 1704
1644 4 2 0 0 2644 1704 1618 1680
1645 4 2 0 0 2644 1680 1618 1590
1646 4 2 0 0 2644 1590 1618 1525
1647 4 2 0 0 2644 1618 1552 1525
1648 4 2 0 0 2644 1552 1618 1642
1649 4 2 0 0 2644 1525 1552 1454
1650 4 2 0 0 2644 1429 1525 1454
1651 4 2 0 0 2644 1429 1497 1525
1652 4 2 0 0 2644 2936 1497 1429
1653 4 2 0 0 2644 1355 1429 1454
1654 4 2 0 0 1163 1259 1232 2591
1655 4 2 0 0 3114 884 800 870
1656 4 2 0 0 2644 1483 1382 1454
1657 4 2 0 0 1013 1098 1069 2541
1658 4 2 0 0 1013 985 2541 1069
1659 4 2 0 0 2644 1497 1568 1590
1660 4 2 0 0 2644 1657 1590 1568
1661 4 2 0 0 2644 1525 1497 1590
1662 4 2 0 0 2644 1590 1657 1680
1663 4 2 0 0 2644 1618 1704 1642
1664 4 2 0 0 2644 1483 1454 1552
1665 4 2 0 0 1190 2591 1098 1121
1666 4 2 0 0 1069 985 3114 1047
1667 4 2 0 0 2691 1837 1902 1910
1668 4 2 0 0 3223 1380 1290 1364
1669 4 2 0 0 1882 1864 2694 1810
1670 4 2 0 0 3185 3283 2646 2950
1671 4 2 0 0 1780 1856 1860 2692
1672 4 2 0 0 681 698 777 2513
1673 4 2 0 0 1955 2031 2010 3086
1674 4 2 0 0 699 669 3277 754
1675 4 2 0 0 1177 1124 2589 1056
1676 4 2 0 0 3131 2543 3132 3138
1677 4 2 0 0 3267 1983 2048 2051
1678 4 2 0 0 1881 2690 1863 1809
1679 4 2 0 0 2951 3283 2954 2646
1680 4 2 0 0 2691 1837 1760 1821
1681 4 2 0 0 1635 2643 1556 1566
1682 4 2 0 0 2177 2218 2162 2734
1683 4 2 0 0 2691 1984 1928 1910
1684 4 2 0 0 2645 3263 2975 1676
1685 4 2 0 0 2645 3263 2644 2975
1686 4 2 0 0 3203 3263 1676 1607
1687 4 2 0 0 2645 3263 3203 3193
1688 4 2 0 0 2542 3277 3211 3131
1689 4 2 0 0 1232 1259 1325 2591
1690 4 2 0 0 792 880 848 3211
1691 4 2 0 0 2645 3263 3193 3040
1692 4 2 0 0 2645 2644 3263 3040
1693 4 2 0 0 2591 1310 1239 1215
1694 4 2 0 0 2645 2975 1691 1676
1695 4 2 0 0 1955 1978 2031 2691
1696 4 2 0 0 2285 2282 2323 2735
1697 4 2 0 0 2645 3203 3263 1676
1698 4 2 0 0 1639 1636 2643 1567
1699 4 2 0 0 2951 3196 3206 2647
1700 4 2 0 0 2645 3193 3203 2950
1701 4 2 0 0 2691 1978 1910 1902
1702 4 2 0 0 2691 1821 1902 1837
1703 4 2 0 0 2002 2691 2921 1984
1704 4 2 0 0 1863 1788 2690 1847
1705 4 2 0 0 2029 1970 1980 3086
1706 4 2 0 0 2281 2270 2735 2317
1707 4 2 0 0 2242 2282 2735 2233
1708 4 2 0 0 1955 1978 2691 1902
1709 4 2 0 0 2975 1821 1809 1881
1710 4 2 0 0 1920 2690 1937 3086
1711 4 2 0 0 2152 2734 2101 2162
1712 4 2 0 0 1937 1863 1881 2690
1713 4 2 0 0 2002 1984 2921 2058
1714 4 2 0 0 1980 1920 1937 3086
1715 4 2 0 0 3086 2696 2068 2012
1716 4 2 0 0 3086 1970 2696 2012
1717 4 2 0 0 3086 2012 2068 2029
1718 4 2 0 0 2096 2174 2149 2733
1719 4 2 0 0 2096 2068 2733 2149
1720 4 2 0 0 2691 1881 1902 1821
1721 4 2 0 0 2691 1760 1837 1771
1722 4 2 0 0 2691 1851 1771 1837
1723 4 2 0 0 2691 1777 1771 1851
1724 4 2 0 0 2691 1855 1777 1851
1725 4 2 0 0 2691 1928 1855 1851
1726 4 2 0 0 1494 1492 1424 2643
1727 4 2 0 0 2691 1691 1760 1771
1728 4 2 0 0 2218 2209 2734 2259
1729 4 2 0 0 2177 2735 2187 2232
1730 4 2 0 0 1783 1859 1779 2692
1731 4 2 0 0 2691 2002 1928 1984
1732 4 2 0 0 2691 1910 1851 1837
1733 4 2 0 0 2152 2209 2734 2162
1734 4 2 0 0 2118 2174 2096 3086
1735 4 2 0 0 2177 2232 2218 2734
1736 4 2 0 0 2162 2209 2734 2218
1737 4 2 0 0 1856 2693 1852 1929
1738 4 2 0 0 2219 2163 2736 2178
1739 4 2 0 0 2190 2187 2133 2735
1740 4 2 0 0 2188 2735 2178 2233
1741 4 2 0 0 2457 2463 2465 2759
1742 4 2 0 0 2285 2735 2322 2281
1743 4 2 0 0 2210 2736 2219 2163
1744 4 2 0 0 2190 2134 2188 2918
1745 4 2 0 0 2306 2736 2260 2284
1746 4 2 0 0 3267 1964 1919 1983
1747 4 2 0 0 2285 2241 2242 2735
1748 4 2 0 0 3155 2115 2069 2737
1749 4 2 0 0 2285 2241 2735 2281
1750 4 2 0 0 2285 2735 2242 2282
1751 4 2 0 0 2117 2163 2178 3093
1752 4 2 0 0 2210 2736 2236 2260
1753 4 2 0 0 3285 1795 1850 1763
1754 4 2 0 0 1428 1474 3081 1522
1755 4 2 0 0 2918 2735 2178 2188
1756 4 2 0 0 2918 2190 2735 2188
1757 4 2 0 0 2260 2736 2271 2219
1758 4 2 0 0 1824 1797 1874 3219
1759 4 2 0 0 3283 3201 2646 3184
1760 4 2 0 0 1557 1636 1567 2643
1761 4 2 0 0 3267 1983 2051 1964
1762 4 2 0 0 1852 1911 1929 2693
1763 4 2 0 0 2591 1355 1382 1282
1764 4 2 0 0 2693 1985 2059 2050
1765 4 2 0 0 1789 1864 1810 2694
1766 4 2 0 0 2309 2268 3178 2284
1767 4 2 0 0 2693 1956 1979 2032
1768 4 2 0 0 2216 2182 2736 2236
1769 4 2 0 0 2102 3093 2163 2117
1770 4 2 0 0 2694 3267 2777 3219
1771 4 2 0 0 2363 2735 2358 2322
1772 4 2 0 0 3141 2022 2057 1993
1773 4 2 0 0 2706 1816 1850 1905
1774 4 2 0 0 1268 3073 1320 1367
1775 4 2 0 0 2758 2438 2439 2420
1776 4 2 0 0 2306 2271 3052 2318
1777 4 2 0 0 2306 2736 2271 2260
1778 4 2 0 0 1705 1643 2960 1727
1779 4 2 0 0 3267 1919 1964 1893
1780 4 2 0 0 3267 1946 1919 1874
1781 4 2 0 0 2552 958 929 1031
1782 4 2 0 0 1789 1727 2694 1810
1783 4 2 0 0 3267 2013 2048 1983
1784 4 2 0 0 2156 2182 2736 2216
1785 4 2 0 0 2910 1466 1539 1442
1786 4 2 0 0 2822 2705 2706 2819
1787 4 2 0 0 2128 2737 2069 2115
1788 4 2 0 0 2293 2338 2300 3252
1789 4 2 0 0 1283 1356 2594 1260
1790 4 2 0 0 3267 1946 1983 1919
1791 4 2 0 0 3219 3267 1846 1874
1792 4 2 0 0 1846 1797 3219 1874
1793 4 2 0 0 2693 1979 1911 1985
1794 4 2 0 0 2693 1979 1985 2050
1795 4 2 0 0 2693 1929 2003 1985
1796 4 2 0 0 1925 1842 1880 2713
1797 4 2 0 0 1532 2655 1624 1565
1798 4 2 0 0 2693 2050 2032 1979
1799 4 2 0 0 3087 1683 1719 1768
1800 4 2 0 0 2128 2737 2115 2159
1801 4 2 0 0 1732 3285 1795 1811
1802 4 2 0 0 2293 2326 2338 3123
1803 4 2 0 0 2694 3267 3219 1901
1804 4 2 0 0 3285 1709 1795 1763
1805 4 2 0 0 2156 2119 2736 2182
1806 4 2 0 0 2156 3084 2119 2097
1807 4 2 0 0 2693 1903 1979 1956
1808 4 2 0 0 2293 2300 2254 2742
1809 4 2 0 0 2293 2274 2326 3123
1810 4 2 0 0 2293 2274 2742 2243
1811 4 2 0 0 2293 2254 2243 2742
1812 4 2 0 0 2121 2115 2737 2173
1813 4 2 0 0 2212 2737 2156 2128
1814 4 2 0 0 3141 2022 1977 2042
1815 4 2 0 0 2284 2736 2236 2268
1816 4 2 0 0 2706 3148 1977 1927
1817 4 2 0 0 2706 1952 1917 1870
1818 4 2 0 0 3267 3256 2013 1971
1819 4 2 0 0 3087 1719 1683 1628
1820 4 2 0 0 3141 2042 2085 2022
1821 4 2 0 0 2173 2737 2159 2115
1822 4 2 0 0 1872 1893 3285 1942
1823 4 2 0 0 3141 2022 2085 2057
1824 4 2 0 0 1872 1942 3285 1927
1825 4 2 0 0 2035 2070 2713 3067
1826 4 2 0 0 2035 2713 2070 1998
1827 4 2 0 0 2930 2759 2458 2464
1828 4 2 0 0 2034 2713 1966 1998
1829 4 2 0 0 1925 1962 2713 1880
1830 4 2 0 0 2819 3285 3148 2706
1831 4 2 0 0 1846 1919 1874 3267
1832 4 2 0 0 1584 1548 2662 3043
1833 4 2 0 0 1498 1591 2648 1569
1834 4 2 0 0 1522 1621 1573 3081
1835 4 2 0 0 1218 3245 1258 1168
1836 4 2 0 0 2705 3148 3141 2706
1837 4 2 0 0 2170 2201 2747 3067
1838 4 2 0 0 2035 2713 1998 1962
1839 4 2 0 0 1522 1578 1621 3081
1840 4 2 0 0 1856 2693 1778 1852
1841 4 2 0 0 1801 1836 1880 2713
1842 4 2 0 0 3141 2705 2947 3148
1843 4 2 0 0 1998 2713 1966 1925
1844 4 2 0 0 2035 1962 1988 2713
1845 4 2 0 0 2035 1988 2064 3067
1846 4 2 0 0 2035 2713 1988 3067
1847 4 2 0 0 1925 1842 2713 1887
1848 4 2 0 0 1998 2713 1925 1962
1849 4 2 0 0 2137 2747 3067 2170
1850 4 2 0 0 2922 3067 2747 2712
1851 4 2 0 0 2207 2747 2170 2230
1852 4 2 0 0 2230 2201 2747 2170
1853 4 2 0 0 2207 2137 2747 2164
1854 4 2 0 0 2742 2254 2189 2234
1855 4 2 0 0 1789 1864 2694 1848
1856 4 2 0 0 2170 2135 2201 3067
1857 4 2 0 0 2224 2747 2164 2207
1858 4 2 0 0 2288 2747 2230 2263
1859 4 2 0 0 2288 2230 2747 2261
1860 4 2 0 0 2312 2274 2261 2747
1861 4 2 0 0 2312 2747 2261 2288
1862 4 2 0 0 2261 2207 2747 2224
1863 4 2 0 0 2341 2315 2747 2288
1864 4 2 0 0 2742 2234 2173 2228
1865 4 2 0 0 2288 2263 2315 2747
1866 4 2 0 0 2742 2234 2228 2296
1867 4 2 0 0 2326 3123 2312 2353
1868 4 2 0 0 3252 2296 2334 2300
1869 4 2 0 0 3276 2443 2435 2419
1870 4 2 0 0 3276 2443 2453 2435
1871 4 2 0 0 3276 2445 2435 2453
1872 4 2 0 0 2742 2189 2173 2234
1873 4 2 0 0 3276 2445 2453 3105
1874 4 2 0 0 3276 2422 2392 2411
1875 4 2 0 0 3276 2435 2445 2422
1876 4 2 0 0 3276 2435 2411 2419
1877 4 2 0 0 2457 3105 3276 2453
1878 4 2 0 0 2827 2947 3178 2742
1879 4 2 0 0 2391 2390 2758 2420
1880 4 2 0 0 2309 2332 2284 3178
1881 4 2 0 0 2758 2438 2450 2458
1882 4 2 0 0 2758 2438 2432 2450
1883 4 2 0 0 2758 2438 2414 2432
1884 4 2 0 0 2341 2312 3123 2353
1885 4 2 0 0 2758 2414 2438 2420
1886 4 2 0 0 2758 2420 2390 2414
1887 4 2 0 0 3252 2334 2338 2300
1888 4 2 0 0 2274 3123 2747 2312
1889 4 2 0 0 2433 2758 2439 2415
1890 4 2 0 0 2959 2759 2465 2458
1891 4 2 0 0 2309 3178 2268 2277
1892 4 2 0 0 2212 3178 2216 2156
1893 4 2 0 0 2348 2318 2306 3052
1894 4 2 0 0 2741 2350 3259 2362
1895 4 2 0 0 2741 2332 2350 3178
1896 4 2 0 0 2819 2705 2706 3148
1897 4 2 0 0 2212 3178 2268 2216
1898 4 2 0 0 2212 2737 2128 2159
1899 4 2 0 0 2268 2736 2236 2216
1900 4 2 0 0 2228 2737 2159 2173
1901 4 2 0 0 2693 1985 1911 1929
1902 4 2 0 0 2284 2236 2736 2260
1903 4 2 0 0 1619 1643 2648 1705
1904 4 2 0 0 2212 2737 2159 2228
1905 4 2 0 0 2318 2735 2359 2323
1906 4 2 0 0 2318 2282 2735 2323
1907 4 2 0 0 2318 2282 2271 2735
1908 4 2 0 0 2742 2296 2300 2234
1909 4 2 0 0 2741 2374 2350 2332
1910 4 2 0 0 2741 2350 2362 2321
1911 4 2 0 0 2694 1938 1921 1864
1912 4 2 0 0 3004 2752 3181 2963
1913 4 2 0 0 3004 2752 2963 2872
1914 4 2 0 0 1732 1811 1768 3285
1915 4 2 0 0 1772 1761 1838 2693
1916 4 2 0 0 2741 2362 3252 2321
1917 4 2 0 0 2341 3136 2315 2356
1918 4 2 0 0 1872 1850 1927 3285
1919 4 2 0 0 1846 1893 3285 1811
1920 4 2 0 0 1428 1376 3081 1328
1921 4 2 0 0 1086 2955 1175 1126
1922 4 2 0 0 2694 3267 1971 2998
1923 4 2 0 0 3150 1539 1569 1628
1924 4 2 0 0 2741 2350 2321 3178
1925 4 2 0 0 3141 2034 1993 2057
1926 4 2 0 0 2694 1901 3219 1824
1927 4 2 0 0 3141 2164 2122 2185
1928 4 2 0 0 3141 2122 2145 2185
1929 4 2 0 0 2742 2145 2205 2185
1930 4 2 0 0 2828 2747 2712 2922
1931 4 2 0 0 1681 1705 1619 2648
1932 4 2 0 0 2828 2872 2712 2747
1933 4 2 0 0 2699 3093 3084 2998
1934 4 2 0 0 1468 1410 2655 1503
1935 4 2 0 0 3273 2706 2819 2822
1936 4 2 0 0 1732 1795 3285 1709
1937 4 2 0 0 2998 2032 2011 1956
1938 4 2 0 0 3141 2108 2145 2085
1939 4 2 0 0 3141 2085 2145 2122
1940 4 2 0 0 2742 2205 2243 2185
1941 4 2 0 0 2742 2205 2254 2243
1942 4 2 0 0 2742 2234 2300 2254
1943 4 2 0 0 3141 2145 2157 2742
1944 4 2 0 0 1838 2693 1911 1852
1945 4 2 0 0 1785 1747 1834 2706
1946 4 2 0 0 3155 2069 2013 3256
1947 4 2 0 0 1838 1903 1911 2693
1948 4 2 0 0 1645 1601 3273 2662
1949 4 2 0 0 2706 1905 1977 1952
1950 4 2 0 0 2706 1977 2022 1952
1951 4 2 0 0 2706 1905 1952 1870
1952 4 2 0 0 2706 2022 1993 1952
1953 4 2 0 0 2706 1917 1966 1887
1954 4 2 0 0 2706 1927 1977 1905
1955 4 2 0 0 2706 1870 1816 1905
1956 4 2 0 0 2706 1816 1763 1850
1957 4 2 0 0 3155 2737 2069 3256
1958 4 2 0 0 3155 2048 2013 2069
1959 4 2 0 0 3155 2069 2115 2048
1960 4 2 0 0 3267 1946 2013 1983
1961 4 2 0 0 3256 2069 2013 2030
1962 4 2 0 0 1768 3285 1811 1846
1963 4 2 0 0 2694 1921 1971 1901
1964 4 2 0 0 3267 1874 1901 1946
1965 4 2 0 0 1650 1565 2655 1597
1966 4 2 0 0 2552 958 847 929
1967 4 2 0 0 3115 816 896 885
1968 4 2 0 0 1468 1565 1503 2655
1969 4 2 0 0 1673 1709 2978 1763
1970 4 2 0 0 1383 2648 1455 1484
1971 4 2 0 0 3011 777 2513 681
1972 4 2 0 0 2819 2706 2978 3285
1973 4 2 0 0 1757 1799 3110 1842
1974 4 2 0 0 1729 1694 1785 2706
1975 4 2 0 0 1221 1198 1287 2601
1976 4 2 0 0 899 1000 949 3082
1977 4 2 0 0 1430 1326 2594 1356
1978 4 2 0 0 1673 2978 1709 1624
1979 4 2 0 0 2894 2609 2617 2849
1980 4 2 0 0 3273 2978 2819 2706
1981 4 2 0 0 1216 1240 1147 3147
1982 4 2 0 0 1727 1662 1643 2960
1983 4 2 0 0 2654 3087 3150 3075
1984 4 2 0 0 1772 1778 2693 1852
1985 4 2 0 0 596 2513 666 3011
1986 4 2 0 0 2641 1305 1292 1178
1987 4 2 0 0 561 530 487 2520
1988 4 2 0 0 2540 937 975 1026
1989 4 2 0 0 2601 1287 1246 1198
1990 4 2 0 0 2601 1248 1344 1315
1991 4 2 0 0 2782 2872 2719 2712
1992 4 2 0 0 1438 1532 2655 1491
1993 4 2 0 0 2989 1333 1244 1285
1994 4 2 0 0 2822 2705 2764 2712
1995 4 2 0 0 2822 2866 2713 2712
1996 4 2 0 0 2822 2712 2713 2922
1997 4 2 0 0 1650 2655 1624 1709
1998 4 2 0 0 2601 1287 1315 1374
1999 4 2 0 0 1150 1244 2989 2627
2000 4 2 0 0 1785 1747 2706 1694
2001 4 2 0 0 1353 1309 3245 1258
2002 4 2 0 0 1221 1248 2601 1315
2003 4 2 0 0 2559 3208 3268 3249
2004 4 2 0 0 1584 2655 1624 1532
2005 4 2 0 0 1482 3081 1428 1376
2006 4 2 0 0 1801 1836 3126 1751
2007 4 2 0 0 3110 2713 1842 1799
2008 4 2 0 0 1799 2713 1842 1887
2009 4 2 0 0 3110 1842 2713 1801
2010 4 2 0 0 567 2498 616 646
2011 4 2 0 0 2545 864 941 922
2012 4 2 0 0 1279 2618 1236 1328
2013 4 2 0 0 1328 1285 2618 1236
2014 4 2 0 0 1328 1285 1376 2618
2015 4 2 0 0 1370 1328 1428 3081
2016 4 2 0 0 1522 3081 1573 1474
2017 4 2 0 0 1522 1482 1578 3081
2018 4 2 0 0 451 497 521 2527
2019 4 2 0 0 1370 2974 1320 1279
2020 4 2 0 0 1729 1816 2706 1785
2021 4 2 0 0 1187 1094 2974 1136
2022 4 2 0 0 1645 2662 1548 1601
2023 4 2 0 0 242 2485 303 273
2024 4 2 0 0 1370 1328 2618 1279
2025 4 2 0 0 1370 1428 1474 3081
2026 4 2 0 0 1584 1532 1491 2655
2027 4 2 0 0 1408 1367 3073 1309
2028 4 2 0 0 1789 2694 1727 1705
2029 4 2 0 0 590 668 3031 660
2030 4 2 0 0 1601 2662 1548 3235
2031 4 2 0 0 1218 3245 1175 1268
2032 4 2 0 0 1154 2601 1248 1183
2033 4 2 0 0 640 725 2527 688
2034 4 2 0 0 1430 1398 2910 1326
2035 4 2 0 0 1584 2662 1548 1645
2036 4 2 0 0 1785 1816 2706 1870
2037 4 2 0 0 1694 3273 3165 2706
2038 4 2 0 0 453 530 501 2513
2039 4 2 0 0 3043 1548 2662 3235
2040 4 2 0 0 1438 1468 2655 1532
2041 4 2 0 0 3273 2662 1601 3165
2042 4 2 0 0 2648 1591 1658 1569
2043 4 2 0 0 1526 1591 1619 2648
2044 4 2 0 0 1729 1816 1763 2706
2045 4 2 0 0 1374 1468 2655 1438
2046 4 2 0 0 1532 1565 1468 2655
2047 4 2 0 0 1526 1591 2648 1498
2048 4 2 0 0 1374 2655 1468 1410
2049 4 2 0 0 1584 2978 1673 1624
2050 4 2 0 0 1183 1277 2601 1248
2051 4 2 0 0 1068 1132 2601 1050
2052 4 2 0 0 1326 2910 1300 1398
2053 4 2 0 0 1705 1727 2960 2694
2054 4 2 0 0 1882 1938 2998 2694
2055 4 2 0 0 1070 1099 2594 1164
2056 4 2 0 0 1183 2601 2916 1093
2057 4 2 0 0 1139 1164 1070 2594
2058 4 2 0 0 1505 1484 1580 2648
2059 4 2 0 0 2694 1921 1848 1864
2060 4 2 0 0 1557 1493 2643 1567
2061 4 2 0 0 1619 1553 2648 1643
2062 4 2 0 0 2694 1971 3267 1901
2063 4 2 0 0 2694 1901 1848 1921
2064 4 2 0 0 3219 1901 3267 1874
2065 4 2 0 0 2694 1824 1848 1901
2066 4 2 0 0 1681 2648 1619 1591
2067 4 2 0 0 1681 1591 1658 2648
2068 4 2 0 0 1505 1484 3147 1406
2069 4 2 0 0 1770 2694 1705 3075
2070 4 2 0 0 1770 3075 1705 1681
2071 4 2 0 0 1770 2694 1848 1789
2072 4 2 0 0 1770 1705 2694 1789
2073 4 2 0 0 1200 1111 1176 2590
2074 4 2 0 0 1068 1009 987 2552
2075 4 2 0 0 1526 1455 2648 1553
2076 4 2 0 0 1430 2935 1498 2648
2077 4 2 0 0 1430 1498 1526 2648
2078 4 2 0 0 1595 1580 2648 1505
2079 4 2 0 0 1324 2954 1391 1424
2080 4 2 0 0 2552 831 929 847
2081 4 2 0 0 579 520 2505 590
2082 4 2 0 0 2692 1859 1936 1860
2083 4 2 0 0 1484 1455 1553 2648
2084 4 2 0 0 1580 1553 2648 1484
2085 4 2 0 0 1216 1311 2594 1283
2086 4 2 0 0 1580 2648 1553 1643
2087 4 2 0 0 1056 2540 1008 1124
2088 4 2 0 0 1494 1566 2643 1567
2089 4 2 0 0 630 612 2513 681
2090 4 2 0 0 2589 1354 1274 1335
2091 4 2 0 0 1383 1311 1283 2594
2092 4 2 0 0 1383 1356 2594 1283
2093 4 2 0 0 755 849 793 3212
2094 4 2 0 0 3266 2647 1543 3196
2095 4 2 0 0 1882 1864 1938 2694
2096 4 2 0 0 1191 1260 1283 2594
2097 4 2 0 0 3266 2960 2648 1595
2098 4 2 0 0 2589 1354 1234 1274
2099 4 2 0 0 1608 1543 3266 2647
2100 4 2 0 0 3147 2594 2853 2593
2101 4 2 0 0 1173 1199 2588 1110
2102 4 2 0 0 1838 2693 1822 1903
2103 4 2 0 0 1745 1810 1822 2960
2104 4 2 0 0 1324 2954 1275 1391
2105 4 2 0 0 2647 3147 3196 3266
2106 4 2 0 0 1745 1761 2960 1822
2107 4 2 0 0 1882 2960 1810 2694
2108 4 2 0 0 1882 2693 1903 1822
2109 4 2 0 0 1882 2960 2693 1822
2110 4 2 0 0 1882 1903 2693 1956
2111 4 2 0 0 1882 1938 1956 2998
2112 4 2 0 0 1838 1761 1822 2693
2113 4 2 0 0 1391 2643 1493 1494
2114 4 2 0 0 3206 2647 3196 1543
2115 4 2 0 0 1772 1852 2693 1838
2116 4 2 0 0 1772 2693 1692 1761
2117 4 2 0 0 1780 2692 1860 1783
2118 4 2 0 0 3283 2646 3201 3185
2119 4 2 0 0 2951 3283 2646 3184
2120 4 2 0 0 1324 1354 1234 2589
2121 4 2 0 0 1494 2643 1493 1567
2122 4 2 0 0 1494 2643 1566 1492
2123 4 2 0 0 1639 1566 2643 1635
2124 4 2 0 0 2692 1860 1933 1856
2125 4 2 0 0 2692 1933 2003 1929
2126 4 2 0 0 1639 2643 1566 1567
2127 4 2 0 0 1141 1166 2590 1229
2128 4 2 0 0 1780 1778 1856 2692
2129 4 2 0 0 2692 2005 2003 1933
2130 4 2 0 0 1699 1778 2693 1772
2131 4 2 0 0 719 683 3132 633
2132 4 2 0 0 2918 2073 2003 2005
2133 4 2 0 0 2918 2073 2005 2076
2134 4 2 0 0 2692 2076 2005 2004
2135 4 2 0 0 2692 1936 2004 2005
2136 4 2 0 0 2692 2005 1933 1936
2137 4 2 0 0 2692 1933 1860 1936
2138 4 2 0 0 2692 1932 2004 1936
2139 4 2 0 0 2692 2002 2004 1932
2140 4 2 0 0 2692 1928 2002 1932
2141 4 2 0 0 2692 1928 1932 1855
2142 4 2 0 0 2692 1855 1932 1859
2143 4 2 0 0 2692 1777 1855 1779
2144 4 2 0 0 2692 1855 1859 1779
2145 4 2 0 0 2921 2002 2072 2004
2146 4 2 0 0 2921 2004 2072 2076
2147 4 2 0 0 2918 2133 2735 2190
2148 4 2 0 0 2692 1859 1932 1936
2149 4 2 0 0 1148 2927 1212 1102
2150 4 2 0 0 481 2498 534 567
2151 4 2 0 0 514 567 2498 481
2152 4 2 0 0 2592 3223 3193 3121
2153 4 2 0 0 699 645 2496 615
2154 4 2 0 0 633 683 3132 598
2155 4 2 0 0 474 513 2497 550
2156 4 2 0 0 891 975 926 2540
2157 4 2 0 0 633 2497 598 3132
2158 4 2 0 0 3132 683 736 646
2159 4 2 0 0 3189 3211 880 3157
2160 4 2 0 0 1324 1424 1354 2589
2161 4 2 0 0 1391 2954 1275 1336
2162 4 2 0 0 1212 2589 1234 1124
2163 4 2 0 0 1102 1124 2589 1212
2164 4 2 0 0 1212 1324 1234 2589
2165 4 2 0 0 481 534 2498 449
2166 4 2 0 0 2590 1166 1251 1229
2167 4 2 0 0 1177 1234 1274 2589
2168 4 2 0 0 1148 1251 1275 2927
2169 4 2 0 0 1148 2927 1275 1212
2170 4 2 0 0 3262 3160 881 3212
2171 4 2 0 0 281 260 318 2475
2172 4 2 0 0 3278 3262 3212 2544
2173 4 2 0 0 700 736 646 3212
2174 4 2 0 0 841 2552 925 853
2175 4 2 0 0 474 434 2926 513
2176 4 2 0 0 3212 3262 3160 2544
2177 4 2 0 0 1199 1228 2588 1140
2178 4 2 0 0 1008 926 2540 974
2179 4 2 0 0 2591 1259 1325 1355
2180 4 2 0 0 3034 3268 777 2559
2181 4 2 0 0 837 803 891 2540
2182 4 2 0 0 837 926 2540 891
2183 4 2 0 0 186 208 227 2475
2184 4 2 0 0 3187 849 3262 933
2185 4 2 0 0 793 3212 849 881
2186 4 2 0 0 3278 2967 3262 2544
2187 4 2 0 0 849 3212 3262 881
2188 4 2 0 0 1122 1147 2594 1216
2189 4 2 0 0 755 2967 670 732
2190 4 2 0 0 3187 3262 2967 2544
2191 4 2 0 0 3115 834 896 816
2192 4 2 0 0 3132 598 683 646
2193 4 2 0 0 732 670 644 2967
2194 4 2 0 0 567 616 2498 534
2195 4 2 0 0 3278 3212 3132 2544
2196 4 2 0 0 944 1009 1024 2552
2197 4 2 0 0 2473 317 297 360
2198 4 2 0 0 1233 2594 1260 1164
2199 4 2 0 0 1099 2594 1191 1122
2200 4 2 0 0 499 585 2985 565
2201 4 2 0 0 31 2471 49 55
2202 4 2 0 0 445 384 2476 386
2203 4 2 0 0 2985 565 585 644
2204 4 2 0 0 3043 1298 1246 1342
2205 4 2 0 0 2967 644 585 670
2206 4 2 0 0 2601 1344 1277 2910
2207 4 2 0 0 445 455 2505 520
2208 4 2 0 0 700 2498 646 616
2209 4 2 0 0 755 3278 700 670
2210 4 2 0 0 3278 3212 3262 849
2211 4 2 0 0 2499 644 620 565
2212 4 2 0 0 1200 1291 2590 1266
2213 4 2 0 0 3262 881 933 849
2214 4 2 0 0 1216 2594 1191 1283
2215 4 2 0 0 1216 3147 1311 1240
2216 4 2 0 0 3147 2594 2593 3176
2217 4 2 0 0 1200 1291 1229 2590
2218 4 2 0 0 1200 2590 1229 1141
2219 4 2 0 0 1200 2590 1141 1111
2220 4 2 0 0 2590 1251 1166 1148
2221 4 2 0 0 2590 1319 1291 1229
2222 4 2 0 0 2590 1291 1319 1381
2223 4 2 0 0 2590 1404 1381 1319
2224 4 2 0 0 2590 1291 1381 1365
2225 4 2 0 0 2590 1365 1266 1291
2226 4 2 0 0 1164 1260 1191 2594
2227 4 2 0 0 3131 634 597 682
2228 4 2 0 0 3115 962 885 896
2229 4 2 0 0 1233 1326 1260 2594
2230 4 2 0 0 275 330 2480 283
2231 4 2 0 0 2559 3249 3281 3173
2232 4 2 0 0 782 853 2552 841
2233 4 2 0 0 879 3268 932 3249
2234 4 2 0 0 1218 1309 1258 3245
2235 4 2 0 0 520 455 2505 526
2236 4 2 0 0 1132 1198 2601 1114
2237 4 2 0 0 59 48 35 3106
2238 4 2 0 0 1221 2601 1248 1154
2239 4 2 0 0 222 218 168 2480
2240 4 2 0 0 1187 1136 2974 1227
2241 4 2 0 0 1221 2601 1132 1198
2242 4 2 0 0 841 2552 929 971
2243 4 2 0 0 782 787 2552 853
2244 4 2 0 0 3115 986 962 896
2245 4 2 0 0 445 455 386 2476
2246 4 2 0 0 2499 620 644 709
2247 4 2 0 0 853 2552 871 787
2248 4 2 0 0 2545 922 986 896
2249 4 2 0 0 2476 2505 3025 447
2250 4 2 0 0 1068 1154 2601 1132
2251 4 2 0 0 1233 2910 1300 1326
2252 4 2 0 0 2545 834 864 922
2253 4 2 0 0 2499 2967 709 644
2254 4 2 0 0 2499 620 709 691
2255 4 2 0 0 2601 1315 1344 1410
2256 4 2 0 0 2545 1014 922 941
2257 4 2 0 0 2545 1014 986 922
2258 4 2 0 0 3031 816 748 834
2259 4 2 0 0 1068 2552 1050 2601
2260 4 2 0 0 724 787 2552 715
2261 4 2 0 0 775 709 691 3031
2262 4 2 0 0 775 748 3031 691
2263 4 2 0 0 3082 1045 949 991
2264 4 2 0 0 3031 691 748 668
2265 4 2 0 0 2499 691 668 608
2266 4 2 0 0 1218 1268 1309 3245
2267 4 2 0 0 2499 691 608 620
2268 4 2 0 0 1233 1164 1139 2594
2269 4 2 0 0 242 273 209 2485
2270 4 2 0 0 925 2552 1009 944
2271 4 2 0 0 1093 1009 2552 1024
2272 4 2 0 0 2967 709 796 775
2273 4 2 0 0 2545 864 775 796
2274 4 2 0 0 2545 796 886 864
2275 4 2 0 0 2967 886 796 818
2276 4 2 0 0 2545 2967 2988 3187
2277 4 2 0 0 2967 818 796 732
2278 4 2 0 0 2967 796 709 732
2279 4 2 0 0 2545 775 2967 796
2280 4 2 0 0 2545 775 3031 2967
2281 4 2 0 0 1277 2916 2601 2910
2282 4 2 0 0 3187 818 909 886
2283 4 2 0 0 3187 909 969 886
2284 4 2 0 0 2545 941 886 969
2285 4 2 0 0 2545 941 969 1030
2286 4 2 0 0 3187 1058 1030 969
2287 4 2 0 0 3187 969 998 1058
2288 4 2 0 0 3187 998 969 909
2289 4 2 0 0 2545 834 3031 775
2290 4 2 0 0 3031 834 748 775
2291 4 2 0 0 2539 610 536 553
2292 4 2 0 0 1068 2552 1093 1009
2293 4 2 0 0 1068 2552 2601 1093
2294 4 2 0 0 3115 986 1046 962
2295 4 2 0 0 3115 986 1070 1046
2296 4 2 0 0 2545 1014 1070 986
2297 4 2 0 0 2545 1099 1070 1014
2298 4 2 0 0 2545 1014 1030 1099
2299 4 2 0 0 2545 1030 1014 941
2300 4 2 0 0 2545 886 941 864
2301 4 2 0 0 2545 834 775 864
2302 4 2 0 0 2545 922 896 834
2303 4 2 0 0 2601 1158 1198 1246
2304 4 2 0 0 657 742 2969 710
2305 4 2 0 0 3071 2989 3246 2627
2306 4 2 0 0 2506 707 656 642
2307 4 2 0 0 557 2527 521 603
2308 4 2 0 0 1126 3245 1218 1168
2309 4 2 0 0 1187 2618 1236 1279
2310 4 2 0 0 1086 1136 1175 2955
2311 4 2 0 0 549 631 593 2520
2312 4 2 0 0 1192 1285 1236 2618
2313 4 2 0 0 587 640 2527 557
2314 4 2 0 0 1100 1045 3082 1142
2315 4 2 0 0 1150 1106 1202 2627
2316 4 2 0 0 476 2520 512 438
2317 4 2 0 0 640 688 2527 603
2318 4 2 0 0 631 3111 674 716
2319 4 2 0 0 3280 3035 2881 2574
2320 4 2 0 0 631 716 672 3111
2321 4 2 0 0 606 687 654 3128
2322 4 2 0 0 2849 2609 2617 3016
2323 4 2 0 0 577 2513 630 559
2324 4 2 0 0 2477 293 232 251
2325 4 2 0 0 763 710 679 2969
2326 4 2 0 0 3173 958 1031 1075
2327 4 2 0 0 746 841 782 2552
2328 4 2 0 0 746 707 656 2506
2329 4 2 0 0 2974 1279 1187 1227
2330 4 2 0 0 824 3280 2969 2574
2331 4 2 0 0 2974 2618 1187 1279
2332 4 2 0 0 588 551 2497 506
2333 4 2 0 0 657 2527 688 603
2334 4 2 0 0 3082 991 949 894
2335 4 2 0 0 3082 1045 991 1094
2336 4 2 0 0 624 679 2534 602
2337 4 2 0 0 3095 894 952 991
2338 4 2 0 0 841 929 2552 831
2339 4 2 0 0 879 3268 777 829
2340 4 2 0 0 2559 777 879 3268
2341 4 2 0 0 2559 879 777 3281
2342 4 2 0 0 829 869 932 3268
2343 4 2 0 0 2559 777 3011 3281
2344 4 2 0 0 2609 3173 2601 3220
2345 4 2 0 0 2609 3220 3245 3173
2346 4 2 0 0 507 483 2527 440
2347 4 2 0 0 606 687 3128 638
2348 4 2 0 0 2609 3235 3220 3043
2349 4 2 0 0 746 2552 831 841
2350 4 2 0 0 549 2520 476 507
2351 4 2 0 0 1221 1154 1132 2601
2352 4 2 0 0 681 612 2513 666
2353 4 2 0 0 1068 2552 987 1050
2354 4 2 0 0 925 1009 2552 987
2355 4 2 0 0 2559 3268 3208 3128
2356 4 2 0 0 3016 2617 2974 2609
2357 4 2 0 0 2559 3268 879 3249
2358 4 2 0 0 3249 932 869 3268
2359 4 2 0 0 1154 1093 2601 1183
2360 4 2 0 0 3240 94 128 2479
2361 4 2 0 0 3031 648 2505 660
2362 4 2 0 0 1068 1093 2601 1154
2363 4 2 0 0 1050 2552 987 971
2364 4 2 0 0 871 944 2552 925
2365 4 2 0 0 1050 1031 1114 2552
2366 4 2 0 0 1050 2601 2552 1114
2367 4 2 0 0 1050 1031 2552 971
2368 4 2 0 0 841 971 925 2552
2369 4 2 0 0 666 656 3011 746
2370 4 2 0 0 801 885 3115 871
2371 4 2 0 0 801 2552 787 871
2372 4 2 0 0 505 447 2505 445
2373 4 2 0 0 314 2480 294 252
2374 4 2 0 0 3011 777 2559 3034
2375 4 2 0 0 3034 2839 2559 3011
2376 4 2 0 0 2506 707 715 782
2377 4 2 0 0 2506 715 642 648
2378 4 2 0 0 2506 715 648 724
2379 4 2 0 0 2839 2846 2559 3281
2380 4 2 0 0 2506 707 642 715
2381 4 2 0 0 361 298 2475 318
2382 4 2 0 0 630 559 2513 612
2383 4 2 0 0 3128 654 734 687
2384 4 2 0 0 3034 3128 3268 2559
2385 4 2 0 0 630 698 2513 654
2386 4 2 0 0 3268 654 698 734
2387 4 2 0 0 453 431 2513 501
2388 4 2 0 0 3280 2574 3163 3035
2389 4 2 0 0 549 2520 512 476
2390 4 2 0 0 128 2479 3229 3182
2391 4 2 0 0 593 561 512 2520
2392 4 2 0 0 3128 721 672 638
2393 4 2 0 0 3128 721 638 687
2394 4 2 0 0 3226 332 276 307
2395 4 2 0 0 338 3057 314 273
2396 4 2 0 0 2627 1253 1346 1301
2397 4 2 0 0 2964 171 218 168
2398 4 2 0 0 199 208 2475 246
2399 4 2 0 0 199 208 162 2475
2400 4 2 0 0 279 290 2964 2476
2401 4 2 0 0 579 648 660 2505
2402 4 2 0 0 199 235 3240 182
2403 4 2 0 0 3134 158 132 115
2404 4 2 0 0 175 3182 168 130
2405 4 2 0 0 250 3286 202 227
2406 4 2 0 0 449 534 2498 499
2407 4 2 0 0 3070 357 311 370
2408 4 2 0 0 2487 3257 123 110
2409 4 2 0 0 260 2475 246 298
2410 4 2 0 0 1219 2942 1335 1318
2411 4 2 0 0 334 279 325 2476
2412 4 2 0 0 250 225 202 2474
2413 4 2 0 0 5 11 19 2470
2414 4 2 0 0 164 2952 206 195
2415 4 2 0 0 186 2475 227 3286
2416 4 2 0 0 41 60 75 3170
2417 4 2 0 0 169 2474 154 202
2418 4 2 0 0 169 225 204 2474
2419 4 2 0 0 250 3286 2475 305
2420 4 2 0 0 276 307 256 2474
2421 4 2 0 0 169 118 154 2474
2422 4 2 0 0 235 2964 279 290
2423 4 2 0 0 224 218 2964 171
2424 4 2 0 0 169 225 2474 202
2425 4 2 0 0 218 2964 275 271
2426 4 2 0 0 235 2964 290 2475
2427 4 2 0 0 184 209 158 2485
2428 4 2 0 0 283 2480 222 233
2429 4 2 0 0 579 2505 520 505
2430 4 2 0 0 538 612 596 2513
2431 4 2 0 0 414 489 2945 431
2432 4 2 0 0 538 489 559 2513
2433 4 2 0 0 596 656 3011 666
2434 4 2 0 0 524 596 3033 538
2435 4 2 0 0 361 348 2475 298
2436 4 2 0 0 485 2985 543 565
2437 4 2 0 0 281 342 305 2475
2438 4 2 0 0 59 3106 35 51
2439 4 2 0 0 2485 252 209 193
2440 4 2 0 0 524 3033 596 583
2441 4 2 0 0 15 2469 33 21
2442 4 2 0 0 2482 3248 3007 3191
2443 4 2 0 0 276 305 3226 250
2444 4 2 0 0 145 118 2474 3199
2445 4 2 0 0 8 2469 15 21
2446 4 2 0 0 310 253 2492 295
2447 4 2 0 0 38 2469 20 21
2448 4 2 0 0 288 2490 309 248
2449 4 2 0 0 3106 2484 3243 3134
2450 4 2 0 0 507 557 2527 483
2451 4 2 0 0 2471 2929 2957 2956
2452 4 2 0 0 2470 7 10 3106
2453 4 2 0 0 228 2486 247 287
2454 4 2 0 0 2964 3025 2480 275
2455 4 2 0 0 2481 131 183 157
2456 4 2 0 0 3033 538 2513 468
2457 4 2 0 0 561 2520 638 606
2458 4 2 0 0 600 2533 628 555
2459 4 2 0 0 3134 144 158 115
2460 4 2 0 0 2485 158 144 193
2461 4 2 0 0 577 2513 654 630
2462 4 2 0 0 294 233 252 2480
2463 4 2 0 0 447 505 3033 518
2464 4 2 0 0 322 3025 330 388
2465 4 2 0 0 248 197 2485 212
2466 4 2 0 0 197 147 2485 160
2467 4 2 0 0 414 489 468 2945
2468 4 2 0 0 3033 2513 538 596
2469 4 2 0 0 3033 2513 596 3011
2470 4 2 0 0 577 2513 501 530
2471 4 2 0 0 577 2513 606 654
2472 4 2 0 0 577 2513 530 606
2473 4 2 0 0 561 2520 606 530
2474 4 2 0 0 538 2513 559 612
2475 4 2 0 0 453 487 530 2520
2476 4 2 0 0 512 2520 561 487
2477 4 2 0 0 410 3057 487 453
2478 4 2 0 0 283 344 330 2480
2479 4 2 0 0 583 656 2506 596
2480 4 2 0 0 256 225 2474 204
2481 4 2 0 0 476 405 2520 438
2482 4 2 0 0 476 440 2520 405
2483 4 2 0 0 575 505 2505 579
2484 4 2 0 0 462 3216 427 426
2485 4 2 0 0 468 2513 489 538
2486 4 2 0 0 514 2497 551 475
2487 4 2 0 0 3025 3033 2512 2945
2488 4 2 0 0 575 3033 2505 505
2489 4 2 0 0 384 322 2476 325
2490 4 2 0 0 271 218 2964 224
2491 4 2 0 0 271 279 224 2964
2492 4 2 0 0 344 2480 294 359
2493 4 2 0 0 275 222 283 2480
2494 4 2 0 0 222 175 233 2480
2495 4 2 0 0 344 359 414 2945
2496 4 2 0 0 275 2480 218 222
2497 4 2 0 0 344 414 395 2945
2498 4 2 0 0 275 322 3025 330
2499 4 2 0 0 222 2480 168 175
2500 4 2 0 0 330 2480 395 3025
2501 4 2 0 0 330 395 2480 344
2502 4 2 0 0 330 3025 275 2480
2503 4 2 0 0 2964 2480 218 275
2504 4 2 0 0 322 3025 2964 275
2505 4 2 0 0 325 2476 279 271
2506 4 2 0 0 325 322 2476 271
2507 4 2 0 0 449 2931 380 429
2508 4 2 0 0 543 620 565 2499
2509 4 2 0 0 394 2476 348 334
2510 4 2 0 0 384 388 2476 322
2511 4 2 0 0 394 2476 455 2505
2512 4 2 0 0 318 298 2475 260
2513 4 2 0 0 505 520 445 2505
2514 4 2 0 0 386 2476 325 384
2515 4 2 0 0 590 2499 608 526
2516 4 2 0 0 445 2476 2505 455
2517 4 2 0 0 590 660 3031 2505
2518 4 2 0 0 505 3033 2505 447
2519 4 2 0 0 579 2505 660 590
2520 4 2 0 0 590 668 608 2499
2521 4 2 0 0 408 2931 380 449
2522 4 2 0 0 534 2498 585 616
2523 4 2 0 0 3102 2985 2504 2505
2524 4 2 0 0 526 2505 466 455
2525 4 2 0 0 526 608 543 2499
2526 4 2 0 0 590 526 520 2505
2527 4 2 0 0 575 2506 583 642
2528 4 2 0 0 575 642 648 2506
2529 4 2 0 0 575 2505 648 579
2530 4 2 0 0 575 583 3033 518
2531 4 2 0 0 514 2498 567 598
2532 4 2 0 0 567 646 598 2498
2533 4 2 0 0 449 429 499 2931
2534 4 2 0 0 276 2474 3226 307
2535 4 2 0 0 588 671 2497 633
2536 4 2 0 0 334 348 290 2476
2537 4 2 0 0 2474 122 154 3286
2538 4 2 0 0 334 325 386 2476
2539 4 2 0 0 3102 2505 2504 2788
2540 4 2 0 0 334 2476 290 279
2541 4 2 0 0 290 2475 2476 348
2542 4 2 0 0 298 290 2475 246
2543 4 2 0 0 298 290 348 2475
2544 4 2 0 0 276 225 2474 256
2545 4 2 0 0 543 565 2985 2499
2546 4 2 0 0 380 318 2931 342
2547 4 2 0 0 2474 118 154 122
2548 4 2 0 0 2473 347 360 297
2549 4 2 0 0 238 2492 253 295
2550 4 2 0 0 394 2505 455 466
2551 4 2 0 0 394 386 455 2476
2552 4 2 0 0 394 3102 2476 2505
2553 4 2 0 0 394 2476 334 386
2554 4 2 0 0 2496 566 615 645
2555 4 2 0 0 499 2498 585 534
2556 4 2 0 0 481 449 2931 408
2557 4 2 0 0 485 499 429 3102
2558 4 2 0 0 514 2497 598 551
2559 4 2 0 0 400 2497 475 436
2560 4 2 0 0 435 408 481 2931
2561 4 2 0 0 435 481 514 2498
2562 4 2 0 0 435 2497 514 475
2563 4 2 0 0 3005 270 217 274
2564 4 2 0 0 474 2497 436 506
2565 4 2 0 0 281 318 342 2475
2566 4 2 0 0 281 2475 227 260
2567 4 2 0 0 278 333 2472 3022
2568 4 2 0 0 223 270 3005 278
2569 4 2 0 0 250 3226 276 2474
2570 4 2 0 0 250 2475 227 281
2571 4 2 0 0 250 225 2474 276
2572 4 2 0 0 250 305 2475 281
2573 4 2 0 0 250 227 2475 3286
2574 4 2 0 0 3006 3008 3230 3170
2575 4 2 0 0 1199 1290 2588 1228
2576 4 2 0 0 2473 280 317 341
2577 4 2 0 0 3211 2542 3189 3277
2578 4 2 0 0 1219 1318 1228 2588
2579 4 2 0 0 196 2486 228 179
2580 4 2 0 0 588 550 506 2497
2581 4 2 0 0 2496 597 513 566
2582 4 2 0 0 304 2474 249 277
2583 4 2 0 0 2934 360 379 317
2584 4 2 0 0 277 307 2474 256
2585 4 2 0 0 234 3005 289 278
2586 4 2 0 0 331 307 3226 2474
2587 4 2 0 0 121 118 145 3199
2588 4 2 0 0 2472 454 393 385
2589 4 2 0 0 278 2472 333 324
2590 4 2 0 0 2477 329 282 343
2591 4 2 0 0 1110 1140 1199 2588
2592 4 2 0 0 304 2474 277 331
2593 4 2 0 0 2493 112 109 150
2594 4 2 0 0 2472 393 454 2501
2595 4 2 0 0 2507 558 611 539
2596 4 2 0 0 934 3157 3189 880
2597 4 2 0 0 1008 975 2540 926
2598 4 2 0 0 682 597 3131 645
2599 4 2 0 0 792 3211 848 754
2600 4 2 0 0 3131 2497 597 634
2601 4 2 0 0 735 3131 645 682
2602 4 2 0 0 607 2495 619 690
2603 4 2 0 0 574 2500 647 641
2604 4 2 0 0 699 615 2496 669
2605 4 2 0 0 1219 1274 1335 2589
2606 4 2 0 0 607 542 619 2495
2607 4 2 0 0 731 643 669 3009
2608 4 2 0 0 690 708 774 3030
2609 4 2 0 0 2541 865 833 923
2610 4 2 0 0 985 923 2541 897
2611 4 2 0 0 550 597 513 2497
2612 4 2 0 0 506 2497 475 551
2613 4 2 0 0 588 633 2497 551
2614 4 2 0 0 1177 1234 2589 1124
2615 4 2 0 0 1228 2588 1318 1290
2616 4 2 0 0 2496 480 566 513
2617 4 2 0 0 474 550 2497 506
2618 4 2 0 0 474 436 2497 2926
2619 4 2 0 0 474 2926 2497 513
2620 4 2 0 0 1173 2588 1199 1265
2621 4 2 0 0 634 597 550 2497
2622 4 2 0 0 634 2497 550 588
2623 4 2 0 0 634 671 2497 588
2624 4 2 0 0 890 926 2540 837
2625 4 2 0 0 2934 434 480 513
2626 4 2 0 0 1008 1124 2540 1102
2627 4 2 0 0 1008 975 1102 2540
2628 4 2 0 0 974 926 2540 890
2629 4 2 0 0 1219 1228 1165 2588
2630 4 2 0 0 718 671 3131 634
2631 4 2 0 0 1025 974 3138 938
2632 4 2 0 0 1056 2540 974 1008
2633 4 2 0 0 1177 1109 1056 2942
2634 4 2 0 0 2496 645 597 566
2635 4 2 0 0 3189 3211 3157 2542
2636 4 2 0 0 2934 480 434 407
2637 4 2 0 0 2496 480 513 2934
2638 4 2 0 0 2934 480 407 448
2639 4 2 0 0 2934 407 379 448
2640 4 2 0 0 2934 428 448 379
2641 4 2 0 0 2934 448 428 498
2642 4 2 0 0 2496 498 533 448
2643 4 2 0 0 2496 533 498 584
2644 4 2 0 0 2496 3029 584 498
2645 4 2 0 0 3009 584 3029 643
2646 4 2 0 0 2495 564 619 643
2647 4 2 0 0 2501 578 504 574
2648 4 2 0 0 133 106 3230 95
2649 4 2 0 0 3029 564 584 498
2650 4 2 0 0 2496 584 615 533
2651 4 2 0 0 2496 448 533 480
2652 4 2 0 0 3029 564 498 484
2653 4 2 0 0 203 249 2474 277
2654 4 2 0 0 2496 533 566 480
2655 4 2 0 0 2496 615 566 533
2656 4 2 0 0 1219 1274 2589 1177
2657 4 2 0 0 1219 1109 1177 2942
2658 4 2 0 0 1163 2591 1190 1259
2659 4 2 0 0 3277 3189 3009 2542
2660 4 2 0 0 3211 880 848 3189
2661 4 2 0 0 669 584 615 2496
2662 4 2 0 0 669 584 3009 643
2663 4 2 0 0 754 669 3009 731
2664 4 2 0 0 1013 2541 985 923
2665 4 2 0 0 2934 428 3101 498
2666 4 2 0 0 1029 942 970 2541
2667 4 2 0 0 2592 2942 3223 3121
2668 4 2 0 0 934 848 880 3189
2669 4 2 0 0 3189 3211 3277 848
2670 4 2 0 0 3030 747 833 774
2671 4 2 0 0 2591 1325 1429 1355
2672 4 2 0 0 2541 774 833 865
2673 4 2 0 0 1121 1146 1215 2591
2674 4 2 0 0 3030 833 2541 774
2675 4 2 0 0 1013 923 942 2541
2676 4 2 0 0 3009 731 708 797
2677 4 2 0 0 3030 817 833 747
2678 4 2 0 0 3114 817 897 833
2679 4 2 0 0 3114 817 884 897
2680 4 2 0 0 2591 1282 1382 1310
2681 4 2 0 0 1029 2591 1121 1098
2682 4 2 0 0 2541 970 887 942
2683 4 2 0 0 2541 942 887 865
2684 4 2 0 0 2541 797 865 887
2685 4 2 0 0 3009 887 819 797
2686 4 2 0 0 3037 2542 3009 3189
2687 4 2 0 0 2541 797 887 3009
2688 4 2 0 0 2541 774 797 3009
2689 4 2 0 0 690 619 708 2495
2690 4 2 0 0 690 747 3030 774
2691 4 2 0 0 3189 887 910 819
2692 4 2 0 0 3189 887 970 910
2693 4 2 0 0 3189 970 997 910
2694 4 2 0 0 3189 1057 997 970
2695 4 2 0 0 1029 970 1057 3189
2696 4 2 0 0 2591 1146 1215 1239
2697 4 2 0 0 2591 1282 1310 1215
2698 4 2 0 0 2514 586 675 632
2699 4 2 0 0 3009 708 774 797
2700 4 2 0 0 2541 865 797 774
2701 4 2 0 0 2541 923 942 865
2702 4 2 0 0 2541 897 923 833
2703 4 2 0 0 1013 2541 942 1029
2704 4 2 0 0 1013 1098 2541 1029
2705 4 2 0 0 1232 1325 1299 2911
2706 4 2 0 0 1190 1259 2591 1282
2707 4 2 0 0 979 2587 976 1080
2708 4 2 0 0 1163 2591 1098 1190
2709 4 2 0 0 2546 1010 1067 1092
2710 4 2 0 0 2472 383 385 324
2711 4 2 0 0 741 2500 655 641
2712 4 2 0 0 2546 924 943 870
2713 4 2 0 0 508 586 2514 548
2714 4 2 0 0 714 647 723 2500
2715 4 2 0 0 2495 542 619 564
2716 4 2 0 0 2501 519 578 589
2717 4 2 0 0 641 2500 647 714
2718 4 2 0 0 667 747 3030 690
2719 4 2 0 0 576 558 629 2507
2720 4 2 0 0 3009 584 669 2496
2721 4 2 0 0 686 3127 605 653
2722 4 2 0 0 2501 647 578 574
2723 4 2 0 0 508 2514 439 477
2724 4 2 0 0 2501 519 504 578
2725 4 2 0 0 2477 313 293 251
2726 4 2 0 0 2493 150 155 112
2727 4 2 0 0 430 413 488 2944
2728 4 2 0 0 2507 611 558 629
2729 4 2 0 0 3032 523 467 539
2730 4 2 0 0 840 783 852 2546
2731 4 2 0 0 308 287 247 2486
2732 4 2 0 0 3127 637 673 722
2733 4 2 0 0 2595 1375 1409 1314
2734 4 2 0 0 500 558 2507 488
2735 4 2 0 0 840 2546 924 900
2736 4 2 0 0 900 982 2546 924
2737 4 2 0 0 1226 3018 1321 1278
2738 4 2 0 0 2595 1286 1375 1314
2739 4 2 0 0 3032 504 2501 446
2740 4 2 0 0 2501 647 659 578
2741 4 2 0 0 2507 3032 539 595
2742 4 2 0 0 548 632 2514 594
2743 4 2 0 0 605 2507 529 576
2744 4 2 0 0 2501 659 589 578
2745 4 2 0 0 595 655 665 3010
2746 4 2 0 0 3032 595 523 539
2747 4 2 0 0 750 665 720 3010
2748 4 2 0 0 3010 720 655 665
2749 4 2 0 0 2472 385 383 444
2750 4 2 0 0 582 655 2500 641
2751 4 2 0 0 582 3032 595 523
2752 4 2 0 0 582 2500 655 595
2753 4 2 0 0 1222 1155 2628 1127
2754 4 2 0 0 2507 680 665 611
2755 4 2 0 0 2507 3010 595 665
2756 4 2 0 0 2507 611 665 595
2757 4 2 0 0 2507 697 680 629
2758 4 2 0 0 500 529 2507 576
2759 4 2 0 0 548 511 2514 477
2760 4 2 0 0 500 2507 558 576
2761 4 2 0 0 2507 611 595 539
2762 4 2 0 0 2507 488 558 539
2763 4 2 0 0 2507 629 680 611
2764 4 2 0 0 776 680 750 3010
2765 4 2 0 0 653 629 697 2507
2766 4 2 0 0 511 437 486 2514
2767 4 2 0 0 2595 1314 1409 1343
2768 4 2 0 0 3056 409 437 486
2769 4 2 0 0 678 711 2968 623
2770 4 2 0 0 2514 605 529 560
2771 4 2 0 0 477 404 437 2514
2772 4 2 0 0 241 210 272 2481
2773 4 2 0 0 2514 486 3056 437
2774 4 2 0 0 389 326 351 3139
2775 4 2 0 0 686 3127 653 733
2776 4 2 0 0 950 990 1044 2560
2777 4 2 0 0 2595 1375 1286 1341
2778 4 2 0 0 1101 1143 3080 1044
2779 4 2 0 0 1197 1286 1245 2595
2780 4 2 0 0 3236 872 2568 928
2781 4 2 0 0 2560 3127 3080 3112
2782 4 2 0 0 825 872 2568 3279
2783 4 2 0 0 689 658 604 2521
2784 4 2 0 0 3244 2603 3118 3172
2785 4 2 0 0 1217 1257 1308 2602
2786 4 2 0 0 2595 1182 2917 1092
2787 4 2 0 0 1217 2602 1308 1267
2788 4 2 0 0 840 852 924 2546
2789 4 2 0 0 776 828 3250 878
2790 4 2 0 0 1073 1131 2595 1051
2791 4 2 0 0 1226 2602 1174 1267
2792 4 2 0 0 1226 1267 1321 2602
2793 4 2 0 0 1137 3118 1087 1174
2794 4 2 0 0 1174 2602 1217 1267
2795 4 2 0 0 1174 2602 1125 1217
2796 4 2 0 0 1174 3118 1125 2602
2797 4 2 0 0 509 2529 2984 3209
2798 4 2 0 0 2546 1023 1010 1092
2799 4 2 0 0 2595 1247 1153 1220
2800 4 2 0 0 2595 1286 1314 1220
2801 4 2 0 0 2595 1314 1247 1220
2802 4 2 0 0 1137 3018 1186 1095
2803 4 2 0 0 1201 1295 2619 1243
2804 4 2 0 0 1201 1254 2619 1295
2805 4 2 0 0 2508 2944 3032 3023
2806 4 2 0 0 38 61 2469 42
2807 4 2 0 0 3114 943 884 870
2808 4 2 0 0 2595 1247 1182 1153
2809 4 2 0 0 776 2507 3250 784
2810 4 2 0 0 446 444 2501 2472
2811 4 2 0 0 1131 1067 1153 2595
2812 4 2 0 0 2595 1247 1276 1182
2813 4 2 0 0 950 999 2560 1044
2814 4 2 0 0 917 3250 828 878
2815 4 2 0 0 3250 868 828 784
2816 4 2 0 0 950 898 2560 999
2817 4 2 0 0 2514 673 594 632
2818 4 2 0 0 2595 1276 1343 2911
2819 4 2 0 0 3042 1341 1437 1375
2820 4 2 0 0 1073 1157 2595 1197
2821 4 2 0 0 720 3010 830 750
2822 4 2 0 0 2595 1276 1247 1343
2823 4 2 0 0 2595 1153 1182 1092
2824 4 2 0 0 2595 1314 1343 1247
2825 4 2 0 0 1051 957 2546 1073
2826 4 2 0 0 2546 1023 943 1010
2827 4 2 0 0 2546 943 924 1010
2828 4 2 0 0 2546 786 714 783
2829 4 2 0 0 2546 786 723 714
2830 4 2 0 0 2546 783 852 786
2831 4 2 0 0 2546 870 786 852
2832 4 2 0 0 2546 852 924 870
2833 4 2 0 0 776 697 680 2507
2834 4 2 0 0 38 2469 61 60
2835 4 2 0 0 50 58 3103 34
2836 4 2 0 0 174 2477 232 192
2837 4 2 0 0 517 504 3032 446
2838 4 2 0 0 574 641 582 2500
2839 4 2 0 0 2944 358 413 343
2840 4 2 0 0 203 256 277 2474
2841 4 2 0 0 517 3032 582 523
2842 4 2 0 0 198 207 2473 161
2843 4 2 0 0 574 3032 2501 2500
2844 4 2 0 0 333 347 393 3022
2845 4 2 0 0 2472 385 444 454
2846 4 2 0 0 2501 454 444 519
2847 4 2 0 0 2501 519 444 504
2848 4 2 0 0 2501 519 525 454
2849 4 2 0 0 2501 465 393 454
2850 4 2 0 0 2478 2469 3171 3162
2851 4 2 0 0 2472 446 3023 2501
2852 4 2 0 0 2501 465 454 525
2853 4 2 0 0 2472 324 270 321
2854 4 2 0 0 2501 3030 589 659
2855 4 2 0 0 3030 667 589 659
2856 4 2 0 0 525 3029 607 2501
2857 4 2 0 0 2501 607 589 3030
2858 4 2 0 0 2501 589 525 519
2859 4 2 0 0 333 385 324 2472
2860 4 2 0 0 2532 2920 3058 3070
2861 4 2 0 0 174 221 232 2477
2862 4 2 0 0 2472 321 387 383
2863 4 2 0 0 2472 321 383 324
2864 4 2 0 0 2501 659 647 3030
2865 4 2 0 0 2477 358 343 293
2866 4 2 0 0 2477 293 313 358
2867 4 2 0 0 234 245 289 2473
2868 4 2 0 0 3139 439 417 482
2869 4 2 0 0 196 247 228 2486
2870 4 2 0 0 278 324 270 2472
2871 4 2 0 0 333 393 385 2472
2872 4 2 0 0 2477 282 293 343
2873 4 2 0 0 2477 221 274 217
2874 4 2 0 0 3006 3170 3199 2478
2875 4 2 0 0 203 204 2474 169
2876 4 2 0 0 2473 297 289 347
2877 4 2 0 0 2473 289 297 245
2878 4 2 0 0 2473 297 259 245
2879 4 2 0 0 2473 259 207 245
2880 4 2 0 0 2944 343 413 396
2881 4 2 0 0 2477 274 221 282
2882 4 2 0 0 2477 274 282 329
2883 4 2 0 0 262 316 306 2486
2884 4 2 0 0 2477 3005 217 274
2885 4 2 0 0 2473 317 259 297
2886 4 2 0 0 2473 317 280 259
2887 4 2 0 0 2473 280 226 259
2888 4 2 0 0 2473 207 259 226
2889 4 2 0 0 133 95 3230 127
2890 4 2 0 0 181 234 223 3005
2891 4 2 0 0 2473 249 226 280
2892 4 2 0 0 2473 280 304 249
2893 4 2 0 0 2473 304 280 341
2894 4 2 0 0 2470 4 6 1
2895 4 2 0 0 198 234 181 3005
2896 4 2 0 0 2477 293 282 232
2897 4 2 0 0 2477 343 396 329
2898 4 2 0 0 3023 396 387 329
2899 4 2 0 0 3023 329 387 321
2900 4 2 0 0 274 321 329 3023
2901 4 2 0 0 2477 274 3023 3005
2902 4 2 0 0 274 270 321 3005
2903 4 2 0 0 2477 3023 274 329
2904 4 2 0 0 145 2474 169 203
2905 4 2 0 0 129 143 2477 174
2906 4 2 0 0 223 278 3005 234
2907 4 2 0 0 174 143 2477 192
2908 4 2 0 0 2477 221 232 282
2909 4 2 0 0 198 148 161 2473
2910 4 2 0 0 167 2477 174 129
2911 4 2 0 0 26 16 34 3103
2912 4 2 0 0 3079 2483 2478 3008
2913 4 2 0 0 2482 3248 3191 3103
2914 4 2 0 0 167 221 174 2477
2915 4 2 0 0 167 217 221 2477
2916 4 2 0 0 137 2473 178 185
2917 4 2 0 0 198 245 2473 207
2918 4 2 0 0 198 2473 245 234
2919 4 2 0 0 170 217 167 3005
2920 4 2 0 0 167 217 2477 3005
2921 4 2 0 0 32 3079 14 20
2922 4 2 0 0 41 2469 20 38
2923 4 2 0 0 178 249 2474 203
2924 4 2 0 0 137 119 2473 161
2925 4 2 0 0 185 226 2473 178
2926 4 2 0 0 185 207 2473 226
2927 4 2 0 0 185 2473 207 161
2928 4 2 0 0 32 20 41 3170
2929 4 2 0 0 60 3200 61 82
2930 4 2 0 0 3199 2469 3200 2478
2931 4 2 0 0 137 161 2473 185
2932 4 2 0 0 20 2469 8 21
2933 4 2 0 0 41 2469 38 60
2934 4 2 0 0 3170 2478 2469 3199
2935 4 2 0 0 3124 159 131 116
2936 4 2 0 0 2521 508 482 556
2937 4 2 0 0 2471 30 18 11
2938 4 2 0 0 11 4 18 2929
2939 4 2 0 0 302 272 337 3056
2940 4 2 0 0 424 2536 490 415
2941 4 2 0 0 5 2470 4 11
2942 4 2 0 0 5 1 4 2470
2943 4 2 0 0 3124 159 116 146
2944 4 2 0 0 928 872 2568 825
2945 4 2 0 0 26 3103 34 50
2946 4 2 0 0 2481 183 131 159
2947 4 2 0 0 3103 9 16 24
2948 4 2 0 0 3103 58 76 47
2949 4 2 0 0 3103 47 24 34
2950 4 2 0 0 3103 34 58 47
2951 4 2 0 0 492 2529 443 502
2952 4 2 0 0 306 2984 350 300
2953 4 2 0 0 658 711 2968 743
2954 4 2 0 0 2952 3260 111 124
2955 4 2 0 0 7 1 2470 3
2956 4 2 0 0 236 205 258 2492
2957 4 2 0 0 156 113 151 2493
2958 4 2 0 0 2486 135 139 172
2959 4 2 0 0 555 2534 581 510
2960 4 2 0 0 31 2471 55 37
2961 4 2 0 0 200 190 2493 238
2962 4 2 0 0 2486 179 135 172
2963 4 2 0 0 2482 3124 3248 3241
2964 4 2 0 0 300 323 255 2491
2965 4 2 0 0 200 253 238 2492
2966 4 2 0 0 200 190 155 2493
2967 4 2 0 0 649 676 2529 599
2968 4 2 0 0 2482 3248 3103 3241
2969 4 2 0 0 213 253 200 2492
2970 4 2 0 0 3127 3080 3112 2561
2971 4 2 0 0 3197 255 243 194
2972 4 2 0 0 219 172 179 2486
2973 4 2 0 0 2486 176 243 215
2974 4 2 0 0 2486 176 172 139
2975 4 2 0 0 241 183 2481 211
2976 4 2 0 0 262 243 2486 306
2977 4 2 0 0 31 2471 19 11
2978 4 2 0 0 265 211 241 2481
2979 4 2 0 0 265 2481 247 211
2980 4 2 0 0 300 2491 350 323
2981 4 2 0 0 306 243 2486 300
2982 4 2 0 0 302 272 2481 241
2983 4 2 0 0 2929 12 16 6
2984 4 2 0 0 2956 2471 3221 2957
2985 4 2 0 0 2486 172 176 215
2986 4 2 0 0 2470 2 3 1
2987 4 2 0 0 2929 6 16 9
2988 4 2 0 0 2470 9 2 6
2989 4 2 0 0 3079 14 2 9
2990 4 2 0 0 3079 2 14 8
2991 4 2 0 0 2470 15 3 8
2992 4 2 0 0 2929 4 18 12
2993 4 2 0 0 2471 30 54 36
2994 4 2 0 0 2970 728 713 652
2995 4 2 0 0 2471 54 49 78
2996 4 2 0 0 2928 3243 3106 2484
2997 4 2 0 0 2470 15 10 3
2998 4 2 0 0 2470 3 2 8
2999 4 2 0 0 2470 2 1 6
3000 4 2 0 0 316 326 371 3139
3001 4 2 0 0 3221 2957 2488 2956
3002 4 2 0 0 470 469 2537 398
3003 4 2 0 0 31 11 30 2471
3004 4 2 0 0 545 2537 541 618
3005 4 2 0 0 1105 1162 1061 3074
3006 4 2 0 0 241 183 210 2481
3007 4 2 0 0 2481 143 157 192
3008 4 2 0 0 2481 210 192 157
3009 4 2 0 0 2481 210 251 192
3010 4 2 0 0 2481 210 272 251
3011 4 2 0 0 3056 313 272 337
3012 4 2 0 0 2481 272 313 251
3013 4 2 0 0 2481 183 159 211
3014 4 2 0 0 2481 157 114 131
3015 4 2 0 0 2481 114 157 143
3016 4 2 0 0 308 2481 247 265
3017 4 2 0 0 3124 146 135 179
3018 4 2 0 0 2493 150 190 155
3019 4 2 0 0 2481 3124 196 159
3020 4 2 0 0 31 2471 37 19
3021 4 2 0 0 2471 18 30 36
3022 4 2 0 0 196 211 247 2481
3023 4 2 0 0 261 2490 220 216
3024 4 2 0 0 3127 637 686 605
3025 4 2 0 0 2536 635 701 712
3026 4 2 0 0 492 502 552 2529
3027 4 2 0 0 892 988 965 2582
3028 4 2 0 0 291 2492 258 299
3029 4 2 0 0 3197 205 163 188
3030 4 2 0 0 3197 194 163 205
3031 4 2 0 0 2492 205 258 255
3032 4 2 0 0 236 188 205 2492
3033 4 2 0 0 3197 194 205 255
3034 4 2 0 0 3197 163 141 188
3035 4 2 0 0 2492 165 188 141
3036 4 2 0 0 580 601 662 2528
3037 4 2 0 0 291 2492 263 236
3038 4 2 0 0 883 857 2586 791
3039 4 2 0 0 378 2494 374 328
3040 4 2 0 0 378 3255 2494 328
3041 4 2 0 0 2641 2953 2990 2940
3042 4 2 0 0 614 618 541 2537
3043 4 2 0 0 904 883 2586 813
3044 4 2 0 0 2487 3257 110 3253
3045 4 2 0 0 2487 152 3253 110
3046 4 2 0 0 2521 508 439 482
3047 4 2 0 0 2487 123 3197 152
3048 4 2 0 0 362 371 419 3139
3049 4 2 0 0 196 146 3124 179
3050 4 2 0 0 302 335 265 2481
3051 4 2 0 0 2487 152 110 123
3052 4 2 0 0 1224 3186 1312 2628
3053 4 2 0 0 2528 623 678 2968
3054 4 2 0 0 950 990 2560 895
3055 4 2 0 0 1224 1272 2628 1312
3056 4 2 0 0 2897 3047 2685 2825
3057 4 2 0 0 219 2486 262 215
3058 4 2 0 0 219 215 172 2486
3059 4 2 0 0 306 316 362 2486
3060 4 2 0 0 269 2486 262 219
3061 4 2 0 0 269 2486 316 262
3062 4 2 0 0 269 326 316 2486
3063 4 2 0 0 269 2486 287 326
3064 4 2 0 0 389 3139 417 450
3065 4 2 0 0 196 159 211 2481
3066 4 2 0 0 477 439 404 2514
3067 4 2 0 0 496 2521 547 478
3068 4 2 0 0 2514 560 529 486
3069 4 2 0 0 3112 717 673 632
3070 4 2 0 0 308 351 287 3139
3071 4 2 0 0 308 335 2481 265
3072 4 2 0 0 950 855 895 2560
3073 4 2 0 0 527 461 2529 502
3074 4 2 0 0 3279 2568 3166 872
3075 4 2 0 0 1214 2619 1162 1254
3076 4 2 0 0 2628 1420 1339 1401
3077 4 2 0 0 2628 1272 1339 1357
3078 4 2 0 0 2628 1420 1357 1339
3079 4 2 0 0 888 981 939 2575
3080 4 2 0 0 2968 851 798 762
3081 4 2 0 0 2968 762 798 711
3082 4 2 0 0 3236 2568 2971 928
3083 4 2 0 0 1129 2628 3186 1224
3084 4 2 0 0 907 939 2575 851
3085 4 2 0 0 2628 1288 2914 1316
3086 4 2 0 0 2628 1194 2914 1288
3087 4 2 0 0 2628 1194 2912 2914
3088 4 2 0 0 935 2575 1027 2912
3089 4 2 0 0 2914 1316 1288 1378
3090 4 2 0 0 2628 1249 1316 1339
3091 4 2 0 0 2628 1339 1272 1249
3092 4 2 0 0 3108 1357 1417 1312
3093 4 2 0 0 2628 3271 3186 3108
3094 4 2 0 0 496 522 2521 450
3095 4 2 0 0 1214 1254 1302 2619
3096 4 2 0 0 1193 1243 1149 3046
3097 4 2 0 0 3074 3046 3247 2620
3098 4 2 0 0 1149 1243 1201 2619
3099 4 2 0 0 2528 678 601 662
3100 4 2 0 0 548 594 2514 511
3101 4 2 0 0 511 560 2514 486
3102 4 2 0 0 1101 2610 1143 1193
3103 4 2 0 0 1044 1143 3080 1095
3104 4 2 0 0 739 662 678 2528
3105 4 2 0 0 2560 3127 3094 3080
3106 4 2 0 0 1097 1129 1184 2628
3107 4 2 0 0 1162 2619 1201 1254
3108 4 2 0 0 882 972 945 2937
3109 4 2 0 0 689 2521 3279 658
3110 4 2 0 0 689 3279 779 743
3111 4 2 0 0 3080 3018 3046 2611
3112 4 2 0 0 3080 990 1044 1095
3113 4 2 0 0 649 599 2529 572
3114 4 2 0 0 689 639 726 3166
3115 4 2 0 0 689 2521 604 639
3116 4 2 0 0 2521 556 586 508
3117 4 2 0 0 2528 2968 678 739
3118 4 2 0 0 568 2521 496 522
3119 4 2 0 0 3127 686 637 722
3120 4 2 0 0 3056 486 452 409
3121 4 2 0 0 508 477 548 2514
3122 4 2 0 0 2514 3056 404 437
3123 4 2 0 0 2514 529 452 486
3124 4 2 0 0 389 450 432 3139
3125 4 2 0 0 477 2514 437 511
3126 4 2 0 0 547 2528 601 531
3127 4 2 0 0 2514 675 3112 632
3128 4 2 0 0 2514 637 594 673
3129 4 2 0 0 496 450 3139 432
3130 4 2 0 0 2521 639 675 586
3131 4 2 0 0 3166 726 675 639
3132 4 2 0 0 554 458 2529 527
3133 4 2 0 0 2521 522 556 482
3134 4 2 0 0 389 3139 371 326
3135 4 2 0 0 552 2529 502 572
3136 4 2 0 0 599 676 2529 627
3137 4 2 0 0 705 2528 627 662
3138 4 2 0 0 496 3139 478 432
3139 4 2 0 0 568 2521 623 547
3140 4 2 0 0 568 623 2521 658
3141 4 2 0 0 568 547 496 2521
3142 4 2 0 0 658 711 623 2968
3143 4 2 0 0 604 2521 568 522
3144 4 2 0 0 604 556 639 2521
3145 4 2 0 0 604 522 556 2521
3146 4 2 0 0 406 2491 458 2529
3147 4 2 0 0 570 635 2536 651
3148 4 2 0 0 907 851 2575 820
3149 4 2 0 0 1097 1034 2575 1004
3150 4 2 0 0 856 882 2582 790
3151 4 2 0 0 554 527 2529 599
3152 4 2 0 0 580 2528 531 601
3153 4 2 0 0 509 531 580 2528
3154 4 2 0 0 458 2529 2984 509
3155 4 2 0 0 572 2529 527 599
3156 4 2 0 0 527 461 458 2529
3157 4 2 0 0 458 2984 423 509
3158 4 2 0 0 406 2491 323 373
3159 4 2 0 0 406 461 2529 458
3160 4 2 0 0 808 2582 3012 826
3161 4 2 0 0 554 509 2529 458
3162 4 2 0 0 377 2491 323 406
3163 4 2 0 0 373 2491 423 458
3164 4 2 0 0 373 2491 350 423
3165 4 2 0 0 373 2491 323 350
3166 4 2 0 0 535 552 609 2535
3167 4 2 0 0 554 2529 627 599
3168 4 2 0 0 554 627 2528 580
3169 4 2 0 0 554 580 2528 509
3170 4 2 0 0 572 2529 502 527
3171 4 2 0 0 3077 3151 2576 3089
3172 4 2 0 0 621 701 2536 635
3173 4 2 0 0 2535 572 625 649
3174 4 2 0 0 1169 2912 1237 1144
3175 4 2 0 0 892 876 808 2582
3176 4 2 0 0 535 591 2535 609
3177 4 2 0 0 1159 1255 2635 1188
3178 4 2 0 0 3012 767 826 2582
3179 4 2 0 0 609 591 2535 663
3180 4 2 0 0 2538 545 563 622
3181 4 2 0 0 844 788 874 2575
3182 4 2 0 0 1059 1027 967 2575
3183 4 2 0 0 1107 1203 1180 2640
3184 4 2 0 0 1188 1210 2635 1115
3185 4 2 0 0 1222 2628 1194 1127
3186 4 2 0 0 1188 1280 2635 1210
3187 4 2 0 0 844 935 2575 874
3188 4 2 0 0 892 876 2582 965
3189 4 2 0 0 1097 2628 1155 1059
3190 4 2 0 0 1097 2971 1034 1129
3191 4 2 0 0 1222 1194 2628 1288
3192 4 2 0 0 945 972 1042 2937
3193 4 2 0 0 1004 939 1034 2575
3194 4 2 0 0 1127 1059 1155 2628
3195 4 2 0 0 1004 967 2575 1059
3196 4 2 0 0 1004 2575 907 939
3197 4 2 0 0 967 2575 935 874
3198 4 2 0 0 535 515 463 3085
3199 4 2 0 0 1004 907 2575 967
3200 4 2 0 0 967 1027 935 2575
3201 4 2 0 0 967 907 2575 874
3202 4 2 0 0 1184 1249 2628 1272
3203 4 2 0 0 1184 1272 2628 1224
3204 4 2 0 0 1097 2628 1184 1155
3205 4 2 0 0 1097 2575 1059 1004
3206 4 2 0 0 1237 2912 2635 1144
3207 4 2 0 0 1210 1237 1306 2635
3208 4 2 0 0 2536 701 780 712
3209 4 2 0 0 1042 1015 2582 1115
3210 4 2 0 0 892 2582 920 988
3211 4 2 0 0 1063 3017 965 988
3212 4 2 0 0 892 826 2582 808
3213 4 2 0 0 892 920 2582 826
3214 4 2 0 0 621 701 695 2536
3215 4 2 0 0 705 3089 788 752
3216 4 2 0 0 945 1015 2582 1042
3217 4 2 0 0 703 625 649 2535
3218 4 2 0 0 1169 2912 1144 1071
3219 4 2 0 0 1042 2937 972 1071
3220 4 2 0 0 424 490 2536 494
3221 4 2 0 0 744 684 767 2535
3222 4 2 0 0 826 856 920 2582
3223 4 2 0 0 767 3077 2535 703
3224 4 2 0 0 1006 935 1027 2912
3225 4 2 0 0 903 3151 844 935
3226 4 2 0 0 705 662 739 2528
3227 4 2 0 0 684 2535 625 703
3228 4 2 0 0 767 703 2535 684
3229 4 2 0 0 812 882 3151 903
3230 4 2 0 0 856 945 2582 882
3231 4 2 0 0 826 2582 767 856
3232 4 2 0 0 920 1015 2582 945
3233 4 2 0 0 920 945 2582 856
3234 4 2 0 0 920 988 2582 1015
3235 4 2 0 0 3012 2536 651 591
3236 4 2 0 0 744 2535 663 684
3237 4 2 0 0 236 2492 213 188
3238 4 2 0 0 3012 712 651 2536
3239 4 2 0 0 231 2493 187 230
3240 4 2 0 0 609 684 663 2535
3241 4 2 0 0 3205 2538 3036 2585
3242 4 2 0 0 1151 1241 2640 1180
3243 4 2 0 0 472 470 541 2537
3244 4 2 0 0 402 470 472 2537
3245 4 2 0 0 832 2587 906 836
3246 4 2 0 0 617 695 693 2537
3247 4 2 0 0 1091 1152 2642 1066
3248 4 2 0 0 494 2536 562 490
3249 4 2 0 0 617 695 2536 621
3250 4 2 0 0 544 2537 2536 617
3251 4 2 0 0 617 2536 695 2537
3252 4 2 0 0 424 494 2536 441
3253 4 2 0 0 1159 1088 1188 2635
3254 4 2 0 0 1230 1255 2635 1159
3255 4 2 0 0 1063 1088 3017 988
3256 4 2 0 0 1151 2640 1090 1180
3257 4 2 0 0 1151 1252 2640 1241
3258 4 2 0 0 609 2535 625 684
3259 4 2 0 0 2583 3265 3204 3195
3260 4 2 0 0 1089 1064 2973 989
3261 4 2 0 0 1179 1269 1209 2641
3262 4 2 0 0 1179 1305 2641 1178
3263 4 2 0 0 1179 1305 1269 2641
3264 4 2 0 0 2583 2530 2844 2536
3265 4 2 0 0 544 473 2536 2537
3266 4 2 0 0 614 2537 541 537
3267 4 2 0 0 2583 2577 2582 2852
3268 4 2 0 0 2583 3265 2582 3012
3269 4 2 0 0 2583 794 3265 3012
3270 4 2 0 0 2583 3204 3265 794
3271 4 2 0 0 2583 3017 3265 3195
3272 4 2 0 0 2583 3265 3017 2582
3273 4 2 0 0 2583 780 794 3012
3274 4 2 0 0 2583 3012 2536 780
3275 4 2 0 0 2538 2970 652 592
3276 4 2 0 0 2583 3195 3204 2948
3277 4 2 0 0 239 286 3180 231
3278 4 2 0 0 17 25 3106 35
3279 4 2 0 0 540 473 2537 469
3280 4 2 0 0 540 2537 473 544
3281 4 2 0 0 609 625 2535 552
3282 4 2 0 0 187 150 190 2493
3283 4 2 0 0 3154 442 516 495
3284 4 2 0 0 3205 3194 3264 2585
3285 4 2 0 0 264 237 2952 292
3286 4 2 0 0 544 473 490 2536
3287 4 2 0 0 562 2536 635 621
3288 4 2 0 0 562 2536 544 490
3289 4 2 0 0 562 621 544 2536
3290 4 2 0 0 319 263 291 2492
3291 4 2 0 0 2919 2493 285 295
3292 4 2 0 0 441 515 494 2536
3293 4 2 0 0 443 2529 406 461
3294 4 2 0 0 570 591 2536 515
3295 4 2 0 0 570 591 651 2536
3296 4 2 0 0 570 515 2536 494
3297 4 2 0 0 443 461 502 2529
3298 4 2 0 0 441 3085 463 515
3299 4 2 0 0 3085 406 443 2529
3300 4 2 0 0 535 3085 2535 2536
3301 4 2 0 0 187 190 230 2493
3302 4 2 0 0 356 295 310 3091
3303 4 2 0 0 239 296 3180 286
3304 4 2 0 0 310 2492 319 369
3305 4 2 0 0 236 2492 263 213
3306 4 2 0 0 213 188 2492 165
3307 4 2 0 0 284 2493 285 2919
3308 4 2 0 0 213 165 2492 200
3309 4 2 0 0 354 299 2492 291
3310 4 2 0 0 310 2492 263 319
3311 4 2 0 0 238 230 190 2493
3312 4 2 0 0 238 2493 285 230
3313 4 2 0 0 291 2492 236 258
3314 4 2 0 0 213 2492 263 253
3315 4 2 0 0 151 187 191 2493
3316 4 2 0 0 398 469 2919 401
3317 4 2 0 0 200 165 2966 155
3318 4 2 0 0 319 291 354 2492
3319 4 2 0 0 299 258 255 2492
3320 4 2 0 0 299 255 323 2491
3321 4 2 0 0 299 2491 323 377
3322 4 2 0 0 319 391 2492 354
3323 4 2 0 0 354 377 3085 299
3324 4 2 0 0 340 339 2919 284
3325 4 2 0 0 303 3057 338 273
3326 4 2 0 0 781 713 702 2538
3327 4 2 0 0 201 254 3180 239
3328 4 2 0 0 284 2493 230 285
3329 4 2 0 0 356 369 3091 310
3330 4 2 0 0 156 3180 2493 191
3331 4 2 0 0 2490 180 173 136
3332 4 2 0 0 340 3215 286 284
3333 4 2 0 0 3215 284 231 286
3334 4 2 0 0 2538 636 571 652
3335 4 2 0 0 2587 1081 978 976
3336 4 2 0 0 231 2493 284 3215
3337 4 2 0 0 809 2586 893 827
3338 4 2 0 0 229 288 2490 268
3339 4 2 0 0 537 613 2537 540
3340 4 2 0 0 231 230 284 2493
3341 4 2 0 0 239 3180 296 254
3342 4 2 0 0 3264 2585 3194 2973
3343 4 2 0 0 156 191 2493 151
3344 4 2 0 0 156 166 3180 201
3345 4 2 0 0 2952 111 153 124
3346 4 2 0 0 111 3260 2489 3233
3347 4 2 0 0 266 303 242 2485
3348 4 2 0 0 3070 320 311 264
3349 4 2 0 0 35 25 3106 48
3350 4 2 0 0 151 150 2493 109
3351 4 2 0 0 151 2493 150 187
3352 4 2 0 0 244 257 2490 301
3353 4 2 0 0 229 248 2490 288
3354 4 2 0 0 201 3180 254 214
3355 4 2 0 0 240 2494 315 244
3356 4 2 0 0 311 3070 370 320
3357 4 2 0 0 191 239 201 3180
3358 4 2 0 0 231 2493 3215 3180
3359 4 2 0 0 191 187 231 2493
3360 4 2 0 0 151 113 109 2493
3361 4 2 0 0 264 2952 237 214
3362 4 2 0 0 2952 189 206 237
3363 4 2 0 0 142 2952 166 189
3364 4 2 0 0 191 3180 2493 231
3365 4 2 0 0 201 214 166 3180
3366 4 2 0 0 27 35 3106 51
3367 4 2 0 0 311 357 3180 296
3368 4 2 0 0 3180 286 3215 231
3369 4 2 0 0 472 2537 541 545
3370 4 2 0 0 2586 3078 2801 2580
3371 4 2 0 0 3070 2494 328 267
3372 4 2 0 0 264 2952 3070 292
3373 4 2 0 0 2952 267 237 206
3374 4 2 0 0 3070 320 292 355
3375 4 2 0 0 266 336 303 2485
3376 4 2 0 0 537 470 2537 541
3377 4 2 0 0 7 10 3 2470
3378 4 2 0 0 2956 2488 2929 2957
3379 4 2 0 0 184 209 2485 242
3380 4 2 0 0 479 497 2987 546
3381 4 2 0 0 140 111 153 2489
3382 4 2 0 0 7 17 10 3106
3383 4 2 0 0 184 2485 132 160
3384 4 2 0 0 184 158 132 2485
3385 4 2 0 0 7 5 13 2470
3386 4 2 0 0 3233 2489 3251 3260
3387 4 2 0 0 2490 140 136 173
3388 4 2 0 0 160 117 147 2485
3389 4 2 0 0 195 2952 206 240
3390 4 2 0 0 17 35 3106 27
3391 4 2 0 0 216 2490 173 177
3392 4 2 0 0 160 2485 132 117
3393 4 2 0 0 166 2952 214 189
3394 4 2 0 0 248 212 2485 266
3395 4 2 0 0 147 2983 2485 117
3396 4 2 0 0 140 3233 2489 2490
3397 4 2 0 0 2490 220 173 180
3398 4 2 0 0 471 510 2533 555
3399 4 2 0 0 212 2485 242 184
3400 4 2 0 0 140 111 2489 3233
3401 4 2 0 0 244 177 2490 216
3402 4 2 0 0 216 220 173 2490
3403 4 2 0 0 2490 180 136 147
3404 4 2 0 0 2952 2489 153 111
3405 4 2 0 0 2952 3260 2489 111
3406 4 2 0 0 142 2952 189 164
3407 4 2 0 0 79 78 2471 49
3408 4 2 0 0 537 469 540 2537
3409 4 2 0 0 79 2471 55 49
3410 4 2 0 0 108 2493 113 156
3411 4 2 0 0 108 3180 2493 156
3412 4 2 0 0 537 469 2537 470
3413 4 2 0 0 809 827 745 2586
3414 4 2 0 0 2642 1304 1209 1242
3415 4 2 0 0 3264 2585 2970 795
3416 4 2 0 0 2538 592 516 536
3417 4 2 0 0 696 2537 618 694
3418 4 2 0 0 2538 516 495 3154
3419 4 2 0 0 516 464 442 3154
3420 4 2 0 0 745 2539 685 664
3421 4 2 0 0 2641 1252 2953 1196
3422 4 2 0 0 312 2490 261 257
3423 4 2 0 0 2970 2539 664 592
3424 4 2 0 0 2641 1252 1196 1292
3425 4 2 0 0 2642 1271 1294 1362
3426 4 2 0 0 462 528 471 2533
3427 4 2 0 0 921 893 989 2586
3428 4 2 0 0 2585 2882 2538 3036
3429 4 2 0 0 3264 3205 2585 795
3430 4 2 0 0 2634 1379 2915 1289
3431 4 2 0 0 402 398 470 2537
3432 4 2 0 0 2586 2580 2801 2810
3433 4 2 0 0 2990 1413 3143 3142
3434 4 2 0 0 2642 1271 1362 1330
3435 4 2 0 0 1181 1242 1271 2642
3436 4 2 0 0 906 836 2587 916
3437 4 2 0 0 2642 1271 1330 1242
3438 4 2 0 0 2642 1304 1242 1330
3439 4 2 0 0 2538 516 571 495
3440 4 2 0 0 2538 592 652 571
3441 4 2 0 0 2538 3113 2539 536
3442 4 2 0 0 288 309 3140 352
3443 4 2 0 0 521 603 2527 569
3444 4 2 0 0 664 592 2539 610
3445 4 2 0 0 2532 3070 3113 3154
3446 4 2 0 0 2532 3070 2767 3113
3447 4 2 0 0 3107 3194 2638 3224
3448 4 2 0 0 2587 976 978 905
3449 4 2 0 0 1181 1152 2642 1091
3450 4 2 0 0 1209 1304 3107 1269
3451 4 2 0 0 2953 1081 1196 1135
3452 4 2 0 0 2538 491 495 563
3453 4 2 0 0 2538 652 713 636
3454 4 2 0 0 2641 1347 1305 1269
3455 4 2 0 0 2948 1081 1048 978
3456 4 2 0 0 1080 1081 1178 2953
3457 4 2 0 0 2587 978 915 905
3458 4 2 0 0 2641 1178 1292 1196
3459 4 2 0 0 1363 3145 1252 1303
3460 4 2 0 0 3154 495 425 442
3461 4 2 0 0 2538 636 563 571
3462 4 2 0 0 2538 622 563 636
3463 4 2 0 0 2538 495 491 425
3464 4 2 0 0 2538 491 563 545
3465 4 2 0 0 2538 491 545 472
3466 4 2 0 0 2538 416 425 491
3467 4 2 0 0 2538 472 416 491
3468 4 2 0 0 3188 2862 2996 2688
3469 4 2 0 0 2638 3177 3207 3188
3470 4 2 0 0 2641 1386 1292 1305
3471 4 2 0 0 2953 1081 1178 1196
3472 4 2 0 0 1179 2641 1209 1123
3473 4 2 0 0 1080 2641 1178 1179
3474 4 2 0 0 2641 2953 1080 1178
3475 4 2 0 0 1181 1108 1091 3224
3476 4 2 0 0 832 905 2587 835
3477 4 2 0 0 1123 2642 1209 1152
3478 4 2 0 0 1080 1123 2641 1179
3479 4 2 0 0 1080 976 1081 2587
3480 4 2 0 0 781 2538 2585 2970
3481 4 2 0 0 692 693 2537 613
3482 4 2 0 0 1181 2642 1152 1242
3483 4 2 0 0 906 905 976 2587
3484 4 2 0 0 702 2538 622 696
3485 4 2 0 0 702 713 636 2538
3486 4 2 0 0 3152 2580 3090 3078
3487 4 2 0 0 614 613 2537 537
3488 4 2 0 0 692 614 2537 694
3489 4 2 0 0 692 613 2537 614
3490 4 2 0 0 1043 2639 1145 1072
3491 4 2 0 0 795 3205 867 3264
3492 4 2 0 0 989 1064 2973 966
3493 4 2 0 0 702 636 622 2538
3494 4 2 0 0 3194 2585 3205 2949
3495 4 2 0 0 877 2586 893 809
3496 4 2 0 0 696 622 618 2538
3497 4 2 0 0 1211 1238 1145 2639
3498 4 2 0 0 966 2586 893 877
3499 4 2 0 0 3152 2580 3078 2586
3500 4 2 0 0 921 2586 989 1016
3501 4 2 0 0 766 857 791 2586
3502 4 2 0 0 883 2586 857 946
3503 4 2 0 0 921 857 2586 946
3504 4 2 0 0 1231 1160 3207 1256
3505 4 2 0 0 1231 1256 3207 1323
3506 4 2 0 0 989 2586 893 966
3507 4 2 0 0 1170 1145 1238 2639
3508 4 2 0 0 3224 3177 3207 2638
3509 4 2 0 0 1043 2586 973 946
3510 4 2 0 0 1116 2639 1145 1043
3511 4 2 0 0 3152 2586 2938 2580
3512 4 2 0 0 704 685 766 2539
3513 4 2 0 0 1189 1089 2639 1116
3514 4 2 0 0 1189 1160 1256 2639
3515 4 2 0 0 2634 1128 1195 2913
3516 4 2 0 0 1016 1043 2586 1116
3517 4 2 0 0 2634 2915 2913 1195
3518 4 2 0 0 1072 2639 1145 1170
3519 4 2 0 0 1189 2639 1089 1160
3520 4 2 0 0 766 857 2586 827
3521 4 2 0 0 813 2586 791 883
3522 4 2 0 0 1189 1281 2639 1256
3523 4 2 0 0 1189 1281 1211 2639
3524 4 2 0 0 1189 2639 1211 1116
3525 4 2 0 0 2634 1289 1195 1223
3526 4 2 0 0 704 791 3078 766
3527 4 2 0 0 921 2586 857 827
3528 4 2 0 0 766 685 745 2539
3529 4 2 0 0 766 827 2586 745
3530 4 2 0 0 1142 1094 1045 3082
3531 4 2 0 0 3238 2626 3246 2972
3532 4 2 0 0 2627 1213 1161 1253
3533 4 2 0 0 1202 1244 2627 1296
3534 4 2 0 0 873 3237 2574 927
3535 4 2 0 0 471 555 2533 528
3536 4 2 0 0 1142 2618 1236 1187
3537 4 2 0 0 438 3057 405 2520
3538 4 2 0 0 1171 2634 1130 1225
3539 4 2 0 0 2634 1273 1358 1340
3540 4 2 0 0 3082 949 1045 1000
3541 4 2 0 0 3246 2626 3238 3119
3542 4 2 0 0 2634 1358 1273 1313
3543 4 2 0 0 1150 2989 1244 1192
3544 4 2 0 0 2634 1317 1289 1223
3545 4 2 0 0 873 2574 3237 3163
3546 4 2 0 0 980 940 1035 2581
3547 4 2 0 0 2634 1402 1317 1340
3548 4 2 0 0 418 3140 451 483
3549 4 2 0 0 927 3270 3237 2574
3550 4 2 0 0 2634 1317 1402 1379
3551 4 2 0 0 2634 1402 1340 1421
3552 4 2 0 0 2634 1130 1185 1096
3553 4 2 0 0 2581 1096 1005 1035
3554 4 2 0 0 2634 1156 1096 1185
3555 4 2 0 0 2581 1005 940 1035
3556 4 2 0 0 2634 1313 1396 1358
3557 4 2 0 0 2972 1130 1096 1035
3558 4 2 0 0 3270 2809 2800 2581
3559 4 2 0 0 2634 1250 1223 1156
3560 4 2 0 0 2634 1128 1156 1223
3561 4 2 0 0 2627 1346 1253 1296
3562 4 2 0 0 2634 1185 1250 1156
3563 4 2 0 0 2627 3119 2989 3246
3564 4 2 0 0 2581 1005 1096 1060
3565 4 2 0 0 2581 1060 968 1005
3566 4 2 0 0 2581 968 908 1005
3567 4 2 0 0 2581 908 940 1005
3568 4 2 0 0 2581 940 908 850
3569 4 2 0 0 2581 821 850 908
3570 4 2 0 0 2581 875 821 908
3571 4 2 0 0 2581 789 821 875
3572 4 2 0 0 2581 789 875 845
3573 4 2 0 0 2581 875 936 845
3574 4 2 0 0 2581 936 875 968
3575 4 2 0 0 2581 1028 936 968
3576 4 2 0 0 2581 2913 936 1028
3577 4 2 0 0 261 220 2490 268
3578 4 2 0 0 1225 1273 2634 1185
3579 4 2 0 0 1225 1130 1185 2634
3580 4 2 0 0 936 2913 1007 1028
3581 4 2 0 0 3152 845 936 904
3582 4 2 0 0 3152 845 753 789
3583 4 2 0 0 3090 706 789 753
3584 4 2 0 0 3090 740 789 706
3585 4 2 0 0 778 725 688 2527
3586 4 2 0 0 1202 1161 1253 2627
3587 4 2 0 0 3119 1296 1384 1346
3588 4 2 0 0 2581 740 821 789
3589 4 2 0 0 2581 908 968 875
3590 4 2 0 0 2581 968 1060 1028
3591 4 2 0 0 587 2527 640 674
3592 4 2 0 0 2634 1358 1439 1421
3593 4 2 0 0 2634 1340 1250 1273
3594 4 2 0 0 2634 1156 1128 1060
3595 4 2 0 0 2634 1223 1195 1128
3596 4 2 0 0 2634 1250 1317 1223
3597 4 2 0 0 2634 1185 1273 1250
3598 4 2 0 0 3111 2520 631 674
3599 4 2 0 0 1150 1244 2627 1202
3600 4 2 0 0 1100 1192 2989 1150
3601 4 2 0 0 1100 2618 1192 1142
3602 4 2 0 0 3082 3237 3071 2626
3603 4 2 0 0 3082 894 949 854
3604 4 2 0 0 657 688 2527 742
3605 4 2 0 0 624 710 2969 679
3606 4 2 0 0 2567 3128 3082 3111
3607 4 2 0 0 3082 2974 2989 2618
3608 4 2 0 0 3082 2618 1142 1094
3609 4 2 0 0 3082 2618 1100 1142
3610 4 2 0 0 640 2527 725 674
3611 4 2 0 0 763 2969 679 740
3612 4 2 0 0 763 740 821 2581
3613 4 2 0 0 763 850 2581 821
3614 4 2 0 0 778 688 742 2527
3615 4 2 0 0 471 2533 510 3216
3616 4 2 0 0 889 2969 799 850
3617 4 2 0 0 889 850 940 2581
3618 4 2 0 0 927 824 3270 2574
3619 4 2 0 0 873 3163 3280 2574
3620 4 2 0 0 873 824 927 2574
3621 4 2 0 0 3270 2969 2574 824
3622 4 2 0 0 587 557 2527 507
3623 4 2 0 0 569 603 2527 657
3624 4 2 0 0 483 521 2527 451
3625 4 2 0 0 451 3140 433 497
3626 4 2 0 0 327 352 288 3140
3627 4 2 0 0 626 573 2539 650
3628 4 2 0 0 661 2534 679 602
3629 4 2 0 0 661 602 581 2534
3630 4 2 0 0 312 257 301 2490
3631 4 2 0 0 312 353 2490 301
3632 4 2 0 0 624 2534 546 602
3633 4 2 0 0 479 3140 497 433
3634 4 2 0 0 555 581 2534 628
3635 4 2 0 0 661 706 740 2534
3636 4 2 0 0 327 288 268 2490
3637 4 2 0 0 451 3140 390 433
3638 4 2 0 0 593 672 2520 631
3639 4 2 0 0 587 2520 674 631
3640 4 2 0 0 438 3057 2520 487
3641 4 2 0 0 438 487 2520 512
3642 4 2 0 0 438 3057 487 410
3643 4 2 0 0 212 2485 184 160
3644 4 2 0 0 549 507 587 2520
3645 4 2 0 0 624 2534 2987 546
3646 4 2 0 0 266 2485 309 336
3647 4 2 0 0 197 180 2490 147
3648 4 2 0 0 327 372 2490 312
3649 4 2 0 0 312 2490 353 363
3650 4 2 0 0 248 2485 309 266
3651 4 2 0 0 628 581 2534 661
3652 4 2 0 0 497 546 2527 2987
3653 4 2 0 0 327 268 312 2490
3654 4 2 0 0 229 2490 220 268
3655 4 2 0 0 229 197 2490 248
3656 4 2 0 0 229 180 220 2490
3657 4 2 0 0 229 2490 197 180
3658 4 2 0 0 312 372 2490 363
3659 4 2 0 0 312 268 261 2490
3660 4 2 0 0 624 2969 2534 679
3661 4 2 0 0 327 3140 372 390
3662 4 2 0 0 327 390 352 3140
3663 4 2 0 0 661 2534 740 679
3664 4 2 0 0 624 657 569 2527
3665 4 2 0 0 624 710 657 2969
3666 4 2 0 0 546 2527 569 497
3667 4 2 0 0 624 569 546 2527
3668 4 2 0 0 510 3216 2533 2987
3669 4 2 0 0 532 602 2534 581
3670 4 2 0 0 532 546 2534 602
3671 4 2 0 0 471 427 462 3216
3672 4 2 0 0 532 2987 2534 546
3673 4 2 0 0 510 2534 581 532
3674 4 2 0 0 462 3216 2533 471
3675 4 2 0 0 626 553 2539 573
3676 4 2 0 0 600 677 628 2533
3677 4 2 0 0 462 426 503 2533
3678 4 2 0 0 626 2539 704 650
3679 4 2 0 0 528 600 2533 573
3680 4 2 0 0 528 2533 503 573
3681 4 2 0 0 462 2533 503 528
3682 4 2 0 0 374 3216 353 301
3683 4 2 0 0 315 2494 301 244
3684 4 2 0 0 420 372 363 3140
3685 4 2 0 0 650 2533 677 600
3686 4 2 0 0 626 553 610 2539
3687 4 2 0 0 626 2539 610 685
3688 4 2 0 0 626 685 704 2539
3689 4 2 0 0 2157 2742 2205 2189
3690 4 2 0 0 2157 2205 2742 2145
3691 4 2 0 0 240 2494 2952 267
3692 4 2 0 0 2173 2742 2228 2947
3693 4 2 0 0 2055 2108 2121 2947
3694 4 2 0 0 830 2546 900 957
3695 4 2 0 0 830 2546 840 900
3696 4 2 0 0 830 2546 957 846
3697 4 2 0 0 830 840 2546 741
3698 4 2 0 0 830 3010 846 750
3699 4 2 0 0 2307 2755 2328 2292
3700 4 2 0 0 2307 2336 2755 2280
3701 4 2 0 0 2307 2755 2336 2328
3702 4 2 0 0 315 2494 267 328
3703 4 2 0 0 315 2494 240 267
3704 4 2 0 0 315 301 2494 374
3705 4 2 0 0 374 2494 378 426
3706 4 2 0 0 2947 2157 2121 2189
3707 4 2 0 0 2947 2157 2189 2742
3708 4 2 0 0 3141 2145 2108 2157
3709 4 2 0 0 2248 2755 2307 2245
3710 4 2 0 0 2248 2222 2755 2197
3711 4 2 0 0 2248 2197 2755 2245
3712 4 2 0 0 2248 2755 2222 2280
3713 4 2 0 0 957 2546 900 982
3714 4 2 0 0 957 994 3250 1073
3715 4 2 0 0 957 3250 994 878
3716 4 2 0 0 1640 1599 3192 1720
3717 4 2 0 0 1640 1535 2683 1599
3718 4 2 0 0 1640 2683 1535 1631
3719 4 2 0 0 1051 2546 957 982
3720 4 2 0 0 1051 2546 982 1067
3721 4 2 0 0 1753 1640 3192 1720
3722 4 2 0 0 374 3216 426 427
3723 4 2 0 0 374 3216 427 397
3724 4 2 0 0 374 2494 315 328
3725 4 2 0 0 2783 2721 2999 2961
3726 4 2 0 0 2994 2720 2719 2785
3727 4 2 0 0 2731 2867 2786 3275
3728 4 2 0 0 2963 2787 2872 2752
3729 4 2 0 0 3025 2480 2788 2964
3730 4 2 0 0 2988 3031 2967 2545
3731 4 2 0 0 2792 2967 2988 3031
3732 4 2 0 0 2505 2985 2504 2792
3733 4 2 0 0 2968 2798 2807 2575
3734 4 2 0 0 3280 2800 2574 2881
3735 4 2 0 0 2585 2801 2538 2882
3736 4 2 0 0 2593 2853 2988 2594
3737 4 2 0 0 2628 3271 2807 2971
3738 4 2 0 0 2574 2626 2886 2809
3739 4 2 0 0 3076 2696 2815 2690
3740 4 2 0 0 2700 3284 2817 2977
3741 4 2 0 0 3272 2817 2977 2700
3742 4 2 0 0 2662 3043 2891 2819
3743 4 2 0 0 2864 2708 2715 2823
3744 4 2 0 0 3256 2737 3084 2827
3745 4 2 0 0 2835 2542 3277 3009
3746 4 2 0 0 2835 3037 2542 3009
3747 4 2 0 0 2837 2507 2553 3010
3748 4 2 0 0 2552 2846 2601 2916
3749 4 2 0 0 3266 2853 3147 2648
3750 4 2 0 0 2992 2714 2783 2864
3751 4 2 0 0 2878 2544 3278 3132
3752 4 2 0 0 3279 2568 2879 3166
3753 4 2 0 0 3040 2644 2887 2645
3754 4 2 0 0 1398 1466 2910 1369
3755 4 2 0 0 1397 2911 1465 1368
3756 4 2 0 0 1071 1103 2912 1006
3757 4 2 0 0 1104 2913 1007 1072
3758 4 2 0 0 2914 1446 1359 1425
3759 4 2 0 0 2915 1447 1426 1360
3760 4 2 0 0 1024 1046 2916 1112
3761 4 2 0 0 1023 1047 1113 2917
3762 4 2 0 0 2073 2059 2127 2918
3763 4 2 0 0 2692 2003 2005 2918
3764 4 2 0 0 469 2537 2919 473
3765 4 2 0 0 2536 2919 2844 2537
3766 4 2 0 0 345 415 401 2919
3767 4 2 0 0 416 3215 346 402
3768 4 2 0 0 472 2537 2920 402
3769 4 2 0 0 2126 2058 2072 2921
3770 4 2 0 0 2692 2002 2921 2004
3771 4 2 0 0 3067 2747 2160 2201
3772 4 2 0 0 3067 2135 2092 2064
3773 4 2 0 0 3067 1988 2019 2713
3774 4 2 0 0 2514 452 3056 486
3775 4 2 0 0 3056 272 313 2481
3776 4 2 0 0 3056 409 381 337
3777 4 2 0 0 3057 273 2485 314
3778 4 2 0 0 3057 487 453 2520
3779 4 2 0 0 3057 410 338 382
3780 4 2 0 0 2743 2202 3064 2161
3781 4 2 0 0 3064 2065 2093 2136
3782 4 2 0 0 3064 2020 2065 1989
3783 4 2 0 0 2715 3063 2946 3065
3784 4 2 0 0 2937 2852 2576 2912
3785 4 2 0 0 2938 2580 2810 2913
3786 4 2 0 0 2098 2070 2137 2922
3787 4 2 0 0 2164 2747 2922 2137
3788 4 2 0 0 2034 2713 2070 2922
3789 4 2 0 0 308 2923 2481 335
3790 4 2 0 0 2514 404 2923 439
3791 4 2 0 0 375 404 2923 335
3792 4 2 0 0 405 440 2520 2924
3793 4 2 0 0 336 2924 376 405
3794 4 2 0 0 336 2485 309 2924
3795 4 2 0 0 2071 2939 2099 2138
3796 4 2 0 0 2071 2707 2033 2939
3797 4 2 0 0 2138 2743 2939 2165
3798 4 2 0 0 2755 3051 2222 2754
3799 4 2 0 0 3051 2168 2222 2754
3800 4 2 0 0 3227 2141 2106 2074
3801 4 2 0 0 3227 2038 3050 2730
3802 4 2 0 0 3227 2074 2038 2730
3803 4 2 0 0 2925 2107 2142 2075
3804 4 2 0 0 2925 2001 2730 1960
3805 4 2 0 0 2755 2169 2142 2925
3806 4 2 0 0 332 400 3226 364
3807 4 2 0 0 332 305 3226 276
3808 4 2 0 0 435 2497 400 3226
3809 4 2 0 0 2931 2504 3059 3055
3810 4 2 0 0 399 474 434 2926
3811 4 2 0 0 331 2474 2926 304
3812 4 2 0 0 399 2926 365 331
3813 4 2 0 0 3091 2791 2530 2919
3814 4 2 0 0 3092 2869 2697 2921
3815 4 2 0 0 2699 2918 2899 3093
3816 4 2 0 0 310 3091 295 2492
3817 4 2 0 0 356 2919 415 345
3818 4 2 0 0 356 2919 3091 415
3819 4 2 0 0 295 3091 2493 2492
3820 4 2 0 0 3215 357 416 346
3821 4 2 0 0 3180 2920 2493 3215
3822 4 2 0 0 2162 2734 3092 2177
3823 4 2 0 0 2116 2058 2126 3092
3824 4 2 0 0 2126 2921 3092 2058
3825 4 2 0 0 2918 2059 2127 2117
3826 4 2 0 0 3093 2736 2163 2178
3827 4 2 0 0 3093 2059 2918 2117
3828 4 2 0 0 3093 2736 2178 2735
3829 4 2 0 0 2594 1233 1326 2910
3830 4 2 0 0 2591 1325 1232 2911
3831 4 2 0 0 1042 2912 2635 2937
3832 4 2 0 0 1072 2913 2639 1170
3833 4 2 0 0 1336 2954 1404 1423
3834 4 2 0 0 1025 2942 1109 1082
3835 4 2 0 0 3145 1363 1444 1389
3836 4 2 0 0 2940 1445 1347 1390
3837 4 2 0 0 2940 1304 1390 1347
3838 4 2 0 0 2953 1048 1135 1065
3839 4 2 0 0 1066 2949 1049 1123
3840 4 2 0 0 3121 1335 1403 1422
3841 4 2 0 0 1083 1148 1026 2927
3842 4 2 0 0 13 2928 19 29
3843 4 2 0 0 3028 2929 2488 2957
3844 4 2 0 0 12 2929 28 18
3845 4 2 0 0 2930 2440 2456 2450
3846 4 2 0 0 2457 2451 2441 2959
3847 4 2 0 0 364 2931 342 408
3848 4 2 0 0 250 3286 305 3226
3849 4 2 0 0 435 3059 2497 3226
3850 4 2 0 0 2066 2932 2131 2106
3851 4 2 0 0 2755 2222 3051 3227
3852 4 2 0 0 2107 2933 2132 2067
3853 4 2 0 0 3068 2756 2132 2933
3854 4 2 0 0 2934 341 407 365
3855 4 2 0 0 2473 341 2934 3024
3856 4 2 0 0 1398 2935 1498 1430
3857 4 2 0 0 1398 2910 1466 2935
3858 4 2 0 0 1430 2648 2594 2910
3859 4 2 0 0 1429 2936 1497 1397
3860 4 2 0 0 1397 2911 2936 1465
3861 4 2 0 0 2591 1429 2911 2644
3862 4 2 0 0 2582 2937 945 1042
3863 4 2 0 0 1071 2912 2937 1006
3864 4 2 0 0 1043 2586 2938 973
3865 4 2 0 0 1072 2938 2913 1007
3866 4 2 0 0 398 2537 2919 469
3867 4 2 0 0 402 2537 2919 398
3868 4 2 0 0 3215 284 340 2919
3869 4 2 0 0 3215 2919 2920 2493
3870 4 2 0 0 2920 2537 2919 402
3871 4 2 0 0 2692 2076 2918 2005
3872 4 2 0 0 2692 2921 2076 2004
3873 4 2 0 0 2692 2921 2918 2076
3874 4 2 0 0 2056 2099 2939 2123
3875 4 2 0 0 375 351 3139 417
3876 4 2 0 0 352 376 3140 418
3877 4 2 0 0 2527 3140 440 483
3878 4 2 0 0 3141 2057 2122 2098
3879 4 2 0 0 3145 1363 3142 1444
3880 4 2 0 0 2940 1347 1445 1414
3881 4 2 0 0 1026 1102 2927 1148
3882 4 2 0 0 1056 2942 1109 1025
3883 4 2 0 0 2514 2923 404 3056
3884 4 2 0 0 3057 2520 2924 405
3885 4 2 0 0 3067 2713 2922 2070
3886 4 2 0 0 2071 2939 3064 2707
3887 4 2 0 0 3046 1377 1334 1432
3888 4 2 0 0 3094 1040 1095 1137
3889 4 2 0 0 1041 1136 2955 1094
3890 4 2 0 0 3097 1333 1376 1431
3891 4 2 0 0 9 22 3079 14
3892 4 2 0 0 3003 2446 2454 2459
3893 4 2 0 0 3003 2455 2447 2460
3894 4 2 0 0 3106 23 10 15
3895 4 2 0 0 2138 2939 2743 3064
3896 4 2 0 0 2137 3067 2747 2922
3897 4 2 0 0 1101 1149 1053 3074
3898 4 2 0 0 3072 1371 1418 1321
3899 4 2 0 0 1419 3073 1320 1370
3900 4 2 0 0 1100 1052 1150 3071
3901 4 2 0 0 2574 3237 3082 2626
3902 4 2 0 0 3226 2474 2926 331
3903 4 2 0 0 2755 2142 3227 2925
3904 4 2 0 0 436 3226 400 2497
3905 4 2 0 0 2941 1390 1445 2940
3906 4 2 0 0 3177 2687 3062 3159
3907 4 2 0 0 2943 2112 2043 2092
3908 4 2 0 0 2752 2943 3066 2112
3909 4 2 0 0 2944 430 358 381
3910 4 2 0 0 382 359 2945 431
3911 4 2 0 0 3027 2480 2945 359
3912 4 2 0 0 2946 2093 2044 2113
3913 4 2 0 0 2714 2707 2020 3063
3914 4 2 0 0 2748 2113 3065 2946
3915 4 2 0 0 2189 2173 2121 2947
3916 4 2 0 0 2173 2947 2189 2742
3917 4 2 0 0 3115 1070 986 2545
3918 4 2 0 0 3115 1024 962 1046
3919 4 2 0 0 3115 1046 2916 1024
3920 4 2 0 0 3115 2916 1070 2545
3921 4 2 0 0 3116 1446 1425 1508
3922 4 2 0 0 3116 2684 1486 1399
3923 4 2 0 0 2914 1425 3116 1446
3924 4 2 0 0 2914 1399 2684 3116
3925 4 2 0 0 3117 1447 1509 1426
3926 4 2 0 0 3117 1400 1487 2688
3927 4 2 0 0 2915 1426 1447 3117
3928 4 2 0 0 2915 1400 3117 2688
3929 4 2 0 0 3114 2541 985 1069
3930 4 2 0 0 3114 1047 961 1023
3931 4 2 0 0 3114 2917 1047 1023
3932 4 2 0 0 3114 2541 1069 2917
3933 4 2 0 0 2948 1048 2953 1065
3934 4 2 0 0 1066 3107 2949 1123
3935 4 2 0 0 2592 3121 2888 3282
3936 4 2 0 0 3121 1422 1403 2950
3937 4 2 0 0 1423 2954 1404 2951
3938 4 2 0 0 126 2952 166 142
3939 4 2 0 0 108 2952 3180 166
3940 4 2 0 0 189 206 164 2952
3941 4 2 0 0 189 214 237 2952
3942 4 2 0 0 237 292 267 2952
3943 4 2 0 0 267 2494 2952 3070
3944 4 2 0 0 2532 3070 2834 2767
3945 4 2 0 0 1135 1081 1048 2953
3946 4 2 0 0 2641 1196 2953 1178
3947 4 2 0 0 1123 2949 1049 1080
3948 4 2 0 0 2953 3039 2949 2584
3949 4 2 0 0 1080 1123 3107 2641
3950 4 2 0 0 3282 1354 1422 1424
3951 4 2 0 0 3282 2954 2950 2646
3952 4 2 0 0 3282 1354 1335 1422
3953 4 2 0 0 1336 1391 2954 1423
3954 4 2 0 0 1324 2589 1275 2954
3955 4 2 0 0 1177 2942 2589 1219
3956 4 2 0 0 1165 2942 1109 1219
3957 4 2 0 0 2641 1363 3145 1252
3958 4 2 0 0 2642 1304 3107 1209
3959 4 2 0 0 2641 1269 2940 1347
3960 4 2 0 0 424 3091 2536 415
3961 4 2 0 0 473 2919 2536 2537
3962 4 2 0 0 2049 2691 1984 3092
3963 4 2 0 0 2049 3092 1984 2058
3964 4 2 0 0 2538 425 416 3154
3965 4 2 0 0 2693 2050 2059 3093
3966 4 2 0 0 2692 2003 2918 2693
3967 4 2 0 0 3120 1385 1432 1334
3968 4 2 0 0 3046 1432 1334 3120
3969 4 2 0 0 3060 3144 2620 2670
3970 4 2 0 0 1137 3118 1040 1087
3971 4 2 0 0 3015 3174 3118 3217
3972 4 2 0 0 3094 1040 1137 3118
3973 4 2 0 0 2955 1086 1136 1041
3974 4 2 0 0 2955 1136 2974 1094
3975 4 2 0 0 2559 3016 3208 2955
3976 4 2 0 0 1384 1333 3119 1431
3977 4 2 0 0 3061 2676 3218 3175
3978 4 2 0 0 3097 3119 1333 1431
3979 4 2 0 0 3162 15 33 23
3980 4 2 0 0 3106 23 15 3162
3981 4 2 0 0 2928 3106 3026 2484
3982 4 2 0 0 32 22 14 3079
3983 4 2 0 0 32 3079 3230 22
3984 4 2 0 0 2454 3179 2436 2446
3985 4 2 0 0 2455 2437 3003 2447
3986 4 2 0 0 3003 2447 2437 3161
3987 4 2 0 0 3251 3260 2489 2956
3988 4 2 0 0 29 3251 19 37
3989 4 2 0 0 29 3251 2928 19
3990 4 2 0 0 2957 18 36 28
3991 4 2 0 0 2482 2929 3028 3241
3992 4 2 0 0 2957 18 28 2929
3993 4 2 0 0 2958 3258 2739 3169
3994 4 2 0 0 2958 2440 2450 2432
3995 4 2 0 0 2958 2450 2440 2930
3996 4 2 0 0 2958 3021 3169 2739
3997 4 2 0 0 2959 2441 2433 2451
3998 4 2 0 0 2853 2648 2960 2777
3999 4 2 0 0 2785 3192 2994 2720
4000 4 2 0 0 2731 2786 2962 3275
4001 4 2 0 0 2996 2962 2688 2997
4002 4 2 0 0 290 2475 2964 2476
4003 4 2 0 0 2476 2964 2788 2475
4004 4 2 0 0 2967 644 2499 2985
4005 4 2 0 0 2792 2499 2985 2967
4006 4 2 0 0 2792 3278 2544 2967
4007 4 2 0 0 2505 2788 2768 2504
4008 4 2 0 0 2505 2504 2768 2792
4009 4 2 0 0 2528 2968 2986 623
4010 4 2 0 0 3279 2798 2568 2968
4011 4 2 0 0 2528 2968 2798 2986
4012 4 2 0 0 3280 2969 2574 2800
4013 4 2 0 0 624 2969 2987 2534
4014 4 2 0 0 2987 2800 2534 2969
4015 4 2 0 0 2585 2970 2538 2801
4016 4 2 0 0 2574 2626 2809 2972
4017 4 2 0 0 3270 2581 2972 2809
4018 4 2 0 0 3107 3039 2953 2637
4019 4 2 0 0 2975 2644 2645 2815
4020 4 2 0 0 2656 2817 2889 2977
4021 4 2 0 0 2662 3043 2819 2978
4022 4 2 0 0 3272 3164 2979 2700
4023 4 2 0 0 3272 2820 2700 2979
4024 4 2 0 0 3165 2706 3273 2980
4025 4 2 0 0 3273 2706 2822 2980
4026 4 2 0 0 1764 2981 1695 2995
4027 4 2 0 0 2825 2995 2981 2728
4028 4 2 0 0 2826 3129 2729 3274
4029 4 2 0 0 2151 2753 3000 2982
4030 4 2 0 0 3000 2753 3049 2982
4031 4 2 0 0 2834 108 2489 2952
4032 4 2 0 0 2834 2952 2489 2767
4033 4 2 0 0 2968 2807 2971 2575
4034 4 2 0 0 2974 2618 3081 2989
4035 4 2 0 0 2628 3271 2859 2807
4036 4 2 0 0 2628 3108 2859 3271
4037 4 2 0 0 2641 3145 2990 2953
4038 4 2 0 0 2641 2953 2940 3107
4039 4 2 0 0 2975 3076 2815 2690
4040 4 2 0 0 3266 2960 2853 2648
4041 4 2 0 0 2777 2960 2694 3075
4042 4 2 0 0 3272 2820 2817 2700
4043 4 2 0 0 2777 2960 2998 2694
4044 4 2 0 0 2785 2720 2719 3001
4045 4 2 0 0 2726 2725 2732 3099
4046 4 2 0 0 2726 2786 2732 2725
4047 4 2 0 0 2726 3099 2787 2725
4048 4 2 0 0 2959 3003 2759 2930
4049 4 2 0 0 2959 3003 3105 2759
4050 4 2 0 0 2470 3079 8 2
4051 4 2 0 0 2470 8 3079 15
4052 4 2 0 0 2482 3103 2929 3241
4053 4 2 0 0 2470 4 2929 6
4054 4 2 0 0 2470 2929 9 6
4055 4 2 0 0 321 274 3005 3023
4056 4 2 0 0 3005 2831 3023 2477
4057 4 2 0 0 3030 774 2541 3009
4058 4 2 0 0 3029 3009 2496 584
4059 4 2 0 0 2835 3009 2496 3029
4060 4 2 0 0 3037 2541 3009 3030
4061 4 2 0 0 2542 2836 3277 3131
4062 4 2 0 0 3010 3032 2507 595
4063 4 2 0 0 3013 2536 3204 2583
4064 4 2 0 0 3013 695 2536 2537
4065 4 2 0 0 3013 2536 2583 2844
4066 4 2 0 0 3013 2844 2537 2536
4067 4 2 0 0 1056 2589 2540 1124
4068 4 2 0 0 1124 2540 1102 2589
4069 4 2 0 0 3281 3173 2846 2559
4070 4 2 0 0 1143 3080 2610 1101
4071 4 2 0 0 1143 1095 2610 3080
4072 4 2 0 0 3127 3080 2561 3094
4073 4 2 0 0 2583 3017 2852 2582
4074 4 2 0 0 2589 1219 2942 1335
4075 4 2 0 0 3018 3072 2603 3244
4076 4 2 0 0 3018 3244 2603 3118
4077 4 2 0 0 3018 1278 1186 2610
4078 4 2 0 0 3018 1278 1226 1186
4079 4 2 0 0 2471 11 18 2929
4080 4 2 0 0 2928 2483 3079 2929
4081 4 2 0 0 19 2929 11 2471
4082 4 2 0 0 2472 2501 3022 393
4083 4 2 0 0 2472 2831 3022 2501
4084 4 2 0 0 2472 3023 2831 2501
4085 4 2 0 0 3286 2874 3200 2475
4086 4 2 0 0 2476 3025 2505 2788
4087 4 2 0 0 2483 3079 2478 3026
4088 4 2 0 0 2875 2478 3026 2483
4089 4 2 0 0 2875 2483 2517 2478
4090 4 2 0 0 2836 2542 3277 2835
4091 4 2 0 0 2878 3278 2544 2792
4092 4 2 0 0 2515 2840 2508 2944
4093 4 2 0 0 2507 3032 2508 2944
4094 4 2 0 0 2507 2840 2944 2508
4095 4 2 0 0 3034 2513 2945 3033
4096 4 2 0 0 3011 3034 2839 3033
4097 4 2 0 0 3279 2568 2798 2879
4098 4 2 0 0 2938 2580 2586 2810
4099 4 2 0 0 2590 1251 2954 1336
4100 4 2 0 0 2590 2927 1251 1148
4101 4 2 0 0 1391 2643 1424 2951
4102 4 2 0 0 3018 3044 2603 3072
4103 4 2 0 0 2894 3045 2617 2609
4104 4 2 0 0 2609 3045 2617 2974
4105 4 2 0 0 2609 3045 2974 3073
4106 4 2 0 0 3046 2619 1334 1243
4107 4 2 0 0 1149 1243 2619 3046
4108 4 2 0 0 2611 3046 3083 3018
4109 4 2 0 0 2645 2887 2815 2644
4110 4 2 0 0 2656 3042 2977 2889
4111 4 2 0 0 2815 2696 3086 2690
4112 4 2 0 0 3086 1920 2696 1970
4113 4 2 0 0 2700 3284 3149 2817
4114 4 2 0 0 3155 2737 2827 2947
4115 4 2 0 0 2705 3141 2922 2706
4116 4 2 0 0 2822 2706 2705 2922
4117 4 2 0 0 2822 2712 2922 2705
4118 4 2 0 0 2828 2922 2712 2705
4119 4 2 0 0 2823 2708 2715 2901
4120 4 2 0 0 3051 2932 2723 3050
4121 4 2 0 0 3286 2874 2475 3055
4122 4 2 0 0 2474 3055 3286 3226
4123 4 2 0 0 3056 2481 335 302
4124 4 2 0 0 3056 302 272 2481
4125 4 2 0 0 3056 2923 335 2481
4126 4 2 0 0 303 2485 3057 273
4127 4 2 0 0 336 2485 3057 303
4128 4 2 0 0 336 2485 2924 3057
4129 4 2 0 0 3058 2493 108 3180
4130 4 2 0 0 3058 2493 2834 108
4131 4 2 0 0 3058 2920 2493 3180
4132 4 2 0 0 3215 2919 2493 284
4133 4 2 0 0 2591 2911 2887 2644
4134 4 2 0 0 2648 2853 2594 2910
4135 4 2 0 0 2692 2693 2918 2863
4136 4 2 0 0 3063 2707 2020 3064
4137 4 2 0 0 3065 2708 2901 2715
4138 4 2 0 0 2712 2720 2866 2713
4139 4 2 0 0 2712 2713 3067 2720
4140 4 2 0 0 2712 3067 3066 2719
4141 4 2 0 0 3066 2719 2872 2712
4142 4 2 0 0 3066 2747 3067 2712
4143 4 2 0 0 3066 2872 2747 2712
4144 4 2 0 0 2922 2713 3067 2712
4145 4 2 0 0 2925 2037 2730 2001
4146 4 2 0 0 2037 2730 2074 3227
4147 4 2 0 0 3070 3180 108 2952
4148 4 2 0 0 3070 357 2920 3180
4149 4 2 0 0 3070 311 357 3180
4150 4 2 0 0 3070 392 370 320
4151 4 2 0 0 3070 311 3180 264
4152 4 2 0 0 3070 320 355 392
4153 4 2 0 0 3070 355 292 328
4154 4 2 0 0 3113 392 355 422
4155 4 2 0 0 3070 3180 2952 264
4156 4 2 0 0 944 3115 2552 1024
4157 4 2 0 0 944 1024 962 3115
4158 4 2 0 0 2552 2916 1024 3115
4159 4 2 0 0 3116 1446 1508 1527
4160 4 2 0 0 2677 1401 2914 1462
4161 4 2 0 0 2914 1378 1446 1462
4162 4 2 0 0 3117 1509 1447 1528
4163 4 2 0 0 3117 2683 1528 1447
4164 4 2 0 0 2915 1447 2683 3117
4165 4 2 0 0 3114 943 2546 1023
4166 4 2 0 0 3114 1023 961 943
4167 4 2 0 0 3114 2917 1023 2546
4168 4 2 0 0 1123 3107 1209 2642
4169 4 2 0 0 1123 2642 1152 1066
4170 4 2 0 0 1150 3071 1052 1106
4171 4 2 0 0 1150 1100 3071 2989
4172 4 2 0 0 1418 1321 1366 3072
4173 4 2 0 0 3018 3072 1321 1371
4174 4 2 0 0 3073 1367 1419 1320
4175 4 2 0 0 3073 2974 1320 1370
4176 4 2 0 0 1105 1149 3074 1053
4177 4 2 0 0 1101 3074 3046 1149
4178 4 2 0 0 2956 2928 2929 2488
4179 4 2 0 0 13 2470 19 2928
4180 4 2 0 0 19 2928 2470 2929
4181 4 2 0 0 6 4 2929 12
4182 4 2 0 0 2930 2462 2759 2464
4183 4 2 0 0 2457 2959 2759 2465
4184 4 2 0 0 2930 2959 2458 2759
4185 4 2 0 0 306 362 2984 2486
4186 4 2 0 0 2694 2777 3075 3219
4187 4 2 0 0 1705 1681 3075 2648
4188 4 2 0 0 2644 1680 3076 1704
4189 4 2 0 0 767 2582 3077 790
4190 4 2 0 0 791 2586 3078 766
4191 4 2 0 0 3006 2478 3008 3170
4192 4 2 0 0 2470 3079 2 9
4193 4 2 0 0 3003 2759 2459 2466
4194 4 2 0 0 3003 2759 2467 2460
4195 4 2 0 0 3079 3162 2469 2478
4196 4 2 0 0 2470 10 15 3106
4197 4 2 0 0 2942 1082 1165 1109
4198 4 2 0 0 1303 1389 1363 3145
4199 4 2 0 0 1056 2589 2942 2540
4200 4 2 0 0 3138 2540 2942 2543
4201 4 2 0 0 1056 1177 2942 2589
4202 4 2 0 0 2589 1424 1354 3282
4203 4 2 0 0 2954 3283 2950 2646
4204 4 2 0 0 2589 1424 3282 2954
4205 4 2 0 0 1275 2927 2954 2589
4206 4 2 0 0 1363 1413 3142 1444
4207 4 2 0 0 2641 2990 3145 1363
4208 4 2 0 0 3145 2990 2686 3142
4209 4 2 0 0 2641 1386 1347 2940
4210 4 2 0 0 2641 2990 1386 2940
4211 4 2 0 0 3062 3143 2686 2990
4212 4 2 0 0 2641 1252 3145 2953
4213 4 2 0 0 2589 2942 3282 1335
4214 4 2 0 0 2589 1335 3282 1354
4215 4 2 0 0 2592 3121 3282 2942
4216 4 2 0 0 2618 1094 2974 1187
4217 4 2 0 0 3046 1284 1377 2610
4218 4 2 0 0 3018 2610 1186 1095
4219 4 2 0 0 2618 1376 2989 1285
4220 4 2 0 0 3018 1278 2610 1371
4221 4 2 0 0 1101 3046 2610 1193
4222 4 2 0 0 1100 2618 2989 1192
4223 4 2 0 0 1370 2974 1279 2618
4224 4 2 0 0 1568 1536 2936 3153
4225 4 2 0 0 1568 1536 1465 2936
4226 4 2 0 0 2644 2936 1568 1497
4227 4 2 0 0 903 3151 935 2937
4228 4 2 0 0 882 2582 2937 945
4229 4 2 0 0 903 2937 935 1006
4230 4 2 0 0 904 2586 973 2938
4231 4 2 0 0 3152 904 936 2938
4232 4 2 0 0 2938 904 936 1007
4233 4 2 0 0 3150 2935 1569 1539
4234 4 2 0 0 2935 1466 1569 1539
4235 4 2 0 0 2648 1498 1569 2935
4236 4 2 0 0 389 3139 351 417
4237 4 2 0 0 450 482 2521 3139
4238 4 2 0 0 352 390 418 3140
4239 4 2 0 0 483 2527 3140 451
4240 4 2 0 0 2056 2084 2123 2939
4241 4 2 0 0 1992 2939 2700 2021
4242 4 2 0 0 3141 2022 1993 2706
4243 4 2 0 0 3141 2057 2085 2122
4244 4 2 0 0 2186 2738 2939 2146
4245 4 2 0 0 326 3139 2486 287
4246 4 2 0 0 288 3140 2490 327
4247 4 2 0 0 3141 2185 2145 2742
4248 4 2 0 0 2473 341 317 2934
4249 4 2 0 0 2934 480 448 2496
4250 4 2 0 0 2729 2023 1994 2932
4251 4 2 0 0 2754 2154 2932 2131
4252 4 2 0 0 2067 1995 2933 2024
4253 4 2 0 0 2132 2756 2155 2933
4254 4 2 0 0 481 2931 449 2498
4255 4 2 0 0 342 2931 2475 318
4256 4 2 0 0 999 1053 956 3080
4257 4 2 0 0 999 3080 1101 1053
4258 4 2 0 0 1101 3080 3074 1053
4259 4 2 0 0 3074 2620 3236 3080
4260 4 2 0 0 1101 3046 3074 3080
4261 4 2 0 0 1418 1371 3083 1473
4262 4 2 0 0 1418 1514 1473 3083
4263 4 2 0 0 3072 3083 3044 3234
4264 4 2 0 0 3072 1371 3083 1418
4265 4 2 0 0 1419 1474 3081 1370
4266 4 2 0 0 1419 3081 1474 1515
4267 4 2 0 0 3045 3235 3081 3073
4268 4 2 0 0 1419 3081 3073 1370
4269 4 2 0 0 3082 955 1000 1052
4270 4 2 0 0 3082 1000 1100 1052
4271 4 2 0 0 3082 3071 1052 1100
4272 4 2 0 0 3082 1100 2989 3071
4273 4 2 0 0 2560 1044 999 3080
4274 4 2 0 0 1473 3083 1427 1371
4275 4 2 0 0 2476 2505 3102 2788
4276 4 2 0 0 412 348 394 3102
4277 4 2 0 0 2080 2124 2062 3100
4278 4 2 0 0 3049 3100 2080 2722
4279 4 2 0 0 3022 2501 3101 393
4280 4 2 0 0 3101 411 347 393
4281 4 2 0 0 2063 2125 2081 3099
4282 4 2 0 0 1926 2700 3284 3149
4283 4 2 0 0 3148 3285 1927 2706
4284 4 2 0 0 3084 2119 2736 2156
4285 4 2 0 0 3084 2119 2097 2053
4286 4 2 0 0 3255 355 3070 328
4287 4 2 0 0 3255 378 422 355
4288 4 2 0 0 354 421 3085 377
4289 4 2 0 0 2118 2096 2052 3086
4290 4 2 0 0 3087 1683 1732 2655
4291 4 2 0 0 1682 3088 1731 2649
4292 4 2 0 0 739 3089 2575 788
4293 4 2 0 0 2581 789 3090 740
4294 4 2 0 0 310 3091 2492 369
4295 4 2 0 0 356 424 3091 369
4296 4 2 0 0 2162 2734 2101 3092
4297 4 2 0 0 2116 2049 3092 2101
4298 4 2 0 0 3154 357 2920 3070
4299 4 2 0 0 3154 357 370 425
4300 4 2 0 0 3154 370 357 3070
4301 4 2 0 0 2538 416 2920 3154
4302 4 2 0 0 3093 2163 2736 2102
4303 4 2 0 0 3093 2050 2117 2102
4304 4 2 0 0 2930 2759 2462 3104
4305 4 2 0 0 2930 3104 3242 2744
4306 4 2 0 0 2457 2959 3105 2759
4307 4 2 0 0 2746 2959 3105 3276
4308 4 2 0 0 2540 1102 2927 1026
4309 4 2 0 0 2948 1065 983 1048
4310 4 2 0 0 2950 1488 1422 1403
4311 4 2 0 0 1066 1049 2949 984
4312 4 2 0 0 1423 2951 1404 1489
4313 4 2 0 0 1083 1166 1148 3146
4314 4 2 0 0 2590 1166 3146 1148
4315 4 2 0 0 3094 1095 1040 990
4316 4 2 0 0 3080 2611 3015 3018
4317 4 2 0 0 3080 1095 3094 990
4318 4 2 0 0 3094 1137 1095 3018
4319 4 2 0 0 2560 3080 3094 990
4320 4 2 0 0 3095 991 1094 3082
4321 4 2 0 0 3095 1041 1094 991
4322 4 2 0 0 3095 2955 1094 1041
4323 4 2 0 0 3016 2974 2617 3082
4324 4 2 0 0 3096 1481 1377 1432
4325 4 2 0 0 3096 1481 3083 1377
4326 4 2 0 0 2611 3083 3046 3060
4327 4 2 0 0 3046 1432 3096 1377
4328 4 2 0 0 1482 1376 1431 3097
4329 4 2 0 0 1482 1376 3097 3081
4330 4 2 0 0 2989 1376 3097 1333
4331 4 2 0 0 3081 2989 3061 2617
4332 4 2 0 0 2928 3026 3106 3079
4333 4 2 0 0 2928 13 2470 7
4334 4 2 0 0 2482 3103 3008 2929
4335 4 2 0 0 2470 3079 9 2929
4336 4 2 0 0 3003 3104 2459 2759
4337 4 2 0 0 3105 2460 2759 3003
4338 4 2 0 0 397 353 3216 363
4339 4 2 0 0 363 2490 353 3216
4340 4 2 0 0 2120 3098 2109 2077
4341 4 2 0 0 2120 3098 2738 2109
4342 4 2 0 0 2055 2947 2121 2040
4343 4 2 0 0 2647 3184 2991 1699
4344 4 2 0 0 2692 3201 1778 2991
4345 4 2 0 0 2584 3013 3204 2583
4346 4 2 0 0 3202 695 3013 2537
4347 4 2 0 0 3205 2584 2585 3036
4348 4 2 0 0 696 3202 3036 2537
4349 4 2 0 0 2692 3201 2976 1777
4350 4 2 0 0 2976 2646 2645 3203
4351 4 2 0 0 3082 1094 2974 2618
4352 4 2 0 0 3095 1094 2974 3082
4353 4 2 0 0 3046 2610 1377 3083
4354 4 2 0 0 3046 3083 1377 3096
4355 4 2 0 0 3081 2989 2618 1376
4356 4 2 0 0 3081 1376 3097 2989
4357 4 2 0 0 3080 1095 2610 3018
4358 4 2 0 0 3080 3018 3094 1095
4359 4 2 0 0 460 397 3216 420
4360 4 2 0 0 420 3216 363 397
4361 4 2 0 0 2014 2077 2054 3098
4362 4 2 0 0 2109 2077 3098 2054
4363 4 2 0 0 2538 536 516 3113
4364 4 2 0 0 3113 536 464 493
4365 4 2 0 0 2998 1981 1938 2011
4366 4 2 0 0 2693 1956 2998 1882
4367 4 2 0 0 492 463 3085 535
4368 4 2 0 0 535 3085 2536 515
4369 4 2 0 0 1937 2010 1980 3086
4370 4 2 0 0 2691 1955 1937 3086
4371 4 2 0 0 2081 2726 2009 3099
4372 4 2 0 0 2063 1991 3099 2009
4373 4 2 0 0 1990 2062 3100 2008
4374 4 2 0 0 2722 3100 2080 2008
4375 4 2 0 0 2722 2008 2728 3048
4376 4 2 0 0 3101 411 465 484
4377 4 2 0 0 3101 465 393 2501
4378 4 2 0 0 485 466 3102 412
4379 4 2 0 0 394 3102 2505 466
4380 4 2 0 0 3103 24 22 9
4381 4 2 0 0 3103 3079 9 22
4382 4 2 0 0 3103 9 3079 2929
4383 4 2 0 0 2459 2444 2452 3104
4384 4 2 0 0 2446 2444 2459 3104
4385 4 2 0 0 3003 2459 3104 2446
4386 4 2 0 0 3105 2460 2445 2453
4387 4 2 0 0 3105 2447 2445 2460
4388 4 2 0 0 3105 2460 3003 2447
4389 4 2 0 0 25 3106 23 10
4390 4 2 0 0 25 3106 10 17
4391 4 2 0 0 2928 27 17 3106
4392 4 2 0 0 3079 15 3106 2470
4393 4 2 0 0 2928 3106 2470 3079
4394 4 2 0 0 1212 2927 2589 1102
4395 4 2 0 0 1123 1209 3107 2641
4396 4 2 0 0 2943 2043 1986 2720
4397 4 2 0 0 2752 2112 2129 2943
4398 4 2 0 0 2944 2507 488 430
4399 4 2 0 0 2477 343 358 2944
4400 4 2 0 0 344 2480 359 2945
4401 4 2 0 0 489 2513 2945 431
4402 4 2 0 0 2946 2714 1987 2044
4403 4 2 0 0 2748 2130 2113 2946
4404 4 2 0 0 1417 3108 1350 1456
4405 4 2 0 0 2628 3108 1312 1357
4406 4 2 0 0 1370 2618 3081 2974
4407 4 2 0 0 3082 2989 1100 2618
4408 4 2 0 0 3018 2610 3083 1371
4409 4 2 0 0 3080 3046 2610 1101
4410 4 2 0 0 1996 2054 3149 2014
4411 4 2 0 0 2014 3098 2054 3149
4412 4 2 0 0 2014 3149 2696 3098
4413 4 2 0 0 1941 3149 2696 2014
4414 4 2 0 0 3103 22 24 39
4415 4 2 0 0 2446 2444 3104 2429
4416 4 2 0 0 3179 3104 2749 3231
4417 4 2 0 0 3179 3054 2749 3104
4418 4 2 0 0 3105 3161 2751 3228
4419 4 2 0 0 3105 2447 2430 2445
4420 4 2 0 0 3105 3161 3069 2751
4421 4 2 0 0 40 23 25 3106
4422 4 2 0 0 3229 3106 2479 3162
4423 4 2 0 0 3079 15 3162 3106
4424 4 2 0 0 3094 951 990 1040
4425 4 2 0 0 2561 2553 3174 3015
4426 4 2 0 0 3095 991 952 1041
4427 4 2 0 0 2567 3016 3208 2559
4428 4 2 0 0 1482 3097 1431 1519
4429 4 2 0 0 3061 2669 2676 3175
4430 4 2 0 0 3096 1481 1432 1520
4431 4 2 0 0 3060 2670 2663 3144
4432 4 2 0 0 2929 28 26 12
4433 4 2 0 0 2929 3103 16 26
4434 4 2 0 0 3241 28 26 2929
4435 4 2 0 0 3241 2929 26 3103
4436 4 2 0 0 2442 2456 2930 2440
4437 4 2 0 0 2930 3169 2442 2440
4438 4 2 0 0 2930 2452 2442 3104
4439 4 2 0 0 3276 2443 2959 2457
4440 4 2 0 0 2443 2441 2959 2457
4441 4 2 0 0 3276 2959 3105 2457
4442 4 2 0 0 13 27 17 2928
4443 4 2 0 0 2928 29 27 3243
4444 4 2 0 0 13 27 2928 29
4445 4 2 0 0 2979 2707 1798 3109
4446 4 2 0 0 2656 2979 3164 2663
4447 4 2 0 0 1799 3110 2713 2980
4448 4 2 0 0 3165 2669 2980 2662
4449 4 2 0 0 3163 2574 2567 3035
4450 4 2 0 0 674 3035 3111 2520
4451 4 2 0 0 2514 675 3166 3112
4452 4 2 0 0 27 46 3243 29
4453 4 2 0 0 3241 45 26 28
4454 4 2 0 0 2487 2957 3257 3241
4455 4 2 0 0 3241 2929 2957 28
4456 4 2 0 0 2423 3169 2440 2442
4457 4 2 0 0 2739 3169 3242 3021
4458 4 2 0 0 3276 2424 3259 2443
4459 4 2 0 0 2746 3259 2741 2959
4460 4 2 0 0 3113 422 493 464
4461 4 2 0 0 3084 2053 1981 2011
4462 4 2 0 0 3267 3256 1971 2998
4463 4 2 0 0 492 421 3085 463
4464 4 2 0 0 2052 2010 3086 1980
4465 4 2 0 0 3114 2541 897 985
4466 4 2 0 0 3114 961 884 943
4467 4 2 0 0 944 962 885 3115
4468 4 2 0 0 3115 986 896 2545
4469 4 2 0 0 3116 1486 2684 1575
4470 4 2 0 0 3116 1588 1527 1508
4471 4 2 0 0 3117 1487 1576 2688
4472 4 2 0 0 3117 1589 1509 1528
4473 4 2 0 0 2540 2927 1102 2589
4474 4 2 0 0 1080 2953 2641 3107
4475 4 2 0 0 2940 1269 1304 1347
4476 4 2 0 0 1226 3118 2602 3018
4477 4 2 0 0 1226 3118 3018 1137
4478 4 2 0 0 3119 1384 1296 1333
4479 4 2 0 0 2627 1296 1244 3119
4480 4 2 0 0 2955 2974 1136 1175
4481 4 2 0 0 2955 2974 1175 3245
4482 4 2 0 0 3120 1385 1334 2619
4483 4 2 0 0 3120 2619 1334 3046
4484 4 2 0 0 2590 2927 2954 1251
4485 4 2 0 0 2590 2954 1404 1336
4486 4 2 0 0 1065 2640 1135 2953
4487 4 2 0 0 3145 2640 2953 1252
4488 4 2 0 0 3121 1335 1318 1403
4489 4 2 0 0 3121 2942 1318 1335
4490 4 2 0 0 3121 1335 1422 3282
4491 4 2 0 0 3121 1318 2942 2588
4492 4 2 0 0 3121 1335 3282 2942
4493 4 2 0 0 361 348 3102 2475
4494 4 2 0 0 2063 2111 2125 3099
4495 4 2 0 0 2754 2124 3100 2110
4496 4 2 0 0 2473 360 347 3101
4497 4 2 0 0 2999 2714 1934 2007
4498 4 2 0 0 2999 2007 1950 2016
4499 4 2 0 0 3032 467 2507 539
4500 4 2 0 0 3032 523 456 467
4501 4 2 0 0 457 3033 468 524
4502 4 2 0 0 524 3033 468 538
4503 4 2 0 0 3001 2720 2006 1935
4504 4 2 0 0 3001 2006 2015 1949
4505 4 2 0 0 2948 1048 1081 2953
4506 4 2 0 0 2953 2948 2587 1081
4507 4 2 0 0 1391 2951 1493 2643
4508 4 2 0 0 1391 1424 2954 2951
4509 4 2 0 0 1391 2951 2954 1423
4510 4 2 0 0 2469 15 33 3162
4511 4 2 0 0 3079 3162 15 2469
4512 4 2 0 0 32 3079 3170 3230
4513 4 2 0 0 20 32 3079 3170
4514 4 2 0 0 2454 3179 2760 2436
4515 4 2 0 0 2449 2437 2760 3003
4516 4 2 0 0 2755 2328 2319 3122
4517 4 2 0 0 2587 978 1081 2948
4518 4 2 0 0 2948 978 1048 983
4519 4 2 0 0 979 2949 1049 984
4520 4 2 0 0 979 1080 2949 2587
4521 4 2 0 0 1080 2949 1049 979
4522 4 2 0 0 1080 3107 1123 2949
4523 4 2 0 0 2643 1492 1424 2950
4524 4 2 0 0 2950 1488 1492 1422
4525 4 2 0 0 1424 1492 1422 2950
4526 4 2 0 0 3282 1424 1422 2950
4527 4 2 0 0 1423 1489 1493 2951
4528 4 2 0 0 1423 2951 1493 1391
4529 4 2 0 0 3030 833 817 3114
4530 4 2 0 0 3030 737 817 747
4531 4 2 0 0 738 816 748 3031
4532 4 2 0 0 3031 816 834 3115
4533 4 2 0 0 2995 1733 1654 1722
4534 4 2 0 0 2995 1637 1654 3116
4535 4 2 0 0 2997 1653 1734 1723
4536 4 2 0 0 2997 1638 3117 1653
4537 4 2 0 0 3114 943 870 2546
4538 4 2 0 0 944 3115 871 2552
4539 4 2 0 0 3116 1527 1602 2677
4540 4 2 0 0 3117 1528 2683 1603
4541 4 2 0 0 2314 3214 2336 2755
4542 4 2 0 0 2335 3214 2381 2355
4543 4 2 0 0 3006 178 2474 145
4544 4 2 0 0 137 96 121 3006
4545 4 2 0 0 3200 97 122 138
4546 4 2 0 0 3200 3286 122 2474
4547 4 2 0 0 2983 2489 2484 3233
4548 4 2 0 0 2983 2485 117 3243
4549 4 2 0 0 2739 3242 3232 3020
4550 4 2 0 0 2354 2743 3020 3242
4551 4 2 0 0 1065 1135 2640 1151
4552 4 2 0 0 1065 1090 2640 3195
4553 4 2 0 0 2583 2953 3195 2948
4554 4 2 0 0 2584 2948 2953 2583
4555 4 2 0 0 3121 1380 1403 1318
4556 4 2 0 0 3121 2950 3193 2645
4557 4 2 0 0 3121 1318 2588 1290
4558 4 2 0 0 3121 1422 2950 3282
4559 4 2 0 0 1066 3107 1123 2642
4560 4 2 0 0 1091 2642 3107 1066
4561 4 2 0 0 3194 2585 2949 3107
4562 4 2 0 0 2951 2593 3196 2647
4563 4 2 0 0 2590 3196 1381 1404
4564 4 2 0 0 2590 1404 1319 1336
4565 4 2 0 0 2951 2593 2647 2904
4566 4 2 0 0 3125 1750 1702 1786
4567 4 2 0 0 3125 1786 2707 1835
4568 4 2 0 0 3144 2992 3167 2670
4569 4 2 0 0 3125 1786 2992 2707
4570 4 2 0 0 3126 1787 1836 2713
4571 4 2 0 0 1703 1787 1751 3126
4572 4 2 0 0 3126 2676 3168 2993
4573 4 2 0 0 3126 2713 2993 1787
4574 4 2 0 0 2514 637 3127 605
4575 4 2 0 0 3127 686 722 769
4576 4 2 0 0 3128 687 768 721
4577 4 2 0 0 3128 638 2520 606
4578 4 2 0 0 2642 2940 3107 1304
4579 4 2 0 0 419 403 3133 459
4580 4 2 0 0 3209 2984 3133 2529
4581 4 2 0 0 478 459 419 3133
4582 4 2 0 0 460 3216 2987 420
4583 4 2 0 0 460 2987 479 420
4584 4 2 0 0 724 801 738 3031
4585 4 2 0 0 724 2552 801 3031
4586 4 2 0 0 2995 1669 1733 1748
4587 4 2 0 0 2995 1748 2677 1669
4588 4 2 0 0 2997 1670 2683 1749
4589 4 2 0 0 2997 1749 1734 1670
4590 4 2 0 0 3030 800 737 723
4591 4 2 0 0 3030 723 2546 800
4592 4 2 0 0 19 37 2956 2471
4593 4 2 0 0 19 2956 2929 2471
4594 4 2 0 0 19 2928 2929 2956
4595 4 2 0 0 2958 2432 2450 2758
4596 4 2 0 0 2958 2930 2758 2450
4597 4 2 0 0 2959 2758 2451 2433
4598 4 2 0 0 2959 2930 2458 2758
4599 4 2 0 0 2471 2929 18 2957
4600 4 2 0 0 2471 36 2957 18
4601 4 2 0 0 1080 2953 2949 2587
4602 4 2 0 0 1080 3107 2949 2953
4603 4 2 0 0 3007 114 143 100
4604 4 2 0 0 2481 143 3007 114
4605 4 2 0 0 3182 3134 2479 3229
4606 4 2 0 0 115 3134 144 101
4607 4 2 0 0 2485 3134 144 158
4608 4 2 0 0 2485 3134 2965 144
4609 4 2 0 0 2965 3134 2479 3182
4610 4 2 0 0 3183 3135 3231 2749
4611 4 2 0 0 3183 2749 3053 3135
4612 4 2 0 0 2330 2372 3135 2357
4613 4 2 0 0 2330 3135 2743 2316
4614 4 2 0 0 2330 3053 2743 3135
4615 4 2 0 0 3136 2329 2747 2315
4616 4 2 0 0 3136 2751 3181 3228
4617 4 2 0 0 3136 2356 2371 2329
4618 4 2 0 0 3136 2329 3004 2747
4619 4 2 0 0 3136 3004 3181 2751
4620 4 2 0 0 2984 362 3133 2486
4621 4 2 0 0 362 403 3133 419
4622 4 2 0 0 362 3133 403 2984
4623 4 2 0 0 1396 1351 3218 1457
4624 4 2 0 0 3154 442 425 370
4625 4 2 0 0 2538 495 425 3154
4626 4 2 0 0 424 2536 3091 441
4627 4 2 0 0 369 441 424 3091
4628 4 2 0 0 2101 3092 2031 2049
4629 4 2 0 0 2049 3092 2031 2691
4630 4 2 0 0 2693 2032 2050 3093
4631 4 2 0 0 3093 2032 2050 2102
4632 4 2 0 0 3023 3032 2501 446
4633 4 2 0 0 3023 396 456 387
4634 4 2 0 0 2477 329 396 3023
4635 4 2 0 0 3000 2079 2016 2089
4636 4 2 0 0 3000 2026 2999 2722
4637 4 2 0 0 2748 2079 3000 2144
4638 4 2 0 0 3002 2088 2015 2078
4639 4 2 0 0 2726 2025 3001 3002
4640 4 2 0 0 2752 2078 2143 3002
4641 4 2 0 0 388 3025 330 395
4642 4 2 0 0 447 3025 3033 2505
4643 4 2 0 0 388 3025 395 457
4644 4 2 0 0 3255 3113 355 422
4645 4 2 0 0 2602 1321 3072 1366
4646 4 2 0 0 3018 1321 3072 2602
4647 4 2 0 0 3073 3245 1309 1268
4648 4 2 0 0 3073 1268 2974 3245
4649 4 2 0 0 1105 2619 3074 1149
4650 4 2 0 0 1149 3046 2619 3074
4651 4 2 0 0 1150 2627 3071 1106
4652 4 2 0 0 1150 2989 3071 2627
4653 4 2 0 0 1147 1058 3187 1085
4654 4 2 0 0 3207 1388 1323 1412
4655 4 2 0 0 1057 1146 3189 1084
4656 4 2 0 0 1411 3137 1387 1322
4657 4 2 0 0 2685 3137 3158 3190
4658 4 2 0 0 2685 3137 3190 3047
4659 4 2 0 0 1495 3142 2689 1413
4660 4 2 0 0 1495 1581 3142 1533
4661 4 2 0 0 2641 1413 2990 1363
4662 4 2 0 0 2685 3142 3158 3145
4663 4 2 0 0 1464 1496 1414 3143
4664 4 2 0 0 2689 3143 1582 1496
4665 4 2 0 0 3062 3159 2687 3143
4666 4 2 0 0 2940 1445 3143 1414
4667 4 2 0 0 2540 937 891 975
4668 4 2 0 0 2540 3160 2927 3038
4669 4 2 0 0 974 3138 890 2540
4670 4 2 0 0 1056 3138 974 2540
4671 4 2 0 0 1056 3138 2942 1025
4672 4 2 0 0 2055 3148 2947 2040
4673 4 2 0 0 2055 3148 2040 1997
4674 4 2 0 0 1742 1657 3076 1718
4675 4 2 0 0 2644 1657 3076 1680
4676 4 2 0 0 3087 1743 1719 1658
4677 4 2 0 0 2648 1681 3075 1658
4678 4 2 0 0 729 752 812 3077
4679 4 2 0 0 790 2582 3077 882
4680 4 2 0 0 813 2586 3078 791
4681 4 2 0 0 813 753 730 3078
4682 4 2 0 0 3158 1477 1444 1533
4683 4 2 0 0 3158 1389 1444 1477
4684 4 2 0 0 3158 1389 3145 1444
4685 4 2 0 0 3158 3142 1533 1444
4686 4 2 0 0 3158 3142 1444 3145
4687 4 2 0 0 3159 1445 1478 1534
4688 4 2 0 0 3159 1478 1445 1390
4689 4 2 0 0 2941 1445 1390 3159
4690 4 2 0 0 2941 3143 2940 1445
4691 4 2 0 0 3159 3143 1445 1534
4692 4 2 0 0 2941 1445 3159 3143
4693 4 2 0 0 3157 1082 1025 996
4694 4 2 0 0 3157 938 996 1025
4695 4 2 0 0 3157 1025 1082 2942
4696 4 2 0 0 3157 3138 938 1025
4697 4 2 0 0 3157 2942 3138 1025
4698 4 2 0 0 3160 1026 1083 995
4699 4 2 0 0 3160 937 1026 995
4700 4 2 0 0 3160 1026 2927 1083
4701 4 2 0 0 2540 1026 3160 937
4702 4 2 0 0 2540 1026 2927 3160
4703 4 2 0 0 3084 1981 2998 2011
4704 4 2 0 0 3084 2119 2083 2736
4705 4 2 0 0 3084 2083 2053 2011
4706 4 2 0 0 3267 3256 2998 2699
4707 4 2 0 0 3113 392 422 464
4708 4 2 0 0 3113 3070 355 392
4709 4 2 0 0 3113 3070 3255 355
4710 4 2 0 0 391 3085 2492 354
4711 4 2 0 0 391 421 463 3085
4712 4 2 0 0 2052 2082 3086 2010
4713 4 2 0 0 2118 2082 2734 3086
4714 4 2 0 0 2952 108 2489 3260
4715 4 2 0 0 126 113 108 89
4716 4 2 0 0 3019 2331 2739 2373
4717 4 2 0 0 3019 2358 2735 2317
4718 4 2 0 0 3019 2382 2358 2347
4719 4 2 0 0 3052 2735 2359 2318
4720 4 2 0 0 3052 2383 2348 2359
4721 4 2 0 0 3052 2332 2374 2741
4722 4 2 0 0 2487 141 98 2966
4723 4 2 0 0 2493 112 155 2966
4724 4 2 0 0 2966 88 112 125
4725 4 2 0 0 389 371 3139 432
4726 4 2 0 0 450 3139 2521 496
4727 4 2 0 0 326 2486 3139 316
4728 4 2 0 0 451 2527 3140 497
4729 4 2 0 0 390 3140 372 433
4730 4 2 0 0 327 2490 372 3140
4731 4 2 0 0 2041 2939 2021 3149
4732 4 2 0 0 2041 2084 2939 2100
4733 4 2 0 0 2100 2939 2738 2146
4734 4 2 0 0 2121 2108 2157 2947
4735 4 2 0 0 3141 1977 2022 2706
4736 4 2 0 0 1106 3071 1052 1011
4737 4 2 0 0 955 3071 1011 1052
4738 4 2 0 0 3082 1052 3071 955
4739 4 2 0 0 1418 1366 1460 3072
4740 4 2 0 0 1418 1514 3072 1460
4741 4 2 0 0 1418 3083 3072 1514
4742 4 2 0 0 1371 3083 3018 3072
4743 4 2 0 0 1419 1461 1367 3073
4744 4 2 0 0 1419 1461 3073 1515
4745 4 2 0 0 1419 3081 1515 3073
4746 4 2 0 0 2974 3073 3081 1370
4747 4 2 0 0 1105 1053 3074 1012
4748 4 2 0 0 956 1053 1012 3074
4749 4 2 0 0 956 3074 3080 1053
4750 4 2 0 0 3143 2689 3142 1413
4751 4 2 0 0 3145 2990 3142 1363
4752 4 2 0 0 2990 1386 3143 1413
4753 4 2 0 0 2940 1386 3143 2990
4754 4 2 0 0 1056 2540 2942 3138
4755 4 2 0 0 44 33 23 3162
4756 4 2 0 0 40 23 3229 44
4757 4 2 0 0 40 3106 3229 23
4758 4 2 0 0 43 39 22 3230
4759 4 2 0 0 32 22 3230 43
4760 4 2 0 0 3103 39 3230 22
4761 4 2 0 0 3103 3079 22 3230
4762 4 2 0 0 2446 3179 2436 2425
4763 4 2 0 0 2446 3104 2425 2429
4764 4 2 0 0 2446 3179 3003 2454
4765 4 2 0 0 2446 3104 3179 2425
4766 4 2 0 0 2446 3003 3179 3104
4767 4 2 0 0 2430 2447 3228 2426
4768 4 2 0 0 2426 2437 2447 3161
4769 4 2 0 0 3105 2447 3228 2430
4770 4 2 0 0 3105 2447 3003 3161
4771 4 2 0 0 3174 992 951 1040
4772 4 2 0 0 3174 992 1040 1087
4773 4 2 0 0 3174 3118 1087 1040
4774 4 2 0 0 3018 1137 3118 3094
4775 4 2 0 0 3094 1040 3174 951
4776 4 2 0 0 3094 3174 1040 3118
4777 4 2 0 0 3208 952 993 1041
4778 4 2 0 0 2955 1041 993 1086
4779 4 2 0 0 3208 993 2955 1041
4780 4 2 0 0 3095 2974 1094 2955
4781 4 2 0 0 3095 1041 952 3208
4782 4 2 0 0 3095 2955 1041 3208
4783 4 2 0 0 1480 1519 1431 3175
4784 4 2 0 0 1480 3175 1431 1384
4785 4 2 0 0 1384 3175 1431 3119
4786 4 2 0 0 2989 3097 3119 1333
4787 4 2 0 0 1431 3097 3175 1519
4788 4 2 0 0 3119 3097 3175 1431
4789 4 2 0 0 3144 1432 1479 1520
4790 4 2 0 0 3144 1479 1432 1385
4791 4 2 0 0 3144 1385 1432 3120
4792 4 2 0 0 3046 1432 3120 3060
4793 4 2 0 0 3096 1520 1432 3144
4794 4 2 0 0 3046 3060 3096 1432
4795 4 2 0 0 1991 3099 2731 2046
4796 4 2 0 0 2063 2046 3099 1991
4797 4 2 0 0 1991 3099 2732 2731
4798 4 2 0 0 2726 3099 2732 2009
4799 4 2 0 0 3048 1990 1975 3100
4800 4 2 0 0 1990 2062 2045 3100
4801 4 2 0 0 2932 2045 3100 1975
4802 4 2 0 0 2722 2008 3048 3100
4803 4 2 0 0 499 585 2498 2985
4804 4 2 0 0 485 412 3102 429
4805 4 2 0 0 499 565 2985 485
4806 4 2 0 0 3101 411 484 428
4807 4 2 0 0 3101 428 484 498
4808 4 2 0 0 2934 2496 498 3029
4809 4 2 0 0 2948 983 915 978
4810 4 2 0 0 916 984 2949 979
4811 4 2 0 0 1556 1492 2950 1488
4812 4 2 0 0 1557 1489 2951 1493
4813 4 2 0 0 362 3139 419 3133
4814 4 2 0 0 420 3216 3140 363
4815 4 2 0 0 2109 2738 2100 3098
4816 4 2 0 0 499 2498 449 2931
4817 4 2 0 0 361 2475 2931 318
4818 4 2 0 0 2155 2111 2933 2756
4819 4 2 0 0 2024 2731 2933 2046
4820 4 2 0 0 2729 2932 1975 2023
4821 4 2 0 0 2754 2154 2110 2932
4822 4 2 0 0 2473 317 360 2934
4823 4 2 0 0 2934 448 498 2496
4824 4 2 0 0 3030 737 800 817
4825 4 2 0 0 2995 1733 1669 1654
4826 4 2 0 0 2997 1734 1653 1670
4827 4 2 0 0 738 3031 801 816
4828 4 2 0 0 3032 396 456 3023
4829 4 2 0 0 3032 467 456 396
4830 4 2 0 0 395 468 457 3033
4831 4 2 0 0 3025 3033 395 457
4832 4 2 0 0 3001 2015 2006 2078
4833 4 2 0 0 3001 3002 2015 2078
4834 4 2 0 0 2999 2079 2016 3000
4835 4 2 0 0 2999 2079 2007 2016
4836 4 2 0 0 2942 2588 1165 1140
4837 4 2 0 0 2942 1140 1082 1055
4838 4 2 0 0 2942 1082 1140 1165
4839 4 2 0 0 1415 1329 3145 1389
4840 4 2 0 0 1303 3145 2640 1329
4841 4 2 0 0 1389 1329 3145 1303
4842 4 2 0 0 2642 1330 2941 1304
4843 4 2 0 0 1304 1390 1330 2941
4844 4 2 0 0 2941 1416 1390 1330
4845 4 2 0 0 2941 1390 2940 1304
4846 4 2 0 0 1141 3146 1166 1083
4847 4 2 0 0 1054 1083 3146 1141
4848 4 2 0 0 1083 1148 2927 3146
4849 4 2 0 0 2540 3160 3038 2544
4850 4 2 0 0 1141 3146 2590 1166
4851 4 2 0 0 1338 1436 3147 1406
4852 4 2 0 0 3223 1405 1435 1337
4853 4 2 0 0 1036 1063 1133 3225
4854 4 2 0 0 1064 1037 1134 3224
4855 4 2 0 0 2834 3058 108 3070
4856 4 2 0 0 2834 108 2952 3070
4857 4 2 0 0 432 419 3139 478
4858 4 2 0 0 496 478 3139 2521
4859 4 2 0 0 2986 2529 3209 3133
4860 4 2 0 0 2986 3133 478 2521
4861 4 2 0 0 479 2987 497 3140
4862 4 2 0 0 497 3140 2987 2527
4863 4 2 0 0 420 433 3140 479
4864 4 2 0 0 3148 1977 2042 3141
4865 4 2 0 0 2055 2042 3148 1997
4866 4 2 0 0 1996 2054 2041 3149
4867 4 2 0 0 1976 2700 3149 2021
4868 4 2 0 0 2648 1569 1658 3150
4869 4 2 0 0 3150 1569 1658 1628
4870 4 2 0 0 3150 2935 1539 2655
4871 4 2 0 0 3150 1628 2655 1539
4872 4 2 0 0 2648 2935 1569 3150
4873 4 2 0 0 882 2937 903 972
4874 4 2 0 0 812 3151 844 903
4875 4 2 0 0 882 2937 2582 3151
4876 4 2 0 0 935 2575 2937 3151
4877 4 2 0 0 935 2575 3151 844
4878 4 2 0 0 845 813 904 3152
4879 4 2 0 0 904 3152 813 2586
4880 4 2 0 0 904 2586 2938 3152
4881 4 2 0 0 2581 2938 3152 936
4882 4 2 0 0 2581 936 3152 845
4883 4 2 0 0 1657 1627 1568 3153
4884 4 2 0 0 1536 3153 2649 2936
4885 4 2 0 0 1536 2649 3153 1627
4886 4 2 0 0 2644 3153 1568 2936
4887 4 2 0 0 2644 1568 3153 1657
4888 4 2 0 0 1718 3153 1627 1657
4889 4 2 0 0 1682 3153 2649 1627
4890 4 2 0 0 3076 1657 3153 1718
4891 4 2 0 0 3077 752 812 3151
4892 4 2 0 0 812 844 3151 752
4893 4 2 0 0 788 3151 2575 844
4894 4 2 0 0 813 753 3078 3152
4895 4 2 0 0 845 3152 753 813
4896 4 2 0 0 2581 3152 789 845
4897 4 2 0 0 3087 1628 1683 2655
4898 4 2 0 0 3087 3075 1743 1658
4899 4 2 0 0 3087 1719 1628 1658
4900 4 2 0 0 2777 2763 2654 3087
4901 4 2 0 0 3093 2083 2032 2102
4902 4 2 0 0 3093 2083 2102 2736
4903 4 2 0 0 391 441 369 3091
4904 4 2 0 0 391 2492 3091 369
4905 4 2 0 0 3154 442 370 392
4906 4 2 0 0 3154 392 370 3070
4907 4 2 0 0 2101 2734 2082 3092
4908 4 2 0 0 2101 3092 2082 2031
4909 4 2 0 0 2634 3218 2683 1439
4910 4 2 0 0 1074 1032 3172 1119
4911 4 2 0 0 3014 2553 3172 3250
4912 4 2 0 0 3014 1157 3172 2595
4913 4 2 0 0 3250 3172 3217 2553
4914 4 2 0 0 3173 1075 1120 1033
4915 4 2 0 0 2111 2046 3099 2063
4916 4 2 0 0 2111 2756 2125 3099
4917 4 2 0 0 2045 2110 3100 2062
4918 4 2 0 0 2124 3100 2110 2062
4919 4 2 0 0 3101 428 360 411
4920 4 2 0 0 347 360 411 3101
4921 4 2 0 0 412 348 3102 361
4922 4 2 0 0 429 361 412 3102
4923 4 2 0 0 1105 1061 1012 3074
4924 4 2 0 0 1106 3071 1011 1062
4925 4 2 0 0 1460 1366 1407 3072
4926 4 2 0 0 1408 1461 3073 1367
4927 4 2 0 0 2693 1956 2032 2998
4928 4 2 0 0 3084 2032 2083 2011
4929 4 2 0 0 2998 2032 3084 2011
4930 4 2 0 0 3113 536 516 464
4931 4 2 0 0 2538 516 3154 3113
4932 4 2 0 0 3154 442 392 464
4933 4 2 0 0 3154 392 3113 464
4934 4 2 0 0 441 2536 3085 515
4935 4 2 0 0 391 3085 463 441
4936 4 2 0 0 2031 3086 2082 2010
4937 4 2 0 0 2691 1955 3086 2031
4938 4 2 0 0 2477 396 343 2944
4939 4 2 0 0 2944 413 467 396
4940 4 2 0 0 2944 467 488 2507
4941 4 2 0 0 395 2480 344 2945
4942 4 2 0 0 489 2945 2513 468
4943 4 2 0 0 395 468 2945 414
4944 4 2 0 0 2748 2079 2130 2946
4945 4 2 0 0 2946 2007 2079 2061
4946 4 2 0 0 2946 1987 2714 2007
4947 4 2 0 0 2943 2006 2060 2078
4948 4 2 0 0 2943 1986 2006 2720
4949 4 2 0 0 2752 2078 2943 2129
4950 4 2 0 0 3088 3153 1682 1718
4951 4 2 0 0 3088 3153 2649 1682
4952 4 2 0 0 752 788 3151 3089
4953 4 2 0 0 3089 3151 2575 788
4954 4 2 0 0 789 3152 3090 753
4955 4 2 0 0 2581 3152 3090 789
4956 4 2 0 0 3150 1628 3087 2655
4957 4 2 0 0 3150 3087 1628 1658
4958 4 2 0 0 3131 770 682 735
4959 4 2 0 0 3131 3211 735 645
4960 4 2 0 0 3129 3210 1735 1827
4961 4 2 0 0 3129 1701 1790 1735
4962 4 2 0 0 3213 1736 1828 3130
4963 4 2 0 0 3130 1736 1791 1700
4964 4 2 0 0 683 771 3132 736
4965 4 2 0 0 3212 736 646 3132
4966 4 2 0 0 2173 2121 2947 2737
4967 4 2 0 0 2121 2947 2737 3155
4968 4 2 0 0 1453 1381 1365 3196
4969 4 2 0 0 3193 1452 1380 1364
4970 4 2 0 0 1091 1018 3194 1108
4971 4 2 0 0 1107 1017 3195 1090
4972 4 2 0 0 2055 2108 3148 2042
4973 4 2 0 0 2055 2947 3148 2108
4974 4 2 0 0 2944 467 3032 396
4975 4 2 0 0 2944 467 2507 3032
4976 4 2 0 0 2945 3033 2513 468
4977 4 2 0 0 395 468 3033 2945
4978 4 2 0 0 2999 2007 2079 2946
4979 4 2 0 0 2999 2946 2714 2007
4980 4 2 0 0 2943 3001 2006 2078
4981 4 2 0 0 2719 2720 2943 3001
4982 4 2 0 0 3001 2943 2006 2720
4983 4 2 0 0 1077 3237 1118 1019
4984 4 2 0 0 2574 3237 2972 3270
4985 4 2 0 0 1019 1062 3237 1118
4986 4 2 0 0 1407 3234 1352 1450
4987 4 2 0 0 1450 1394 3042 1352
4988 4 2 0 0 3043 1353 1395 1451
4989 4 2 0 0 3235 1451 1408 1353
4990 4 2 0 0 1117 1020 3156 1076
4991 4 2 0 0 1117 3156 1020 1061
4992 4 2 0 0 3157 1082 996 1055
4993 4 2 0 0 3157 1055 2942 1082
4994 4 2 0 0 3158 1389 1477 1415
4995 4 2 0 0 3158 3145 1389 1415
4996 4 2 0 0 3159 1416 1478 1390
4997 4 2 0 0 2941 1390 1416 3159
4998 4 2 0 0 1054 1083 995 3160
4999 4 2 0 0 1054 3146 1083 3160
5000 4 2 0 0 3160 2927 3146 1083
5001 4 2 0 0 3122 2319 2351 2360
5002 4 2 0 0 2756 2319 2351 3122
5003 4 2 0 0 3070 2494 2952 2767
5004 4 2 0 0 3114 870 800 2546
5005 4 2 0 0 3114 897 2541 833
5006 4 2 0 0 3114 817 800 884
5007 4 2 0 0 3115 834 2545 896
5008 4 2 0 0 801 3115 2552 871
5009 4 2 0 0 801 816 3115 885
5010 4 2 0 0 3116 1669 2677 1602
5011 4 2 0 0 3116 1588 1654 1669
5012 4 2 0 0 3116 1637 1575 2684
5013 4 2 0 0 3117 1638 2688 1576
5014 4 2 0 0 3117 1670 1603 2683
5015 4 2 0 0 3117 1589 1670 1653
5016 4 2 0 0 362 2486 316 3139
5017 4 2 0 0 432 371 3139 419
5018 4 2 0 0 420 3140 433 372
5019 4 2 0 0 363 2490 3140 372
5020 4 2 0 0 2041 2054 2100 3149
5021 4 2 0 0 2100 2054 3098 3149
5022 4 2 0 0 2643 2950 1424 3283
5023 4 2 0 0 2951 3283 2643 1424
5024 4 2 0 0 3282 1424 2950 2954
5025 4 2 0 0 2954 1424 2950 3283
5026 4 2 0 0 32 56 43 3230
5027 4 2 0 0 2436 3179 2412 2425
5028 4 2 0 0 2413 2437 2426 3161
5029 4 2 0 0 44 3162 57 33
5030 4 2 0 0 2527 3163 674 3035
5031 4 2 0 0 725 674 2527 3163
5032 4 2 0 0 674 3163 3111 3035
5033 4 2 0 0 760 3111 674 3163
5034 4 2 0 0 3164 2700 1746 1798
5035 4 2 0 0 3164 1798 2979 2700
5036 4 2 0 0 3164 1798 1710 3109
5037 4 2 0 0 3164 2979 1798 3109
5038 4 2 0 0 1747 2706 3165 1799
5039 4 2 0 0 1799 2706 3165 2980
5040 4 2 0 0 1711 3165 3110 1799
5041 4 2 0 0 1799 3110 2980 3165
5042 4 2 0 0 2521 675 639 3166
5043 4 2 0 0 3112 3166 761 675
5044 4 2 0 0 136 105 2983 147
5045 4 2 0 0 2490 2983 147 136
5046 4 2 0 0 117 2983 3243 105
5047 4 2 0 0 3020 2327 2367 2337
5048 4 2 0 0 3020 2327 2337 2738
5049 4 2 0 0 3020 3242 2367 2354
5050 4 2 0 0 2486 135 179 3124
5051 4 2 0 0 3124 135 146 104
5052 4 2 0 0 3252 2338 3123 2293
5053 4 2 0 0 2326 2338 3123 2368
5054 4 2 0 0 3031 834 2545 3115
5055 4 2 0 0 801 816 3031 3115
5056 4 2 0 0 2995 3116 1654 1669
5057 4 2 0 0 2995 1637 3116 2684
5058 4 2 0 0 2997 1638 2688 3117
5059 4 2 0 0 2997 3117 1670 1653
5060 4 2 0 0 3030 3114 2541 833
5061 4 2 0 0 3030 817 800 3114
5062 4 2 0 0 3167 1786 1702 1738
5063 4 2 0 0 3167 1819 2714 1786
5064 4 2 0 0 2992 2714 1786 3167
5065 4 2 0 0 3125 1786 1702 3167
5066 4 2 0 0 3125 2992 1786 3167
5067 4 2 0 0 2993 3168 1787 2720
5068 4 2 0 0 1739 3168 1787 1703
5069 4 2 0 0 1820 1787 3168 2720
5070 4 2 0 0 1703 3168 1787 3126
5071 4 2 0 0 3126 3168 1787 2993
5072 4 2 0 0 769 733 3127 686
5073 4 2 0 0 3127 733 2507 653
5074 4 2 0 0 3128 687 734 768
5075 4 2 0 0 3268 654 734 3128
5076 4 2 0 0 1174 1087 1125 3118
5077 4 2 0 0 1038 1087 3118 1125
5078 4 2 0 0 2553 3174 3015 3217
5079 4 2 0 0 3218 3061 3175 3119
5080 4 2 0 0 2627 1296 3119 1346
5081 4 2 0 0 1346 1384 3119 1434
5082 4 2 0 0 2955 1126 3245 1175
5083 4 2 0 0 2955 1086 1039 1126
5084 4 2 0 0 2559 3208 3249 2955
5085 4 2 0 0 2670 3108 3144 2620
5086 4 2 0 0 3120 1345 1433 1385
5087 4 2 0 0 3120 2619 1345 1385
5088 4 2 0 0 2693 2998 2032 3093
5089 4 2 0 0 3093 2032 2083 3084
5090 4 2 0 0 441 2536 3091 3085
5091 4 2 0 0 391 3091 3085 441
5092 4 2 0 0 2031 3092 2082 3086
5093 4 2 0 0 2691 3086 3092 2031
5094 4 2 0 0 362 2486 3139 3133
5095 4 2 0 0 478 3139 3133 419
5096 4 2 0 0 363 3140 2490 3216
5097 4 2 0 0 3149 3098 2100 2939
5098 4 2 0 0 3098 2738 2100 2939
5099 4 2 0 0 3149 2100 2041 2939
5100 4 2 0 0 2108 3141 2947 3148
5101 4 2 0 0 2157 2947 3141 2742
5102 4 2 0 0 2108 2042 3141 3148
5103 4 2 0 0 3169 2440 2416 2423
5104 4 2 0 0 3169 2416 2440 2432
5105 4 2 0 0 2958 2432 3169 2440
5106 4 2 0 0 2958 2930 2440 3169
5107 4 2 0 0 3169 2442 2423 3242
5108 4 2 0 0 3169 2442 3242 2930
5109 4 2 0 0 3257 45 28 52
5110 4 2 0 0 3257 28 36 52
5111 4 2 0 0 3257 36 28 2957
5112 4 2 0 0 3257 28 45 3241
5113 4 2 0 0 3257 2957 28 3241
5114 4 2 0 0 3259 2433 2441 2417
5115 4 2 0 0 3259 2441 2424 2417
5116 4 2 0 0 2959 2433 2441 3259
5117 4 2 0 0 3259 2424 2441 2443
5118 4 2 0 0 3276 2443 3259 2959
5119 4 2 0 0 29 3251 37 53
5120 4 2 0 0 29 46 3251 53
5121 4 2 0 0 19 37 3251 2956
5122 4 2 0 0 19 2928 2956 3251
5123 4 2 0 0 29 3243 3251 46
5124 4 2 0 0 29 3251 3243 2928
5125 4 2 0 0 56 3170 75 83
5126 4 2 0 0 75 3170 96 83
5127 4 2 0 0 3171 97 84 66
5128 4 2 0 0 2386 3122 2360 2405
5129 4 2 0 0 2404 2387 3214 2381
5130 4 2 0 0 3116 2995 2677 1669
5131 4 2 0 0 3117 1670 2683 2997
5132 4 2 0 0 3031 2552 801 3115
5133 4 2 0 0 3114 3030 2546 800
5134 4 2 0 0 3084 3093 2032 2998
5135 4 2 0 0 3084 2083 3093 2736
5136 4 2 0 0 3154 3070 3113 392
5137 4 2 0 0 391 2492 3085 3091
5138 4 2 0 0 3092 2734 2082 3086
5139 4 2 0 0 1119 3172 1078 1032
5140 4 2 0 0 3173 1033 1120 1079
5141 4 2 0 0 3174 1038 992 1087
5142 4 2 0 0 3174 1087 3118 1038
5143 4 2 0 0 1480 1384 1434 3175
5144 4 2 0 0 1434 3175 1384 3119
5145 4 2 0 0 2955 1039 1086 993
5146 4 2 0 0 3249 993 1039 2955
5147 4 2 0 0 3144 1479 1385 1433
5148 4 2 0 0 3144 1433 1385 3120
5149 4 2 0 0 3139 3133 2521 478
5150 4 2 0 0 3149 2700 2939 2021
5151 4 2 0 0 3141 3148 1977 2706
5152 4 2 0 0 395 2480 2945 3025
5153 4 2 0 0 395 3033 3025 2945
5154 4 2 0 0 2748 2079 2946 3000
5155 4 2 0 0 3000 2999 2079 2946
5156 4 2 0 0 2477 396 2944 3023
5157 4 2 0 0 3023 2944 3032 396
5158 4 2 0 0 3002 3001 2943 2078
5159 4 2 0 0 3002 2719 2943 3001
5160 4 2 0 0 2752 2078 3002 2943
5161 4 2 0 0 2948 1065 1001 983
5162 4 2 0 0 3195 1090 1001 1065
5163 4 2 0 0 1066 1002 984 2949
5164 4 2 0 0 1091 2949 1002 1066
5165 4 2 0 0 1091 2949 1066 3107
5166 4 2 0 0 2950 1471 1488 1403
5167 4 2 0 0 3121 1380 1471 1403
5168 4 2 0 0 3121 1403 1471 2950
5169 4 2 0 0 1404 1472 3196 1381
5170 4 2 0 0 1404 1472 1489 2951
5171 4 2 0 0 1404 2954 2590 2593
5172 4 2 0 0 3108 1393 1350 1456
5173 4 2 0 0 3108 3186 3120 2620
5174 4 2 0 0 3119 2626 3238 3218
5175 4 2 0 0 1392 3218 1351 1457
5176 4 2 0 0 3088 3076 3153 1718
5177 4 2 0 0 2644 3153 3076 1657
5178 4 2 0 0 752 3151 3077 3089
5179 4 2 0 0 882 2582 3077 3151
5180 4 2 0 0 3152 3078 3090 753
5181 4 2 0 0 3152 3078 813 2586
5182 4 2 0 0 2648 3150 1658 3075
5183 4 2 0 0 3075 3087 3150 1658
5184 4 2 0 0 2473 2934 360 3101
5185 4 2 0 0 3101 2934 498 3029
5186 4 2 0 0 2933 2111 3099 2756
5187 4 2 0 0 2933 2731 3099 2046
5188 4 2 0 0 3048 3100 1975 2932
5189 4 2 0 0 2754 2932 2110 3100
5190 4 2 0 0 499 2498 2931 2985
5191 4 2 0 0 361 2475 3102 2931
5192 4 2 0 0 3171 2469 42 33
5193 4 2 0 0 3171 2469 33 3162
5194 4 2 0 0 3171 42 57 33
5195 4 2 0 0 3171 57 3162 33
5196 4 2 0 0 20 3079 2469 3170
5197 4 2 0 0 20 3170 2469 41
5198 4 2 0 0 32 41 56 3170
5199 4 2 0 0 32 3230 3170 56
5200 4 2 0 0 2436 3179 2760 2427
5201 4 2 0 0 3003 3179 2760 2454
5202 4 2 0 0 2436 2412 3179 2427
5203 4 2 0 0 2760 2437 3161 3003
5204 4 2 0 0 2428 2437 2413 3161
5205 4 2 0 0 2760 3161 2437 2428
5206 4 2 0 0 3120 1433 1345 1393
5207 4 2 0 0 1346 1434 3119 1392
5208 4 2 0 0 1078 1125 1038 3172
5209 4 2 0 0 1038 3118 3172 1125
5210 4 2 0 0 3015 3118 2603 3172
5211 4 2 0 0 3173 1126 1039 1079
5212 4 2 0 0 1111 1021 1085 3176
5213 4 2 0 0 3160 2544 3262 3176
5214 4 2 0 0 1054 3160 1021 1111
5215 4 2 0 0 3177 1416 1362 1449
5216 4 2 0 0 3177 3261 2687 3159
5217 4 2 0 0 3177 1388 1449 1362
5218 4 2 0 0 1022 1055 1110 3157
5219 4 2 0 0 1022 1110 1084 3189
5220 4 2 0 0 1448 3158 1415 1361
5221 4 2 0 0 1448 1361 1387 3137
5222 4 2 0 0 89 55 2956 63
5223 4 2 0 0 63 2956 37 55
5224 4 2 0 0 2957 54 88 62
5225 4 2 0 0 2957 62 36 54
5226 4 2 0 0 2958 2414 2382 2408
5227 4 2 0 0 2958 2408 2432 2414
5228 4 2 0 0 2959 2415 2409 2383
5229 4 2 0 0 2959 2433 2409 2415
5230 4 2 0 0 3164 3083 3234 2656
5231 4 2 0 0 1473 1514 1572 3083
5232 4 2 0 0 1572 3083 1514 1611
5233 4 2 0 0 1515 3081 1573 1612
5234 4 2 0 0 1515 1573 3081 1474
5235 4 2 0 0 3235 2662 3081 3165
5236 4 2 0 0 2560 999 898 3080
5237 4 2 0 0 3166 3080 3236 2568
5238 4 2 0 0 898 956 863 3080
5239 4 2 0 0 898 3080 999 956
5240 4 2 0 0 3082 1000 955 899
5241 4 2 0 0 3082 3237 2574 3163
5242 4 2 0 0 3082 899 955 862
5243 4 2 0 0 3108 1512 1417 2677
5244 4 2 0 0 55 2956 37 2471
5245 4 2 0 0 2471 36 54 2957
5246 4 2 0 0 2958 2414 2432 2758
5247 4 2 0 0 2959 2415 2758 2433
5248 4 2 0 0 1338 3147 1436 1365
5249 4 2 0 0 1134 1108 3224 1037
5250 4 2 0 0 1107 1133 3225 1036
5251 4 2 0 0 3223 1435 1364 1337
5252 4 2 0 0 1707 3201 1780 1715
5253 4 2 0 0 1780 1783 3201 2692
5254 4 2 0 0 1778 2692 1780 3201
5255 4 2 0 0 3202 2537 692 693
5256 4 2 0 0 3202 764 693 756
5257 4 2 0 0 3202 693 695 2537
5258 4 2 0 0 694 2537 692 3202
5259 4 2 0 0 765 757 3202 694
5260 4 2 0 0 696 2537 694 3202
5261 4 2 0 0 1714 1706 3201 1779
5262 4 2 0 0 2692 3201 1777 1779
5263 4 2 0 0 2692 1779 1783 3201
5264 4 2 0 0 3178 2228 2212 2277
5265 4 2 0 0 3178 2736 2268 2216
5266 4 2 0 0 56 75 3170 41
5267 4 2 0 0 3171 57 42 66
5268 4 2 0 0 2404 2412 2427 3179
5269 4 2 0 0 2428 3161 2413 2405
5270 4 2 0 0 1117 1172 1076 3156
5271 4 2 0 0 1171 2972 1118 1077
5272 4 2 0 0 1352 1394 3042 1297
5273 4 2 0 0 3043 1353 1298 1395
5274 4 2 0 0 2942 1055 1110 1140
5275 4 2 0 0 1361 1329 3145 1415
5276 4 2 0 0 1330 1416 1362 3177
5277 4 2 0 0 2941 3177 3062 3159
5278 4 2 0 0 2941 1416 1330 3177
5279 4 2 0 0 1054 3146 1111 1141
5280 4 2 0 0 3160 3038 3176 3146
5281 4 2 0 0 1054 3146 3160 1111
5282 4 2 0 0 1439 3218 2683 1457
5283 4 2 0 0 2546 3250 1073 957
5284 4 2 0 0 1074 1032 994 3250
5285 4 2 0 0 2546 3250 3014 1073
5286 4 2 0 0 3014 3250 3172 1074
5287 4 2 0 0 1074 3172 1032 3250
5288 4 2 0 0 3173 1033 958 1075
5289 4 2 0 0 2552 1031 3173 958
5290 4 2 0 0 156 108 3180 166
5291 4 2 0 0 166 2952 3180 214
5292 4 2 0 0 254 3180 296 311
5293 4 2 0 0 214 264 3180 254
5294 4 2 0 0 357 296 346 3215
5295 4 2 0 0 214 3180 264 2952
5296 4 2 0 0 2920 416 3215 357
5297 4 2 0 0 2297 2329 2752 3181
5298 4 2 0 0 2371 3181 2329 2343
5299 4 2 0 0 3004 2752 2329 3181
5300 4 2 0 0 3136 3181 2329 2371
5301 4 2 0 0 3136 3004 2329 3181
5302 4 2 0 0 175 2480 3182 144
5303 4 2 0 0 130 3182 101 144
5304 4 2 0 0 2965 2480 144 3182
5305 4 2 0 0 144 3134 3182 101
5306 4 2 0 0 2965 3134 3182 144
5307 4 2 0 0 2330 2748 3053 3183
5308 4 2 0 0 2344 2372 3183 2330
5309 4 2 0 0 2298 2748 2330 3183
5310 4 2 0 0 2330 3135 2372 3183
5311 4 2 0 0 2330 3183 3053 3135
5312 4 2 0 0 129 100 3007 143
5313 4 2 0 0 129 3007 2477 143
5314 4 2 0 0 3109 1665 1756 1710
5315 4 2 0 0 1611 1665 3109 1710
5316 4 2 0 0 1711 1666 3110 1612
5317 4 2 0 0 1757 3110 1711 1666
5318 4 2 0 0 760 804 716 3111
5319 4 2 0 0 760 804 3111 862
5320 4 2 0 0 805 3112 863 761
5321 4 2 0 0 805 717 3112 761
5322 4 2 0 0 3094 951 861 895
5323 4 2 0 0 2560 990 3094 895
5324 4 2 0 0 990 895 951 3094
5325 4 2 0 0 3208 952 894 860
5326 4 2 0 0 3208 894 952 3095
5327 4 2 0 0 3095 894 991 3082
5328 4 2 0 0 3096 1613 1577 1520
5329 4 2 0 0 3096 1577 3083 1481
5330 4 2 0 0 3096 1577 1481 1520
5331 4 2 0 0 1578 1614 3097 1519
5332 4 2 0 0 3081 1482 1578 3097
5333 4 2 0 0 1578 3097 1482 1519
5334 4 2 0 0 3103 67 39 47
5335 4 2 0 0 3103 39 24 47
5336 4 2 0 0 2421 3104 2444 2429
5337 4 2 0 0 2421 2403 3104 2429
5338 4 2 0 0 40 3106 25 48
5339 4 2 0 0 48 40 3106 68
5340 4 2 0 0 3105 2445 2422 3276
5341 4 2 0 0 3105 2402 2422 2430
5342 4 2 0 0 3105 2445 2430 2422
5343 4 2 0 0 3223 1239 1310 1337
5344 4 2 0 0 2591 1239 1310 3223
5345 4 2 0 0 1338 1311 3147 1240
5346 4 2 0 0 1216 3147 2594 1311
5347 4 2 0 0 1256 2639 1160 3207
5348 4 2 0 0 1134 1160 3207 1231
5349 4 2 0 0 1230 2635 3225 1159
5350 4 2 0 0 1133 1159 1230 3225
5351 4 2 0 0 51 3243 27 46
5352 4 2 0 0 51 46 72 3243
5353 4 2 0 0 27 3106 3243 51
5354 4 2 0 0 3233 3251 2489 2484
5355 4 2 0 0 3241 26 45 50
5356 4 2 0 0 3241 71 50 45
5357 4 2 0 0 3241 50 3103 26
5358 4 2 0 0 2487 3124 3241 3257
5359 4 2 0 0 2739 3232 3242 3169
5360 4 2 0 0 2423 2418 2396 3242
5361 4 2 0 0 2442 3242 3104 2418
5362 4 2 0 0 2423 2418 3242 2442
5363 4 2 0 0 3123 3259 3252 2741
5364 4 2 0 0 3123 2397 2424 2419
5365 4 2 0 0 3276 2419 2424 2443
5366 4 2 0 0 2590 2927 1148 3146
5367 4 2 0 0 2642 2940 1304 2941
5368 4 2 0 0 1707 3184 1636 1633
5369 4 2 0 0 1557 1636 3184 1633
5370 4 2 0 0 1699 2647 3184 3206
5371 4 2 0 0 3204 838 764 835
5372 4 2 0 0 3204 915 838 835
5373 4 2 0 0 916 836 3205 839
5374 4 2 0 0 765 3205 836 839
5375 4 2 0 0 1635 1632 3203 1706
5376 4 2 0 0 1635 3203 1632 1556
5377 4 2 0 0 3257 52 36 62
5378 4 2 0 0 3257 62 36 2957
5379 4 2 0 0 2408 2416 3169 2432
5380 4 2 0 0 3258 3169 2408 2416
5381 4 2 0 0 2958 2432 2408 3169
5382 4 2 0 0 2958 3169 2408 3258
5383 4 2 0 0 3259 2417 2409 2433
5384 4 2 0 0 2959 2409 2433 3259
5385 4 2 0 0 53 3260 37 63
5386 4 2 0 0 3251 3260 37 53
5387 4 2 0 0 3251 37 3260 2956
5388 4 2 0 0 63 3260 37 2956
5389 4 2 0 0 1105 2619 1162 3074
5390 4 2 0 0 2619 3074 3247 1162
5391 4 2 0 0 1106 1161 2627 3071
5392 4 2 0 0 2627 1161 3246 3071
5393 4 2 0 0 2602 3072 1308 1366
5394 4 2 0 0 1308 3072 2602 3244
5395 4 2 0 0 3245 3073 1309 1408
5396 4 2 0 0 2386 2351 2360 3122
5397 4 2 0 0 3161 2873 3122 2750
5398 4 2 0 0 2386 3122 2405 3161
5399 4 2 0 0 2381 3239 2352 2387
5400 4 2 0 0 2335 3239 2352 2381
5401 4 2 0 0 831 2552 746 3011
5402 4 2 0 0 1312 1350 3186 1262
5403 4 2 0 0 1261 1351 3238 1313
5404 4 2 0 0 2634 3238 1396 1313
5405 4 2 0 0 2634 1313 1225 3238
5406 4 2 0 0 2595 1245 1157 3172
5407 4 2 0 0 1119 1207 3172 1157
5408 4 2 0 0 3173 1120 1158 1208
5409 4 2 0 0 3127 722 807 769
5410 4 2 0 0 3127 861 769 807
5411 4 2 0 0 3125 1663 1613 1702
5412 4 2 0 0 3125 3167 3144 2992
5413 4 2 0 0 3125 1663 1702 1750
5414 4 2 0 0 1614 1664 3126 1703
5415 4 2 0 0 1703 1751 1664 3126
5416 4 2 0 0 3175 3126 2676 3168
5417 4 2 0 0 3128 768 860 806
5418 4 2 0 0 3128 806 721 768
5419 4 2 0 0 1085 998 1058 3187
5420 4 2 0 0 2545 969 3187 1030
5421 4 2 0 0 3188 1441 2688 1501
5422 4 2 0 0 3188 1476 1388 1412
5423 4 2 0 0 997 1084 1057 3189
5424 4 2 0 0 2541 1029 3189 970
5425 4 2 0 0 3190 1411 1387 1475
5426 4 2 0 0 2684 1500 1411 3190
5427 4 2 0 0 2684 1411 3047 3190
5428 4 2 0 0 3190 3137 1387 1411
5429 4 2 0 0 3190 3137 1411 3047
5430 4 2 0 0 68 101 3134 77
5431 4 2 0 0 77 3134 115 101
5432 4 2 0 0 3191 114 3007 100
5433 4 2 0 0 3191 76 100 67
5434 4 2 0 0 3191 114 100 76
5435 4 2 0 0 2372 3135 2393 2403
5436 4 2 0 0 2357 2393 2372 3135
5437 4 2 0 0 3136 2392 2371 2356
5438 4 2 0 0 3136 2402 2371 2392
5439 4 2 0 0 117 3243 81 105
5440 4 2 0 0 105 72 3243 81
5441 4 2 0 0 3123 2389 2368 2397
5442 4 2 0 0 2353 2368 3123 2389
5443 4 2 0 0 3124 104 80 71
5444 4 2 0 0 3124 116 80 104
5445 4 2 0 0 2396 2388 2367 3242
5446 4 2 0 0 2354 2367 2388 3242
5447 4 2 0 0 859 2540 937 891
5448 4 2 0 0 3212 2544 3160 2540
5449 4 2 0 0 938 3138 890 974
5450 4 2 0 0 2542 3211 3157 3138
5451 4 2 0 0 938 890 3138 858
5452 4 2 0 0 1533 1581 3142 1615
5453 4 2 0 0 1495 2689 3142 1581
5454 4 2 0 0 2685 3142 3210 3158
5455 4 2 0 0 1534 1582 1616 3143
5456 4 2 0 0 1496 1582 1534 3143
5457 4 2 0 0 2687 3213 3143 3159
5458 4 2 0 0 1662 2648 1643 2960
5459 4 2 0 0 2975 1642 1661 2644
5460 4 2 0 0 2970 745 2586 809
5461 4 2 0 0 3012 744 808 826
5462 4 2 0 0 719 3132 771 803
5463 4 2 0 0 859 3132 803 771
5464 4 2 0 0 1667 3129 1701 1754
5465 4 2 0 0 1667 3129 1615 1701
5466 4 2 0 0 770 802 3131 718
5467 4 2 0 0 770 858 3131 802
5468 4 2 0 0 1668 3130 1700 1616
5469 4 2 0 0 1668 1755 1700 3130
5470 4 2 0 0 2961 2714 1792 1807
5471 4 2 0 0 2961 1697 1606 2677
5472 4 2 0 0 2961 1686 1752 1737
5473 4 2 0 0 1793 2720 3192 1808
5474 4 2 0 0 1730 2683 3192 1640
5475 4 2 0 0 680 2507 665 3010
5476 4 2 0 0 741 3010 2546 830
5477 4 2 0 0 3193 1364 1435 1452
5478 4 2 0 0 2592 3223 3040 3193
5479 4 2 0 0 3223 1364 1435 3193
5480 4 2 0 0 1037 3194 1018 1108
5481 4 2 0 0 2973 2638 3194 3224
5482 4 2 0 0 1037 3224 3194 1108
5483 4 2 0 0 3195 3017 3225 2636
5484 4 2 0 0 3195 1036 1017 1107
5485 4 2 0 0 3195 1036 1107 3225
5486 4 2 0 0 3196 1365 1453 1436
5487 4 2 0 0 3196 1436 3147 1365
5488 4 2 0 0 3197 205 2492 255
5489 4 2 0 0 2217 2734 2267 3198
5490 4 2 0 0 121 178 3006 145
5491 4 2 0 0 75 121 3199 82
5492 4 2 0 0 3006 2474 3199 145
5493 4 2 0 0 3006 96 121 3199
5494 4 2 0 0 75 3199 121 96
5495 4 2 0 0 82 3199 118 121
5496 4 2 0 0 3200 118 122 87
5497 4 2 0 0 3200 97 87 122
5498 4 2 0 0 3200 122 118 2474
5499 4 2 0 0 3006 96 3199 3170
5500 4 2 0 0 75 3170 3199 96
5501 4 2 0 0 3171 3240 3200 2479
5502 4 2 0 0 3171 97 66 87
5503 4 2 0 0 3171 97 87 3200
5504 4 2 0 0 3193 1504 1435 1405
5505 4 2 0 0 3040 2644 1504 1483
5506 4 2 0 0 3195 1063 965 1036
5507 4 2 0 0 3017 965 988 2582
5508 4 2 0 0 966 3194 1037 1064
5509 4 2 0 0 966 2973 989 2586
5510 4 2 0 0 3147 1406 1436 1505
5511 4 2 0 0 3147 1484 1505 2648
5512 4 2 0 0 1407 3244 1352 3234
5513 4 2 0 0 3234 2603 3042 2656
5514 4 2 0 0 3234 2656 3044 2603
5515 4 2 0 0 1308 3244 1352 1407
5516 4 2 0 0 1308 3072 3244 1407
5517 4 2 0 0 2609 3235 3043 2662
5518 4 2 0 0 3245 3235 1408 1353
5519 4 2 0 0 3245 1408 1309 1353
5520 4 2 0 0 2609 2662 3045 3235
5521 4 2 0 0 3080 2568 2620 3236
5522 4 2 0 0 1061 3247 3074 1162
5523 4 2 0 0 3236 2568 2620 2971
5524 4 2 0 0 1117 3247 1061 1162
5525 4 2 0 0 1117 3247 3156 1061
5526 4 2 0 0 2626 3237 3246 2972
5527 4 2 0 0 1161 3246 1062 1118
5528 4 2 0 0 3071 3237 3246 2626
5529 4 2 0 0 3071 1062 1161 3246
5530 4 2 0 0 3237 1062 3246 1118
5531 4 2 0 0 2834 3070 2952 2767
5532 4 2 0 0 1107 2640 1090 3195
5533 4 2 0 0 2953 1065 2640 3195
5534 4 2 0 0 1091 3194 3224 1108
5535 4 2 0 0 1091 2642 1181 3224
5536 4 2 0 0 3223 1290 1380 3121
5537 4 2 0 0 3223 1290 3121 2588
5538 4 2 0 0 2590 3196 1404 2593
5539 4 2 0 0 2590 3196 1365 1381
5540 4 2 0 0 1783 1714 1715 3201
5541 4 2 0 0 692 3202 756 757
5542 4 2 0 0 805 863 3112 898
5543 4 2 0 0 3166 2561 3080 2568
5544 4 2 0 0 898 3080 863 3112
5545 4 2 0 0 3164 2663 3083 2656
5546 4 2 0 0 1572 3109 1611 1665
5547 4 2 0 0 1572 3109 3083 1611
5548 4 2 0 0 1612 1666 3110 1573
5549 4 2 0 0 3081 3110 1573 1612
5550 4 2 0 0 3081 2662 2669 3165
5551 4 2 0 0 3111 862 804 899
5552 4 2 0 0 2567 3082 2574 3163
5553 4 2 0 0 3111 899 3082 862
5554 4 2 0 0 3193 1380 1452 1471
5555 4 2 0 0 3193 1380 1471 3121
5556 4 2 0 0 3121 2950 1471 3193
5557 4 2 0 0 3195 1065 1001 2948
5558 4 2 0 0 3195 1090 1017 1001
5559 4 2 0 0 3195 2953 1065 2948
5560 4 2 0 0 1091 3194 1018 1002
5561 4 2 0 0 1091 3194 1002 2949
5562 4 2 0 0 1091 3194 2949 3107
5563 4 2 0 0 2951 1472 3196 1404
5564 4 2 0 0 3196 1472 1453 1381
5565 4 2 0 0 1034 981 2971 2575
5566 4 2 0 0 1076 2971 981 1020
5567 4 2 0 0 1076 3156 2971 1020
5568 4 2 0 0 3237 980 1019 1077
5569 4 2 0 0 980 2972 2581 1035
5570 4 2 0 0 3237 1077 2972 980
5571 4 2 0 0 3042 2649 1437 1490
5572 4 2 0 0 1450 1394 1490 3042
5573 4 2 0 0 1438 3043 1491 2655
5574 4 2 0 0 1395 1451 1491 3043
5575 4 2 0 0 1707 1636 3201 1715
5576 4 2 0 0 1707 3201 1636 3184
5577 4 2 0 0 1778 2991 3201 3184
5578 4 2 0 0 1635 1706 3201 1714
5579 4 2 0 0 1635 1706 3185 3201
5580 4 2 0 0 2976 3185 1777 3201
5581 4 2 0 0 835 764 3202 756
5582 4 2 0 0 765 836 3202 757
5583 4 2 0 0 2755 2336 2328 3122
5584 4 2 0 0 2405 2360 2398 3122
5585 4 2 0 0 3122 2360 2398 2364
5586 4 2 0 0 2587 915 978 2948
5587 4 2 0 0 916 2949 2587 979
5588 4 2 0 0 1556 2950 1492 2643
5589 4 2 0 0 1557 1493 2951 2643
5590 4 2 0 0 1706 1698 3203 1777
5591 4 2 0 0 1706 1698 1632 3203
5592 4 2 0 0 1706 3185 1777 3203
5593 4 2 0 0 1706 3203 1635 3185
5594 4 2 0 0 838 764 772 3204
5595 4 2 0 0 772 3204 764 695
5596 4 2 0 0 3202 3204 695 764
5597 4 2 0 0 3202 3204 764 835
5598 4 2 0 0 765 839 773 3205
5599 4 2 0 0 765 773 696 3205
5600 4 2 0 0 765 3202 3205 696
5601 4 2 0 0 765 3205 3202 836
5602 4 2 0 0 1707 3184 1699 1778
5603 4 2 0 0 1707 1699 3184 1633
5604 4 2 0 0 701 2536 3204 695
5605 4 2 0 0 3013 2536 695 3204
5606 4 2 0 0 3202 3013 695 3204
5607 4 2 0 0 696 2538 3036 3205
5608 4 2 0 0 696 3205 773 702
5609 4 2 0 0 696 3202 3205 3036
5610 4 2 0 0 1699 2991 2693 1778
5611 4 2 0 0 1699 3184 2991 1778
5612 4 2 0 0 1771 3203 1698 1777
5613 4 2 0 0 2976 1777 3203 2691
5614 4 2 0 0 2976 3185 3203 1777
5615 4 2 0 0 1111 1176 3176 1085
5616 4 2 0 0 3262 3176 2544 3187
5617 4 2 0 0 1147 3187 3176 1085
5618 4 2 0 0 1147 3176 1176 1085
5619 4 2 0 0 3177 1294 1388 1362
5620 4 2 0 0 3207 1323 1388 1294
5621 4 2 0 0 3177 3188 2687 3261
5622 4 2 0 0 3207 1388 1412 3188
5623 4 2 0 0 3189 1146 1173 1084
5624 4 2 0 0 2542 2942 3157 3189
5625 4 2 0 0 2942 1110 3189 1173
5626 4 2 0 0 3189 1110 1084 1173
5627 4 2 0 0 3137 1293 1387 1322
5628 4 2 0 0 3137 1293 2640 1361
5629 4 2 0 0 1387 1361 1293 3137
5630 4 2 0 0 2685 3145 3158 3137
5631 4 2 0 0 68 3134 3106 77
5632 4 2 0 0 48 77 68 3106
5633 4 2 0 0 3229 2479 3106 3134
5634 4 2 0 0 3103 76 3191 67
5635 4 2 0 0 3103 67 47 76
5636 4 2 0 0 3135 3231 2749 3104
5637 4 2 0 0 3135 3104 2393 2403
5638 4 2 0 0 2421 3104 2403 2393
5639 4 2 0 0 3105 2422 2402 2392
5640 4 2 0 0 3105 3228 2751 3136
5641 4 2 0 0 3105 2402 3136 2392
5642 4 2 0 0 1554 3203 1488 1556
5643 4 2 0 0 1554 3203 1556 1632
5644 4 2 0 0 1556 3203 1488 2950
5645 4 2 0 0 1556 3203 2950 1635
5646 4 2 0 0 838 3204 918 915
5647 4 2 0 0 915 918 983 3204
5648 4 2 0 0 2948 983 3204 915
5649 4 2 0 0 2948 3204 835 915
5650 4 2 0 0 916 919 839 3205
5651 4 2 0 0 916 919 3205 984
5652 4 2 0 0 916 2949 984 3205
5653 4 2 0 0 916 2949 3205 836
5654 4 2 0 0 1557 3206 1489 1555
5655 4 2 0 0 1557 1633 3206 1555
5656 4 2 0 0 1557 2951 1489 3206
5657 4 2 0 0 1557 3206 1633 3184
5658 4 2 0 0 3109 2707 1841 1800
5659 4 2 0 0 3109 1712 1756 1665
5660 4 2 0 0 1757 3110 1666 1713
5661 4 2 0 0 1757 3110 1801 1842
5662 4 2 0 0 3111 672 631 2520
5663 4 2 0 0 3111 716 758 804
5664 4 2 0 0 805 717 759 3112
5665 4 2 0 0 2514 632 3112 673
5666 4 2 0 0 3128 806 860 894
5667 4 2 0 0 3208 3128 860 894
5668 4 2 0 0 2567 3208 3128 2559
5669 4 2 0 0 895 861 3127 807
5670 4 2 0 0 2561 3174 2553 3127
5671 4 2 0 0 3094 861 3127 895
5672 4 2 0 0 1577 1663 1613 3125
5673 4 2 0 0 3096 1613 3125 1577
5674 4 2 0 0 2663 3125 3144 2992
5675 4 2 0 0 1614 1664 1578 3126
5676 4 2 0 0 1578 3126 3097 1614
5677 4 2 0 0 3175 2669 2676 3126
5678 4 2 0 0 3157 913 996 938
5679 4 2 0 0 3211 858 913 938
5680 4 2 0 0 3211 858 938 3138
5681 4 2 0 0 3210 1615 1558 1533
5682 4 2 0 0 3158 1533 1558 1477
5683 4 2 0 0 3210 3142 1615 1533
5684 4 2 0 0 3213 1616 1534 1559
5685 4 2 0 0 3159 1478 1559 1534
5686 4 2 0 0 3213 1616 3143 1534
5687 4 2 0 0 3160 995 914 937
5688 4 2 0 0 859 914 937 3212
5689 4 2 0 0 859 3212 937 2540
5690 4 2 0 0 81 72 3243 51
5691 4 2 0 0 3123 2397 2419 2389
5692 4 2 0 0 3123 2746 3259 2741
5693 4 2 0 0 3123 2424 3276 2419
5694 4 2 0 0 3124 71 80 3241
5695 4 2 0 0 2487 3253 3124 3257
5696 4 2 0 0 2396 2388 3242 2418
5697 4 2 0 0 244 2490 2952 2494
5698 4 2 0 0 195 2952 240 244
5699 4 2 0 0 195 177 2952 244
5700 4 2 0 0 2742 2296 2228 3178
5701 4 2 0 0 2404 2387 2412 3179
5702 4 2 0 0 2404 3179 3214 2387
5703 4 2 0 0 2386 2413 3161 2405
5704 4 2 0 0 57 3171 84 66
5705 4 2 0 0 3189 1146 3223 1173
5706 4 2 0 0 3223 2942 3189 1173
5707 4 2 0 0 3223 1146 1239 1173
5708 4 2 0 0 2591 3223 3189 1146
5709 4 2 0 0 2591 1239 3223 1146
5710 4 2 0 0 1147 2594 3176 3187
5711 4 2 0 0 1147 3147 1240 1176
5712 4 2 0 0 1147 3147 2594 1216
5713 4 2 0 0 1147 2594 3147 3176
5714 4 2 0 0 1147 3147 1176 3176
5715 4 2 0 0 1231 1294 1323 3207
5716 4 2 0 0 1256 1349 2639 3207
5717 4 2 0 0 3207 1388 3177 1294
5718 4 2 0 0 3207 3177 1388 3188
5719 4 2 0 0 3207 3188 1349 2639
5720 4 2 0 0 3137 1230 1293 1322
5721 4 2 0 0 3137 1293 3225 2640
5722 4 2 0 0 1230 1293 3225 3137
5723 4 2 0 0 3137 1230 1322 2635
5724 4 2 0 0 1230 2635 3137 3225
5725 4 2 0 0 2335 3239 2381 3214
5726 4 2 0 0 2335 2311 3239 2754
5727 4 2 0 0 2335 2754 3239 3214
5728 4 2 0 0 137 119 96 3006
5729 4 2 0 0 137 3006 2473 119
5730 4 2 0 0 119 2473 3230 3006
5731 4 2 0 0 119 3006 3170 96
5732 4 2 0 0 138 97 120 3240
5733 4 2 0 0 3200 3240 138 2475
5734 4 2 0 0 2475 162 3240 138
5735 4 2 0 0 3200 97 138 3240
5736 4 2 0 0 3125 1835 2707 1800
5737 4 2 0 0 3125 1712 1663 1750
5738 4 2 0 0 1713 1751 3126 1664
5739 4 2 0 0 1801 2713 3126 1836
5740 4 2 0 0 3128 758 721 806
5741 4 2 0 0 3128 638 672 2520
5742 4 2 0 0 3127 807 722 759
5743 4 2 0 0 2514 673 3127 637
5744 4 2 0 0 671 3132 2497 633
5745 4 2 0 0 749 3132 719 803
5746 4 2 0 0 749 802 718 3131
5747 4 2 0 0 671 3131 634 2497
5748 4 2 0 0 1667 1721 3129 1754
5749 4 2 0 0 1839 1802 3129 2730
5750 4 2 0 0 1840 3130 1755 1802
5751 4 2 0 0 1668 1755 3130 1721
5752 4 2 0 0 43 3230 64 39
5753 4 2 0 0 67 64 3230 39
5754 4 2 0 0 3103 3230 39 67
5755 4 2 0 0 68 3229 65 40
5756 4 2 0 0 23 3162 3229 44
5757 4 2 0 0 40 65 44 3229
5758 4 2 0 0 23 3106 3229 3162
5759 4 2 0 0 68 3106 3229 40
5760 4 2 0 0 2429 2403 3231 2407
5761 4 2 0 0 2429 2407 3231 2425
5762 4 2 0 0 3104 3231 2425 2429
5763 4 2 0 0 3179 3104 3231 2425
5764 4 2 0 0 2429 3231 2403 3104
5765 4 2 0 0 2447 3161 3228 2426
5766 4 2 0 0 2406 3228 2426 2430
5767 4 2 0 0 2406 3228 2430 2402
5768 4 2 0 0 3105 3161 3228 2447
5769 4 2 0 0 3105 3228 2402 2430
5770 4 2 0 0 2493 109 112 3221
5771 4 2 0 0 2493 112 2966 3221
5772 4 2 0 0 3221 88 112 2966
5773 4 2 0 0 3221 78 112 88
5774 4 2 0 0 3221 112 78 109
5775 4 2 0 0 2493 113 109 3221
5776 4 2 0 0 89 3221 79 113
5777 4 2 0 0 108 3221 113 2493
5778 4 2 0 0 79 113 3221 109
5779 4 2 0 0 108 113 3221 89
5780 4 2 0 0 3222 2390 2363 2358
5781 4 2 0 0 3222 2358 2735 3019
5782 4 2 0 0 3222 2390 2358 2382
5783 4 2 0 0 3222 2382 2358 3019
5784 4 2 0 0 3222 2735 2358 2363
5785 4 2 0 0 3222 2735 2359 3052
5786 4 2 0 0 3222 2383 3052 2359
5787 4 2 0 0 3222 2391 2383 2359
5788 4 2 0 0 3222 2391 2359 2363
5789 4 2 0 0 3222 2735 2363 2359
5790 4 2 0 0 1085 1021 998 3262
5791 4 2 0 0 1085 998 3187 3262
5792 4 2 0 0 1085 3262 3176 1021
5793 4 2 0 0 1085 3176 3262 3187
5794 4 2 0 0 3261 1476 1388 3188
5795 4 2 0 0 3261 1449 1388 1476
5796 4 2 0 0 3177 1449 1388 3261
5797 4 2 0 0 3177 3188 3261 1388
5798 4 2 0 0 997 1084 3189 1022
5799 4 2 0 0 1110 2942 3189 3157
5800 4 2 0 0 1022 3157 1110 3189
5801 4 2 0 0 1448 3190 1387 1475
5802 4 2 0 0 3137 1387 1448 3190
5803 4 2 0 0 3158 3137 1448 3190
5804 4 2 0 0 3137 3158 1448 1361
5805 4 2 0 0 3158 3145 1361 3137
5806 4 2 0 0 2312 2747 2341 3123
5807 4 2 0 0 2353 2389 3123 2379
5808 4 2 0 0 117 3243 91 81
5809 4 2 0 0 117 132 3134 2485
5810 4 2 0 0 2481 159 131 3124
5811 4 2 0 0 3124 116 90 80
5812 4 2 0 0 2380 2388 3242 2354
5813 4 2 0 0 2342 2743 2354 3135
5814 4 2 0 0 859 803 2540 891
5815 4 2 0 0 859 3132 2540 803
5816 4 2 0 0 3212 2544 2540 3132
5817 4 2 0 0 2542 3211 3138 3131
5818 4 2 0 0 3138 890 802 858
5819 4 2 0 0 802 3131 3138 858
5820 4 2 0 0 1667 3129 1581 1615
5821 4 2 0 0 1581 3142 1615 3129
5822 4 2 0 0 2685 3129 3210 3142
5823 4 2 0 0 1668 1582 3130 1616
5824 4 2 0 0 3130 1582 3143 1616
5825 4 2 0 0 2687 3130 3143 3213
5826 4 2 0 0 1557 2643 2951 3184
5827 4 2 0 0 1557 3206 3184 2951
5828 4 2 0 0 1635 2643 2950 1556
5829 4 2 0 0 1635 3203 2950 3185
5830 4 2 0 0 2587 915 2948 835
5831 4 2 0 0 2948 3204 3202 835
5832 4 2 0 0 836 2949 3202 2587
5833 4 2 0 0 836 2949 3205 3202
5834 4 2 0 0 1398 1300 1369 2910
5835 4 2 0 0 1397 1368 1299 2911
5836 4 2 0 0 1169 2912 1071 1103
5837 4 2 0 0 1104 2913 1072 1170
5838 4 2 0 0 2487 2966 3257 2957
5839 4 2 0 0 3221 78 88 54
5840 4 2 0 0 3221 54 88 2957
5841 4 2 0 0 89 3221 55 79
5842 4 2 0 0 3260 3221 2489 2956
5843 4 2 0 0 89 55 3221 2956
5844 4 2 0 0 108 3221 2489 3260
5845 4 2 0 0 3222 2414 2382 2958
5846 4 2 0 0 3222 2390 2382 2414
5847 4 2 0 0 2958 3019 2739 3258
5848 4 2 0 0 3222 2415 2959 2383
5849 4 2 0 0 3052 3259 2959 2741
5850 4 2 0 0 3222 2383 2391 2415
5851 4 2 0 0 3204 983 1001 918
5852 4 2 0 0 3204 2948 1001 983
5853 4 2 0 0 2949 1002 984 3205
5854 4 2 0 0 984 1002 919 3205
5855 4 2 0 0 1554 1471 1488 3203
5856 4 2 0 0 3203 1471 1488 2950
5857 4 2 0 0 1555 1472 3206 1489
5858 4 2 0 0 2951 1472 1489 3206
5859 4 2 0 0 3120 1302 1393 1345
5860 4 2 0 0 3120 1393 1302 1350
5861 4 2 0 0 3108 1350 1393 3120
5862 4 2 0 0 1167 3172 1125 1078
5863 4 2 0 0 1119 1078 3172 1167
5864 4 2 0 0 2559 2955 3249 3173
5865 4 2 0 0 3173 1120 1168 1079
5866 4 2 0 0 3173 1079 1168 1126
5867 4 2 0 0 3173 1126 2955 1039
5868 4 2 0 0 1301 3238 1351 1392
5869 4 2 0 0 1301 3119 1392 1346
5870 4 2 0 0 1392 3238 1351 3218
5871 4 2 0 0 2342 3135 2316 2743
5872 4 2 0 0 2380 2393 2357 3135
5873 4 2 0 0 2485 3134 158 132
5874 4 2 0 0 77 115 3134 91
5875 4 2 0 0 3248 114 3007 3191
5876 4 2 0 0 3248 114 3191 76
5877 4 2 0 0 2481 3007 3248 114
5878 4 2 0 0 2481 131 114 3248
5879 4 2 0 0 3248 114 76 90
5880 4 2 0 0 3136 2392 2356 2379
5881 4 2 0 0 3136 2315 2747 2341
5882 4 2 0 0 3174 951 902 861
5883 4 2 0 0 3174 902 951 992
5884 4 2 0 0 3094 861 951 3174
5885 4 2 0 0 1480 3175 1571 1519
5886 4 2 0 0 1519 1614 3175 1571
5887 4 2 0 0 1519 3097 3175 1614
5888 4 2 0 0 3208 993 952 901
5889 4 2 0 0 3208 901 952 860
5890 4 2 0 0 3144 1520 1479 1570
5891 4 2 0 0 3144 1520 1570 1613
5892 4 2 0 0 3096 1520 3144 1613
5893 4 2 0 0 531 3209 459 478
5894 4 2 0 0 531 3209 478 2986
5895 4 2 0 0 478 459 3133 3209
5896 4 2 0 0 2986 3209 478 3133
5897 4 2 0 0 460 2987 532 479
5898 4 2 0 0 420 2987 479 3140
5899 4 2 0 0 3148 2040 1997 1942
5900 4 2 0 0 3267 1942 2040 3148
5901 4 2 0 0 1996 3149 1941 2014
5902 4 2 0 0 1762 2700 1728 2977
5903 4 2 0 0 1762 1672 2977 1728
5904 4 2 0 0 1708 2649 2977 1623
5905 4 2 0 0 1673 2978 1729 1763
5906 4 2 0 0 1624 1709 2655 2978
5907 4 2 0 0 1729 2706 1763 2978
5908 4 2 0 0 657 2527 2969 742
5909 4 2 0 0 799 2969 742 710
5910 4 2 0 0 850 2969 763 2581
5911 4 2 0 0 798 743 2968 711
5912 4 2 0 0 2575 2968 762 851
5913 4 2 0 0 2521 2968 3279 658
5914 4 2 0 0 2995 1722 1805 1733
5915 4 2 0 0 2995 1805 1722 1781
5916 4 2 0 0 2997 1782 1806 2732
5917 4 2 0 0 2997 1734 1806 1723
5918 4 2 0 0 3030 747 667 737
5919 4 2 0 0 3030 607 667 690
5920 4 2 0 0 3031 668 748 738
5921 4 2 0 0 3031 691 668 2499
5922 4 2 0 0 3210 1701 1735 1647
5923 4 2 0 0 3210 1615 1701 1647
5924 4 2 0 0 3210 1701 3129 1735
5925 4 2 0 0 3210 1701 1615 3129
5926 4 2 0 0 3211 770 3131 735
5927 4 2 0 0 3211 770 822 858
5928 4 2 0 0 3211 735 822 770
5929 4 2 0 0 3211 858 3131 770
5930 4 2 0 0 3132 771 3212 736
5931 4 2 0 0 823 3212 771 736
5932 4 2 0 0 859 3212 771 823
5933 4 2 0 0 859 771 3212 3132
5934 4 2 0 0 3213 1736 1700 1648
5935 4 2 0 0 3213 1736 3130 1700
5936 4 2 0 0 3213 1700 1616 1648
5937 4 2 0 0 3213 1700 3130 1616
5938 4 2 0 0 3074 3046 2620 3080
5939 4 2 0 0 3018 3083 3044 3072
5940 4 2 0 0 3045 3073 3081 2974
5941 4 2 0 0 3082 3071 2989 2626
5942 4 2 0 0 2368 2397 2369 3252
5943 4 2 0 0 2368 2369 2338 3252
5944 4 2 0 0 3123 2338 3252 2368
5945 4 2 0 0 3123 3252 2397 2368
5946 4 2 0 0 105 72 103 3233
5947 4 2 0 0 136 105 3233 2983
5948 4 2 0 0 136 103 3233 105
5949 4 2 0 0 2983 3233 3243 105
5950 4 2 0 0 105 3233 3243 72
5951 4 2 0 0 3232 2337 2367 2370
5952 4 2 0 0 3232 3020 2367 2337
5953 4 2 0 0 3232 2367 2396 2370
5954 4 2 0 0 3232 3242 2367 3020
5955 4 2 0 0 3232 3242 2396 2367
5956 4 2 0 0 3253 104 71 102
5957 4 2 0 0 3253 104 102 135
5958 4 2 0 0 3253 135 3124 104
5959 4 2 0 0 3253 71 104 3124
5960 4 2 0 0 3104 3003 3179 3054
5961 4 2 0 0 3162 3026 3106 2479
5962 4 2 0 0 3079 3106 3162 3026
5963 4 2 0 0 2401 2381 3214 2355
5964 4 2 0 0 2401 3214 2364 2355
5965 4 2 0 0 2336 3214 2364 3122
5966 4 2 0 0 3199 118 2474 3200
5967 4 2 0 0 82 87 118 3200
5968 4 2 0 0 82 3200 118 3199
5969 4 2 0 0 2487 2957 3241 3028
5970 4 2 0 0 3028 2929 2957 3241
5971 4 2 0 0 2746 3276 3259 2959
5972 4 2 0 0 3186 3120 1302 1350
5973 4 2 0 0 3186 1302 1262 1350
5974 4 2 0 0 2628 3186 1312 3108
5975 4 2 0 0 3108 1350 3120 3186
5976 4 2 0 0 1301 3238 1392 3119
5977 4 2 0 0 1301 1351 3238 1261
5978 4 2 0 0 2634 1396 3238 3218
5979 4 2 0 0 3119 3238 1392 3218
5980 4 2 0 0 1119 1167 3172 1207
5981 4 2 0 0 3173 1158 3220 1208
5982 4 2 0 0 3173 1208 1168 1120
5983 4 2 0 0 912 1012 3074 956
5984 4 2 0 0 863 956 912 3080
5985 4 2 0 0 912 3080 956 3074
5986 4 2 0 0 862 955 3082 911
5987 4 2 0 0 911 1011 955 3071
5988 4 2 0 0 3082 955 3071 911
5989 4 2 0 0 1611 3083 1514 1560
5990 4 2 0 0 1560 3072 1514 1460
5991 4 2 0 0 1560 3083 1514 3072
5992 4 2 0 0 1515 3073 1561 1461
5993 4 2 0 0 1515 1561 3081 1612
5994 4 2 0 0 1515 3073 3081 1561
5995 4 2 0 0 2966 98 88 125
5996 4 2 0 0 3257 62 88 98
5997 4 2 0 0 3257 98 88 2966
5998 4 2 0 0 3257 88 62 2957
5999 4 2 0 0 3257 2966 88 2957
6000 4 2 0 0 2966 88 2957 3221
6001 4 2 0 0 126 108 99 89
6002 4 2 0 0 89 3260 99 63
6003 4 2 0 0 99 108 3260 89
6004 4 2 0 0 89 2956 3260 63
6005 4 2 0 0 89 3221 3260 2956
6006 4 2 0 0 108 3221 3260 89
6007 4 2 0 0 3019 2347 2373 2382
6008 4 2 0 0 3258 2382 2373 2408
6009 4 2 0 0 3019 2373 3258 2382
6010 4 2 0 0 2958 2408 2382 3258
6011 4 2 0 0 3222 3019 2958 2382
6012 4 2 0 0 3019 2958 2382 3258
6013 4 2 0 0 3052 2383 2374 2348
6014 4 2 0 0 3259 2383 2409 2374
6015 4 2 0 0 3052 2374 2383 3259
6016 4 2 0 0 2959 2383 2409 3259
6017 4 2 0 0 3222 2383 2959 3052
6018 4 2 0 0 2959 3052 2383 3259
6019 4 2 0 0 769 733 815 3127
6020 4 2 0 0 769 815 861 3127
6021 4 2 0 0 3167 1613 1655 1702
6022 4 2 0 0 3167 1655 1738 1702
6023 4 2 0 0 3125 1702 1613 3167
6024 4 2 0 0 1614 3168 1656 1703
6025 4 2 0 0 1739 3168 1703 1656
6026 4 2 0 0 1614 3126 3168 1703
6027 4 2 0 0 3268 768 734 814
6028 4 2 0 0 3268 814 860 768
6029 4 2 0 0 2404 2381 3214 2401
6030 4 2 0 0 339 2919 345 401
6031 4 2 0 0 402 3215 346 340
6032 4 2 0 0 402 2920 416 3215
6033 4 2 0 0 402 3215 340 2919
6034 4 2 0 0 402 2919 2920 3215
6035 4 2 0 0 2073 2134 2918 2127
6036 4 2 0 0 2126 2921 2072 2133
6037 4 2 0 0 2126 2735 2921 2133
6038 4 2 0 0 2921 2735 2918 2133
6039 4 2 0 0 2133 2076 2921 2072
6040 4 2 0 0 397 374 3216 353
6041 4 2 0 0 2120 2077 2733 3098
6042 4 2 0 0 3155 2040 2051 2121
6043 4 2 0 0 3155 2737 2121 2115
6044 4 2 0 0 2121 2947 3155 2040
6045 4 2 0 0 3232 2423 2395 2396
6046 4 2 0 0 3169 2423 2416 2395
6047 4 2 0 0 3232 2396 3242 2423
6048 4 2 0 0 3259 2417 2424 2394
6049 4 2 0 0 3259 2397 2394 2424
6050 4 2 0 0 3123 2424 2397 3259
6051 4 2 0 0 3257 73 45 52
6052 4 2 0 0 3257 45 73 71
6053 4 2 0 0 3257 71 3241 45
6054 4 2 0 0 53 3251 74 46
6055 4 2 0 0 72 3243 46 74
6056 4 2 0 0 74 46 3251 3243
6057 4 2 0 0 1141 3146 1111 2590
6058 4 2 0 0 2642 1330 3177 2941
6059 4 2 0 0 2942 2588 1140 1110
6060 4 2 0 0 1361 2640 3145 1329
6061 4 2 0 0 96 3170 119 83
6062 4 2 0 0 119 83 3170 3230
6063 4 2 0 0 3006 3170 3230 119
6064 4 2 0 0 120 84 3240 97
6065 4 2 0 0 3171 84 97 3240
6066 4 2 0 0 3171 97 3200 3240
6067 4 2 0 0 3056 337 381 313
6068 4 2 0 0 2944 358 2477 313
6069 4 2 0 0 3057 338 314 382
6070 4 2 0 0 3027 314 2480 359
6071 4 2 0 0 2752 2160 2112 3066
6072 4 2 0 0 3067 2160 2092 2135
6073 4 2 0 0 2161 2136 3064 2093
6074 4 2 0 0 2161 2113 3065 2748
6075 4 2 0 0 456 523 3032 517
6076 4 2 0 0 574 582 3032 2500
6077 4 2 0 0 518 524 3033 457
6078 4 2 0 0 575 2506 3033 583
6079 4 2 0 0 3001 1957 1949 2015
6080 4 2 0 0 3001 1899 2727 1891
6081 4 2 0 0 2999 2721 1898 1890
6082 4 2 0 0 2999 2016 1950 1958
6083 4 2 0 0 2401 2760 3179 2427
6084 4 2 0 0 2401 3179 2760 3214
6085 4 2 0 0 3122 2405 3161 2428
6086 4 2 0 0 2760 3122 3161 2428
6087 4 2 0 0 3171 61 66 42
6088 4 2 0 0 3171 66 61 87
6089 4 2 0 0 3171 2469 61 42
6090 4 2 0 0 2591 1310 3040 3223
6091 4 2 0 0 3223 3193 1435 1405
6092 4 2 0 0 3223 1364 1265 1337
6093 4 2 0 0 3223 1265 1239 1337
6094 4 2 0 0 1338 1240 3147 1266
6095 4 2 0 0 1338 1365 1266 3147
6096 4 2 0 0 1134 1108 1204 3224
6097 4 2 0 0 2973 2639 3207 1160
6098 4 2 0 0 1064 1037 3224 3194
6099 4 2 0 0 1160 3207 2973 1064
6100 4 2 0 0 1134 3207 3224 1204
6101 4 2 0 0 1036 1063 3225 3195
6102 4 2 0 0 1107 1203 3225 1133
6103 4 2 0 0 1159 2635 3225 3017
6104 4 2 0 0 1133 1203 3225 1230
6105 4 2 0 0 3120 1345 2619 1302
6106 4 2 0 0 2627 3119 1301 1346
6107 4 2 0 0 1167 2602 1125 3172
6108 4 2 0 0 3172 1125 3118 2602
6109 4 2 0 0 3173 3245 1126 1168
6110 4 2 0 0 3173 1126 3245 2955
6111 4 2 0 0 760 725 810 3163
6112 4 2 0 0 760 3163 810 862
6113 4 2 0 0 760 3163 862 3111
6114 4 2 0 0 3164 1659 1710 1746
6115 4 2 0 0 1611 1659 1710 3164
6116 4 2 0 0 1611 1710 3109 3164
6117 4 2 0 0 1711 1660 1612 3165
6118 4 2 0 0 1711 3165 1747 1660
6119 4 2 0 0 1711 3165 1612 3110
6120 4 2 0 0 863 761 3166 811
6121 4 2 0 0 811 726 761 3166
6122 4 2 0 0 863 3166 761 3112
6123 4 2 0 0 3217 1038 1078 977
6124 4 2 0 0 3217 1078 1032 977
6125 4 2 0 0 3217 1078 3172 1032
6126 4 2 0 0 3217 1038 3172 1078
6127 4 2 0 0 3249 1079 1039 1003
6128 4 2 0 0 3249 1003 1033 1079
6129 4 2 0 0 3249 1079 1033 3173
6130 4 2 0 0 3249 1039 1079 3173
6131 4 2 0 0 3249 2955 1039 3173
6132 4 2 0 0 1392 1434 3218 1470
6133 4 2 0 0 1392 1457 1470 3218
6134 4 2 0 0 1392 3218 1434 3119
6135 4 2 0 0 3108 1469 1393 1456
6136 4 2 0 0 3144 1393 1469 1433
6137 4 2 0 0 3144 1433 3120 1393
6138 4 2 0 0 2888 2645 2950 3121
6139 4 2 0 0 2888 3121 2950 3282
6140 4 2 0 0 3107 2585 2949 3039
6141 4 2 0 0 729 3077 676 752
6142 4 2 0 0 705 676 3089 752
6143 4 2 0 0 705 3089 676 627
6144 4 2 0 0 676 3089 752 3077
6145 4 2 0 0 3077 2529 676 3089
6146 4 2 0 0 706 3090 677 753
6147 4 2 0 0 730 3078 753 677
6148 4 2 0 0 706 3090 628 677
6149 4 2 0 0 677 3078 753 3090
6150 4 2 0 0 3078 3090 677 2533
6151 4 2 0 0 1742 1796 1718 3076
6152 4 2 0 0 1718 1796 1767 3088
6153 4 2 0 0 1796 3088 1845 1767
6154 4 2 0 0 1796 3076 3088 1718
6155 4 2 0 0 3076 3088 2696 1796
6156 4 2 0 0 1719 3219 1797 1743
6157 4 2 0 0 1719 3219 1768 1797
6158 4 2 0 0 3087 3219 1768 1719
6159 4 2 0 0 3087 1743 3219 1719
6160 4 2 0 0 3087 3075 3219 1743
6161 4 2 0 0 1352 3042 3244 1297
6162 4 2 0 0 1257 3244 1297 1352
6163 4 2 0 0 2595 3244 1297 3172
6164 4 2 0 0 1207 3172 1297 1257
6165 4 2 0 0 2595 3172 1297 1245
6166 4 2 0 0 2601 3043 3220 1246
6167 4 2 0 0 3043 1246 1298 3220
6168 4 2 0 0 3220 1298 1258 1208
6169 4 2 0 0 3220 1258 1298 1353
6170 4 2 0 0 3220 1353 1298 3043
6171 4 2 0 0 1171 3238 1213 1118
6172 4 2 0 0 1171 1261 1213 3238
6173 4 2 0 0 1171 1225 3238 2634
6174 4 2 0 0 1171 2634 3238 2972
6175 4 2 0 0 1171 3238 1118 2972
6176 4 2 0 0 1129 3156 3186 2628
6177 4 2 0 0 1117 1172 3247 1214
6178 4 2 0 0 2377 3181 2371 2343
6179 4 2 0 0 2371 3228 3181 2377
6180 4 2 0 0 2377 3228 2402 2371
6181 4 2 0 0 3136 3228 3181 2371
6182 4 2 0 0 3136 2402 3228 2371
6183 4 2 0 0 93 3182 101 130
6184 4 2 0 0 68 101 93 3229
6185 4 2 0 0 93 3229 101 3182
6186 4 2 0 0 3182 3134 3229 101
6187 4 2 0 0 68 3229 3134 101
6188 4 2 0 0 129 100 3230 3007
6189 4 2 0 0 129 3230 100 92
6190 4 2 0 0 67 92 100 3230
6191 4 2 0 0 3191 100 3230 67
6192 4 2 0 0 3191 3230 100 3007
6193 4 2 0 0 2372 3231 2403 2378
6194 4 2 0 0 2344 2372 2378 3183
6195 4 2 0 0 3183 2378 3231 2372
6196 4 2 0 0 3183 3135 2372 3231
6197 4 2 0 0 2372 2403 3231 3135
6198 4 2 0 0 3211 938 913 3157
6199 4 2 0 0 3211 858 822 913
6200 4 2 0 0 3211 938 3157 3138
6201 4 2 0 0 3211 858 3138 3131
6202 4 2 0 0 3210 1615 1647 1558
6203 4 2 0 0 3210 1533 1558 3158
6204 4 2 0 0 3210 3142 1533 3158
6205 4 2 0 0 3210 3129 1615 3142
6206 4 2 0 0 3213 1559 1648 1616
6207 4 2 0 0 3213 1534 3159 1559
6208 4 2 0 0 3213 1534 3143 3159
6209 4 2 0 0 3213 3130 3143 1616
6210 4 2 0 0 859 914 3212 823
6211 4 2 0 0 937 914 3160 3212
6212 4 2 0 0 937 3212 3160 2540
6213 4 2 0 0 859 3212 2540 3132
6214 4 2 0 0 79 78 109 3221
6215 4 2 0 0 3222 2391 2363 2390
6216 4 2 0 0 2755 2336 3122 3214
6217 4 2 0 0 2401 2364 3214 2398
6218 4 2 0 0 3214 3122 2398 2364
6219 4 2 0 0 2590 3147 1365 3196
6220 4 2 0 0 2590 1365 3147 1266
6221 4 2 0 0 3223 1364 3193 1380
6222 4 2 0 0 3223 1265 1290 2588
6223 4 2 0 0 3223 1405 3040 3193
6224 4 2 0 0 1204 2642 3224 1181
6225 4 2 0 0 3107 3194 3224 1091
6226 4 2 0 0 3107 2642 1091 3224
6227 4 2 0 0 2973 3224 3194 1064
6228 4 2 0 0 1107 2640 3225 1203
6229 4 2 0 0 1107 2640 3195 3225
6230 4 2 0 0 3195 3017 1063 3225
6231 4 2 0 0 3146 3176 1111 2590
6232 4 2 0 0 2590 1176 3176 1111
6233 4 2 0 0 2642 1362 1294 3177
6234 4 2 0 0 2642 1330 1362 3177
6235 4 2 0 0 2942 1110 1173 2588
6236 4 2 0 0 3137 3145 1361 2640
6237 4 2 0 0 2105 3064 2071 2138
6238 4 2 0 0 2071 2939 2138 3064
6239 4 2 0 0 2137 3067 2070 2104
6240 4 2 0 0 2137 3067 2922 2070
6241 4 2 0 0 3056 404 366 335
6242 4 2 0 0 3056 2923 404 335
6243 4 2 0 0 336 367 3057 405
6244 4 2 0 0 336 3057 2924 405
6245 4 2 0 0 41 3170 2469 60
6246 4 2 0 0 1257 1352 1308 3244
6247 4 2 0 0 1297 3042 3244 2595
6248 4 2 0 0 1308 1257 3244 2602
6249 4 2 0 0 1257 3244 3172 1297
6250 4 2 0 0 3245 1258 3220 1353
6251 4 2 0 0 3235 1353 3220 3043
6252 4 2 0 0 1214 2619 3247 1162
6253 4 2 0 0 1117 3156 3247 1172
6254 4 2 0 0 1117 3247 1162 1214
6255 4 2 0 0 3238 3246 1213 1118
6256 4 2 0 0 1213 1118 3246 1161
6257 4 2 0 0 2627 1213 3246 1161
6258 4 2 0 0 3238 3246 1118 2972
6259 4 2 0 0 126 99 2952 142
6260 4 2 0 0 126 2952 99 108
6261 4 2 0 0 99 108 2952 3260
6262 4 2 0 0 2331 2347 2373 3019
6263 4 2 0 0 3019 2305 2734 2331
6264 4 2 0 0 3019 2373 2739 3258
6265 4 2 0 0 2332 3052 2306 2736
6266 4 2 0 0 2332 3052 2374 2348
6267 4 2 0 0 3052 2374 3259 2741
6268 4 2 0 0 141 98 2966 125
6269 4 2 0 0 141 165 2966 2492
6270 4 2 0 0 2487 98 3257 2966
6271 4 2 0 0 3038 2954 2593 3146
6272 4 2 0 0 2685 2686 3142 3145
6273 4 2 0 0 3101 465 411 393
6274 4 2 0 0 412 3102 394 466
6275 4 2 0 0 2080 3100 2062 2008
6276 4 2 0 0 2063 2081 2009 3099
6277 4 2 0 0 368 3226 332 400
6278 4 2 0 0 368 400 436 3226
6279 4 2 0 0 3227 2141 2074 2103
6280 4 2 0 0 3227 2103 2074 2037
6281 4 2 0 0 3227 2075 2142 2103
6282 4 2 0 0 3227 2103 2037 2075
6283 4 2 0 0 3227 2142 2075 2925
6284 4 2 0 0 399 368 3226 331
6285 4 2 0 0 399 3226 2926 331
6286 4 2 0 0 399 3226 368 436
6287 4 2 0 0 3157 1055 996 964
6288 4 2 0 0 1022 1055 3157 964
6289 4 2 0 0 1110 2942 3157 1055
6290 4 2 0 0 3158 1506 1448 1415
6291 4 2 0 0 3158 1415 1477 1506
6292 4 2 0 0 3158 3145 1415 1361
6293 4 2 0 0 3159 1416 1507 1478
6294 4 2 0 0 3159 1416 1449 1507
6295 4 2 0 0 3177 1449 3159 1416
6296 4 2 0 0 2941 3177 3159 1416
6297 4 2 0 0 1054 3160 963 1021
6298 4 2 0 0 1054 3160 995 963
6299 4 2 0 0 1111 3160 1021 3176
6300 4 2 0 0 1111 3160 3176 3146
6301 4 2 0 0 2105 2136 2065 3064
6302 4 2 0 0 2104 2064 2135 3067
6303 4 2 0 0 3056 337 366 409
6304 4 2 0 0 410 338 367 3057
6305 4 2 0 0 3223 1239 1265 1173
6306 4 2 0 0 1266 3147 1176 1240
6307 4 2 0 0 1231 1294 3207 1204
6308 4 2 0 0 1134 1204 1231 3207
6309 4 2 0 0 1230 1203 3225 1293
6310 4 2 0 0 2471 78 3221 54
6311 4 2 0 0 2471 54 3221 2957
6312 4 2 0 0 3221 2471 55 79
6313 4 2 0 0 3221 55 2471 2956
6314 4 2 0 0 2758 2414 3222 2958
6315 4 2 0 0 2758 2390 3222 2414
6316 4 2 0 0 2758 2415 2959 3222
6317 4 2 0 0 2758 3222 2391 2415
6318 4 2 0 0 2377 2402 3228 2406
6319 4 2 0 0 3105 2402 3228 3136
6320 4 2 0 0 68 93 65 3229
6321 4 2 0 0 68 3229 3106 3134
6322 4 2 0 0 67 3230 64 92
6323 4 2 0 0 3103 3191 3230 67
6324 4 2 0 0 2378 2403 2407 3231
6325 4 2 0 0 3135 2403 3231 3104
6326 4 2 0 0 75 3199 3170 60
6327 4 2 0 0 75 82 3199 60
6328 4 2 0 0 3170 3199 2469 60
6329 4 2 0 0 3127 815 861 3174
6330 4 2 0 0 3174 815 861 902
6331 4 2 0 0 3094 861 3174 3127
6332 4 2 0 0 3144 1613 1655 3167
6333 4 2 0 0 3144 1613 1570 1655
6334 4 2 0 0 3125 3167 1613 3144
6335 4 2 0 0 3096 3125 1613 3144
6336 4 2 0 0 1614 1571 1656 3168
6337 4 2 0 0 1571 3175 3168 1614
6338 4 2 0 0 1614 3126 3175 3168
6339 4 2 0 0 1614 3097 3175 3126
6340 4 2 0 0 3268 768 860 3128
6341 4 2 0 0 3268 901 860 814
6342 4 2 0 0 3095 894 3128 3208
6343 4 2 0 0 3252 2397 2394 3259
6344 4 2 0 0 3252 2397 2369 2394
6345 4 2 0 0 3123 3259 2397 3252
6346 4 2 0 0 3123 3276 2424 3259
6347 4 2 0 0 3232 3169 2395 2423
6348 4 2 0 0 3232 2395 2370 2396
6349 4 2 0 0 3232 2423 3242 3169
6350 4 2 0 0 3253 3257 73 71
6351 4 2 0 0 3253 73 102 71
6352 4 2 0 0 3124 71 3241 3257
6353 4 2 0 0 3253 71 3124 3257
6354 4 2 0 0 103 74 3233 72
6355 4 2 0 0 72 3233 3243 74
6356 4 2 0 0 74 3251 3233 3243
6357 4 2 0 0 3227 2074 2106 2038
6358 4 2 0 0 2038 1994 2932 2729
6359 4 2 0 0 3227 2106 2932 2038
6360 4 2 0 0 2925 2075 2039 2107
6361 4 2 0 0 399 434 365 2926
6362 4 2 0 0 364 435 400 3226
6363 4 2 0 0 481 435 2931 2498
6364 4 2 0 0 364 2931 435 3226
6365 4 2 0 0 2940 3143 3062 2990
6366 4 2 0 0 2638 3062 2940 2941
6367 4 2 0 0 2941 3062 2940 3143
6368 4 2 0 0 2941 3159 3062 3143
6369 4 2 0 0 2542 2942 2592 2543
6370 4 2 0 0 2542 2942 2543 3138
6371 4 2 0 0 2542 2942 3138 3157
6372 4 2 0 0 1407 3234 1450 1510
6373 4 2 0 0 1460 1510 3234 1407
6374 4 2 0 0 1460 3072 1407 3234
6375 4 2 0 0 1352 3042 1450 3234
6376 4 2 0 0 1352 3244 3042 3234
6377 4 2 0 0 1407 3234 3072 3244
6378 4 2 0 0 1511 1461 3235 1408
6379 4 2 0 0 1511 1408 3235 1451
6380 4 2 0 0 1408 1461 3235 3073
6381 4 2 0 0 3043 1353 1451 3235
6382 4 2 0 0 3245 1353 3220 3235
6383 4 2 0 0 3245 3235 3073 1408
6384 4 2 0 0 3074 1061 1012 3236
6385 4 2 0 0 1012 3236 1061 960
6386 4 2 0 0 1061 1020 960 3236
6387 4 2 0 0 1061 3236 3156 1020
6388 4 2 0 0 3074 3236 3156 1061
6389 4 2 0 0 1061 3074 3247 3156
6390 4 2 0 0 3237 959 1062 1019
6391 4 2 0 0 3071 3237 1011 1062
6392 4 2 0 0 1011 959 1062 3237
6393 4 2 0 0 3237 1118 2972 1077
6394 4 2 0 0 3237 1118 3246 2972
6395 4 2 0 0 3071 1062 3246 3237
6396 4 2 0 0 2929 3079 3103 3008
6397 4 2 0 0 3103 3079 3230 3008
6398 4 2 0 0 3105 3161 3003 3069
6399 4 2 0 0 3101 3029 465 2501
6400 4 2 0 0 3101 484 465 3029
6401 4 2 0 0 607 3029 542 2495
6402 4 2 0 0 3029 484 542 564
6403 4 2 0 0 465 3029 542 525
6404 4 2 0 0 485 466 543 2985
6405 4 2 0 0 543 2499 2985 526
6406 4 2 0 0 2985 543 526 466
6407 4 2 0 0 2985 2505 3102 466
6408 4 2 0 0 485 2985 3102 466
6409 4 2 0 0 2728 2008 1930 1990
6410 4 2 0 0 2728 2008 1990 3048
6411 4 2 0 0 2008 1990 3048 3100
6412 4 2 0 0 2009 1991 2732 1931
6413 4 2 0 0 2009 3099 2732 1991
6414 4 2 0 0 3018 3118 2603 3015
6415 4 2 0 0 3018 3094 3118 3015
6416 4 2 0 0 3094 3015 3174 3118
6417 4 2 0 0 3016 2974 3095 2955
6418 4 2 0 0 3095 2955 3208 3016
6419 4 2 0 0 2989 3061 2626 3119
6420 4 2 0 0 2989 3061 3119 3097
6421 4 2 0 0 3119 3097 3061 3175
6422 4 2 0 0 3046 3120 2620 3060
6423 4 2 0 0 1432 3144 3120 3060
6424 4 2 0 0 1432 3060 3096 3144
6425 4 2 0 0 2560 3080 898 3112
6426 4 2 0 0 855 898 805 3112
6427 4 2 0 0 1572 1665 1620 3109
6428 4 2 0 0 3081 1573 3110 1621
6429 4 2 0 0 3111 854 899 804
6430 4 2 0 0 3157 996 913 964
6431 4 2 0 0 3158 1477 1558 1506
6432 4 2 0 0 3159 1478 1507 1559
6433 4 2 0 0 963 995 914 3160
6434 4 2 0 0 2914 2677 1462 3116
6435 4 2 0 0 2914 1359 1446 1378
6436 4 2 0 0 2915 1379 2683 1447
6437 4 2 0 0 2915 1360 1379 1447
6438 4 2 0 0 1093 2916 1024 2552
6439 4 2 0 0 1093 1024 2916 1112
6440 4 2 0 0 2546 1092 2917 1023
6441 4 2 0 0 2917 1023 1092 1113
6442 4 2 0 0 1639 1714 3201 1715
6443 4 2 0 0 3184 3201 1636 1639
6444 4 2 0 0 1639 3201 1714 1635
6445 4 2 0 0 832 756 835 3202
6446 4 2 0 0 832 756 3202 757
6447 4 2 0 0 3202 836 832 757
6448 4 2 0 0 3200 3171 61 87
6449 4 2 0 0 82 61 87 3200
6450 4 2 0 0 56 3230 83 69
6451 4 2 0 0 43 3230 56 69
6452 4 2 0 0 56 3170 83 3230
6453 4 2 0 0 2412 2425 3179 2400
6454 4 2 0 0 2412 2387 2400 3179
6455 4 2 0 0 57 3162 84 3171
6456 4 2 0 0 57 84 3162 70
6457 4 2 0 0 44 70 57 3162
6458 4 2 0 0 2386 2399 3161 2413
6459 4 2 0 0 2413 2399 3161 2426
6460 4 2 0 0 1214 3186 1172 3247
6461 4 2 0 0 1214 1302 1262 3186
6462 4 2 0 0 1207 1257 1167 3172
6463 4 2 0 0 3220 3173 2601 1158
6464 4 2 0 0 3220 1208 1258 1168
6465 4 2 0 0 3220 1208 1168 3173
6466 4 2 0 0 1213 3238 1261 1301
6467 4 2 0 0 3128 894 854 806
6468 4 2 0 0 3096 3083 1577 3125
6469 4 2 0 0 3081 3126 3097 1578
6470 4 2 0 0 2560 3127 895 3094
6471 4 2 0 0 3105 2392 3276 2422
6472 4 2 0 0 755 732 818 2967
6473 4 2 0 0 755 2967 3278 670
6474 4 2 0 0 2545 796 2967 886
6475 4 2 0 0 754 3009 669 3277
6476 4 2 0 0 754 819 731 3009
6477 4 2 0 0 797 3009 731 819
6478 4 2 0 0 3275 1804 1717 2962
6479 4 2 0 0 2962 1652 1741 1717
6480 4 2 0 0 2962 1675 1587 2688
6481 4 2 0 0 1716 1740 2981 1651
6482 4 2 0 0 1716 2981 1803 3274
6483 4 2 0 0 2684 2981 1674 1586
6484 4 2 0 0 350 423 2491 2984
6485 4 2 0 0 2311 2352 3239 2325
6486 4 2 0 0 2311 3239 2352 2335
6487 4 2 0 0 2311 2754 2272 3239
6488 4 2 0 0 119 2473 148 3230
6489 4 2 0 0 161 2473 148 119
6490 4 2 0 0 149 120 3240 162
6491 4 2 0 0 199 162 3240 2475
6492 4 2 0 0 138 3240 120 162
6493 4 2 0 0 2756 2310 2324 2351
6494 4 2 0 0 2756 2324 2751 2351
6495 4 2 0 0 44 3229 65 70
6496 4 2 0 0 44 70 3162 3229
6497 4 2 0 0 3179 2425 3231 2400
6498 4 2 0 0 2400 2407 2425 3231
6499 4 2 0 0 43 69 64 3230
6500 4 2 0 0 2406 3228 2399 2426
6501 4 2 0 0 3161 2399 3228 2426
6502 4 2 0 0 3241 58 50 80
6503 4 2 0 0 3241 71 80 50
6504 4 2 0 0 3104 2418 3242 2410
6505 4 2 0 0 2411 3123 2419 2389
6506 4 2 0 0 3276 3123 2419 2411
6507 4 2 0 0 59 3243 3106 51
6508 4 2 0 0 1639 2643 1636 3184
6509 4 2 0 0 1639 3201 1636 1715
6510 4 2 0 0 1557 2643 3184 1636
6511 4 2 0 0 1635 2643 3185 2950
6512 4 2 0 0 1639 3185 3201 1635
6513 4 2 0 0 1639 3185 1635 2643
6514 4 2 0 0 2587 2948 3202 835
6515 4 2 0 0 832 3202 835 2587
6516 4 2 0 0 916 2949 836 2587
6517 4 2 0 0 1668 1634 1721 3130
6518 4 2 0 0 1667 1721 1634 3129
6519 4 2 0 0 3129 1802 3130 2730
6520 4 2 0 0 671 3131 2497 3132
6521 4 2 0 0 749 3131 3132 837
6522 4 2 0 0 749 3131 837 802
6523 4 2 0 0 535 2529 492 552
6524 4 2 0 0 535 492 2529 3085
6525 4 2 0 0 2539 2533 536 3113
6526 4 2 0 0 2539 553 536 2533
6527 4 2 0 0 2533 493 553 536
6528 4 2 0 0 3113 493 2533 536
6529 4 2 0 0 3086 2696 1920 2690
6530 4 2 0 0 2998 1921 1938 1981
6531 4 2 0 0 2694 1971 1921 2998
6532 4 2 0 0 2694 1921 1938 2998
6533 4 2 0 0 1971 1981 1921 2998
6534 4 2 0 0 2098 2034 2070 2922
6535 4 2 0 0 3141 1993 2034 2706
6536 4 2 0 0 3141 2922 2034 2098
6537 4 2 0 0 439 404 2923 375
6538 4 2 0 0 2521 482 439 3139
6539 4 2 0 0 439 2923 3139 375
6540 4 2 0 0 2527 440 3140 2924
6541 4 2 0 0 405 376 440 2924
6542 4 2 0 0 2700 1965 2939 1992
6543 4 2 0 0 2071 2033 2099 2939
6544 4 2 0 0 2098 2164 2922 2137
6545 4 2 0 0 3141 2185 2742 2164
6546 4 2 0 0 3141 2164 2922 2098
6547 4 2 0 0 375 2923 308 335
6548 4 2 0 0 287 308 3139 2486
6549 4 2 0 0 375 3139 308 2923
6550 4 2 0 0 336 309 376 2924
6551 4 2 0 0 3140 309 288 2490
6552 4 2 0 0 2924 309 376 3140
6553 4 2 0 0 2138 2165 2939 2099
6554 4 2 0 0 2186 2165 2939 2738
6555 4 2 0 0 1620 1572 3109 3083
6556 4 2 0 0 1620 1665 1712 3109
6557 4 2 0 0 1621 3110 1713 1666
6558 4 2 0 0 1573 1666 3110 1621
6559 4 2 0 0 3111 3082 899 854
6560 4 2 0 0 3111 758 854 804
6561 4 2 0 0 2560 3112 898 855
6562 4 2 0 0 855 759 3112 805
6563 4 2 0 0 3128 806 854 758
6564 4 2 0 0 3128 854 894 3082
6565 4 2 0 0 3128 3095 3082 894
6566 4 2 0 0 1620 1577 3083 3125
6567 4 2 0 0 1620 1663 3125 1712
6568 4 2 0 0 3125 1620 1577 1663
6569 4 2 0 0 1621 3126 1664 1713
6570 4 2 0 0 3081 3126 1578 1621
6571 4 2 0 0 1621 1664 3126 1578
6572 4 2 0 0 895 3127 855 807
6573 4 2 0 0 855 807 3127 759
6574 4 2 0 0 2560 855 895 3127
6575 4 2 0 0 1710 3109 1798 1756
6576 4 2 0 0 1757 1799 1711 3110
6577 4 2 0 0 3112 675 761 717
6578 4 2 0 0 760 3111 716 674
6579 4 2 0 0 218 2964 168 2480
6580 4 2 0 0 235 2964 3240 182
6581 4 2 0 0 224 2964 182 171
6582 4 2 0 0 181 223 170 3005
6583 4 2 0 0 198 3005 2473 234
6584 4 2 0 0 170 3005 223 217
6585 4 2 0 0 2963 2303 2256 2752
6586 4 2 0 0 2963 2251 2301 2290
6587 4 2 0 0 2756 2238 2963 2273
6588 4 2 0 0 2250 2291 2982 2302
6589 4 2 0 0 2257 2982 2748 2304
6590 4 2 0 0 2237 2982 2291 3239
6591 4 2 0 0 3128 758 854 3111
6592 4 2 0 0 3128 672 3111 2520
6593 4 2 0 0 1620 3109 1712 3125
6594 4 2 0 0 3125 2707 3109 1800
6595 4 2 0 0 1621 3126 1713 3110
6596 4 2 0 0 3110 3126 1801 2713
6597 4 2 0 0 855 759 3127 3112
6598 4 2 0 0 2514 3112 3127 673
6599 4 2 0 0 81 3243 91 59
6600 4 2 0 0 81 51 3243 59
6601 4 2 0 0 3136 3123 2411 2379
6602 4 2 0 0 3123 2389 2411 2379
6603 4 2 0 0 3248 3124 90 80
6604 4 2 0 0 3241 3103 50 58
6605 4 2 0 0 3248 90 58 80
6606 4 2 0 0 2418 2388 3242 2410
6607 4 2 0 0 2380 3242 2388 2410
6608 4 2 0 0 3138 802 890 2540
6609 4 2 0 0 802 2540 3138 3131
6610 4 2 0 0 1634 2689 1581 3129
6611 4 2 0 0 2689 1582 3143 3130
6612 4 2 0 0 1721 3129 3130 1634
6613 4 2 0 0 1581 2689 3142 3129
6614 4 2 0 0 1667 3129 1634 1581
6615 4 2 0 0 1582 3130 1634 1668
6616 4 2 0 0 2689 1582 3130 1634
6617 4 2 0 0 802 3131 837 2540
6618 4 2 0 0 837 3132 803 2540
6619 4 2 0 0 749 803 837 3132
6620 4 2 0 0 863 811 3166 912
6621 4 2 0 0 863 3080 912 3166
6622 4 2 0 0 912 3080 3236 3166
6623 4 2 0 0 863 3112 3080 3166
6624 4 2 0 0 862 3082 3163 911
6625 4 2 0 0 810 3163 911 862
6626 4 2 0 0 3082 3237 3163 911
6627 4 2 0 0 3111 3082 3163 862
6628 4 2 0 0 1611 3164 1560 1659
6629 4 2 0 0 1611 3164 3083 1560
6630 4 2 0 0 1560 3083 3234 3164
6631 4 2 0 0 1611 3109 3083 3164
6632 4 2 0 0 1612 3165 1660 1561
6633 4 2 0 0 3081 1561 3165 1612
6634 4 2 0 0 3235 3165 3081 1561
6635 4 2 0 0 3081 3165 3110 1612
6636 4 2 0 0 3104 3135 2393 2410
6637 4 2 0 0 2380 3135 2410 2393
6638 4 2 0 0 59 91 77 3134
6639 4 2 0 0 59 3106 3134 77
6640 4 2 0 0 3248 76 3191 3103
6641 4 2 0 0 3248 90 76 58
6642 4 2 0 0 3248 58 76 3103
6643 4 2 0 0 3136 2392 3276 3105
6644 4 2 0 0 3136 2411 3276 2392
6645 4 2 0 0 398 2919 340 339
6646 4 2 0 0 2918 2133 2134 2076
6647 4 2 0 0 3174 1038 953 992
6648 4 2 0 0 3174 953 902 992
6649 4 2 0 0 3208 993 901 954
6650 4 2 0 0 3249 1039 993 954
6651 4 2 0 0 3144 1516 1479 1433
6652 4 2 0 0 3144 1570 1479 1516
6653 4 2 0 0 1480 3175 1434 1517
6654 4 2 0 0 1480 1571 3175 1517
6655 4 2 0 0 3123 2747 2341 3136
6656 4 2 0 0 3136 2379 2411 2392
6657 4 2 0 0 3243 3134 91 59
6658 4 2 0 0 3243 117 3134 2485
6659 4 2 0 0 2481 3124 131 3248
6660 4 2 0 0 3248 3124 80 3241
6661 4 2 0 0 3248 80 58 3241
6662 4 2 0 0 2354 2743 3242 3135
6663 4 2 0 0 2380 3135 3242 2410
6664 4 2 0 0 3064 2093 2065 2020
6665 4 2 0 0 2946 2044 2020 2714
6666 4 2 0 0 2946 2020 2093 3064
6667 4 2 0 0 3067 2064 2092 2019
6668 4 2 0 0 452 381 3056 409
6669 4 2 0 0 3057 410 382 453
6670 4 2 0 0 431 2513 2945 453
6671 4 2 0 0 3057 453 382 2945
6672 4 2 0 0 3217 1038 953 3174
6673 4 2 0 0 3217 977 953 1038
6674 4 2 0 0 3217 3174 3118 1038
6675 4 2 0 0 3217 3118 3172 1038
6676 4 2 0 0 3249 1003 1039 954
6677 4 2 0 0 3249 993 3208 954
6678 4 2 0 0 3249 3208 993 2955
6679 4 2 0 0 3144 1516 1433 1469
6680 4 2 0 0 3108 1469 3144 1393
6681 4 2 0 0 3108 1393 3144 3120
6682 4 2 0 0 3175 3218 1434 1517
6683 4 2 0 0 1470 1434 3218 1517
6684 4 2 0 0 1434 3218 3175 3119
6685 4 2 0 0 3070 3058 108 3180
6686 4 2 0 0 3070 2920 3058 3180
6687 4 2 0 0 719 3132 683 771
6688 4 2 0 0 3130 1791 1755 1700
6689 4 2 0 0 770 718 3131 682
6690 4 2 0 0 1754 1701 1790 3129
6691 4 2 0 0 2076 2921 2918 2133
6692 4 2 0 0 2076 2134 2918 2073
6693 4 2 0 0 339 398 2919 401
6694 4 2 0 0 402 398 2919 340
6695 4 2 0 0 2588 3223 1265 1173
6696 4 2 0 0 2590 3147 1176 1266
6697 4 2 0 0 1204 1294 3207 2642
6698 4 2 0 0 3207 1294 3177 2642
6699 4 2 0 0 3225 2640 3145 3137
6700 4 2 0 0 878 977 3250 994
6701 4 2 0 0 878 3250 846 957
6702 4 2 0 0 3250 994 977 1032
6703 4 2 0 0 3021 3242 2744 2930
6704 4 2 0 0 2740 2959 2958 3021
6705 4 2 0 0 2958 2930 3169 3021
6706 4 2 0 0 3021 3169 3242 2930
6707 4 2 0 0 2928 3251 2484 2903
6708 4 2 0 0 2928 2903 2488 3251
6709 4 2 0 0 3243 3251 2484 2928
6710 4 2 0 0 2956 2928 2488 3251
6711 4 2 0 0 912 1012 3236 3074
6712 4 2 0 0 912 960 3236 1012
6713 4 2 0 0 911 1011 3071 3237
6714 4 2 0 0 911 3237 959 1011
6715 4 2 0 0 1560 1510 3234 1460
6716 4 2 0 0 1560 3234 3072 1460
6717 4 2 0 0 3073 3235 1561 1461
6718 4 2 0 0 1511 3235 1461 1561
6719 4 2 0 0 3124 104 146 116
6720 4 2 0 0 147 105 2983 117
6721 4 2 0 0 2354 3020 2327 2367
6722 4 2 0 0 2326 2368 3123 2353
6723 4 2 0 0 1214 1302 3247 2619
6724 4 2 0 0 1214 1302 3186 3247
6725 4 2 0 0 2627 1301 3238 1213
6726 4 2 0 0 2627 3119 3238 1301
6727 4 2 0 0 1167 2602 3172 1257
6728 4 2 0 0 1257 3244 2602 3172
6729 4 2 0 0 3172 3118 3244 2602
6730 4 2 0 0 3245 3220 1258 1168
6731 4 2 0 0 3245 3220 1168 3173
6732 4 2 0 0 2428 3122 2398 2760
6733 4 2 0 0 2401 2398 3214 2760
6734 4 2 0 0 79 3221 2471 78
6735 4 2 0 0 3222 2758 2391 2390
6736 4 2 0 0 3217 3250 977 1032
6737 4 2 0 0 3250 3172 1032 3217
6738 4 2 0 0 3249 932 1033 1003
6739 4 2 0 0 3249 1033 958 3173
6740 4 2 0 0 3249 958 1033 932
6741 4 2 0 0 136 3233 140 2490
6742 4 2 0 0 136 103 140 3233
6743 4 2 0 0 2490 3233 2983 136
6744 4 2 0 0 2742 2293 2300 3252
6745 4 2 0 0 2742 2293 3252 3123
6746 4 2 0 0 3252 2369 2338 2334
6747 4 2 0 0 2333 2337 3232 2370
6748 4 2 0 0 2333 2738 3232 2337
6749 4 2 0 0 3232 3020 2337 2738
6750 4 2 0 0 2486 139 135 3253
6751 4 2 0 0 2486 135 3124 3253
6752 4 2 0 0 3253 139 135 102
6753 4 2 0 0 2757 2091 2025 2088
6754 4 2 0 0 2025 2088 2015 3002
6755 4 2 0 0 387 2472 383 446
6756 4 2 0 0 3023 446 2472 387
6757 4 2 0 0 2753 2026 2090 2089
6758 4 2 0 0 3000 2089 2026 2753
6759 4 2 0 0 384 447 2476 388
6760 4 2 0 0 388 3025 447 2476
6761 4 2 0 0 1677 1662 1745 2960
6762 4 2 0 0 1677 1761 2960 1745
6763 4 2 0 0 1822 2960 2693 1761
6764 4 2 0 0 2691 1760 2975 1821
6765 4 2 0 0 2975 1676 1744 1760
6766 4 2 0 0 2975 1676 1661 1744
6767 4 2 0 0 2970 713 2538 652
6768 4 2 0 0 795 713 2970 728
6769 4 2 0 0 795 809 728 2970
6770 4 2 0 0 3012 794 727 712
6771 4 2 0 0 3012 651 712 727
6772 4 2 0 0 3012 727 794 808
6773 4 2 0 0 60 2469 61 3200
6774 4 2 0 0 60 3200 82 3199
6775 4 2 0 0 1113 1138 1205 2917
6776 4 2 0 0 1113 2917 1047 1138
6777 4 2 0 0 1138 2917 1047 1069
6778 4 2 0 0 1138 2917 1232 1205
6779 4 2 0 0 1112 1206 1139 2916
6780 4 2 0 0 1112 1139 1046 2916
6781 4 2 0 0 1139 2916 1070 1046
6782 4 2 0 0 1139 1233 2916 1206
6783 4 2 0 0 1264 2914 1359 1331
6784 4 2 0 0 1331 2914 1359 1425
6785 4 2 0 0 2914 1399 1425 1331
6786 4 2 0 0 2914 1237 1331 1264
6787 4 2 0 0 2915 1360 1426 1332
6788 4 2 0 0 2915 1360 1332 1263
6789 4 2 0 0 2915 1332 1426 1400
6790 4 2 0 0 2915 1263 1332 2639
6791 4 2 0 0 1457 1541 2683 1546
6792 4 2 0 0 1470 1541 3218 1457
6793 4 2 0 0 3108 1540 1469 1456
6794 4 2 0 0 3254 1512 1456 3108
6795 4 2 0 0 3254 1540 1456 1574
6796 4 2 0 0 2934 407 434 365
6797 4 2 0 0 2934 2926 365 434
6798 4 2 0 0 364 435 2931 408
6799 4 2 0 0 2038 2106 2932 2066
6800 4 2 0 0 2107 2039 2933 2067
6801 4 2 0 0 2925 2933 2107 2039
6802 4 2 0 0 2966 165 200 2492
6803 4 2 0 0 155 112 125 2966
6804 4 2 0 0 126 108 113 156
6805 4 2 0 0 126 166 108 156
6806 4 2 0 0 3019 2734 2305 2270
6807 4 2 0 0 3019 2358 2317 2347
6808 4 2 0 0 3052 2271 2306 2736
6809 4 2 0 0 3052 2318 2359 2348
6810 4 2 0 0 966 3194 1064 2973
6811 4 2 0 0 966 948 1037 3194
6812 4 2 0 0 1037 1018 3194 948
6813 4 2 0 0 3193 1504 1405 3040
6814 4 2 0 0 3193 1523 1435 1504
6815 4 2 0 0 3193 1523 1452 1435
6816 4 2 0 0 3195 965 947 1036
6817 4 2 0 0 3195 3017 965 1063
6818 4 2 0 0 3195 947 1017 1036
6819 4 2 0 0 1524 1436 3196 1453
6820 4 2 0 0 1524 1436 1505 3196
6821 4 2 0 0 3196 3147 1436 1505
6822 4 2 0 0 1169 1194 2912 1103
6823 4 2 0 0 1169 1194 1264 2912
6824 4 2 0 0 2913 1104 1195 1170
6825 4 2 0 0 2913 1263 1170 1195
6826 4 2 0 0 2910 1300 1277 1206
6827 4 2 0 0 2910 1369 1277 1300
6828 4 2 0 0 2911 1276 1368 1299
6829 4 2 0 0 2911 1276 1299 1205
6830 4 2 0 0 2168 2106 3227 2141
6831 4 2 0 0 2168 2932 2131 2754
6832 4 2 0 0 2168 2106 2932 3227
6833 4 2 0 0 2169 2107 2142 2925
6834 4 2 0 0 2169 2756 2132 3068
6835 4 2 0 0 332 364 3226 305
6836 4 2 0 0 305 2931 2475 342
6837 4 2 0 0 305 2931 364 3226
6838 4 2 0 0 2473 3024 304 341
6839 4 2 0 0 331 304 2926 365
6840 4 2 0 0 3200 61 3171 2469
6841 4 2 0 0 60 2469 3200 3199
6842 4 2 0 0 703 3077 649 729
6843 4 2 0 0 703 2535 649 3077
6844 4 2 0 0 650 3078 704 730
6845 4 2 0 0 650 2539 704 3078
6846 4 2 0 0 1769 3076 1823 1742
6847 4 2 0 0 1769 3076 2690 1823
6848 4 2 0 0 2003 2059 2073 2918
6849 4 2 0 0 2693 2059 2918 3093
6850 4 2 0 0 1770 3075 1743 1824
6851 4 2 0 0 1770 2694 3075 1824
6852 4 2 0 0 401 473 2919 415
6853 4 2 0 0 415 2919 3091 2536
6854 4 2 0 0 2538 2920 416 472
6855 4 2 0 0 416 472 2920 402
6856 4 2 0 0 1984 2921 3092 2691
6857 4 2 0 0 2002 2058 2921 2072
6858 4 2 0 0 3167 1738 1655 1687
6859 4 2 0 0 3167 2714 1819 1775
6860 4 2 0 0 3167 1687 1775 1738
6861 4 2 0 0 1739 1656 1688 3168
6862 4 2 0 0 1820 2720 3168 1776
6863 4 2 0 0 1739 1776 3168 1688
6864 4 2 0 0 3127 733 815 784
6865 4 2 0 0 784 815 3127 2553
6866 4 2 0 0 784 733 697 2507
6867 4 2 0 0 784 733 2507 3127
6868 4 2 0 0 2553 784 2507 3127
6869 4 2 0 0 3268 785 734 698
6870 4 2 0 0 3268 3128 734 768
6871 4 2 0 0 3268 785 814 734
6872 4 2 0 0 2513 3128 654 3268
6873 4 2 0 0 2513 654 698 3268
6874 4 2 0 0 3254 1646 1686 1737
6875 4 2 0 0 3254 1686 1606 2961
6876 4 2 0 0 3254 2961 1606 2677
6877 4 2 0 0 3254 1686 2961 1737
6878 4 2 0 0 2590 3147 3176 1176
6879 4 2 0 0 1204 2642 3207 3224
6880 4 2 0 0 3224 2642 3207 3177
6881 4 2 0 0 3225 2640 1293 1203
6882 4 2 0 0 2942 1173 3223 2588
6883 4 2 0 0 1772 1699 1692 2693
6884 4 2 0 0 772 701 780 3204
6885 4 2 0 0 772 695 701 3204
6886 4 2 0 0 3204 701 780 2536
6887 4 2 0 0 781 3205 2538 702
6888 4 2 0 0 702 3205 2538 696
6889 4 2 0 0 781 773 3205 702
6890 4 2 0 0 3203 1771 1698 1691
6891 4 2 0 0 2691 1777 3203 1771
6892 4 2 0 0 2691 1771 3203 1691
6893 4 2 0 0 3204 930 918 1001
6894 4 2 0 0 3204 3195 1001 2948
6895 4 2 0 0 3204 3195 930 1001
6896 4 2 0 0 931 3194 1002 1018
6897 4 2 0 0 931 1002 3205 919
6898 4 2 0 0 3194 3205 1002 2949
6899 4 2 0 0 1554 1471 3203 1542
6900 4 2 0 0 3203 3193 1471 2950
6901 4 2 0 0 3193 1452 1542 1471
6902 4 2 0 0 2951 1472 3206 3196
6903 4 2 0 0 1543 1472 1453 3196
6904 4 2 0 0 3206 3196 1472 1543
6905 4 2 0 0 2627 3238 3246 1213
6906 4 2 0 0 2627 3246 3238 3119
6907 4 2 0 0 1172 3247 3186 3156
6908 4 2 0 0 1302 3120 3247 2619
6909 4 2 0 0 1302 3120 3186 3247
6910 4 2 0 0 3001 2025 1957 2015
6911 4 2 0 0 3002 2025 2088 2757
6912 4 2 0 0 3001 2025 2015 3002
6913 4 2 0 0 456 446 517 3032
6914 4 2 0 0 387 446 456 3023
6915 4 2 0 0 3023 456 3032 446
6916 4 2 0 0 388 3025 457 447
6917 4 2 0 0 447 3033 457 518
6918 4 2 0 0 447 3025 457 3033
6919 4 2 0 0 3000 2089 2016 2026
6920 4 2 0 0 2999 2026 2016 1958
6921 4 2 0 0 3000 2026 2016 2999
6922 4 2 0 0 838 772 842 3204
6923 4 2 0 0 838 918 3204 842
6924 4 2 0 0 843 919 3205 839
6925 4 2 0 0 773 839 843 3205
6926 4 2 0 0 1629 1632 1698 3203
6927 4 2 0 0 1554 3203 1632 1629
6928 4 2 0 0 1699 1630 3206 1633
6929 4 2 0 0 1555 3206 1630 1633
6930 4 2 0 0 1699 3206 3184 1633
6931 4 2 0 0 2398 3122 3214 2760
6932 4 2 0 0 2404 3214 3179 2401
6933 4 2 0 0 3202 693 764 695
6934 4 2 0 0 765 696 694 3202
6935 4 2 0 0 1777 3201 1706 1779
6936 4 2 0 0 1777 3185 1706 3201
6937 4 2 0 0 1707 1778 1780 3201
6938 4 2 0 0 1707 1778 3201 3184
6939 4 2 0 0 1678 1647 3210 1735
6940 4 2 0 0 1678 1773 1735 3210
6941 4 2 0 0 3210 3274 1773 1827
6942 4 2 0 0 3210 3274 1827 3129
6943 4 2 0 0 3275 1828 3130 3213
6944 4 2 0 0 3275 1774 1828 3213
6945 4 2 0 0 3213 1679 1774 1736
6946 4 2 0 0 3213 1679 1736 1648
6947 4 2 0 0 3277 2496 645 3131
6948 4 2 0 0 792 822 3211 735
6949 4 2 0 0 699 645 3277 2496
6950 4 2 0 0 792 735 3211 699
6951 4 2 0 0 700 3212 793 736
6952 4 2 0 0 700 646 2498 3278
6953 4 2 0 0 793 736 3212 823
6954 4 2 0 0 2498 646 3132 3278
6955 4 2 0 0 2995 1805 1813 1733
6956 4 2 0 0 2995 1748 1733 1813
6957 4 2 0 0 2997 1814 1806 1734
6958 4 2 0 0 2997 1749 1814 1734
6959 4 2 0 0 3030 737 667 659
6960 4 2 0 0 3030 723 737 659
6961 4 2 0 0 724 660 3031 738
6962 4 2 0 0 3031 668 738 660
6963 4 2 0 0 1639 2643 3184 3283
6964 4 2 0 0 1639 3201 3283 3184
6965 4 2 0 0 1639 3283 3201 3185
6966 4 2 0 0 1639 3283 3185 2643
6967 4 2 0 0 832 836 3202 2587
6968 4 2 0 0 3243 3106 3134 59
6969 4 2 0 0 3241 58 3248 3103
6970 4 2 0 0 3104 3242 3135 2410
6971 4 2 0 0 855 3127 2560 3112
6972 4 2 0 0 3082 3128 854 3111
6973 4 2 0 0 1620 3109 3125 3083
6974 4 2 0 0 1621 3081 3126 3110
6975 4 2 0 0 3129 3130 1634 2689
6976 4 2 0 0 3131 3132 837 2540
6977 4 2 0 0 3167 1775 1687 1724
6978 4 2 0 0 3167 2714 1775 1792
6979 4 2 0 0 1688 1776 3168 1725
6980 4 2 0 0 1725 3168 1793 1776
6981 4 2 0 0 3250 2553 2507 3010
6982 4 2 0 0 776 2507 784 697
6983 4 2 0 0 2513 698 777 3268
6984 4 2 0 0 3268 785 698 777
6985 4 2 0 0 779 726 811 3166
6986 4 2 0 0 689 639 3166 2521
6987 4 2 0 0 778 2527 3163 725
6988 4 2 0 0 778 725 3163 810
6989 4 2 0 0 3164 2700 1693 1746
6990 4 2 0 0 3164 1693 1659 1746
6991 4 2 0 0 1694 1660 1747 3165
6992 4 2 0 0 1694 3165 1747 2706
6993 4 2 0 0 86 3260 63 99
6994 4 2 0 0 86 3260 53 63
6995 4 2 0 0 3257 62 85 52
6996 4 2 0 0 3257 62 98 85
6997 4 2 0 0 3258 2408 2384 2416
6998 4 2 0 0 3258 2373 2384 2408
6999 4 2 0 0 3259 2374 2409 2385
7000 4 2 0 0 3259 2417 2385 2409
7001 4 2 0 0 492 3085 421 443
7002 4 2 0 0 377 421 3085 443
7003 4 2 0 0 3255 426 422 378
7004 4 2 0 0 3255 426 493 422
7005 4 2 0 0 3113 493 422 3255
7006 4 2 0 0 2052 1980 3086 2029
7007 4 2 0 0 2052 2029 3086 2096
7008 4 2 0 0 3256 2030 2053 2097
7009 4 2 0 0 3256 1981 2053 2030
7010 4 2 0 0 3256 2097 2053 3084
7011 4 2 0 0 3256 2053 1981 3084
7012 4 2 0 0 3256 1981 2998 3084
7013 4 2 0 0 3257 52 85 73
7014 4 2 0 0 3258 3169 2416 2395
7015 4 2 0 0 3258 2395 2416 2384
7016 4 2 0 0 3259 2417 2394 2385
7017 4 2 0 0 53 3260 74 3251
7018 4 2 0 0 86 3260 74 53
7019 4 2 0 0 1742 1796 3076 1823
7020 4 2 0 0 3076 2696 1823 1796
7021 4 2 0 0 2690 3076 2696 1823
7022 4 2 0 0 729 676 3077 649
7023 4 2 0 0 3077 2529 649 676
7024 4 2 0 0 2535 2529 649 3077
7025 4 2 0 0 650 2533 3078 677
7026 4 2 0 0 650 677 3078 730
7027 4 2 0 0 650 2533 2539 3078
7028 4 2 0 0 1743 3219 1797 1824
7029 4 2 0 0 3075 3219 1743 1824
7030 4 2 0 0 2694 3219 3075 1824
7031 4 2 0 0 3042 2649 1490 1583
7032 4 2 0 0 1450 3042 1490 1547
7033 4 2 0 0 1547 1490 1583 3042
7034 4 2 0 0 927 3270 889 980
7035 4 2 0 0 927 980 1019 3237
7036 4 2 0 0 889 980 3270 2581
7037 4 2 0 0 888 2971 981 2575
7038 4 2 0 0 888 981 2971 928
7039 4 2 0 0 1020 2971 981 928
7040 4 2 0 0 1584 1548 3043 1491
7041 4 2 0 0 1584 3043 2655 1491
7042 4 2 0 0 1491 1548 3043 1451
7043 4 2 0 0 700 755 793 3212
7044 4 2 0 0 700 3212 646 3278
7045 4 2 0 0 670 2498 3278 700
7046 4 2 0 0 755 3278 3212 700
7047 4 2 0 0 699 2496 3277 669
7048 4 2 0 0 699 3211 3277 645
7049 4 2 0 0 792 3211 754 699
7050 4 2 0 0 3211 754 699 3277
7051 4 2 0 0 1803 2729 1773 3274
7052 4 2 0 0 1678 1773 3210 1716
7053 4 2 0 0 3210 3274 1716 1773
7054 4 2 0 0 3274 2729 1773 1827
7055 4 2 0 0 2731 1774 1828 3275
7056 4 2 0 0 1717 1679 1774 3213
7057 4 2 0 0 3275 1774 3213 1717
7058 4 2 0 0 2731 1804 1774 3275
7059 4 2 0 0 1724 1646 3254 1737
7060 4 2 0 0 1724 3167 1792 3254
7061 4 2 0 0 1792 3254 2961 1737
7062 4 2 0 0 3167 2961 1792 3254
7063 4 2 0 0 3167 2961 2714 1792
7064 4 2 0 0 1793 3192 2720 3269
7065 4 2 0 0 1671 1720 3192 1599
7066 4 2 0 0 1599 2683 1640 3192
7067 4 2 0 0 1671 3192 1720 1725
7068 4 2 0 0 751 847 3011 777
7069 4 2 0 0 831 3011 847 2552
7070 4 2 0 0 751 777 3011 681
7071 4 2 0 0 776 846 3010 750
7072 4 2 0 0 830 2546 846 3010
7073 4 2 0 0 776 3010 2507 680
7074 4 2 0 0 2112 2943 3066 2092
7075 4 2 0 0 2112 2160 2092 3066
7076 4 2 0 0 2944 381 358 313
7077 4 2 0 0 3027 359 2945 382
7078 4 2 0 0 3027 314 359 382
7079 4 2 0 0 2113 2093 3065 2946
7080 4 2 0 0 2161 2093 3065 2113
7081 4 2 0 0 2995 1748 1825 2721
7082 4 2 0 0 2995 1825 1748 1813
7083 4 2 0 0 2997 1826 1749 2727
7084 4 2 0 0 2997 1826 1814 1749
7085 4 2 0 0 724 648 3031 660
7086 4 2 0 0 2506 3031 724 648
7087 4 2 0 0 3030 659 647 723
7088 4 2 0 0 3030 723 647 2500
7089 4 2 0 0 3089 2528 2529 627
7090 4 2 0 0 3089 676 627 2529
7091 4 2 0 0 705 627 2528 3089
7092 4 2 0 0 628 2533 677 3090
7093 4 2 0 0 628 2534 2533 3090
7094 4 2 0 0 3090 2534 706 628
7095 4 2 0 0 3088 1796 1845 2696
7096 4 2 0 0 1767 3088 1845 2695
7097 4 2 0 0 3088 2695 2696 1845
7098 4 2 0 0 1768 3219 1846 1797
7099 4 2 0 0 1768 3219 3285 1846
7100 4 2 0 0 3087 3219 3285 1768
7101 4 2 0 0 2984 403 350 423
7102 4 2 0 0 2984 403 423 459
7103 4 2 0 0 2984 403 459 3133
7104 4 2 0 0 2056 2033 2939 2099
7105 4 2 0 0 417 375 439 3139
7106 4 2 0 0 418 3140 440 376
7107 4 2 0 0 3140 440 376 2924
7108 4 2 0 0 3141 2098 2034 2057
7109 4 2 0 0 2099 2165 2939 2123
7110 4 2 0 0 375 308 3139 351
7111 4 2 0 0 3140 309 376 352
7112 4 2 0 0 3141 2098 2122 2164
7113 4 2 0 0 3261 3159 1449 1507
7114 4 2 0 0 3261 1449 1476 1538
7115 4 2 0 0 3261 1507 1449 1538
7116 4 2 0 0 3177 1449 3261 3159
7117 4 2 0 0 934 3157 964 1022
7118 4 2 0 0 934 1022 997 3189
7119 4 2 0 0 1537 3190 3158 1448
7120 4 2 0 0 1537 1506 1448 3158
7121 4 2 0 0 3160 3262 963 1021
7122 4 2 0 0 963 933 1021 3262
7123 4 2 0 0 998 3262 1021 933
7124 4 2 0 0 3160 3262 1021 3176
7125 4 2 0 0 2977 1623 2649 1583
7126 4 2 0 0 2977 1644 1672 1583
7127 4 2 0 0 2977 1672 1644 1728
7128 4 2 0 0 798 2968 743 825
7129 4 2 0 0 888 851 2968 2575
7130 4 2 0 0 888 825 2968 798
7131 4 2 0 0 824 742 799 2969
7132 4 2 0 0 889 799 2969 824
7133 4 2 0 0 889 2581 2969 850
7134 4 2 0 0 1673 1645 1729 2978
7135 4 2 0 0 1584 1645 1673 2978
7136 4 2 0 0 1584 2655 2978 1624
7137 4 2 0 0 960 928 3236 1020
7138 4 2 0 0 1020 3236 2971 928
7139 4 2 0 0 2971 3156 3236 1020
7140 4 2 0 0 927 1019 959 3237
7141 4 2 0 0 927 3270 980 3237
7142 4 2 0 0 3237 980 2972 3270
7143 4 2 0 0 1450 1547 1510 3234
7144 4 2 0 0 1450 3234 3042 1547
7145 4 2 0 0 1511 3235 1548 1451
7146 4 2 0 0 3043 1548 3235 1451
7147 4 2 0 0 3281 3249 958 3173
7148 4 2 0 0 3281 958 3249 879
7149 4 2 0 0 2552 847 958 3281
7150 4 2 0 0 2552 3173 3281 958
7151 4 2 0 0 3281 879 847 958
7152 4 2 0 0 3249 879 958 932
7153 4 2 0 0 3188 1563 1538 1476
7154 4 2 0 0 3188 1501 2688 1587
7155 4 2 0 0 3188 3261 1476 1538
7156 4 2 0 0 1537 1475 3190 1448
7157 4 2 0 0 1537 3190 1475 1562
7158 4 2 0 0 2684 1500 3190 1586
7159 4 2 0 0 2377 2345 3181 2343
7160 4 2 0 0 2297 2303 3181 2752
7161 4 2 0 0 2343 3181 2303 2345
7162 4 2 0 0 3228 2345 3181 2377
7163 4 2 0 0 998 933 909 3187
7164 4 2 0 0 998 3187 3262 933
7165 4 2 0 0 2545 886 3187 969
7166 4 2 0 0 934 3157 1022 3189
7167 4 2 0 0 934 3189 997 910
7168 4 2 0 0 2541 970 3189 887
7169 4 2 0 0 2964 2479 3182 2480
7170 4 2 0 0 2964 2479 128 3182
7171 4 2 0 0 93 128 3182 130
7172 4 2 0 0 93 128 3229 3182
7173 4 2 0 0 129 3230 2477 3007
7174 4 2 0 0 129 127 3230 92
7175 4 2 0 0 167 127 3230 129
7176 4 2 0 0 2344 2378 2346 3183
7177 4 2 0 0 3183 2378 2346 3231
7178 4 2 0 0 2982 2749 2748 3183
7179 4 2 0 0 2982 2749 3183 2346
7180 4 2 0 0 3256 2097 3084 2737
7181 4 2 0 0 3256 2069 2030 2097
7182 4 2 0 0 3256 2737 2069 2097
7183 4 2 0 0 377 3085 2491 406
7184 4 2 0 0 377 406 443 3085
7185 4 2 0 0 378 2494 3255 426
7186 4 2 0 0 328 3255 2494 3070
7187 4 2 0 0 2096 2068 3086 2733
7188 4 2 0 0 2096 3086 2068 2029
7189 4 2 0 0 1692 2960 1761 2693
7190 4 2 0 0 1677 1761 1692 2960
7191 4 2 0 0 2975 1760 1691 1676
7192 4 2 0 0 2691 1760 1691 2975
7193 4 2 0 0 795 2970 713 781
7194 4 2 0 0 781 2538 2970 713
7195 4 2 0 0 3012 780 794 712
7196 4 2 0 0 3012 712 2536 780
7197 4 2 0 0 305 2931 342 364
7198 4 2 0 0 2168 2932 2106 2131
7199 4 2 0 0 2925 2132 2107 2933
7200 4 2 0 0 2169 2132 2107 2925
7201 4 2 0 0 341 365 2934 2926
7202 4 2 0 0 341 2926 304 365
7203 4 2 0 0 3193 1523 1542 1452
7204 4 2 0 0 3193 1471 1542 3203
7205 4 2 0 0 931 1018 948 3194
7206 4 2 0 0 931 3194 3205 1002
7207 4 2 0 0 3195 1017 930 1001
7208 4 2 0 0 3195 947 930 1017
7209 4 2 0 0 1524 3196 1543 1453
7210 4 2 0 0 1157 1119 1074 3172
7211 4 2 0 0 3173 1158 1120 1075
7212 4 2 0 0 1114 1075 1158 3173
7213 4 2 0 0 1312 3108 1350 1417
7214 4 2 0 0 1312 3186 1350 3108
7215 4 2 0 0 1396 3238 1351 1313
7216 4 2 0 0 1396 1351 3238 3218
7217 4 2 0 0 2387 3239 2352 2366
7218 4 2 0 0 3214 3239 2381 2387
7219 4 2 0 0 2400 2749 3179 2387
7220 4 2 0 0 69 3230 83 106
7221 4 2 0 0 119 83 3230 106
7222 4 2 0 0 70 84 3240 107
7223 4 2 0 0 3162 3240 84 3171
7224 4 2 0 0 120 3240 84 107
7225 4 2 0 0 3162 84 3240 70
7226 4 2 0 0 2386 2351 2751 2365
7227 4 2 0 0 2386 2399 2751 3161
7228 4 2 0 0 2386 2351 3122 2751
7229 4 2 0 0 2386 2751 2399 2365
7230 4 2 0 0 2386 2751 3122 3161
7231 4 2 0 0 2964 168 128 171
7232 4 2 0 0 170 3230 3005 167
7233 4 2 0 0 2345 2301 2963 2303
7234 4 2 0 0 2304 2346 2302 2982
7235 4 2 0 0 2960 1662 2648 1595
7236 4 2 0 0 1677 1595 1662 2960
7237 4 2 0 0 3012 876 2582 808
7238 4 2 0 0 3012 794 876 808
7239 4 2 0 0 877 2970 809 795
7240 4 2 0 0 877 809 2970 2586
7241 4 2 0 0 2975 1594 1661 1676
7242 4 2 0 0 2975 1594 2644 1661
7243 4 2 0 0 1599 1546 3192 1617
7244 4 2 0 0 1599 3192 1546 2683
7245 4 2 0 0 1671 3192 1617 1599
7246 4 2 0 0 3179 3214 2387 2749
7247 4 2 0 0 3214 3239 2387 2749
7248 4 2 0 0 2325 3239 2366 2352
7249 4 2 0 0 2365 2324 2351 2751
7250 4 2 0 0 2756 3122 2351 2751
7251 4 2 0 0 119 3230 148 106
7252 4 2 0 0 149 3240 120 107
7253 4 2 0 0 356 3091 424 415
7254 4 2 0 0 2116 2049 2058 3092
7255 4 2 0 0 425 357 416 3154
7256 4 2 0 0 416 357 2920 3154
7257 4 2 0 0 2050 2117 2059 3093
7258 4 2 0 0 3263 1504 3193 3040
7259 4 2 0 0 3263 2644 1504 3040
7260 4 2 0 0 3263 1523 3193 1504
7261 4 2 0 0 3263 1523 1504 1594
7262 4 2 0 0 3263 2644 1594 1504
7263 4 2 0 0 966 948 3264 877
7264 4 2 0 0 966 3264 3194 2973
7265 4 2 0 0 966 3264 2973 2586
7266 4 2 0 0 966 3264 2586 877
7267 4 2 0 0 966 948 3194 3264
7268 4 2 0 0 3265 947 965 876
7269 4 2 0 0 3265 2582 876 965
7270 4 2 0 0 3265 965 947 3195
7271 4 2 0 0 3265 3017 965 3195
7272 4 2 0 0 3265 965 3017 2582
7273 4 2 0 0 1524 3196 1505 3266
7274 4 2 0 0 1524 1595 3266 1505
7275 4 2 0 0 3266 2648 1505 1595
7276 4 2 0 0 3266 3147 3196 1505
7277 4 2 0 0 3266 3147 1505 2648
7278 4 2 0 0 1133 1159 3225 1063
7279 4 2 0 0 1063 1159 3225 3017
7280 4 2 0 0 1064 3207 3224 1134
7281 4 2 0 0 2973 3207 3224 1064
7282 4 2 0 0 1134 3207 1160 1064
7283 4 2 0 0 1338 3147 1311 1406
7284 4 2 0 0 1310 1337 1405 3223
7285 4 2 0 0 1310 1405 3040 3223
7286 4 2 0 0 1629 1698 1691 3203
7287 4 2 0 0 842 3204 772 780
7288 4 2 0 0 781 843 3205 773
7289 4 2 0 0 1554 3203 1629 1542
7290 4 2 0 0 842 918 3204 930
7291 4 2 0 0 1555 1543 1630 3206
7292 4 2 0 0 1555 3206 1472 1543
7293 4 2 0 0 931 919 3205 843
7294 4 2 0 0 1069 2917 2541 2591
7295 4 2 0 0 1069 2591 1138 2917
7296 4 2 0 0 1069 3114 2917 1047
7297 4 2 0 0 2916 1070 2594 1139
7298 4 2 0 0 2545 1070 2594 2916
7299 4 2 0 0 3115 1070 2916 1046
7300 4 2 0 0 1399 2684 2635 2914
7301 4 2 0 0 1399 2914 2635 1331
7302 4 2 0 0 2914 3116 1425 1399
7303 4 2 0 0 2639 1400 2915 2688
7304 4 2 0 0 2639 1332 2915 1400
7305 4 2 0 0 2915 3117 1400 1426
7306 4 2 0 0 751 746 666 3011
7307 4 2 0 0 656 3011 746 2506
7308 4 2 0 0 2131 2094 2932 2066
7309 4 2 0 0 2067 2132 2095 2933
7310 4 2 0 0 341 407 379 2934
7311 4 2 0 0 408 2931 342 380
7312 4 2 0 0 880 3157 913 964
7313 4 2 0 0 880 3211 913 3157
7314 4 2 0 0 880 3211 822 913
7315 4 2 0 0 1592 3158 1558 1506
7316 4 2 0 0 1592 3210 1647 1558
7317 4 2 0 0 1592 3210 1558 3158
7318 4 2 0 0 1593 1559 1648 3213
7319 4 2 0 0 1593 3159 1507 1559
7320 4 2 0 0 1593 3213 3159 1559
7321 4 2 0 0 3212 914 881 823
7322 4 2 0 0 963 3160 914 881
7323 4 2 0 0 3212 914 3160 881
7324 4 2 0 0 2038 2932 3050 2729
7325 4 2 0 0 3227 2932 3050 2038
7326 4 2 0 0 1183 2916 1112 1093
7327 4 2 0 0 1183 1112 2916 1206
7328 4 2 0 0 2914 1288 1359 1378
7329 4 2 0 0 2914 1264 1359 1288
7330 4 2 0 0 2915 1360 1263 1289
7331 4 2 0 0 2915 1379 1360 1289
7332 4 2 0 0 435 3059 2931 2498
7333 4 2 0 0 435 2931 3059 3226
7334 4 2 0 0 2917 1113 1182 1205
7335 4 2 0 0 2917 1182 1113 1092
7336 4 2 0 0 2328 2360 2319 3122
7337 4 2 0 0 2328 2364 2360 3122
7338 4 2 0 0 3272 1728 1644 1693
7339 4 2 0 0 3272 1693 2700 1728
7340 4 2 0 0 2977 2700 1728 3272
7341 4 2 0 0 3272 2977 1644 1728
7342 4 2 0 0 2978 1645 1729 3273
7343 4 2 0 0 1729 3273 1694 2706
7344 4 2 0 0 1729 1694 3273 1645
7345 4 2 0 0 1729 2706 2978 3273
7346 4 2 0 0 2969 2527 3280 742
7347 4 2 0 0 824 742 2969 3280
7348 4 2 0 0 824 3280 778 742
7349 4 2 0 0 778 3280 2527 742
7350 4 2 0 0 2968 3279 743 825
7351 4 2 0 0 825 779 3279 743
7352 4 2 0 0 658 3279 743 2968
7353 4 2 0 0 689 726 779 3166
7354 4 2 0 0 2693 2003 2918 2059
7355 4 2 0 0 2693 2699 2918 2863
7356 4 2 0 0 3091 2919 2530 2536
7357 4 2 0 0 473 2919 415 2536
7358 4 2 0 0 2922 3141 2034 2706
7359 4 2 0 0 2521 3139 439 2923
7360 4 2 0 0 2922 3141 2742 2164
7361 4 2 0 0 3139 308 2923 2486
7362 4 2 0 0 2924 309 3140 2490
7363 4 2 0 0 2946 2714 2020 3063
7364 4 2 0 0 3063 2020 2946 3064
7365 4 2 0 0 453 2513 2945 2520
7366 4 2 0 0 3057 2520 453 2945
7367 4 2 0 0 2943 2112 2060 2043
7368 4 2 0 0 2946 2044 2061 2113
7369 4 2 0 0 2944 430 413 358
7370 4 2 0 0 414 431 2945 359
7371 4 2 0 0 1129 3186 3156 1172
7372 4 2 0 0 1097 2575 2971 2628
7373 4 2 0 0 1076 1129 3156 1172
7374 4 2 0 0 2971 2628 1129 1097
7375 4 2 0 0 1076 2971 1129 1034
7376 4 2 0 0 2972 2634 2581 1096
7377 4 2 0 0 1171 1130 2972 1077
7378 4 2 0 0 1077 1035 1130 2972
7379 4 2 0 0 1171 2634 2972 1130
7380 4 2 0 0 3042 1341 1297 1394
7381 4 2 0 0 3042 1341 1394 1437
7382 4 2 0 0 2595 2649 1375 3042
7383 4 2 0 0 2595 1341 1297 3042
7384 4 2 0 0 3043 1298 1342 1395
7385 4 2 0 0 3043 1438 1395 1342
7386 4 2 0 0 2601 3043 1374 2655
7387 4 2 0 0 2601 1342 3043 1246
7388 4 2 0 0 195 153 2952 177
7389 4 2 0 0 244 2952 2490 177
7390 4 2 0 0 164 153 2952 195
7391 4 2 0 0 2296 2321 2277 3178
7392 4 2 0 0 2228 3178 2296 2277
7393 4 2 0 0 3178 2268 2736 2284
7394 4 2 0 0 3178 2321 2277 2309
7395 4 2 0 0 2486 243 176 3197
7396 4 2 0 0 3197 152 163 194
7397 4 2 0 0 3197 205 188 2492
7398 4 2 0 0 3197 152 194 176
7399 4 2 0 0 3198 2276 2320 2308
7400 4 2 0 0 3198 2320 2276 2295
7401 4 2 0 0 3198 2283 2734 2267
7402 4 2 0 0 3198 2738 2295 2229
7403 4 2 0 0 2375 3228 2406 2377
7404 4 2 0 0 2375 2399 2406 3228
7405 4 2 0 0 64 95 92 3230
7406 4 2 0 0 64 3230 69 95
7407 4 2 0 0 70 94 3229 65
7408 4 2 0 0 65 93 94 3229
7409 4 2 0 0 2378 3231 2407 2376
7410 4 2 0 0 2400 3231 2376 2407
7411 4 2 0 0 1809 1726 2975 2690
7412 4 2 0 0 2691 1881 2975 2690
7413 4 2 0 0 2691 1881 1821 2975
7414 4 2 0 0 1809 1726 1744 2975
7415 4 2 0 0 2970 745 728 664
7416 4 2 0 0 2970 664 2539 745
7417 4 2 0 0 727 663 744 3012
7418 4 2 0 0 744 2535 3012 663
7419 4 2 0 0 2694 1727 2960 1810
7420 4 2 0 0 1745 2960 1727 1810
7421 4 2 0 0 142 99 2952 124
7422 4 2 0 0 142 124 2952 164
7423 4 2 0 0 3267 2040 2051 3155
7424 4 2 0 0 3267 2040 1964 2051
7425 4 2 0 0 3267 2040 1942 1964
7426 4 2 0 0 3155 2947 3267 2040
7427 4 2 0 0 2947 3148 3267 2040
7428 4 2 0 0 1006 2912 1027 1103
7429 4 2 0 0 935 2575 2912 2937
7430 4 2 0 0 1127 1059 2628 2912
7431 4 2 0 0 2913 1028 1104 1007
7432 4 2 0 0 2634 1128 2913 1060
7433 4 2 0 0 2581 2938 936 2913
7434 4 2 0 0 2910 1466 1442 1369
7435 4 2 0 0 2935 1539 2655 2910
7436 4 2 0 0 2601 1344 2910 1410
7437 4 2 0 0 1368 1443 2911 1465
7438 4 2 0 0 2911 2936 1536 2649
7439 4 2 0 0 2595 2911 1343 1409
7440 4 2 0 0 177 140 153 2489
7441 4 2 0 0 2952 153 2489 177
7442 4 2 0 0 2742 3178 3252 2296
7443 4 2 0 0 3178 2321 3252 2296
7444 4 2 0 0 2486 139 3197 176
7445 4 2 0 0 3197 139 152 176
7446 4 2 0 0 2320 3198 2333 2295
7447 4 2 0 0 2333 2738 2295 3198
7448 4 2 0 0 869 3208 901 954
7449 4 2 0 0 3268 3208 901 869
7450 4 2 0 0 3268 814 869 901
7451 4 2 0 0 3268 901 3208 860
7452 4 2 0 0 1604 3144 1570 1655
7453 4 2 0 0 1604 1570 3144 1516
7454 4 2 0 0 1571 3168 3175 1605
7455 4 2 0 0 1517 1605 1571 3175
7456 4 2 0 0 3174 953 868 902
7457 4 2 0 0 3174 868 815 902
7458 4 2 0 0 726 675 761 3166
7459 4 2 0 0 760 674 725 3163
7460 4 2 0 0 3164 1746 1710 1798
7461 4 2 0 0 1711 1747 3165 1799
7462 4 2 0 0 1617 1541 1546 3192
7463 4 2 0 0 2683 1541 3192 1546
7464 4 2 0 0 957 2546 3250 846
7465 4 2 0 0 2019 2043 2092 2943
7466 4 2 0 0 3067 2019 2092 2943
7467 4 2 0 0 2946 2093 2020 2044
7468 4 2 0 0 452 381 430 2944
7469 4 2 0 0 452 381 2944 3056
7470 4 2 0 0 382 431 2945 453
7471 4 2 0 0 888 2968 2971 2575
7472 4 2 0 0 888 2968 825 2568
7473 4 2 0 0 888 2971 2968 2568
7474 4 2 0 0 927 824 889 3270
7475 4 2 0 0 889 2969 3270 824
7476 4 2 0 0 889 2581 3270 2969
7477 4 2 0 0 2977 2649 3042 1583
7478 4 2 0 0 2656 1583 1644 2977
7479 4 2 0 0 2656 3042 1583 2977
7480 4 2 0 0 1584 2662 2978 3043
7481 4 2 0 0 1584 2978 2655 3043
7482 4 2 0 0 1584 2978 2662 1645
7483 4 2 0 0 3144 1469 1540 1516
7484 4 2 0 0 1470 3218 1541 1517
7485 4 2 0 0 1457 1541 3218 2683
7486 4 2 0 0 3249 954 932 1003
7487 4 2 0 0 509 3209 459 531
7488 4 2 0 0 531 3209 2986 2528
7489 4 2 0 0 509 2528 3209 531
7490 4 2 0 0 510 2534 532 2987
7491 4 2 0 0 460 532 2987 510
7492 4 2 0 0 3267 1964 1942 1893
7493 4 2 0 0 3267 1942 3148 3285
7494 4 2 0 0 1194 1264 2914 1288
7495 4 2 0 0 2912 1194 1264 2914
7496 4 2 0 0 1183 1277 1206 2916
7497 4 2 0 0 1277 2916 2910 1206
7498 4 2 0 0 1195 2915 1263 1289
7499 4 2 0 0 2913 2915 1263 1195
7500 4 2 0 0 1276 2917 1182 1205
7501 4 2 0 0 2911 1205 2917 1276
7502 4 2 0 0 2361 2333 3232 2370
7503 4 2 0 0 2361 2395 2370 3232
7504 4 2 0 0 110 73 102 3253
7505 4 2 0 0 110 139 3253 102
7506 4 2 0 0 103 74 111 3233
7507 4 2 0 0 140 103 111 3233
7508 4 2 0 0 2362 3252 2369 2394
7509 4 2 0 0 2362 2369 3252 2334
7510 4 2 0 0 1678 1647 1592 3210
7511 4 2 0 0 1593 1679 3213 1648
7512 4 2 0 0 792 822 880 3211
7513 4 2 0 0 793 3212 881 823
7514 4 2 0 0 2228 2737 3178 2212
7515 4 2 0 0 3167 3144 1604 1655
7516 4 2 0 0 3167 1604 1687 1655
7517 4 2 0 0 1688 1656 1605 3168
7518 4 2 0 0 1571 1656 3168 1605
7519 4 2 0 0 3268 869 814 785
7520 4 2 0 0 3268 860 3208 3128
7521 4 2 0 0 784 868 815 2553
7522 4 2 0 0 3127 815 3174 2553
7523 4 2 0 0 2553 868 815 3174
7524 4 2 0 0 2335 2754 3214 2314
7525 4 2 0 0 2335 3214 2355 2314
7526 4 2 0 0 137 3006 178 2473
7527 4 2 0 0 137 178 3006 121
7528 4 2 0 0 186 154 138 3286
7529 4 2 0 0 186 2475 3286 138
7530 4 2 0 0 3286 122 154 138
7531 4 2 0 0 3286 3200 138 2475
7532 4 2 0 0 3200 138 122 3286
7533 4 2 0 0 776 846 3250 3010
7534 4 2 0 0 878 846 3250 776
7535 4 2 0 0 3250 2546 3010 846
7536 4 2 0 0 2552 847 3281 3011
7537 4 2 0 0 777 879 847 3281
7538 4 2 0 0 3011 777 847 3281
7539 4 2 0 0 182 2964 3240 171
7540 4 2 0 0 182 134 3240 149
7541 4 2 0 0 235 3240 2475 199
7542 4 2 0 0 181 133 3005 170
7543 4 2 0 0 198 148 2473 3005
7544 4 2 0 0 181 148 3005 133
7545 4 2 0 0 2272 3239 2754 2237
7546 4 2 0 0 2340 2291 2302 2982
7547 4 2 0 0 2325 3239 2291 2340
7548 4 2 0 0 2339 2301 2290 2963
7549 4 2 0 0 2339 2324 2963 2290
7550 4 2 0 0 2756 2324 2273 2963
7551 4 2 0 0 2754 2932 3051 2168
7552 4 2 0 0 3051 2168 2932 3227
7553 4 2 0 0 3286 2931 2475 305
7554 4 2 0 0 3286 2931 305 3226
7555 4 2 0 0 3286 3055 2475 2931
7556 4 2 0 0 3286 3055 2931 3226
7557 4 2 0 0 345 2919 285 295
7558 4 2 0 0 339 2919 285 345
7559 4 2 0 0 286 296 3215 346
7560 4 2 0 0 340 346 286 3215
7561 4 2 0 0 3180 296 357 3215
7562 4 2 0 0 2920 357 3215 3180
7563 4 2 0 0 2126 2187 2735 2133
7564 4 2 0 0 2177 2187 2735 2126
7565 4 2 0 0 2177 2735 2734 3092
7566 4 2 0 0 2126 3092 2921 2735
7567 4 2 0 0 2127 2918 2178 2188
7568 4 2 0 0 2127 2134 2918 2188
7569 4 2 0 0 755 849 2967 818
7570 4 2 0 0 849 2967 818 3187
7571 4 2 0 0 818 849 3187 909
7572 4 2 0 0 2545 2967 3187 886
7573 4 2 0 0 2967 886 818 3187
7574 4 2 0 0 754 3009 848 819
7575 4 2 0 0 910 848 3189 819
7576 4 2 0 0 848 819 3009 3189
7577 4 2 0 0 2541 3189 3009 887
7578 4 2 0 0 3009 3189 819 887
7579 4 2 0 0 1626 1652 2962 1717
7580 4 2 0 0 3188 2962 1587 2688
7581 4 2 0 0 3188 1652 2962 1626
7582 4 2 0 0 3188 1563 1652 1626
7583 4 2 0 0 3188 1652 1587 2962
7584 4 2 0 0 1625 1651 3190 1562
7585 4 2 0 0 1625 2981 1651 1716
7586 4 2 0 0 1625 2981 3190 1651
7587 4 2 0 0 2981 1651 1586 3190
7588 4 2 0 0 2684 3190 2981 1586
7589 4 2 0 0 1497 2936 1465 1397
7590 4 2 0 0 1497 2936 1568 1465
7591 4 2 0 0 1398 2935 1466 1498
7592 4 2 0 0 1498 1466 1569 2935
7593 4 2 0 0 972 2937 1006 1071
7594 4 2 0 0 903 1006 972 2937
7595 4 2 0 0 1072 973 2938 1007
7596 4 2 0 0 904 973 1007 2938
7597 4 2 0 0 301 2494 374 3216
7598 4 2 0 0 471 397 3216 460
7599 4 2 0 0 471 427 3216 397
7600 4 2 0 0 2047 3098 2077 2014
7601 4 2 0 0 2047 2733 2077 3098
7602 4 2 0 0 2952 99 3260 124
7603 4 2 0 0 124 3260 86 99
7604 4 2 0 0 3257 123 98 2487
7605 4 2 0 0 3257 98 123 85
7606 4 2 0 0 3258 2349 2384 2373
7607 4 2 0 0 3258 2373 2739 2349
7608 4 2 0 0 3259 2374 2350 2741
7609 4 2 0 0 3259 2374 2385 2350
7610 4 2 0 0 509 2984 459 3209
7611 4 2 0 0 509 423 459 2984
7612 4 2 0 0 3209 459 3133 2984
7613 4 2 0 0 471 3216 510 460
7614 4 2 0 0 510 3216 2987 460
7615 4 2 0 0 420 3140 3216 2987
7616 4 2 0 0 3258 2384 2361 2395
7617 4 2 0 0 3258 3169 2395 3232
7618 4 2 0 0 3258 2395 2361 3232
7619 4 2 0 0 3257 73 110 3253
7620 4 2 0 0 3257 85 110 73
7621 4 2 0 0 111 74 3260 3233
7622 4 2 0 0 3233 3260 3251 74
7623 4 2 0 0 111 74 86 3260
7624 4 2 0 0 3259 3252 2362 2394
7625 4 2 0 0 3259 2394 2362 2385
7626 4 2 0 0 2934 2926 513 2497
7627 4 2 0 0 2925 2933 1960 2730
7628 4 2 0 0 934 880 964 3157
7629 4 2 0 0 3261 3159 1507 1593
7630 4 2 0 0 3261 1593 1507 1538
7631 4 2 0 0 1537 3158 1592 1506
7632 4 2 0 0 963 3160 881 3262
7633 4 2 0 0 963 881 933 3262
7634 4 2 0 0 368 332 3226 307
7635 4 2 0 0 331 307 368 3226
7636 4 2 0 0 3227 2103 2142 2166
7637 4 2 0 0 3227 2141 2103 2166
7638 4 2 0 0 3056 302 335 366
7639 4 2 0 0 3056 366 337 302
7640 4 2 0 0 367 303 3057 338
7641 4 2 0 0 336 303 3057 367
7642 4 2 0 0 2104 2135 2170 3067
7643 4 2 0 0 2137 2170 3067 2104
7644 4 2 0 0 2105 2136 3064 2171
7645 4 2 0 0 2105 2171 3064 2138
7646 4 2 0 0 873 911 810 3163
7647 4 2 0 0 911 3237 3071 3082
7648 4 2 0 0 911 873 959 3237
7649 4 2 0 0 1560 1600 1659 3164
7650 4 2 0 0 1560 3164 3234 1600
7651 4 2 0 0 1560 3083 3072 3234
7652 4 2 0 0 3073 3081 1561 3235
7653 4 2 0 0 1601 3165 1561 1660
7654 4 2 0 0 1511 1601 3235 1561
7655 4 2 0 0 912 811 3166 872
7656 4 2 0 0 912 3236 3080 3074
7657 4 2 0 0 912 872 3166 3236
7658 4 2 0 0 2400 2387 2366 2749
7659 4 2 0 0 2400 3179 2749 3231
7660 4 2 0 0 69 106 95 3230
7661 4 2 0 0 70 94 2479 3229
7662 4 2 0 0 70 94 107 3240
7663 4 2 0 0 70 3240 2479 94
7664 4 2 0 0 3162 3240 2479 70
7665 4 2 0 0 3229 70 3162 2479
7666 4 2 0 0 2375 2751 2365 2399
7667 4 2 0 0 3161 2399 2751 3228
7668 4 2 0 0 2375 2399 3228 2751
7669 4 2 0 0 2375 2345 3228 2377
7670 4 2 0 0 2346 2376 3231 2378
7671 4 2 0 0 94 128 3229 93
7672 4 2 0 0 127 95 3230 92
7673 4 2 0 0 3049 2080 2139 2753
7674 4 2 0 0 2183 2754 2124 3049
7675 4 2 0 0 2754 3100 2124 3049
7676 4 2 0 0 3049 2124 2080 3100
7677 4 2 0 0 2081 3099 2125 2757
7678 4 2 0 0 2125 2757 3099 2756
7679 4 2 0 0 348 2475 2476 3102
7680 4 2 0 0 394 348 2476 3102
7681 4 2 0 0 2476 2788 3102 2475
7682 4 2 0 0 3022 393 333 2472
7683 4 2 0 0 2473 347 289 3022
7684 4 2 0 0 3022 347 393 3101
7685 4 2 0 0 2473 3101 347 3022
7686 4 2 0 0 3091 2791 2493 2492
7687 4 2 0 0 2899 2736 3093 2735
7688 4 2 0 0 1064 1089 2973 1160
7689 4 2 0 0 1089 2586 989 2973
7690 4 2 0 0 1383 1311 3147 1406
7691 4 2 0 0 1484 2648 3147 1383
7692 4 2 0 0 1063 1088 1159 3017
7693 4 2 0 0 988 1088 3017 2582
7694 4 2 0 0 1310 3040 1405 1382
7695 4 2 0 0 1382 1483 2644 3040
7696 4 2 0 0 3167 1724 1687 1641
7697 4 2 0 0 3167 1724 1641 3254
7698 4 2 0 0 1793 3192 3269 1725
7699 4 2 0 0 1688 3168 3269 1725
7700 4 2 0 0 1793 3269 2720 3168
7701 4 2 0 0 3192 1725 1617 3269
7702 4 2 0 0 1688 1725 3269 1617
7703 4 2 0 0 755 849 3278 2967
7704 4 2 0 0 849 2967 3262 3278
7705 4 2 0 0 670 3278 2498 2967
7706 4 2 0 0 755 3212 3278 849
7707 4 2 0 0 754 3277 848 3009
7708 4 2 0 0 3211 3277 848 754
7709 4 2 0 0 669 3277 3009 2496
7710 4 2 0 0 848 3189 3009 3277
7711 4 2 0 0 3275 1626 1717 3213
7712 4 2 0 0 2731 2962 1804 3275
7713 4 2 0 0 3275 1626 2962 1717
7714 4 2 0 0 3261 3188 2962 1626
7715 4 2 0 0 1625 3274 2981 1716
7716 4 2 0 0 1625 2981 3274 3190
7717 4 2 0 0 1625 3274 1716 3210
7718 4 2 0 0 1803 3274 2981 2729
7719 4 2 0 0 917 3250 878 977
7720 4 2 0 0 917 3217 3250 977
7721 4 2 0 0 917 977 953 3217
7722 4 2 0 0 356 2919 345 295
7723 4 2 0 0 356 3091 2919 295
7724 4 2 0 0 2116 2177 3092 2126
7725 4 2 0 0 2126 2735 2177 3092
7726 4 2 0 0 2918 2178 2117 2127
7727 4 2 0 0 3093 2178 2117 2918
7728 4 2 0 0 2380 2342 2354 3135
7729 4 2 0 0 2380 3135 2357 2342
7730 4 2 0 0 2380 2354 3242 3135
7731 4 2 0 0 2353 2341 2379 3123
7732 4 2 0 0 3136 2356 2341 2379
7733 4 2 0 0 3123 2341 2379 3136
7734 4 2 0 0 3276 3136 3123 2411
7735 4 2 0 0 131 116 90 3124
7736 4 2 0 0 131 90 114 3248
7737 4 2 0 0 131 3124 90 3248
7738 4 2 0 0 117 91 3134 132
7739 4 2 0 0 132 3134 115 91
7740 4 2 0 0 3243 91 3134 117
7741 4 2 0 0 171 134 3240 182
7742 4 2 0 0 149 107 134 3240
7743 4 2 0 0 2964 3240 2475 235
7744 4 2 0 0 3005 148 2473 3230
7745 4 2 0 0 133 3230 106 148
7746 4 2 0 0 3005 148 3230 133
7747 4 2 0 0 2237 3239 2754 2982
7748 4 2 0 0 2291 3239 2982 2340
7749 4 2 0 0 2325 2366 3239 2340
7750 4 2 0 0 2365 2751 2339 2324
7751 4 2 0 0 2339 2324 2751 2963
7752 4 2 0 0 2756 2324 2963 2751
7753 4 2 0 0 873 810 778 3163
7754 4 2 0 0 3164 1693 1600 1659
7755 4 2 0 0 1694 3165 1601 1660
7756 4 2 0 0 779 3166 811 872
7757 4 2 0 0 3141 2085 2042 2108
7758 4 2 0 0 909 933 849 3187
7759 4 2 0 0 3188 1538 1563 1626
7760 4 2 0 0 1625 1562 3190 1537
7761 4 2 0 0 934 848 3189 910
7762 4 2 0 0 3197 163 123 141
7763 4 2 0 0 3197 141 2492 188
7764 4 2 0 0 3197 123 163 152
7765 4 2 0 0 164 2952 153 124
7766 4 2 0 0 3178 2332 2350 2309
7767 4 2 0 0 3178 2332 2284 2736
7768 4 2 0 0 3178 2350 2321 2309
7769 4 2 0 0 3198 2320 2349 2308
7770 4 2 0 0 3198 2734 2283 2331
7771 4 2 0 0 3198 2331 2308 2349
7772 4 2 0 0 2964 128 3240 171
7773 4 2 0 0 175 2480 168 3182
7774 4 2 0 0 3005 133 3230 170
7775 4 2 0 0 167 127 170 3230
7776 4 2 0 0 2340 2982 2302 2346
7777 4 2 0 0 2298 2748 3183 2304
7778 4 2 0 0 2339 2301 2963 2345
7779 4 2 0 0 3181 2303 2963 2752
7780 4 2 0 0 3226 3055 3059 2503
7781 4 2 0 0 2931 3055 3059 3226
7782 4 2 0 0 3024 2503 2926 2934
7783 4 2 0 0 2724 3227 3051 3050
7784 4 2 0 0 3227 2932 3051 3050
7785 4 2 0 0 2724 3068 2925 2933
7786 4 2 0 0 917 953 868 3217
7787 4 2 0 0 868 3217 953 3174
7788 4 2 0 0 1517 3218 1541 1605
7789 4 2 0 0 1517 1605 3175 3218
7790 4 2 0 0 3249 3208 869 954
7791 4 2 0 0 3249 3208 3268 869
7792 4 2 0 0 3249 869 932 954
7793 4 2 0 0 3144 1516 1540 1604
7794 4 2 0 0 3108 1540 3144 1469
7795 4 2 0 0 3202 692 756 693
7796 4 2 0 0 694 692 757 3202
7797 4 2 0 0 1780 1715 3201 1783
7798 4 2 0 0 1783 1779 1714 3201
7799 4 2 0 0 3066 2747 2160 3067
7800 4 2 0 0 3066 2943 3067 2092
7801 4 2 0 0 3066 2160 2092 3067
7802 4 2 0 0 3056 313 2944 2481
7803 4 2 0 0 3056 381 2944 313
7804 4 2 0 0 3057 2485 3027 314
7805 4 2 0 0 3057 3027 2945 382
7806 4 2 0 0 3057 314 3027 382
7807 4 2 0 0 2743 2161 3064 3065
7808 4 2 0 0 3065 2093 3064 2946
7809 4 2 0 0 2161 2093 3064 3065
7810 4 2 0 0 3254 1646 1641 1574
7811 4 2 0 0 3254 1512 2677 1606
7812 4 2 0 0 3254 1724 1641 1646
7813 4 2 0 0 1076 981 2971 1034
7814 4 2 0 0 1129 3156 2628 2971
7815 4 2 0 0 2972 980 1077 1035
7816 4 2 0 0 3270 2972 2581 980
7817 4 2 0 0 2972 2634 1096 1130
7818 4 2 0 0 3042 1437 1394 1490
7819 4 2 0 0 2595 1375 1341 3042
7820 4 2 0 0 1395 3043 1491 1438
7821 4 2 0 0 2601 3043 1342 1374
7822 4 2 0 0 3038 2954 3146 2927
7823 4 2 0 0 1344 1369 1277 2910
7824 4 2 0 0 1344 1442 1369 2910
7825 4 2 0 0 1344 1442 2910 1410
7826 4 2 0 0 2912 1194 1127 1103
7827 4 2 0 0 1103 2912 1027 1127
7828 4 2 0 0 1027 1059 1127 2912
7829 4 2 0 0 1128 1104 1195 2913
7830 4 2 0 0 1128 1028 1104 2913
7831 4 2 0 0 1128 1028 2913 1060
7832 4 2 0 0 1343 1276 1368 2911
7833 4 2 0 0 1343 1443 2911 1368
7834 4 2 0 0 1343 2911 1443 1409
7835 4 2 0 0 3084 2053 2083 2119
7836 4 2 0 0 391 3085 354 421
7837 4 2 0 0 2052 2082 2118 3086
7838 4 2 0 0 2533 426 493 3255
7839 4 2 0 0 2533 503 493 426
7840 4 2 0 0 2533 553 493 503
7841 4 2 0 0 3113 493 3255 2533
7842 4 2 0 0 3256 1981 2030 1971
7843 4 2 0 0 1971 3256 1981 2998
7844 4 2 0 0 1510 3234 1547 1600
7845 4 2 0 0 1560 3234 1510 1600
7846 4 2 0 0 1601 3235 1561 3165
7847 4 2 0 0 1601 3235 1548 1511
7848 4 2 0 0 912 872 3236 960
7849 4 2 0 0 960 872 3236 928
7850 4 2 0 0 873 959 3237 927
7851 4 2 0 0 873 3237 911 3163
7852 4 2 0 0 3024 2926 2474 304
7853 4 2 0 0 3024 341 2934 2926
7854 4 2 0 0 3024 2926 304 341
7855 4 2 0 0 2755 3068 2169 2925
7856 4 2 0 0 2925 3068 2132 2933
7857 4 2 0 0 2169 3068 2132 2925
7858 4 2 0 0 378 355 3255 328
7859 4 2 0 0 292 3070 328 267
7860 4 2 0 0 240 2952 206 267
7861 4 2 0 0 267 3070 2952 292
7862 4 2 0 0 2742 2741 3252 3178
7863 4 2 0 0 2321 2362 3252 2334
7864 4 2 0 0 2486 3197 3253 2487
7865 4 2 0 0 152 139 3253 110
7866 4 2 0 0 3012 744 727 808
7867 4 2 0 0 2970 745 809 728
7868 4 2 0 0 1745 1662 1727 2960
7869 4 2 0 0 2975 1726 1744 1661
7870 4 2 0 0 2753 2026 2027 2090
7871 4 2 0 0 2757 2028 2025 2091
7872 4 2 0 0 446 444 2472 383
7873 4 2 0 0 445 447 2476 384
7874 4 2 0 0 1029 3189 1057 1121
7875 4 2 0 0 1121 1057 1146 3189
7876 4 2 0 0 1029 3189 1121 2591
7877 4 2 0 0 2591 1029 3189 2541
7878 4 2 0 0 2591 3189 1121 1146
7879 4 2 0 0 1122 3187 1058 1030
7880 4 2 0 0 1122 1058 3187 1147
7881 4 2 0 0 3187 1122 2594 1030
7882 4 2 0 0 2545 2594 1030 3187
7883 4 2 0 0 1147 2594 3187 1122
7884 4 2 0 0 1348 2635 1440 1411
7885 4 2 0 0 1348 1322 2635 1411
7886 4 2 0 0 2684 1440 2635 1411
7887 4 2 0 0 2684 1411 2635 3047
7888 4 2 0 0 1411 3137 1322 2635
7889 4 2 0 0 3047 3137 1411 2635
7890 4 2 0 0 3207 1349 1412 1323
7891 4 2 0 0 2639 3188 1349 1441
7892 4 2 0 0 3188 1412 1349 1441
7893 4 2 0 0 3188 2688 1441 2639
7894 4 2 0 0 3188 1349 1412 3207
7895 4 2 0 0 1059 2575 2912 1027
7896 4 2 0 0 2913 1060 1028 2581
7897 4 2 0 0 2910 1410 1442 2655
7898 4 2 0 0 2911 2649 1443 1409
7899 4 2 0 0 3056 409 366 437
7900 4 2 0 0 3056 366 404 437
7901 4 2 0 0 438 367 405 3057
7902 4 2 0 0 438 367 3057 410
7903 4 2 0 0 2035 2070 3067 2104
7904 4 2 0 0 2035 3067 2064 2104
7905 4 2 0 0 2036 2065 3064 2105
7906 4 2 0 0 2036 2071 2105 3064
7907 4 2 0 0 399 2926 3226 436
7908 4 2 0 0 3226 2497 436 2926
7909 4 2 0 0 2925 3227 2730 2037
7910 4 2 0 0 2925 3227 2037 2075
7911 4 2 0 0 2501 525 3029 465
7912 4 2 0 0 3030 3029 607 2495
7913 4 2 0 0 2728 2008 1947 1930
7914 4 2 0 0 2009 2732 1948 1931
7915 4 2 0 0 526 2505 2985 466
7916 4 2 0 0 526 2505 2499 2985
7917 4 2 0 0 3254 1512 3108 2677
7918 4 2 0 0 3254 1540 3108 1456
7919 4 2 0 0 3254 1540 1574 1641
7920 4 2 0 0 1671 1725 1617 3192
7921 4 2 0 0 3111 758 716 672
7922 4 2 0 0 3128 721 758 672
7923 4 2 0 0 3128 758 3111 672
7924 4 2 0 0 673 717 3112 759
7925 4 2 0 0 673 759 3127 722
7926 4 2 0 0 673 3112 3127 759
7927 4 2 0 0 3109 1800 1756 1712
7928 4 2 0 0 3125 1750 1800 1712
7929 4 2 0 0 3125 1800 3109 1712
7930 4 2 0 0 1757 3110 1713 1801
7931 4 2 0 0 1713 1801 3126 1751
7932 4 2 0 0 3110 3126 1713 1801
7933 4 2 0 0 130 168 128 3182
7934 4 2 0 0 2964 3182 168 2480
7935 4 2 0 0 2964 2479 2480 2788
7936 4 2 0 0 2965 2480 3182 2479
7937 4 2 0 0 2789 2480 2965 2479
7938 4 2 0 0 2788 2479 2480 2789
7939 4 2 0 0 2485 2484 2965 3134
7940 4 2 0 0 3243 3134 2484 2485
7941 4 2 0 0 2789 2965 2485 2484
7942 4 2 0 0 2983 2485 3243 2484
7943 4 2 0 0 2833 2484 2485 2983
7944 4 2 0 0 2833 2789 2485 2484
7945 4 2 0 0 300 3197 243 2486
7946 4 2 0 0 2984 2790 2491 3197
7947 4 2 0 0 2486 2790 2984 3197
7948 4 2 0 0 300 2491 255 3197
7949 4 2 0 0 300 2984 350 2491
7950 4 2 0 0 300 2486 306 2984
7951 4 2 0 0 2984 3197 2491 300
7952 4 2 0 0 2487 141 2492 3197
7953 4 2 0 0 3197 2492 2487 2790
7954 4 2 0 0 2487 141 2966 2492
7955 4 2 0 0 2487 2966 2791 2492
7956 4 2 0 0 2790 2492 2487 2791
7957 4 2 0 0 2493 3221 2966 2488
7958 4 2 0 0 108 2488 3221 2493
7959 4 2 0 0 2966 2488 2791 2493
7960 4 2 0 0 2834 2493 2488 108
7961 4 2 0 0 2791 2488 2834 2493
7962 4 2 0 0 2952 2489 2490 177
7963 4 2 0 0 2490 177 2489 140
7964 4 2 0 0 2490 2489 2983 3233
7965 4 2 0 0 2833 2983 2490 2489
7966 4 2 0 0 2767 2952 2489 2490
7967 4 2 0 0 2767 2490 2489 2833
7968 4 2 0 0 301 3216 353 2490
7969 4 2 0 0 244 2494 301 2490
7970 4 2 0 0 2767 2494 2952 2490
7971 4 2 0 0 3216 2494 2767 2490
7972 4 2 0 0 3216 2494 2490 301
7973 4 2 0 0 2985 585 2967 644
7974 4 2 0 0 2967 2498 670 585
7975 4 2 0 0 499 2931 3102 2985
7976 4 2 0 0 2967 585 2985 2498
7977 4 2 0 0 2792 2985 2498 2967
7978 4 2 0 0 2788 2789 2512 2511
7979 4 2 0 0 2511 2512 2788 2768
7980 4 2 0 0 2769 2511 2512 2789
7981 4 2 0 0 2511 2512 2768 2769
7982 4 2 0 0 2518 2833 2789 2519
7983 4 2 0 0 2769 2519 2518 2789
7984 4 2 0 0 2797 2519 2518 2769
7985 4 2 0 0 2797 2519 2833 2518
7986 4 2 0 0 547 2521 623 2986
7987 4 2 0 0 2968 658 2521 623
7988 4 2 0 0 2986 2968 2521 623
7989 4 2 0 0 2986 2968 2798 2521
7990 4 2 0 0 2984 2522 3133 2529
7991 4 2 0 0 2986 2529 3133 2522
7992 4 2 0 0 2529 2790 2984 2522
7993 4 2 0 0 2986 2798 2529 2522
7994 4 2 0 0 2529 2790 2522 2770
7995 4 2 0 0 2529 2798 2770 2522
7996 4 2 0 0 2790 2523 2530 2791
7997 4 2 0 0 2770 2530 2790 2523
7998 4 2 0 0 2771 2530 2523 2791
7999 4 2 0 0 2771 2530 2770 2523
8000 4 2 0 0 2524 2531 2791 2834
8001 4 2 0 0 2771 2531 2791 2524
8002 4 2 0 0 2799 2531 2771 2524
8003 4 2 0 0 2834 2524 2531 2799
8004 4 2 0 0 2767 2526 2833 2525
8005 4 2 0 0 2797 2526 2525 2833
8006 4 2 0 0 2767 2526 2525 2761
8007 4 2 0 0 2797 2525 2526 2761
8008 4 2 0 0 2532 2525 2767 2834
8009 4 2 0 0 2532 2799 2525 2834
8010 4 2 0 0 2532 2761 2767 2525
8011 4 2 0 0 2532 2525 2799 2761
8012 4 2 0 0 2533 2526 2767 2761
8013 4 2 0 0 2533 3216 2767 2526
8014 4 2 0 0 3140 3216 2987 2526
8015 4 2 0 0 2987 2526 3216 2533
8016 4 2 0 0 2533 2526 2761 2800
8017 4 2 0 0 2800 2533 2526 2987
8018 4 2 0 0 624 2987 2527 546
8019 4 2 0 0 624 2527 2969 657
8020 4 2 0 0 624 2969 2527 2987
8021 4 2 0 0 2527 2800 2987 2969
8022 4 2 0 0 2532 2761 2533 2767
8023 4 2 0 0 3113 3255 2767 2533
8024 4 2 0 0 3113 3255 3070 2767
8025 4 2 0 0 2532 3113 2767 2533
8026 4 2 0 0 2532 2801 2533 2761
8027 4 2 0 0 3113 2532 2801 2533
8028 4 2 0 0 2538 592 2539 2970
8029 4 2 0 0 652 2970 664 592
8030 4 2 0 0 2538 2801 2970 2539
8031 4 2 0 0 2538 2801 2539 3113
8032 4 2 0 0 2988 2967 2544 3187
8033 4 2 0 0 2792 2967 2544 2988
8034 4 2 0 0 2550 2792 2988 2551
8035 4 2 0 0 2550 2768 2792 2551
8036 4 2 0 0 2550 2772 2768 2551
8037 4 2 0 0 2550 2600 2772 2551
8038 4 2 0 0 2772 2768 2558 2557
8039 4 2 0 0 2769 2558 2768 2557
8040 4 2 0 0 2773 2557 2558 2769
8041 4 2 0 0 2772 2773 2557 2558
8042 4 2 0 0 2566 2769 2797 2565
8043 4 2 0 0 2566 2769 2565 2773
8044 4 2 0 0 2566 2773 2565 2806
8045 4 2 0 0 2806 2797 2565 2566
8046 4 2 0 0 2567 3095 3082 3128
8047 4 2 0 0 2968 2798 2568 2807
8048 4 2 0 0 2968 2807 2568 2971
8049 4 2 0 0 2798 2807 2576 2569
8050 4 2 0 0 2770 2576 2569 2798
8051 4 2 0 0 2774 2576 2569 2770
8052 4 2 0 0 2807 2569 2774 2576
8053 4 2 0 0 2577 2771 2770 2570
8054 4 2 0 0 2577 2770 2774 2570
8055 4 2 0 0 2775 2570 2771 2577
8056 4 2 0 0 2775 2570 2577 2774
8057 4 2 0 0 2578 2571 2799 2771
8058 4 2 0 0 2578 2771 2775 2571
8059 4 2 0 0 2578 2775 2808 2571
8060 4 2 0 0 2808 2571 2799 2578
8061 4 2 0 0 2573 2797 2761 2572
8062 4 2 0 0 2573 2572 2806 2797
8063 4 2 0 0 2573 2761 2762 2572
8064 4 2 0 0 2573 2572 2762 2806
8065 4 2 0 0 2572 2799 2579 2808
8066 4 2 0 0 2761 2572 2799 2579
8067 4 2 0 0 2762 2572 2761 2579
8068 4 2 0 0 2572 2808 2579 2762
8069 4 2 0 0 2573 2761 2800 2580
8070 4 2 0 0 2573 2761 2580 2762
8071 4 2 0 0 2573 2809 2762 2580
8072 4 2 0 0 2809 2580 2573 2800
8073 4 2 0 0 2969 3270 2574 2800
8074 4 2 0 0 2574 2809 2800 3270
8075 4 2 0 0 2574 3270 2972 2809
8076 4 2 0 0 2580 2762 2761 2579
8077 4 2 0 0 2801 2761 2579 2580
8078 4 2 0 0 2580 2579 2810 2762
8079 4 2 0 0 2810 2580 2801 2579
8080 4 2 0 0 2949 2584 3202 2587
8081 4 2 0 0 2587 2948 2584 3202
8082 4 2 0 0 2953 2584 2949 2587
8083 4 2 0 0 2953 2584 2587 2948
8084 4 2 0 0 2585 2801 2810 2586
8085 4 2 0 0 2585 2586 2970 2801
8086 4 2 0 0 3264 2585 2973 2586
8087 4 2 0 0 3264 2585 2586 2970
8088 4 2 0 0 2585 2810 2973 2586
8089 4 2 0 0 3176 2594 2593 2988
8090 4 2 0 0 3187 3176 2988 2594
8091 4 2 0 0 2599 2853 2600 2988
8092 4 2 0 0 2988 2550 2600 2599
8093 4 2 0 0 2772 2811 2600 2599
8094 4 2 0 0 2599 2853 2811 2600
8095 4 2 0 0 2772 2607 2773 2608
8096 4 2 0 0 2772 2608 2811 2607
8097 4 2 0 0 2773 2608 2607 2812
8098 4 2 0 0 2811 2812 2607 2608
8099 4 2 0 0 2609 3173 3245 2955
8100 4 2 0 0 2609 3073 2974 3245
8101 4 2 0 0 2609 2974 2955 3245
8102 4 2 0 0 2773 2616 2812 2615
8103 4 2 0 0 2806 2615 2616 2773
8104 4 2 0 0 2858 2615 2616 2806
8105 4 2 0 0 2615 2858 2616 2812
8106 4 2 0 0 3082 2974 2617 2989
8107 4 2 0 0 2974 2989 3081 2617
8108 4 2 0 0 3156 2620 3186 3271
8109 4 2 0 0 3156 2620 3271 2971
8110 4 2 0 0 3271 2620 3186 3108
8111 4 2 0 0 3271 2620 2807 2971
8112 4 2 0 0 3271 2620 2859 2807
8113 4 2 0 0 3271 3108 2859 2620
8114 4 2 0 0 2629 2859 2621 2807
8115 4 2 0 0 2629 2774 2807 2621
8116 4 2 0 0 2629 2813 2774 2621
8117 4 2 0 0 2629 2859 2813 2621
8118 4 2 0 0 2630 2774 2622 2775
8119 4 2 0 0 2813 2774 2622 2630
8120 4 2 0 0 2814 2775 2630 2622
8121 4 2 0 0 2813 2622 2814 2630
8122 4 2 0 0 2808 2631 2623 2775
8123 4 2 0 0 2623 2775 2631 2814
8124 4 2 0 0 2808 2631 2860 2623
8125 4 2 0 0 2623 2814 2631 2860
8126 4 2 0 0 2625 2624 2858 2806
8127 4 2 0 0 2625 2762 2624 2806
8128 4 2 0 0 2625 2776 2624 2762
8129 4 2 0 0 2625 2776 2858 2624
8130 4 2 0 0 2808 2624 2860 2632
8131 4 2 0 0 2808 2762 2624 2632
8132 4 2 0 0 2762 2776 2624 2632
8133 4 2 0 0 2860 2776 2632 2624
8134 4 2 0 0 2809 2762 2633 2625
8135 4 2 0 0 2625 2633 2776 2762
8136 4 2 0 0 2861 2625 2809 2633
8137 4 2 0 0 2625 2861 2776 2633
8138 4 2 0 0 3071 2989 2626 3246
8139 4 2 0 0 3246 3119 2989 2626
8140 4 2 0 0 2972 2626 2809 2634
8141 4 2 0 0 3238 2634 2626 2972
8142 4 2 0 0 2634 3238 2626 3218
8143 4 2 0 0 2634 2861 2626 2809
8144 4 2 0 0 2634 3218 2626 2861
8145 4 2 0 0 2634 2861 2683 3218
8146 4 2 0 0 2762 2633 2776 2632
8147 4 2 0 0 2762 2632 2810 2633
8148 4 2 0 0 2810 2862 2633 2632
8149 4 2 0 0 2776 2862 2632 2633
8150 4 2 0 0 3225 2953 2636 3145
8151 4 2 0 0 3225 2953 3195 2636
8152 4 2 0 0 2940 2953 2990 2637
8153 4 2 0 0 2953 3145 2990 2637
8154 4 2 0 0 3107 2953 2940 2637
8155 4 2 0 0 2638 2810 2639 2973
8156 4 2 0 0 2973 2639 2638 3207
8157 4 2 0 0 2638 2639 2810 2862
8158 4 2 0 0 2638 3188 3207 2639
8159 4 2 0 0 3224 3207 2973 2638
8160 4 2 0 0 2638 3188 2639 2862
8161 4 2 0 0 2642 2940 3224 3107
8162 4 2 0 0 3224 2940 2638 3107
8163 4 2 0 0 3177 2642 2941 3224
8164 4 2 0 0 3177 2941 2638 3224
8165 4 2 0 0 2642 2940 2941 3224
8166 4 2 0 0 2644 1704 2975 1642
8167 4 2 0 0 2644 3076 2975 1704
8168 4 2 0 0 1704 2975 2690 3076
8169 4 2 0 0 2644 3076 2815 2975
8170 4 2 0 0 2691 2975 1691 2645
8171 4 2 0 0 2691 2975 2645 2815
8172 4 2 0 0 2976 3203 2645 2691
8173 4 2 0 0 2976 2816 2691 2645
8174 4 2 0 0 2691 2815 2645 2816
8175 4 2 0 0 3184 2991 3201 2646
8176 4 2 0 0 2692 2646 2976 3201
8177 4 2 0 0 2976 2646 3185 3201
8178 4 2 0 0 2692 2976 2646 2816
8179 4 2 0 0 2692 2646 3201 2991
8180 4 2 0 0 2692 2863 2646 2991
8181 4 2 0 0 2692 2816 2646 2863
8182 4 2 0 0 2647 2960 3266 1677
8183 4 2 0 0 2647 2853 3147 3266
8184 4 2 0 0 2647 2853 2960 2777
8185 4 2 0 0 2647 2960 2853 3266
8186 4 2 0 0 2647 2991 2693 1699
8187 4 2 0 0 2647 2991 2863 2693
8188 4 2 0 0 2647 2693 2777 2960
8189 4 2 0 0 2647 2777 2693 2863
8190 4 2 0 0 1705 1643 2648 2960
8191 4 2 0 0 2694 2960 1705 3075
8192 4 2 0 0 2777 2648 2960 3075
8193 4 2 0 0 1705 2648 3075 2960
8194 4 2 0 0 1794 1871 1849 3284
8195 4 2 0 0 1708 2695 2977 1731
8196 4 2 0 0 1767 3088 2695 1731
8197 4 2 0 0 1708 1731 2977 2649
8198 4 2 0 0 2977 2817 3088 2695
8199 4 2 0 0 2977 2649 3088 2817
8200 4 2 0 0 2977 2695 3088 1731
8201 4 2 0 0 3076 2650 2696 3088
8202 4 2 0 0 3076 2650 2815 2696
8203 4 2 0 0 2696 2817 3088 2650
8204 4 2 0 0 2778 2650 2696 2815
8205 4 2 0 0 2778 2650 2817 2696
8206 4 2 0 0 2816 2651 2697 2815
8207 4 2 0 0 2778 2815 2697 2651
8208 4 2 0 0 2779 2816 2651 2697
8209 4 2 0 0 2779 2778 2697 2651
8210 4 2 0 0 2863 2698 2816 2652
8211 4 2 0 0 2779 2698 2652 2816
8212 4 2 0 0 2818 2698 2652 2779
8213 4 2 0 0 2863 2698 2652 2818
8214 4 2 0 0 2853 2653 2654 2777
8215 4 2 0 0 2853 2654 2653 2811
8216 4 2 0 0 2654 2763 2777 2653
8217 4 2 0 0 2811 2653 2763 2654
8218 4 2 0 0 2863 2699 2653 2777
8219 4 2 0 0 2653 2818 2699 2863
8220 4 2 0 0 2653 2699 2763 2777
8221 4 2 0 0 2653 2818 2763 2699
8222 4 2 0 0 2777 3087 2654 3075
8223 4 2 0 0 3087 2777 3267 3219
8224 4 2 0 0 3087 2763 3267 2777
8225 4 2 0 0 3087 2819 3267 2763
8226 4 2 0 0 2654 3087 2763 2819
8227 4 2 0 0 2978 1709 3285 1763
8228 4 2 0 0 2655 1709 1732 3285
8229 4 2 0 0 3087 1768 3285 1732
8230 4 2 0 0 3087 1732 3285 2655
8231 4 2 0 0 3087 2819 2655 3285
8232 4 2 0 0 2655 2978 1709 3285
8233 4 2 0 0 2819 2978 2655 3285
8234 4 2 0 0 2656 2817 2977 3272
8235 4 2 0 0 2656 3164 2979 3272
8236 4 2 0 0 2656 2820 3272 2979
8237 4 2 0 0 2656 2820 2817 3272
8238 4 2 0 0 2820 2817 2701 2657
8239 4 2 0 0 2657 2817 2701 2778
8240 4 2 0 0 2657 2778 2701 2780
8241 4 2 0 0 2657 2780 2701 2820
8242 4 2 0 0 2702 2778 2779 2658
8243 4 2 0 0 2780 2778 2702 2658
8244 4 2 0 0 2702 2779 2781 2658
8245 4 2 0 0 2780 2781 2658 2702
8246 4 2 0 0 2703 2779 2818 2659
8247 4 2 0 0 2703 2781 2779 2659
8248 4 2 0 0 2703 2781 2659 2821
8249 4 2 0 0 2821 2818 2659 2703
8250 4 2 0 0 2811 2660 2812 2661
8251 4 2 0 0 2661 2763 2811 2660
8252 4 2 0 0 2661 2764 2763 2660
8253 4 2 0 0 2661 2812 2764 2660
8254 4 2 0 0 2660 2818 2821 2704
8255 4 2 0 0 2660 2704 2763 2818
8256 4 2 0 0 2660 2704 2764 2763
8257 4 2 0 0 2660 2764 2704 2821
8258 4 2 0 0 2661 2763 2705 2819
8259 4 2 0 0 2661 2705 2763 2764
8260 4 2 0 0 2661 2705 2764 2822
8261 4 2 0 0 2661 2705 2822 2819
8262 4 2 0 0 2662 3273 2819 2822
8263 4 2 0 0 2662 2978 2819 3273
8264 4 2 0 0 3165 3273 2662 2980
8265 4 2 0 0 2662 3273 2822 2980
8266 4 2 0 0 2979 2707 3109 2663
8267 4 2 0 0 2663 2707 3109 3125
8268 4 2 0 0 2979 2707 2663 2820
8269 4 2 0 0 2820 2707 2663 2864
8270 4 2 0 0 2663 3125 2992 2707
8271 4 2 0 0 2663 2707 2992 2864
8272 4 2 0 0 2820 2664 2708 2864
8273 4 2 0 0 2664 2708 2780 2820
8274 4 2 0 0 2664 2708 2823 2780
8275 4 2 0 0 2664 2708 2864 2823
8276 4 2 0 0 2665 2709 2781 2780
8277 4 2 0 0 2665 2780 2823 2709
8278 4 2 0 0 2665 2781 2709 2824
8279 4 2 0 0 2665 2709 2823 2824
8280 4 2 0 0 2824 2710 2666 2781
8281 4 2 0 0 2821 2710 2781 2666
8282 4 2 0 0 2821 2710 2666 2865
8283 4 2 0 0 2824 2710 2865 2666
8284 4 2 0 0 2858 2812 2667 2668
8285 4 2 0 0 2667 2764 2668 2812
8286 4 2 0 0 2667 2782 2668 2764
8287 4 2 0 0 2667 2858 2668 2782
8288 4 2 0 0 2667 2865 2711 2821
8289 4 2 0 0 2667 2764 2821 2711
8290 4 2 0 0 2667 2782 2764 2711
8291 4 2 0 0 2667 2865 2782 2711
8292 4 2 0 0 2782 2712 2668 2764
8293 4 2 0 0 2822 2668 2712 2764
8294 4 2 0 0 2822 2668 2866 2712
8295 4 2 0 0 2782 2866 2668 2712
8296 4 2 0 0 3081 3126 2669 3097
8297 4 2 0 0 2822 2669 2713 2866
8298 4 2 0 0 2980 2669 2713 2822
8299 4 2 0 0 3110 2669 2713 2980
8300 4 2 0 0 3110 2669 3126 2713
8301 4 2 0 0 2669 2713 2993 3126
8302 4 2 0 0 2866 2993 2669 2713
8303 4 2 0 0 2670 3254 3108 2677
8304 4 2 0 0 2670 2961 3254 2677
8305 4 2 0 0 2859 2677 2670 3108
8306 4 2 0 0 2783 2677 2961 2670
8307 4 2 0 0 2783 2670 2859 2677
8308 4 2 0 0 2670 2783 2992 2961
8309 4 2 0 0 2992 2961 3167 2670
8310 4 2 0 0 2992 2783 2670 2864
8311 4 2 0 0 2671 2678 2783 2859
8312 4 2 0 0 2859 2813 2671 2678
8313 4 2 0 0 2671 2678 2765 2783
8314 4 2 0 0 2671 2765 2678 2813
8315 4 2 0 0 2864 2783 2671 2715
8316 4 2 0 0 2864 2671 2823 2715
8317 4 2 0 0 2715 2765 2783 2671
8318 4 2 0 0 2715 2765 2671 2823
8319 4 2 0 0 2813 2672 2679 2814
8320 4 2 0 0 2813 2765 2679 2672
8321 4 2 0 0 2765 2766 2679 2672
8322 4 2 0 0 2766 2672 2814 2679
8323 4 2 0 0 2824 2672 2716 2823
8324 4 2 0 0 2823 2765 2672 2716
8325 4 2 0 0 2765 2766 2672 2716
8326 4 2 0 0 2766 2672 2716 2824
8327 4 2 0 0 2860 2680 2673 2814
8328 4 2 0 0 2766 2673 2680 2814
8329 4 2 0 0 2784 2673 2680 2766
8330 4 2 0 0 2784 2860 2680 2673
8331 4 2 0 0 2824 2673 2865 2717
8332 4 2 0 0 2766 2717 2673 2824
8333 4 2 0 0 2784 2717 2673 2766
8334 4 2 0 0 2784 2865 2673 2717
8335 4 2 0 0 2674 2675 2776 2858
8336 4 2 0 0 2858 2782 2674 2675
8337 4 2 0 0 349 2675 2776 2674
8338 4 2 0 0 349 2675 2674 2782
8339 4 2 0 0 2674 2860 2776 2681
8340 4 2 0 0 2784 2681 2860 2674
8341 4 2 0 0 349 2681 2674 2776
8342 4 2 0 0 349 2674 2681 2784
8343 4 2 0 0 2865 2782 2718 2674
8344 4 2 0 0 2784 2865 2718 2674
8345 4 2 0 0 349 2718 2782 2674
8346 4 2 0 0 349 2674 2784 2718
8347 4 2 0 0 349 2675 2682 2776
8348 4 2 0 0 2861 2682 2675 2776
8349 4 2 0 0 2785 2675 2682 349
8350 4 2 0 0 2675 2861 2785 2682
8351 4 2 0 0 349 2675 2782 2719
8352 4 2 0 0 2782 2675 2866 2719
8353 4 2 0 0 2785 2675 349 2719
8354 4 2 0 0 2866 2994 2719 2675
8355 4 2 0 0 2675 2994 2719 2785
8356 4 2 0 0 2861 2785 2683 2676
8357 4 2 0 0 2785 3192 2683 2676
8358 4 2 0 0 3192 2676 2994 3269
8359 4 2 0 0 2993 2676 3168 2994
8360 4 2 0 0 3269 2676 2994 3168
8361 4 2 0 0 2866 2994 2676 2993
8362 4 2 0 0 2785 3192 2676 2994
8363 4 2 0 0 2961 1752 1697 2721
8364 4 2 0 0 1689 1697 1766 2721
8365 4 2 0 0 2961 2721 1697 2677
8366 4 2 0 0 2677 1689 2721 1697
8367 4 2 0 0 2677 1758 1748 2721
8368 4 2 0 0 2677 1689 1758 2721
8369 4 2 0 0 2783 2677 2721 2961
8370 4 2 0 0 2995 1748 2721 2677
8371 4 2 0 0 2678 2677 2721 2783
8372 4 2 0 0 2722 2721 2678 2995
8373 4 2 0 0 2783 2678 2765 2722
8374 4 2 0 0 2765 2678 2825 2722
8375 4 2 0 0 2722 2995 2678 2825
8376 4 2 0 0 2765 2723 2825 2679
8377 4 2 0 0 2765 2723 2679 2766
8378 4 2 0 0 2826 2766 2679 2723
8379 4 2 0 0 2679 2826 2723 2825
8380 4 2 0 0 2724 2766 2680 2826
8381 4 2 0 0 2724 2784 2680 2766
8382 4 2 0 0 2724 2784 2867 2680
8383 4 2 0 0 2724 2867 2826 2680
8384 4 2 0 0 349 2681 2776 2682
8385 4 2 0 0 2681 2682 2862 2776
8386 4 2 0 0 2786 2681 349 2682
8387 4 2 0 0 2681 2996 2862 2682
8388 4 2 0 0 2681 2682 2786 2996
8389 4 2 0 0 2725 2681 2867 2784
8390 4 2 0 0 349 2784 2681 2725
8391 4 2 0 0 2786 349 2681 2725
8392 4 2 0 0 2867 2786 2681 2725
8393 4 2 0 0 2726 2785 2682 349
8394 4 2 0 0 2726 2786 349 2682
8395 4 2 0 0 2726 2683 2682 2785
8396 4 2 0 0 2726 2997 2786 2682
8397 4 2 0 0 1730 2727 2683 1759
8398 4 2 0 0 1690 2683 1759 1730
8399 4 2 0 0 1749 2727 1759 2683
8400 4 2 0 0 2785 2727 2683 3192
8401 4 2 0 0 2726 2683 2727 2997
8402 4 2 0 0 2997 2683 2727 1749
8403 4 2 0 0 1753 2727 3192 1730
8404 4 2 0 0 1730 2683 2727 3192
8405 4 2 0 0 2995 1637 2684 1695
8406 4 2 0 0 2728 2995 2981 1764
8407 4 2 0 0 2981 1674 1695 2684
8408 4 2 0 0 2995 2981 1695 2684
8409 4 2 0 0 2825 2684 2981 2995
8410 4 2 0 0 2685 3274 3210 3129
8411 4 2 0 0 2826 2685 3274 2825
8412 4 2 0 0 2825 2685 3274 2981
8413 4 2 0 0 2826 3129 3274 2685
8414 4 2 0 0 3129 3130 3143 2686
8415 4 2 0 0 3142 2686 3129 3143
8416 4 2 0 0 2990 3143 2686 3142
8417 4 2 0 0 3129 3130 2686 2730
8418 4 2 0 0 2826 2686 2867 2730
8419 4 2 0 0 2826 2730 3129 2686
8420 4 2 0 0 2730 2686 2867 3130
8421 4 2 0 0 2687 2962 3188 2996
8422 4 2 0 0 3188 2862 2687 2996
8423 4 2 0 0 2687 2962 2996 2786
8424 4 2 0 0 3275 2687 3130 2867
8425 4 2 0 0 3275 3213 3130 2687
8426 4 2 0 0 3275 2867 2786 2687
8427 4 2 0 0 3275 2786 2962 2687
8428 4 2 0 0 2962 1696 1675 2688
8429 4 2 0 0 2997 2962 1696 1765
8430 4 2 0 0 2997 2688 1638 1696
8431 4 2 0 0 2962 2688 2997 1696
8432 4 2 0 0 2962 2997 2996 2786
8433 4 2 0 0 1882 2998 2693 2960
8434 4 2 0 0 1882 1822 1810 2960
8435 4 2 0 0 2777 2693 2998 2960
8436 4 2 0 0 2960 2998 2694 1882
8437 4 2 0 0 3256 3084 2998 2699
8438 4 2 0 0 2777 3267 2998 2699
8439 4 2 0 0 2777 2699 2763 3267
8440 4 2 0 0 2763 2699 2827 3267
8441 4 2 0 0 3267 3256 2827 3155
8442 4 2 0 0 2763 2704 2705 2827
8443 4 2 0 0 2764 2704 2705 2763
8444 4 2 0 0 2764 2705 2704 2828
8445 4 2 0 0 2827 2705 2828 2704
8446 4 2 0 0 2764 2712 2828 2711
8447 4 2 0 0 2782 2712 2764 2711
8448 4 2 0 0 2782 2711 2872 2712
8449 4 2 0 0 2828 2711 2712 2872
8450 4 2 0 0 2961 1878 2999 2714
8451 4 2 0 0 2999 1878 1934 2714
8452 4 2 0 0 2961 1878 2714 1807
8453 4 2 0 0 2999 1878 2961 2721
8454 4 2 0 0 2783 2999 2714 2961
8455 4 2 0 0 2715 2999 2783 2722
8456 4 2 0 0 2715 3000 2999 2722
8457 4 2 0 0 2715 2765 2722 2783
8458 4 2 0 0 2715 2829 2722 2765
8459 4 2 0 0 2829 2715 2722 3000
8460 4 2 0 0 2829 2723 2765 2716
8461 4 2 0 0 2765 2723 2766 2716
8462 4 2 0 0 2830 2766 2723 2716
8463 4 2 0 0 2830 2716 2723 2829
8464 4 2 0 0 2724 2766 2830 2717
8465 4 2 0 0 2724 2717 2784 2766
8466 4 2 0 0 2724 2784 2717 2873
8467 4 2 0 0 2873 2830 2717 2724
8468 4 2 0 0 349 2718 2719 2782
8469 4 2 0 0 2782 2718 2719 2872
8470 4 2 0 0 2787 2718 2719 349
8471 4 2 0 0 2872 2718 2719 2787
8472 4 2 0 0 2725 2718 2784 2873
8473 4 2 0 0 349 2784 2725 2718
8474 4 2 0 0 2787 349 2725 2718
8475 4 2 0 0 2873 2718 2787 2725
8476 4 2 0 0 2726 2785 349 2719
8477 4 2 0 0 2726 2787 2719 349
8478 4 2 0 0 2726 3002 3001 2719
8479 4 2 0 0 2726 2719 3001 2785
8480 4 2 0 0 2726 2787 3002 2719
8481 4 2 0 0 1935 2720 1877 3001
8482 4 2 0 0 2785 3001 3192 2720
8483 4 2 0 0 1808 2720 3001 1877
8484 4 2 0 0 2727 3192 3001 1808
8485 4 2 0 0 1808 3001 2720 3192
8486 4 2 0 0 1830 2731 1909 2732
8487 4 2 0 0 2731 2786 2732 2962
8488 4 2 0 0 2731 1830 1804 2962
8489 4 2 0 0 1909 2732 2731 1991
8490 4 2 0 0 1830 2732 2962 2731
8491 4 2 0 0 2212 2156 2737 3178
8492 4 2 0 0 2156 2216 2736 3178
8493 4 2 0 0 2156 2737 3084 2097
8494 4 2 0 0 3084 2736 2827 2156
8495 4 2 0 0 3084 2737 2156 2827
8496 4 2 0 0 2827 2737 2156 3178
8497 4 2 0 0 3178 2827 2736 2156
8498 4 2 0 0 2959 2930 2758 2958
8499 4 2 0 0 3021 2930 2959 2958
8500 4 2 0 0 3252 2741 2321 3178
8501 4 2 0 0 2742 3252 2741 3123
8502 4 2 0 0 2742 3252 2300 2296
8503 4 2 0 0 2827 3178 2741 2742
8504 4 2 0 0 2827 2742 2741 2828
8505 4 2 0 0 2828 2741 3123 2742
8506 4 2 0 0 3104 3135 3242 2744
8507 4 2 0 0 2745 3054 3003 2930
8508 4 2 0 0 2959 3003 2930 2745
8509 4 2 0 0 2959 2745 3105 3003
8510 4 2 0 0 3123 2747 3136 2746
8511 4 2 0 0 2828 2872 2747 2746
8512 4 2 0 0 2828 3123 2746 2747
8513 4 2 0 0 2746 3136 3123 3276
8514 4 2 0 0 2746 3136 3004 2747
8515 4 2 0 0 2746 2872 2747 3004
8516 4 2 0 0 2746 3136 3276 3105
8517 4 2 0 0 2748 2144 3000 2200
8518 4 2 0 0 2982 3000 2151 2200
8519 4 2 0 0 2257 2200 2748 2982
8520 4 2 0 0 2200 3000 2748 2982
8521 4 2 0 0 2748 3000 2829 2982
8522 4 2 0 0 3239 2749 2754 2982
8523 4 2 0 0 2982 2749 2754 2829
8524 4 2 0 0 2754 2830 2829 2749
8525 4 2 0 0 3214 2830 2754 2749
8526 4 2 0 0 3239 2754 2749 3214
8527 4 2 0 0 2755 3214 3122 2750
8528 4 2 0 0 2755 3214 2750 2830
8529 4 2 0 0 2755 2750 2873 2830
8530 4 2 0 0 2755 2873 2750 3122
8531 4 2 0 0 3214 3122 2750 2760
8532 4 2 0 0 3179 2750 2760 3214
8533 4 2 0 0 2345 3181 2963 2751
8534 4 2 0 0 3004 2963 3181 2751
8535 4 2 0 0 3004 2963 2751 2872
8536 4 2 0 0 2751 2787 2872 2963
8537 4 2 0 0 2756 2751 2873 3122
8538 4 2 0 0 2756 2787 2873 2751
8539 4 2 0 0 2756 2963 2787 2751
8540 4 2 0 0 2963 2256 2199 2752
8541 4 2 0 0 2963 3002 2787 2752
8542 4 2 0 0 2752 2199 2963 3002
8543 4 2 0 0 2963 2203 2150 2199
8544 4 2 0 0 2752 3002 2143 2199
8545 4 2 0 0 8 3079 2469 20
8546 4 2 0 0 8 2469 3079 15
8547 4 2 0 0 16 12 2929 26
8548 4 2 0 0 16 2929 9 3103
8549 4 2 0 0 2928 3079 2470 2929
8550 4 2 0 0 2928 27 3106 3243
8551 4 2 0 0 278 3022 2472 3005
8552 4 2 0 0 289 3022 347 333
8553 4 2 0 0 3022 333 289 278
8554 4 2 0 0 234 2473 289 3005
8555 4 2 0 0 2473 3022 3005 2831
8556 4 2 0 0 3005 3022 2472 2831
8557 4 2 0 0 289 3022 3005 2473
8558 4 2 0 0 278 2472 270 3005
8559 4 2 0 0 3023 321 387 2472
8560 4 2 0 0 3005 270 321 2472
8561 4 2 0 0 321 3023 3005 2472
8562 4 2 0 0 3005 2831 2472 3023
8563 4 2 0 0 2473 178 226 249
8564 4 2 0 0 2473 2474 249 304
8565 4 2 0 0 178 2474 249 2473
8566 4 2 0 0 2473 3024 2474 304
8567 4 2 0 0 178 3006 2474 2473
8568 4 2 0 0 2473 3006 2474 3024
8569 4 2 0 0 3005 3230 2473 2831
8570 4 2 0 0 3230 2473 2831 3006
8571 4 2 0 0 3199 3200 2474 2478
8572 4 2 0 0 3006 2474 2478 3199
8573 4 2 0 0 2478 2874 3200 2474
8574 4 2 0 0 2503 2474 2874 2478
8575 4 2 0 0 3200 2479 3240 2475
8576 4 2 0 0 2964 2479 2475 3240
8577 4 2 0 0 3200 2874 2479 2475
8578 4 2 0 0 2475 2479 2964 2788
8579 4 2 0 0 2475 2479 2788 2874
8580 4 2 0 0 279 2964 271 2476
8581 4 2 0 0 271 2476 2964 322
8582 4 2 0 0 322 2476 3025 388
8583 4 2 0 0 322 2476 2964 3025
8584 4 2 0 0 2476 3025 2788 2964
8585 4 2 0 0 167 3230 2477 129
8586 4 2 0 0 167 3230 3005 2477
8587 4 2 0 0 3230 2831 3005 2477
8588 4 2 0 0 3230 3007 2831 2477
8589 4 2 0 0 3007 2832 2831 2477
8590 4 2 0 0 2481 2477 192 251
8591 4 2 0 0 2481 143 192 2477
8592 4 2 0 0 2481 251 313 2477
8593 4 2 0 0 2944 313 2477 2481
8594 4 2 0 0 2481 143 2477 3007
8595 4 2 0 0 2481 2477 2832 3007
8596 4 2 0 0 2944 2477 2832 2481
8597 4 2 0 0 3079 3170 3230 3008
8598 4 2 0 0 3079 2478 3170 3008
8599 4 2 0 0 2482 3191 3008 3103
8600 4 2 0 0 2482 3008 3191 3007
8601 4 2 0 0 3191 3007 3008 3230
8602 4 2 0 0 3191 3008 3103 3230
8603 4 2 0 0 2482 3007 2832 3008
8604 4 2 0 0 3106 2479 2484 3134
8605 4 2 0 0 2875 2479 2484 3026
8606 4 2 0 0 3026 2484 3106 2479
8607 4 2 0 0 2965 2484 2479 3134
8608 4 2 0 0 2789 2479 2965 2484
8609 4 2 0 0 2875 2484 2479 2789
8610 4 2 0 0 314 252 2485 2480
8611 4 2 0 0 2485 193 2480 252
8612 4 2 0 0 2485 144 2480 193
8613 4 2 0 0 2485 2480 144 2965
8614 4 2 0 0 2789 2480 2485 2965
8615 4 2 0 0 3027 2485 2480 314
8616 4 2 0 0 3027 2480 2485 2789
8617 4 2 0 0 2481 3124 3248 2482
8618 4 2 0 0 2481 3007 2482 3248
8619 4 2 0 0 2481 3007 2832 2482
8620 4 2 0 0 3124 2481 2876 2482
8621 4 2 0 0 2481 2832 2876 2482
8622 4 2 0 0 2482 3008 2483 2929
8623 4 2 0 0 2929 2483 3079 3008
8624 4 2 0 0 2482 2483 3028 2929
8625 4 2 0 0 2877 3028 2482 2483
8626 4 2 0 0 2877 2517 2483 2482
8627 4 2 0 0 3253 3197 152 2487
8628 4 2 0 0 2486 139 3253 3197
8629 4 2 0 0 2486 3253 3124 2487
8630 4 2 0 0 2486 2876 2487 3124
8631 4 2 0 0 2486 3197 2487 2790
8632 4 2 0 0 2486 2876 2790 2487
8633 4 2 0 0 2487 2966 2957 2488
8634 4 2 0 0 2487 2488 2957 3028
8635 4 2 0 0 2966 3221 2957 2488
8636 4 2 0 0 2877 2488 2487 3028
8637 4 2 0 0 2487 2488 2791 2966
8638 4 2 0 0 2877 2791 2487 2488
8639 4 2 0 0 3197 2491 255 2492
8640 4 2 0 0 354 3085 2492 299
8641 4 2 0 0 299 2492 2491 3085
8642 4 2 0 0 299 2491 2492 255
8643 4 2 0 0 3197 2790 2491 2492
8644 4 2 0 0 2790 3085 2491 2492
8645 4 2 0 0 377 2491 3085 299
8646 4 2 0 0 238 2492 295 2493
8647 4 2 0 0 2966 200 2493 2492
8648 4 2 0 0 200 2492 238 2493
8649 4 2 0 0 2919 2493 295 3091
8650 4 2 0 0 200 2493 155 2966
8651 4 2 0 0 2966 2493 2791 2492
8652 4 2 0 0 2919 2791 2493 3091
8653 4 2 0 0 2495 643 3029 564
8654 4 2 0 0 2495 564 3029 542
8655 4 2 0 0 2495 643 708 3009
8656 4 2 0 0 2495 3009 3029 643
8657 4 2 0 0 3030 708 774 3009
8658 4 2 0 0 2495 690 3030 708
8659 4 2 0 0 643 731 708 3009
8660 4 2 0 0 2495 708 3030 3009
8661 4 2 0 0 2835 3030 3009 3029
8662 4 2 0 0 2496 597 2497 513
8663 4 2 0 0 3131 597 2497 2496
8664 4 2 0 0 2934 2926 434 513
8665 4 2 0 0 2496 2934 513 2497
8666 4 2 0 0 645 3131 2496 597
8667 4 2 0 0 2496 2497 3131 2836
8668 4 2 0 0 2496 2497 2836 2934
8669 4 2 0 0 3277 645 3211 3131
8670 4 2 0 0 2835 3277 2496 3009
8671 4 2 0 0 3277 2836 2496 3131
8672 4 2 0 0 2836 3277 2496 2835
8673 4 2 0 0 3131 2543 2497 3132
8674 4 2 0 0 3131 2497 2543 2836
8675 4 2 0 0 2878 3132 2497 2543
8676 4 2 0 0 2836 2497 2543 2878
8677 4 2 0 0 646 3212 3132 3278
8678 4 2 0 0 2878 3278 2498 3132
8679 4 2 0 0 2792 2498 3278 2967
8680 4 2 0 0 2878 2498 3278 2792
8681 4 2 0 0 2967 3031 709 775
8682 4 2 0 0 2967 709 644 732
8683 4 2 0 0 3031 709 2499 2967
8684 4 2 0 0 3031 691 2499 709
8685 4 2 0 0 2792 2499 2967 3031
8686 4 2 0 0 3032 2500 582 595
8687 4 2 0 0 3010 655 720 741
8688 4 2 0 0 3010 2500 595 655
8689 4 2 0 0 3010 2500 3032 595
8690 4 2 0 0 2837 3032 3010 2500
8691 4 2 0 0 741 2500 714 2546
8692 4 2 0 0 2546 741 783 714
8693 4 2 0 0 2546 2500 714 723
8694 4 2 0 0 655 3010 2500 741
8695 4 2 0 0 741 2546 3010 2500
8696 4 2 0 0 2837 3010 2546 2500
8697 4 2 0 0 3030 723 2500 2546
8698 4 2 0 0 2837 2500 2547 2501
8699 4 2 0 0 3022 2501 2502 3101
8700 4 2 0 0 2502 3029 3101 2501
8701 4 2 0 0 3022 2831 2502 2501
8702 4 2 0 0 2835 2501 3029 2502
8703 4 2 0 0 2502 2793 2501 2831
8704 4 2 0 0 2835 2501 2502 2793
8705 4 2 0 0 2508 3032 2501 3023
8706 4 2 0 0 3023 2508 2831 2501
8707 4 2 0 0 2837 2501 2508 3032
8708 4 2 0 0 2831 2793 2501 2508
8709 4 2 0 0 2837 2501 2793 2508
8710 4 2 0 0 2835 3030 2501 2547
8711 4 2 0 0 2546 3030 2547 2500
8712 4 2 0 0 2835 2793 2547 2501
8713 4 2 0 0 2837 2793 2501 2547
8714 4 2 0 0 2502 2503 3024 2934
8715 4 2 0 0 3024 2503 2502 3006
8716 4 2 0 0 2502 2503 2934 2836
8717 4 2 0 0 2502 2503 2794 3006
8718 4 2 0 0 2502 2836 2794 2503
8719 4 2 0 0 2502 2793 2831 2509
8720 4 2 0 0 2831 2509 3006 2502
8721 4 2 0 0 2502 3006 2794 2509
8722 4 2 0 0 2502 2794 2793 2509
8723 4 2 0 0 2548 2835 2836 2502
8724 4 2 0 0 2548 2835 2502 2793
8725 4 2 0 0 2548 2836 2794 2502
8726 4 2 0 0 2548 2793 2502 2794
8727 4 2 0 0 3006 2510 2478 2503
8728 4 2 0 0 3006 2503 2794 2510
8729 4 2 0 0 2794 2503 2838 2510
8730 4 2 0 0 2874 2503 2510 2838
8731 4 2 0 0 2836 2878 2549 2503
8732 4 2 0 0 2836 2549 2794 2503
8733 4 2 0 0 2794 2549 2838 2503
8734 4 2 0 0 2503 2838 2878 2549
8735 4 2 0 0 2874 2788 2504 2511
8736 4 2 0 0 2511 2838 2504 2874
8737 4 2 0 0 2511 2788 2504 2768
8738 4 2 0 0 2511 2768 2504 2838
8739 4 2 0 0 2550 2504 2878 2792
8740 4 2 0 0 2878 2838 2504 2550
8741 4 2 0 0 2550 2768 2504 2792
8742 4 2 0 0 2550 2504 2768 2838
8743 4 2 0 0 3025 2512 2505 2788
8744 4 2 0 0 3025 2512 3033 2505
8745 4 2 0 0 2505 2512 2768 2788
8746 4 2 0 0 2505 2512 2839 2768
8747 4 2 0 0 3033 2839 2505 2512
8748 4 2 0 0 2505 3031 2792 2551
8749 4 2 0 0 2505 2792 2768 2551
8750 4 2 0 0 2505 2768 2839 2551
8751 4 2 0 0 2505 2551 2839 2552
8752 4 2 0 0 596 3011 656 2506
8753 4 2 0 0 583 2506 3033 596
8754 4 2 0 0 3033 3011 596 2506
8755 4 2 0 0 3011 3033 2839 2506
8756 4 2 0 0 2506 707 782 746
8757 4 2 0 0 2506 715 2552 782
8758 4 2 0 0 746 782 2506 2552
8759 4 2 0 0 2506 3031 2552 724
8760 4 2 0 0 2506 2552 715 724
8761 4 2 0 0 2506 2552 3031 2505
8762 4 2 0 0 2506 2552 2839 3011
8763 4 2 0 0 746 2552 2506 3011
8764 4 2 0 0 3127 2507 605 653
8765 4 2 0 0 2514 2507 529 605
8766 4 2 0 0 2514 452 529 2507
8767 4 2 0 0 2514 2507 605 3127
8768 4 2 0 0 2514 2507 3127 2840
8769 4 2 0 0 2837 2553 2507 2840
8770 4 2 0 0 776 3250 2507 3010
8771 4 2 0 0 2837 3032 2507 3010
8772 4 2 0 0 3127 2507 2553 2840
8773 4 2 0 0 2832 2509 2831 2508
8774 4 2 0 0 2509 2793 2831 2508
8775 4 2 0 0 2795 2508 2509 2832
8776 4 2 0 0 2509 2795 2793 2508
8777 4 2 0 0 2515 2508 2832 2944
8778 4 2 0 0 2795 2508 2832 2515
8779 4 2 0 0 2795 2508 2515 2840
8780 4 2 0 0 2554 2837 2793 2508
8781 4 2 0 0 2554 2840 2837 2508
8782 4 2 0 0 2554 2793 2795 2508
8783 4 2 0 0 2795 2508 2840 2554
8784 4 2 0 0 3008 2509 2510 3006
8785 4 2 0 0 3006 2510 2794 2509
8786 4 2 0 0 3008 2509 2796 2510
8787 4 2 0 0 2794 2510 2796 2509
8788 4 2 0 0 3008 2509 2832 2516
8789 4 2 0 0 2795 2832 2509 2516
8790 4 2 0 0 3008 2509 2516 2796
8791 4 2 0 0 2796 2795 2509 2516
8792 4 2 0 0 2509 2555 2793 2795
8793 4 2 0 0 2794 2555 2793 2509
8794 4 2 0 0 2794 2796 2555 2509
8795 4 2 0 0 2796 2795 2555 2509
8796 4 2 0 0 2517 2510 2478 3008
8797 4 2 0 0 2517 3008 2796 2510
8798 4 2 0 0 2517 2796 2841 2510
8799 4 2 0 0 2841 2517 2510 2875
8800 4 2 0 0 2794 2838 2556 2510
8801 4 2 0 0 2794 2510 2556 2796
8802 4 2 0 0 2841 2510 2796 2556
8803 4 2 0 0 2510 2841 2838 2556
8804 4 2 0 0 2518 2511 2789 2875
8805 4 2 0 0 2841 2511 2518 2875
8806 4 2 0 0 2769 2789 2518 2511
8807 4 2 0 0 2769 2511 2518 2841
8808 4 2 0 0 2511 2838 2841 2557
8809 4 2 0 0 2511 2768 2838 2557
8810 4 2 0 0 2511 2769 2768 2557
8811 4 2 0 0 2769 2511 2841 2557
8812 4 2 0 0 2519 2789 2512 3027
8813 4 2 0 0 2769 2789 2512 2519
8814 4 2 0 0 2566 2769 2512 2519
8815 4 2 0 0 2519 2945 3027 2512
8816 4 2 0 0 3034 2945 2519 2512
8817 4 2 0 0 2769 2512 2768 2558
8818 4 2 0 0 2839 2512 2558 2768
8819 4 2 0 0 2566 2558 2512 2769
8820 4 2 0 0 2839 3034 2558 2512
8821 4 2 0 0 606 2513 3128 654
8822 4 2 0 0 606 2513 530 2520
8823 4 2 0 0 453 2513 2520 530
8824 4 2 0 0 3034 2513 2520 2945
8825 4 2 0 0 3128 2513 606 2520
8826 4 2 0 0 3128 2513 2520 3034
8827 4 2 0 0 2513 3268 777 3034
8828 4 2 0 0 3011 777 3034 2513
8829 4 2 0 0 2513 3033 3034 3011
8830 4 2 0 0 2513 3128 3268 3034
8831 4 2 0 0 2514 3112 2561 3127
8832 4 2 0 0 2514 3127 2561 2840
8833 4 2 0 0 2514 2840 2561 2879
8834 4 2 0 0 2514 3112 3166 2561
8835 4 2 0 0 2514 3166 2879 2561
8836 4 2 0 0 2515 2832 2516 2876
8837 4 2 0 0 2795 2832 2516 2515
8838 4 2 0 0 2842 2795 2516 2515
8839 4 2 0 0 2515 2876 2516 2842
8840 4 2 0 0 2879 2562 2515 2840
8841 4 2 0 0 2795 2840 2515 2562
8842 4 2 0 0 2842 2795 2515 2562
8843 4 2 0 0 2515 2879 2842 2562
8844 4 2 0 0 2517 2516 3008 2482
8845 4 2 0 0 2517 3008 2516 2796
8846 4 2 0 0 2517 2796 2516 2843
8847 4 2 0 0 2877 2517 2516 2843
8848 4 2 0 0 2563 2795 2516 2842
8849 4 2 0 0 2563 2795 2796 2516
8850 4 2 0 0 2563 2516 2796 2843
8851 4 2 0 0 2563 2843 2842 2516
8852 4 2 0 0 2517 2796 2843 2564
8853 4 2 0 0 2517 2796 2564 2841
8854 4 2 0 0 2880 2564 2841 2517
8855 4 2 0 0 2880 2564 2517 2843
8856 4 2 0 0 2565 2880 2841 2518
8857 4 2 0 0 2769 2841 2518 2565
8858 4 2 0 0 2797 2769 2518 2565
8859 4 2 0 0 2797 2880 2565 2518
8860 4 2 0 0 2566 2512 3034 2519
8861 4 2 0 0 2566 2519 2797 2769
8862 4 2 0 0 2881 3034 2519 2566
8863 4 2 0 0 2881 2797 2566 2519
8864 4 2 0 0 2567 2520 2881 3034
8865 4 2 0 0 2567 3128 3111 2520
8866 4 2 0 0 2567 3128 2520 3034
8867 4 2 0 0 3111 3035 2567 2520
8868 4 2 0 0 2567 2881 2520 3035
8869 4 2 0 0 2521 3166 689 3279
8870 4 2 0 0 2521 3279 2879 3166
8871 4 2 0 0 2521 2798 3279 2968
8872 4 2 0 0 2521 3279 2798 2879
8873 4 2 0 0 2876 2790 2523 2522
8874 4 2 0 0 2876 2523 2842 2522
8875 4 2 0 0 2770 2790 2522 2523
8876 4 2 0 0 2770 2523 2522 2842
8877 4 2 0 0 2879 2798 2522 2569
8878 4 2 0 0 2879 2569 2522 2842
8879 4 2 0 0 2770 2798 2569 2522
8880 4 2 0 0 2770 2522 2569 2842
8881 4 2 0 0 2524 2791 2523 2877
8882 4 2 0 0 2524 2523 2843 2877
8883 4 2 0 0 2771 2791 2523 2524
8884 4 2 0 0 2771 2843 2524 2523
8885 4 2 0 0 2842 2523 2843 2570
8886 4 2 0 0 2770 2523 2842 2570
8887 4 2 0 0 2771 2523 2770 2570
8888 4 2 0 0 2771 2523 2570 2843
8889 4 2 0 0 2524 2880 2843 2571
8890 4 2 0 0 2771 2571 2524 2843
8891 4 2 0 0 2799 2571 2524 2771
8892 4 2 0 0 2880 2524 2799 2571
8893 4 2 0 0 2797 2572 2880 2525
8894 4 2 0 0 2525 2799 2572 2880
8895 4 2 0 0 2797 2525 2761 2572
8896 4 2 0 0 2761 2572 2525 2799
8897 4 2 0 0 2573 2797 2526 2761
8898 4 2 0 0 2573 2881 2526 2797
8899 4 2 0 0 2573 2761 2526 2800
8900 4 2 0 0 2881 2573 2526 2800
8901 4 2 0 0 2527 3035 2881 3280
8902 4 2 0 0 2527 3280 3163 3035
8903 4 2 0 0 778 2527 3280 3163
8904 4 2 0 0 2527 2800 3280 2881
8905 4 2 0 0 2527 2969 3280 2800
8906 4 2 0 0 2528 3089 2968 739
8907 4 2 0 0 678 762 2968 711
8908 4 2 0 0 739 2575 2968 762
8909 4 2 0 0 705 3089 2528 739
8910 4 2 0 0 2528 3089 2798 2968
8911 4 2 0 0 2968 2575 3089 2798
8912 4 2 0 0 739 2575 3089 2968
8913 4 2 0 0 2529 2530 3085 2790
8914 4 2 0 0 2529 2530 2790 2770
8915 4 2 0 0 2529 2530 2770 3012
8916 4 2 0 0 3012 2529 2530 3085
8917 4 2 0 0 3089 2576 2529 2798
8918 4 2 0 0 3077 2529 3089 2576
8919 4 2 0 0 2529 2576 2770 2798
8920 4 2 0 0 2529 2576 3012 2770
8921 4 2 0 0 3012 2529 3077 2576
8922 4 2 0 0 2791 2531 2530 2919
8923 4 2 0 0 2771 2530 2791 2531
8924 4 2 0 0 2844 2530 2771 2531
8925 4 2 0 0 2919 2531 2530 2844
8926 4 2 0 0 2577 2530 2770 2771
8927 4 2 0 0 3012 2530 2770 2577
8928 4 2 0 0 2844 2771 2530 2577
8929 4 2 0 0 2583 2577 2530 3012
8930 4 2 0 0 2578 2844 2771 2531
8931 4 2 0 0 2578 2531 2771 2799
8932 4 2 0 0 2882 2799 2531 2578
8933 4 2 0 0 2882 2531 2844 2578
8934 4 2 0 0 2532 2799 2579 2761
8935 4 2 0 0 2532 2799 2882 2579
8936 4 2 0 0 2532 2761 2579 2801
8937 4 2 0 0 2882 2532 2579 2801
8938 4 2 0 0 2801 2580 2533 2761
8939 4 2 0 0 2533 2800 2761 2580
8940 4 2 0 0 3078 2580 3090 2533
8941 4 2 0 0 3090 2580 2800 2533
8942 4 2 0 0 3078 2533 2801 2580
8943 4 2 0 0 740 2534 2969 679
8944 4 2 0 0 740 3090 2969 2534
8945 4 2 0 0 2969 2800 2534 3090
8946 4 2 0 0 3090 706 2534 740
8947 4 2 0 0 763 740 2581 2969
8948 4 2 0 0 2581 2969 740 3090
8949 4 2 0 0 2581 3090 2800 2969
8950 4 2 0 0 663 2535 3012 591
8951 4 2 0 0 2536 591 3012 2535
8952 4 2 0 0 2536 3085 2535 3012
8953 4 2 0 0 744 3012 2535 767
8954 4 2 0 0 767 2535 3077 3012
8955 4 2 0 0 767 3012 3077 2582
8956 4 2 0 0 2584 3202 3013 2537
8957 4 2 0 0 2584 2844 2537 3013
8958 4 2 0 0 2584 2844 2882 2537
8959 4 2 0 0 3202 2584 3036 2537
8960 4 2 0 0 3036 2537 2584 2882
8961 4 2 0 0 2970 2586 2539 2801
8962 4 2 0 0 766 2586 3078 2539
8963 4 2 0 0 2539 2801 2586 3078
8964 4 2 0 0 704 2539 766 3078
8965 4 2 0 0 2970 2539 2586 745
8966 4 2 0 0 766 2586 2539 745
8967 4 2 0 0 3131 3138 3132 2540
8968 4 2 0 0 2541 3037 3009 3189
8969 4 2 0 0 2835 3030 3037 3009
8970 4 2 0 0 1069 1098 2591 2541
8971 4 2 0 0 1029 1098 2541 2591
8972 4 2 0 0 3037 2541 2591 3189
8973 4 2 0 0 2591 2541 3037 2917
8974 4 2 0 0 2542 3131 3138 2543
8975 4 2 0 0 2542 2836 3131 2543
8976 4 2 0 0 2542 3041 2836 2543
8977 4 2 0 0 2542 2592 2942 3189
8978 4 2 0 0 3037 2542 3189 2592
8979 4 2 0 0 3041 2542 3037 2592
8980 4 2 0 0 3038 2540 3282 2927
8981 4 2 0 0 2942 2540 3282 2543
8982 4 2 0 0 3041 3282 2543 2592
8983 4 2 0 0 2542 2592 3041 2543
8984 4 2 0 0 2543 3282 3038 2540
8985 4 2 0 0 2904 2954 2593 3038
8986 4 2 0 0 2904 3038 2593 2883
8987 4 2 0 0 3038 3176 2593 2544
8988 4 2 0 0 3146 3038 3176 2593
8989 4 2 0 0 3038 2927 3146 3160
8990 4 2 0 0 3176 2593 2544 2988
8991 4 2 0 0 2883 2544 3038 2593
8992 4 2 0 0 2544 3176 2988 3187
8993 4 2 0 0 2883 2593 2550 2544
8994 4 2 0 0 2545 1099 2594 1070
8995 4 2 0 0 2545 1030 2594 1099
8996 4 2 0 0 2545 2594 3187 2988
8997 4 2 0 0 2545 2594 2988 2916
8998 4 2 0 0 3250 2546 2553 3010
8999 4 2 0 0 2837 2553 2546 3010
9000 4 2 0 0 2546 2553 3014 3250
9001 4 2 0 0 2547 2554 2546 2837
9002 4 2 0 0 3250 3014 1073 1074
9003 4 2 0 0 2546 2595 1067 1051
9004 4 2 0 0 2546 2595 3014 2917
9005 4 2 0 0 2595 1073 2546 3014
9006 4 2 0 0 1051 2546 2595 1073
9007 4 2 0 0 2548 2835 2547 3037
9008 4 2 0 0 2548 2793 2547 2835
9009 4 2 0 0 2548 2802 2547 2793
9010 4 2 0 0 2548 2596 2547 2802
9011 4 2 0 0 2554 2553 3014 2546
9012 4 2 0 0 2554 2793 2837 2547
9013 4 2 0 0 2554 2802 2793 2547
9014 4 2 0 0 2554 2802 2547 3014
9015 4 2 0 0 2547 3037 2917 2596
9016 4 2 0 0 2547 3014 2596 2917
9017 4 2 0 0 2547 2596 2548 3037
9018 4 2 0 0 2547 2596 3014 2802
9019 4 2 0 0 2548 2836 3041 2549
9020 4 2 0 0 2548 2549 2794 2836
9021 4 2 0 0 2548 2549 2803 2794
9022 4 2 0 0 2548 2598 2803 2549
9023 4 2 0 0 2548 2793 2794 2555
9024 4 2 0 0 2548 2555 2802 2793
9025 4 2 0 0 2548 2555 2794 2803
9026 4 2 0 0 2548 2555 2803 2802
9027 4 2 0 0 2548 3037 2597 3041
9028 4 2 0 0 2548 2597 2596 2802
9029 4 2 0 0 2548 2598 2597 2803
9030 4 2 0 0 2548 2597 2802 2803
9031 4 2 0 0 2803 2549 2556 2794
9032 4 2 0 0 2794 2549 2556 2838
9033 4 2 0 0 2803 2549 2845 2556
9034 4 2 0 0 2838 2549 2556 2845
9035 4 2 0 0 3041 2883 2598 2549
9036 4 2 0 0 3041 2598 2548 2549
9037 4 2 0 0 2803 2598 2845 2549
9038 4 2 0 0 2549 2845 2883 2598
9039 4 2 0 0 2838 2557 2550 2845
9040 4 2 0 0 2550 2838 2768 2557
9041 4 2 0 0 2550 2768 2772 2557
9042 4 2 0 0 2550 2845 2557 2772
9043 4 2 0 0 2550 2988 2593 2599
9044 4 2 0 0 2550 2599 2883 2845
9045 4 2 0 0 2550 2772 2600 2599
9046 4 2 0 0 2550 2772 2599 2845
9047 4 2 0 0 2772 2558 2768 2551
9048 4 2 0 0 2839 2768 2558 2551
9049 4 2 0 0 2772 2558 2551 2846
9050 4 2 0 0 2839 2558 2846 2551
9051 4 2 0 0 2551 2600 2916 2988
9052 4 2 0 0 2988 2600 2550 2551
9053 4 2 0 0 2772 2600 2846 2551
9054 4 2 0 0 2551 2846 2916 2600
9055 4 2 0 0 3011 2552 2839 3281
9056 4 2 0 0 2839 2846 3281 2552
9057 4 2 0 0 2552 3173 2846 3281
9058 4 2 0 0 2561 3094 3174 3127
9059 4 2 0 0 2561 3127 2553 2840
9060 4 2 0 0 2561 3174 3094 3015
9061 4 2 0 0 2561 3015 2847 2553
9062 4 2 0 0 2561 2840 2553 2847
9063 4 2 0 0 3014 2553 2603 3172
9064 4 2 0 0 3015 3172 2603 2553
9065 4 2 0 0 3015 3118 3172 3217
9066 4 2 0 0 2847 2553 3015 2603
9067 4 2 0 0 2554 2603 2553 2847
9068 4 2 0 0 2554 2793 2555 2795
9069 4 2 0 0 2554 2555 2793 2802
9070 4 2 0 0 2804 2555 2795 2554
9071 4 2 0 0 2554 2804 2555 2802
9072 4 2 0 0 2554 2847 2840 2562
9073 4 2 0 0 2795 2840 2562 2554
9074 4 2 0 0 2804 2795 2562 2554
9075 4 2 0 0 2554 2847 2562 2804
9076 4 2 0 0 2554 2603 2604 3014
9077 4 2 0 0 2554 2802 3014 2604
9078 4 2 0 0 2554 2804 2802 2604
9079 4 2 0 0 2554 2604 2847 2804
9080 4 2 0 0 2803 2555 2794 2556
9081 4 2 0 0 2794 2556 2555 2796
9082 4 2 0 0 2805 2555 2556 2796
9083 4 2 0 0 2803 2555 2556 2805
9084 4 2 0 0 2563 2555 2795 2804
9085 4 2 0 0 2563 2795 2555 2796
9086 4 2 0 0 2563 2796 2555 2805
9087 4 2 0 0 2563 2805 2555 2804
9088 4 2 0 0 2804 2605 2555 2802
9089 4 2 0 0 2803 2555 2605 2802
9090 4 2 0 0 2803 2605 2555 2805
9091 4 2 0 0 2804 2555 2605 2805
9092 4 2 0 0 2564 2805 2556 2796
9093 4 2 0 0 2564 2841 2796 2556
9094 4 2 0 0 2564 2805 2848 2556
9095 4 2 0 0 2848 2556 2841 2564
9096 4 2 0 0 2803 2805 2556 2606
9097 4 2 0 0 2803 2845 2606 2556
9098 4 2 0 0 2606 2848 2805 2556
9099 4 2 0 0 2606 2848 2556 2845
9100 4 2 0 0 2565 2557 2841 2848
9101 4 2 0 0 2769 2841 2565 2557
9102 4 2 0 0 2773 2769 2565 2557
9103 4 2 0 0 2565 2848 2773 2557
9104 4 2 0 0 2557 2848 2607 2845
9105 4 2 0 0 2845 2607 2557 2772
9106 4 2 0 0 2772 2607 2557 2773
9107 4 2 0 0 2557 2773 2607 2848
9108 4 2 0 0 2566 2558 3034 2512
9109 4 2 0 0 2566 2773 2558 2769
9110 4 2 0 0 2566 2849 2558 2773
9111 4 2 0 0 2849 2558 2567 2566
9112 4 2 0 0 2772 2608 2773 2558
9113 4 2 0 0 2772 2558 2846 2608
9114 4 2 0 0 2773 2608 2849 2558
9115 4 2 0 0 2846 2558 2849 2608
9116 4 2 0 0 2567 3095 3128 3208
9117 4 2 0 0 2567 3034 2559 3128
9118 4 2 0 0 2567 2559 3034 2558
9119 4 2 0 0 2567 3016 3095 3208
9120 4 2 0 0 2567 2559 2849 3016
9121 4 2 0 0 2846 3173 2609 2559
9122 4 2 0 0 2846 2559 2609 2849
9123 4 2 0 0 2559 2955 3173 2609
9124 4 2 0 0 2559 3016 2955 2609
9125 4 2 0 0 2849 2609 3016 2559
9126 4 2 0 0 999 3080 1044 1101
9127 4 2 0 0 2560 990 1044 3080
9128 4 2 0 0 3080 2561 2620 2568
9129 4 2 0 0 2561 3015 3094 3080
9130 4 2 0 0 3094 3015 3018 3080
9131 4 2 0 0 3080 2611 2561 3015
9132 4 2 0 0 2561 2611 2847 3015
9133 4 2 0 0 2561 2611 2884 2847
9134 4 2 0 0 3046 2611 2620 3080
9135 4 2 0 0 2561 2611 2620 2884
9136 4 2 0 0 2563 2795 2842 2562
9137 4 2 0 0 2563 2795 2562 2804
9138 4 2 0 0 2563 2562 2850 2804
9139 4 2 0 0 2563 2850 2562 2842
9140 4 2 0 0 2884 2847 2612 2562
9141 4 2 0 0 2847 2612 2562 2804
9142 4 2 0 0 2804 2612 2562 2850
9143 4 2 0 0 2884 2612 2850 2562
9144 4 2 0 0 2563 2796 2805 2564
9145 4 2 0 0 2563 2843 2796 2564
9146 4 2 0 0 2563 2851 2564 2805
9147 4 2 0 0 2851 2564 2843 2563
9148 4 2 0 0 2563 2850 2613 2804
9149 4 2 0 0 2563 2613 2805 2804
9150 4 2 0 0 2563 2805 2613 2851
9151 4 2 0 0 2563 2851 2613 2850
9152 4 2 0 0 2851 2614 2564 2805
9153 4 2 0 0 2564 2805 2614 2848
9154 4 2 0 0 2564 2848 2614 2885
9155 4 2 0 0 2851 2885 2564 2614
9156 4 2 0 0 2565 2848 2885 2615
9157 4 2 0 0 2565 2615 2773 2848
9158 4 2 0 0 2565 2615 2806 2773
9159 4 2 0 0 2806 2885 2615 2565
9160 4 2 0 0 2566 2616 2849 2773
9161 4 2 0 0 2566 2773 2806 2616
9162 4 2 0 0 2566 2849 2616 2886
9163 4 2 0 0 2886 2806 2616 2566
9164 4 2 0 0 2567 3082 3095 3016
9165 4 2 0 0 3095 3082 2974 3016
9166 4 2 0 0 2626 2617 2989 3082
9167 4 2 0 0 2567 3016 2849 2617
9168 4 2 0 0 2567 2617 2849 2886
9169 4 2 0 0 2567 3016 2617 3082
9170 4 2 0 0 2567 2626 2886 2574
9171 4 2 0 0 2567 3082 2626 2574
9172 4 2 0 0 3082 1045 1100 1000
9173 4 2 0 0 3074 3236 2620 3156
9174 4 2 0 0 3247 3074 2620 3156
9175 4 2 0 0 3156 2620 2971 3236
9176 4 2 0 0 2971 2620 2807 2568
9177 4 2 0 0 2807 2620 2884 2568
9178 4 2 0 0 2842 2569 2570 2850
9179 4 2 0 0 2770 2842 2569 2570
9180 4 2 0 0 2774 2770 2569 2570
9181 4 2 0 0 2774 2569 2850 2570
9182 4 2 0 0 2807 2569 2884 2621
9183 4 2 0 0 2621 2884 2850 2569
9184 4 2 0 0 2807 2774 2569 2621
9185 4 2 0 0 2621 2569 2850 2774
9186 4 2 0 0 2571 2843 2570 2851
9187 4 2 0 0 2771 2843 2570 2571
9188 4 2 0 0 2775 2771 2570 2571
9189 4 2 0 0 2571 2775 2851 2570
9190 4 2 0 0 2851 2850 2570 2622
9191 4 2 0 0 2774 2850 2622 2570
9192 4 2 0 0 2775 2774 2622 2570
9193 4 2 0 0 2851 2570 2775 2622
9194 4 2 0 0 2571 2885 2851 2623
9195 4 2 0 0 2571 2775 2623 2851
9196 4 2 0 0 2571 2808 2623 2775
9197 4 2 0 0 2571 2885 2623 2808
9198 4 2 0 0 2806 2572 2624 2885
9199 4 2 0 0 2572 2808 2624 2885
9200 4 2 0 0 2806 2762 2624 2572
9201 4 2 0 0 2572 2762 2624 2808
9202 4 2 0 0 2573 2886 2806 2625
9203 4 2 0 0 2573 2806 2762 2625
9204 4 2 0 0 2573 2762 2809 2625
9205 4 2 0 0 2809 2625 2886 2573
9206 4 2 0 0 1059 2575 2628 2912
9207 4 2 0 0 1097 2575 1034 2971
9208 4 2 0 0 1097 2628 1059 2575
9209 4 2 0 0 2628 2971 2807 2575
9210 4 2 0 0 2628 2807 2912 2575
9211 4 2 0 0 2577 2576 2774 2770
9212 4 2 0 0 3012 2576 2577 2770
9213 4 2 0 0 2852 2576 2774 2577
9214 4 2 0 0 2582 2576 2577 3012
9215 4 2 0 0 2912 2807 2629 2576
9216 4 2 0 0 2852 2629 2576 2912
9217 4 2 0 0 2629 2807 2774 2576
9218 4 2 0 0 2629 2774 2852 2576
9219 4 2 0 0 2578 2771 2844 2577
9220 4 2 0 0 2578 2775 2771 2577
9221 4 2 0 0 2578 2577 2630 2775
9222 4 2 0 0 2583 2844 2577 2578
9223 4 2 0 0 2630 2775 2577 2774
9224 4 2 0 0 2630 2852 2774 2577
9225 4 2 0 0 3039 2577 2630 2578
9226 4 2 0 0 2630 3039 2852 2577
9227 4 2 0 0 2578 2630 2631 2775
9228 4 2 0 0 2578 2775 2631 2808
9229 4 2 0 0 2578 2631 2632 2808
9230 4 2 0 0 2579 2632 2578 3039
9231 4 2 0 0 2808 2632 2579 2762
9232 4 2 0 0 2762 2632 2579 2810
9233 4 2 0 0 3039 2810 2579 2632
9234 4 2 0 0 2580 2810 2633 2762
9235 4 2 0 0 2810 2580 2633 2913
9236 4 2 0 0 2809 2633 2762 2580
9237 4 2 0 0 2913 2580 2633 2809
9238 4 2 0 0 2634 2809 2581 2913
9239 4 2 0 0 2972 1035 1096 2581
9240 4 2 0 0 2972 2581 2634 2809
9241 4 2 0 0 2634 1096 1060 2581
9242 4 2 0 0 2634 1060 2913 2581
9243 4 2 0 0 1042 2912 2937 1071
9244 4 2 0 0 2582 1115 1088 2635
9245 4 2 0 0 2582 2635 2852 2937
9246 4 2 0 0 1042 2635 1115 2582
9247 4 2 0 0 2582 1015 1088 1115
9248 4 2 0 0 1159 1088 2635 3017
9249 4 2 0 0 2582 2635 2937 1042
9250 4 2 0 0 1088 2635 3017 2582
9251 4 2 0 0 2582 2852 2635 3017
9252 4 2 0 0 2584 2948 2583 3204
9253 4 2 0 0 2584 3013 3202 3204
9254 4 2 0 0 2584 3013 2583 2844
9255 4 2 0 0 2584 3039 2578 2583
9256 4 2 0 0 2584 3204 3202 2948
9257 4 2 0 0 2584 2583 2953 3039
9258 4 2 0 0 2583 2852 2636 3039
9259 4 2 0 0 2583 2636 2852 3017
9260 4 2 0 0 2583 2636 3195 2953
9261 4 2 0 0 2583 3017 3195 2636
9262 4 2 0 0 3039 2953 2636 2583
9263 4 2 0 0 3107 2949 2953 3039
9264 4 2 0 0 3107 3194 2585 2638
9265 4 2 0 0 2973 2638 2585 3194
9266 4 2 0 0 2638 3039 2810 2585
9267 4 2 0 0 3107 2585 3039 2638
9268 4 2 0 0 2638 2810 2973 2585
9269 4 2 0 0 2938 2810 2586 2639
9270 4 2 0 0 1160 1089 2973 2639
9271 4 2 0 0 1089 2586 2973 2639
9272 4 2 0 0 2973 2810 2639 2586
9273 4 2 0 0 1016 2586 1089 1116
9274 4 2 0 0 1043 2938 2639 1072
9275 4 2 0 0 1089 2639 1116 2586
9276 4 2 0 0 1116 2639 1043 2586
9277 4 2 0 0 1043 2938 2586 2639
9278 4 2 0 0 1080 2953 2587 1081
9279 4 2 0 0 1165 2942 1219 2588
9280 4 2 0 0 1219 2588 2942 1318
9281 4 2 0 0 3121 3223 3193 1380
9282 4 2 0 0 3121 2942 3223 2588
9283 4 2 0 0 2942 2589 3282 2540
9284 4 2 0 0 2540 3282 2927 2589
9285 4 2 0 0 2954 2927 3282 2589
9286 4 2 0 0 2590 2593 2954 3146
9287 4 2 0 0 2590 2927 3146 2954
9288 4 2 0 0 3146 2593 3176 2590
9289 4 2 0 0 1404 2593 2951 2954
9290 4 2 0 0 2590 2593 3147 3196
9291 4 2 0 0 2590 3147 2593 3176
9292 4 2 0 0 2591 3223 3040 2592
9293 4 2 0 0 2591 2592 3189 3223
9294 4 2 0 0 3037 3189 2591 2592
9295 4 2 0 0 2887 3037 2591 2592
9296 4 2 0 0 2591 3040 2887 2592
9297 4 2 0 0 2592 3282 2543 2942
9298 4 2 0 0 2592 3282 2888 3041
9299 4 2 0 0 2595 3244 3172 2603
9300 4 2 0 0 3014 3172 2603 2595
9301 4 2 0 0 2596 2889 2595 2603
9302 4 2 0 0 2595 2603 2889 3042
9303 4 2 0 0 2597 3037 2596 2887
9304 4 2 0 0 3037 2596 2548 2597
9305 4 2 0 0 2802 2596 2854 2597
9306 4 2 0 0 2597 2596 2854 2887
9307 4 2 0 0 3014 2604 2596 2603
9308 4 2 0 0 3014 2596 2604 2802
9309 4 2 0 0 2802 2596 2604 2854
9310 4 2 0 0 2889 2596 2854 2604
9311 4 2 0 0 3041 2598 2597 2548
9312 4 2 0 0 2597 2888 2598 3041
9313 4 2 0 0 2803 2598 2597 2855
9314 4 2 0 0 2597 2598 2888 2855
9315 4 2 0 0 2802 2854 2605 2597
9316 4 2 0 0 2803 2597 2802 2605
9317 4 2 0 0 2803 2597 2605 2855
9318 4 2 0 0 2597 2855 2854 2605
9319 4 2 0 0 2803 2598 2606 2845
9320 4 2 0 0 2803 2598 2855 2606
9321 4 2 0 0 2606 2890 2845 2598
9322 4 2 0 0 2606 2598 2855 2890
9323 4 2 0 0 2845 2607 2599 2890
9324 4 2 0 0 2845 2772 2599 2607
9325 4 2 0 0 2772 2811 2599 2607
9326 4 2 0 0 2599 2890 2607 2811
9327 4 2 0 0 2772 2600 2608 2846
9328 4 2 0 0 2772 2608 2600 2811
9329 4 2 0 0 2846 2600 2608 2891
9330 4 2 0 0 2811 2600 2891 2608
9331 4 2 0 0 2846 2609 2601 2891
9332 4 2 0 0 2601 3043 2609 3220
9333 4 2 0 0 2846 2609 3173 2601
9334 4 2 0 0 2601 3043 2891 2609
9335 4 2 0 0 3018 3072 3244 2602
9336 4 2 0 0 3018 2602 3244 3118
9337 4 2 0 0 3018 1321 2602 1226
9338 4 2 0 0 1226 2602 3118 1174
9339 4 2 0 0 2611 3018 2603 3015
9340 4 2 0 0 2847 3015 2611 2603
9341 4 2 0 0 2892 2847 2611 2603
9342 4 2 0 0 2611 3044 2603 3018
9343 4 2 0 0 2611 2603 3044 2892
9344 4 2 0 0 2802 2854 2604 2605
9345 4 2 0 0 2804 2605 2802 2604
9346 4 2 0 0 2804 2604 2856 2605
9347 4 2 0 0 2605 2856 2854 2604
9348 4 2 0 0 2612 2892 2604 2847
9349 4 2 0 0 2847 2604 2612 2804
9350 4 2 0 0 2804 2604 2612 2856
9351 4 2 0 0 2612 2892 2856 2604
9352 4 2 0 0 2803 2855 2605 2606
9353 4 2 0 0 2803 2605 2805 2606
9354 4 2 0 0 2606 2805 2857 2605
9355 4 2 0 0 2606 2605 2857 2855
9356 4 2 0 0 2804 2856 2613 2605
9357 4 2 0 0 2804 2805 2605 2613
9358 4 2 0 0 2605 2613 2805 2857
9359 4 2 0 0 2605 2856 2613 2857
9360 4 2 0 0 2606 2805 2614 2857
9361 4 2 0 0 2606 2614 2805 2848
9362 4 2 0 0 2606 2848 2893 2614
9363 4 2 0 0 2606 2614 2893 2857
9364 4 2 0 0 2893 2848 2607 2615
9365 4 2 0 0 2848 2773 2607 2615
9366 4 2 0 0 2773 2812 2607 2615
9367 4 2 0 0 2615 2607 2893 2812
9368 4 2 0 0 2773 2608 2616 2849
9369 4 2 0 0 2773 2608 2812 2616
9370 4 2 0 0 2616 2849 2608 2894
9371 4 2 0 0 2616 2812 2894 2608
9372 4 2 0 0 2974 1320 1268 3073
9373 4 2 0 0 2974 1268 1175 3245
9374 4 2 0 0 3080 3018 2610 3046
9375 4 2 0 0 3046 2610 3083 3018
9376 4 2 0 0 2804 2856 2612 2613
9377 4 2 0 0 2804 2612 2850 2613
9378 4 2 0 0 2850 2895 2613 2612
9379 4 2 0 0 2612 2613 2856 2895
9380 4 2 0 0 2857 2613 2805 2614
9381 4 2 0 0 2851 2805 2613 2614
9382 4 2 0 0 2851 2614 2613 2896
9383 4 2 0 0 2857 2613 2614 2896
9384 4 2 0 0 3247 2619 3120 3046
9385 4 2 0 0 3074 3046 2619 3247
9386 4 2 0 0 2621 2895 2622 2850
9387 4 2 0 0 2621 2850 2622 2774
9388 4 2 0 0 2621 2774 2622 2813
9389 4 2 0 0 2621 2895 2813 2622
9390 4 2 0 0 2851 2622 2623 2896
9391 4 2 0 0 2623 2851 2775 2622
9392 4 2 0 0 2623 2775 2814 2622
9393 4 2 0 0 2623 2814 2896 2622
9394 4 2 0 0 2629 2774 2630 2852
9395 4 2 0 0 2629 2630 2774 2813
9396 4 2 0 0 2629 2897 2852 2630
9397 4 2 0 0 2629 2630 2813 2897
9398 4 2 0 0 2631 3039 2630 2578
9399 4 2 0 0 2631 2775 2630 2814
9400 4 2 0 0 2898 2630 2631 2636
9401 4 2 0 0 2631 2898 2814 2630
9402 4 2 0 0 3137 2636 3225 2635
9403 4 2 0 0 3225 2635 2636 3017
9404 4 2 0 0 3017 2852 2635 2636
9405 4 2 0 0 2897 2852 2636 2635
9406 4 2 0 0 3047 2636 3137 2635
9407 4 2 0 0 2897 2635 2636 3047
9408 4 2 0 0 2637 3039 2636 2631
9409 4 2 0 0 2637 2953 2636 3039
9410 4 2 0 0 3145 2953 2636 2637
9411 4 2 0 0 2637 2636 3145 2686
9412 4 2 0 0 2637 2636 2686 2898
9413 4 2 0 0 1252 2640 2953 1135
9414 4 2 0 0 1252 3145 2640 1303
9415 4 2 0 0 3185 2643 3283 2950
9416 4 2 0 0 2951 1424 2954 3283
9417 4 2 0 0 2951 2643 3283 3184
9418 4 2 0 0 3203 2645 2950 2646
9419 4 2 0 0 2950 3203 2646 3185
9420 4 2 0 0 2888 2645 2646 2950
9421 4 2 0 0 2976 2646 3203 3185
9422 4 2 0 0 2976 2645 2646 2816
9423 4 2 0 0 2646 2816 2645 2888
9424 4 2 0 0 2889 2817 2649 2977
9425 4 2 0 0 3042 2649 2977 2889
9426 4 2 0 0 2887 2650 2651 2815
9427 4 2 0 0 2651 2887 2854 2650
9428 4 2 0 0 2778 2650 2815 2651
9429 4 2 0 0 2778 2650 2651 2854
9430 4 2 0 0 2657 2817 2650 2889
9431 4 2 0 0 2657 2854 2889 2650
9432 4 2 0 0 2657 2650 2817 2778
9433 4 2 0 0 2657 2650 2778 2854
9434 4 2 0 0 2888 2816 2651 2652
9435 4 2 0 0 2888 2652 2651 2855
9436 4 2 0 0 2779 2816 2652 2651
9437 4 2 0 0 2779 2651 2652 2855
9438 4 2 0 0 2855 2854 2658 2651
9439 4 2 0 0 2778 2854 2651 2658
9440 4 2 0 0 2779 2778 2651 2658
9441 4 2 0 0 2779 2658 2651 2855
9442 4 2 0 0 2855 2890 2652 2659
9443 4 2 0 0 2779 2855 2652 2659
9444 4 2 0 0 2818 2779 2652 2659
9445 4 2 0 0 2890 2652 2659 2818
9446 4 2 0 0 2890 2660 2811 2653
9447 4 2 0 0 2660 2818 2653 2890
9448 4 2 0 0 2811 2763 2653 2660
9449 4 2 0 0 2660 2818 2763 2653
9450 4 2 0 0 2811 2654 2661 2891
9451 4 2 0 0 2661 2811 2763 2654
9452 4 2 0 0 2661 2763 2819 2654
9453 4 2 0 0 2891 2819 2654 2661
9454 4 2 0 0 3043 2655 2891 2819
9455 4 2 0 0 3043 2655 2819 2978
9456 4 2 0 0 3109 2663 3083 3164
9457 4 2 0 0 3083 2663 3044 2656
9458 4 2 0 0 2656 3044 2892 2663
9459 4 2 0 0 3164 2979 3109 2663
9460 4 2 0 0 2656 2979 2663 2820
9461 4 2 0 0 2656 2892 2820 2663
9462 4 2 0 0 2657 2854 2658 2856
9463 4 2 0 0 2657 2854 2778 2658
9464 4 2 0 0 2657 2778 2780 2658
9465 4 2 0 0 2856 2780 2658 2657
9466 4 2 0 0 2892 2657 2820 2664
9467 4 2 0 0 2856 2657 2892 2664
9468 4 2 0 0 2664 2820 2780 2657
9469 4 2 0 0 2856 2657 2664 2780
9470 4 2 0 0 2855 2659 2658 2857
9471 4 2 0 0 2779 2658 2855 2659
9472 4 2 0 0 2781 2658 2779 2659
9473 4 2 0 0 2659 2781 2658 2857
9474 4 2 0 0 2857 2856 2665 2658
9475 4 2 0 0 2665 2780 2658 2856
9476 4 2 0 0 2665 2781 2658 2780
9477 4 2 0 0 2665 2781 2857 2658
9478 4 2 0 0 2893 2666 2659 2857
9479 4 2 0 0 2659 2781 2857 2666
9480 4 2 0 0 2659 2821 2781 2666
9481 4 2 0 0 2893 2666 2821 2659
9482 4 2 0 0 2667 2893 2660 2812
9483 4 2 0 0 2667 2893 2821 2660
9484 4 2 0 0 2667 2764 2812 2660
9485 4 2 0 0 2667 2764 2660 2821
9486 4 2 0 0 2894 2812 2668 2661
9487 4 2 0 0 2661 2668 2764 2812
9488 4 2 0 0 2661 2668 2822 2764
9489 4 2 0 0 2661 2894 2822 2668
9490 4 2 0 0 2894 2662 2669 3045
9491 4 2 0 0 3081 3165 2669 3110
9492 4 2 0 0 3045 2662 2669 3081
9493 4 2 0 0 2662 2669 2822 2894
9494 4 2 0 0 2662 2669 2980 2822
9495 4 2 0 0 3110 2669 2980 3165
9496 4 2 0 0 2895 2664 2665 2856
9497 4 2 0 0 2665 2856 2664 2780
9498 4 2 0 0 2665 2780 2664 2823
9499 4 2 0 0 2665 2895 2823 2664
9500 4 2 0 0 2857 2666 2665 2896
9501 4 2 0 0 2665 2781 2666 2857
9502 4 2 0 0 2665 2824 2666 2781
9503 4 2 0 0 2665 2896 2666 2824
9504 4 2 0 0 2895 2813 2672 2671
9505 4 2 0 0 2895 2672 2823 2671
9506 4 2 0 0 2671 2765 2813 2672
9507 4 2 0 0 2671 2765 2672 2823
9508 4 2 0 0 2896 2814 2673 2672
9509 4 2 0 0 2896 2824 2672 2673
9510 4 2 0 0 2766 2673 2814 2672
9511 4 2 0 0 2766 2824 2673 2672
9512 4 2 0 0 2897 2678 2679 2813
9513 4 2 0 0 2813 2765 2678 2679
9514 4 2 0 0 2765 2825 2678 2679
9515 4 2 0 0 2897 2678 2825 2679
9516 4 2 0 0 2898 2814 2679 2680
9517 4 2 0 0 2766 2814 2680 2679
9518 4 2 0 0 2826 2766 2680 2679
9519 4 2 0 0 2679 2898 2680 2826
9520 4 2 0 0 2684 2981 3047 2825
9521 4 2 0 0 2684 3047 2981 3190
9522 4 2 0 0 2897 3047 2825 2684
9523 4 2 0 0 2685 3129 3142 2686
9524 4 2 0 0 2898 2826 2685 2686
9525 4 2 0 0 2826 3129 2685 2686
9526 4 2 0 0 2975 2690 1881 1809
9527 4 2 0 0 2691 1881 2690 1937
9528 4 2 0 0 2691 2815 2690 2975
9529 4 2 0 0 2691 3086 1937 2690
9530 4 2 0 0 2691 3086 2690 2815
9531 4 2 0 0 2692 2002 1928 2691
9532 4 2 0 0 2692 1855 2691 1928
9533 4 2 0 0 2692 1777 2976 2691
9534 4 2 0 0 2692 1855 1777 2691
9535 4 2 0 0 2692 2816 2691 2976
9536 4 2 0 0 2692 2691 2921 2002
9537 4 2 0 0 2692 2921 2691 2816
9538 4 2 0 0 1794 3284 1849 1762
9539 4 2 0 0 1794 2695 3284 1708
9540 4 2 0 0 1871 2695 3284 1794
9541 4 2 0 0 1871 3284 2695 1941
9542 4 2 0 0 3284 2695 2817 2977
9543 4 2 0 0 3284 2695 3149 2817
9544 4 2 0 0 1941 3149 3284 2695
9545 4 2 0 0 2815 2696 2697 3086
9546 4 2 0 0 2778 2815 2696 2697
9547 4 2 0 0 2868 2778 2696 2697
9548 4 2 0 0 2696 2868 2697 3086
9549 4 2 0 0 2696 2817 2701 3149
9550 4 2 0 0 3149 2701 2696 3098
9551 4 2 0 0 2778 2817 2701 2696
9552 4 2 0 0 2868 2778 2701 2696
9553 4 2 0 0 2696 2701 2868 3098
9554 4 2 0 0 2869 2698 2697 2921
9555 4 2 0 0 2921 2698 2697 2816
9556 4 2 0 0 2779 2698 2816 2697
9557 4 2 0 0 2869 2698 2779 2697
9558 4 2 0 0 2702 2778 2868 2697
9559 4 2 0 0 2702 2778 2697 2779
9560 4 2 0 0 2702 2779 2697 2869
9561 4 2 0 0 2702 2697 2868 2869
9562 4 2 0 0 2703 2698 2779 2869
9563 4 2 0 0 2703 2698 2818 2779
9564 4 2 0 0 2899 2698 2818 2703
9565 4 2 0 0 2899 2698 2703 2869
9566 4 2 0 0 2699 2899 2818 2704
9567 4 2 0 0 2818 2704 2763 2699
9568 4 2 0 0 2763 2704 2827 2699
9569 4 2 0 0 2699 2827 2899 2704
9570 4 2 0 0 2819 2705 3267 2763
9571 4 2 0 0 2763 2827 2705 3267
9572 4 2 0 0 2947 2705 3267 3148
9573 4 2 0 0 2819 2705 3148 3267
9574 4 2 0 0 3267 2705 2947 2827
9575 4 2 0 0 1886 2707 1798 2700
9576 4 2 0 0 1965 2700 2707 1886
9577 4 2 0 0 2979 1798 2707 2700
9578 4 2 0 0 2033 2939 2707 1965
9579 4 2 0 0 2979 2820 2700 2707
9580 4 2 0 0 2700 2707 2939 1965
9581 4 2 0 0 2820 2939 2700 2707
9582 4 2 0 0 2780 2778 2701 2702
9583 4 2 0 0 2702 2778 2701 2868
9584 4 2 0 0 2780 2701 2870 2702
9585 4 2 0 0 2702 2701 2870 2868
9586 4 2 0 0 2820 2708 2701 2939
9587 4 2 0 0 2820 2780 2701 2708
9588 4 2 0 0 2780 2870 2701 2708
9589 4 2 0 0 2701 2939 2708 2870
9590 4 2 0 0 2702 2779 2703 2781
9591 4 2 0 0 2702 2779 2869 2703
9592 4 2 0 0 2702 2871 2781 2703
9593 4 2 0 0 2871 2703 2702 2869
9594 4 2 0 0 2780 2709 2781 2702
9595 4 2 0 0 2780 2870 2709 2702
9596 4 2 0 0 2702 2709 2781 2871
9597 4 2 0 0 2702 2871 2870 2709
9598 4 2 0 0 2703 2781 2821 2710
9599 4 2 0 0 2871 2710 2781 2703
9600 4 2 0 0 2703 2900 2710 2821
9601 4 2 0 0 2871 2900 2710 2703
9602 4 2 0 0 2704 2821 2711 2900
9603 4 2 0 0 2821 2764 2704 2711
9604 4 2 0 0 2764 2828 2704 2711
9605 4 2 0 0 2704 2711 2828 2900
9606 4 2 0 0 1799 2706 2980 2713
9607 4 2 0 0 2706 2713 1966 2034
9608 4 2 0 0 2922 2034 2713 2706
9609 4 2 0 0 2822 2706 2922 2713
9610 4 2 0 0 2706 1966 2713 1887
9611 4 2 0 0 2980 2706 2822 2713
9612 4 2 0 0 1799 1887 2706 2713
9613 4 2 0 0 2780 2709 2870 2708
9614 4 2 0 0 2823 2708 2709 2780
9615 4 2 0 0 2823 2901 2709 2708
9616 4 2 0 0 2870 2709 2901 2708
9617 4 2 0 0 2824 2781 2709 2710
9618 4 2 0 0 2871 2709 2781 2710
9619 4 2 0 0 2824 2709 2902 2710
9620 4 2 0 0 2871 2710 2902 2709
9621 4 2 0 0 2823 2901 2715 2716
9622 4 2 0 0 2715 2765 2823 2716
9623 4 2 0 0 2715 2829 2765 2716
9624 4 2 0 0 2829 2716 2715 2901
9625 4 2 0 0 2824 2716 2717 2902
9626 4 2 0 0 2766 2824 2716 2717
9627 4 2 0 0 2830 2766 2716 2717
9628 4 2 0 0 2830 2902 2717 2716
9629 4 2 0 0 2765 2825 2723 2722
9630 4 2 0 0 2829 2723 2722 2765
9631 4 2 0 0 2722 3100 3048 2723
9632 4 2 0 0 2722 2723 3048 2825
9633 4 2 0 0 3049 2723 3100 2722
9634 4 2 0 0 3049 2722 2829 2723
9635 4 2 0 0 2724 2766 2826 2723
9636 4 2 0 0 2724 2766 2723 2830
9637 4 2 0 0 2724 3050 2723 2826
9638 4 2 0 0 2724 3051 2723 3050
9639 4 2 0 0 3051 2723 2830 2724
9640 4 2 0 0 2728 1990 1908 3048
9641 4 2 0 0 2728 1829 3048 1908
9642 4 2 0 0 2728 1829 1764 2981
9643 4 2 0 0 2728 1829 2981 3048
9644 4 2 0 0 2825 2981 3048 2728
9645 4 2 0 0 3129 1827 1875 2729
9646 4 2 0 0 2730 1959 2729 1875
9647 4 2 0 0 2730 2038 3050 2729
9648 4 2 0 0 2730 2038 2729 1959
9649 4 2 0 0 3129 2729 1875 2730
9650 4 2 0 0 2826 2729 2730 3050
9651 4 2 0 0 2826 2730 2729 3129
9652 4 2 0 0 2217 2733 2174 2734
9653 4 2 0 0 2096 2733 3086 2174
9654 4 2 0 0 2118 3086 2734 2174
9655 4 2 0 0 2174 2734 2733 3086
9656 4 2 0 0 3086 2734 2733 2868
9657 4 2 0 0 2868 2734 2733 3198
9658 4 2 0 0 2217 2734 3198 2733
9659 4 2 0 0 3198 2733 2738 2172
9660 4 2 0 0 2172 2733 2738 2120
9661 4 2 0 0 2172 2738 3198 2229
9662 4 2 0 0 2120 2738 3098 2733
9663 4 2 0 0 3098 2733 2738 2868
9664 4 2 0 0 2868 2733 2738 3198
9665 4 2 0 0 2217 2172 2733 3198
9666 4 2 0 0 2317 2735 3019 2270
9667 4 2 0 0 3092 2735 2734 2869
9668 4 2 0 0 2232 2735 2270 2734
9669 4 2 0 0 2177 2735 2232 2734
9670 4 2 0 0 3019 2734 2270 2735
9671 4 2 0 0 3019 2735 2869 2734
9672 4 2 0 0 2868 2734 3198 2739
9673 4 2 0 0 2868 2739 2869 2734
9674 4 2 0 0 2739 2734 3198 2331
9675 4 2 0 0 3019 2739 2734 2869
9676 4 2 0 0 3019 2331 2734 2739
9677 4 2 0 0 2740 2735 3222 3052
9678 4 2 0 0 2740 3222 2735 3019
9679 4 2 0 0 2740 2869 2735 2899
9680 4 2 0 0 2740 2735 2869 3019
9681 4 2 0 0 2740 2899 2735 3052
9682 4 2 0 0 2741 3052 2332 2736
9683 4 2 0 0 2741 2332 3178 2736
9684 4 2 0 0 2741 2736 2899 3052
9685 4 2 0 0 2899 2736 2741 2827
9686 4 2 0 0 2827 2736 2741 3178
9687 4 2 0 0 2947 2737 3178 2228
9688 4 2 0 0 2827 2737 3178 2947
9689 4 2 0 0 2173 2228 2737 2947
9690 4 2 0 0 2868 3198 2738 2739
9691 4 2 0 0 2361 3198 2333 2320
9692 4 2 0 0 2868 2870 2739 2738
9693 4 2 0 0 2739 2738 2333 3198
9694 4 2 0 0 2739 3020 3232 2738
9695 4 2 0 0 2739 3020 2738 2870
9696 4 2 0 0 2165 2743 2738 2225
9697 4 2 0 0 2327 2738 2743 2275
9698 4 2 0 0 2165 2743 2939 2738
9699 4 2 0 0 2225 2743 2738 2275
9700 4 2 0 0 2939 2743 2870 2738
9701 4 2 0 0 2870 2743 3020 2738
9702 4 2 0 0 2327 2743 2738 3020
9703 4 2 0 0 2740 3019 2739 2958
9704 4 2 0 0 2740 2739 2869 2871
9705 4 2 0 0 2740 2739 3019 2869
9706 4 2 0 0 2740 2958 3222 3019
9707 4 2 0 0 2740 3021 2958 2739
9708 4 2 0 0 2740 3021 2739 2871
9709 4 2 0 0 2739 3020 2744 3242
9710 4 2 0 0 2871 2870 2744 2739
9711 4 2 0 0 2739 2744 3020 2870
9712 4 2 0 0 2739 3242 2744 3021
9713 4 2 0 0 2871 3021 2739 2744
9714 4 2 0 0 2740 2900 2745 2871
9715 4 2 0 0 2740 2745 3021 2871
9716 4 2 0 0 2740 2745 2959 3021
9717 4 2 0 0 3021 2745 2959 2930
9718 4 2 0 0 2900 2959 2740 2745
9719 4 2 0 0 2746 2900 2745 2959
9720 4 2 0 0 2746 3276 3123 3259
9721 4 2 0 0 2900 2741 2746 2828
9722 4 2 0 0 2828 2741 2746 3123
9723 4 2 0 0 2922 2164 2742 2747
9724 4 2 0 0 2742 2224 2274 2747
9725 4 2 0 0 2742 3123 2274 2293
9726 4 2 0 0 2742 2747 2164 2224
9727 4 2 0 0 2828 3123 2747 2742
9728 4 2 0 0 2828 2742 2747 2922
9729 4 2 0 0 2742 3123 2747 2274
9730 4 2 0 0 2870 2743 2901 2744
9731 4 2 0 0 2870 2743 2744 3020
9732 4 2 0 0 3242 2743 3020 2744
9733 4 2 0 0 3135 2743 3242 2744
9734 4 2 0 0 3135 3053 2743 2744
9735 4 2 0 0 2744 3053 2743 2901
9736 4 2 0 0 3021 2930 2744 2745
9737 4 2 0 0 2871 2745 3021 2744
9738 4 2 0 0 2871 2744 2902 2745
9739 4 2 0 0 2745 3054 2930 2744
9740 4 2 0 0 2930 3054 3003 3104
9741 4 2 0 0 2745 2902 3054 2744
9742 4 2 0 0 2930 2744 3054 3104
9743 4 2 0 0 3053 2901 2749 2748
9744 4 2 0 0 2344 3183 2346 2304
9745 4 2 0 0 3183 2748 3053 2749
9746 4 2 0 0 2304 2748 3183 2982
9747 4 2 0 0 2748 2749 2829 2901
9748 4 2 0 0 2748 2749 2982 2829
9749 4 2 0 0 3179 2749 2750 3214
9750 4 2 0 0 3003 2750 3179 3054
9751 4 2 0 0 3054 2749 2750 3179
9752 4 2 0 0 3054 2750 2749 2902
9753 4 2 0 0 2830 2749 2750 2902
9754 4 2 0 0 3214 2749 2750 2830
9755 4 2 0 0 2139 2124 3049 2183
9756 4 2 0 0 2237 2754 2183 2982
9757 4 2 0 0 2183 3049 2139 2195
9758 4 2 0 0 2754 2829 3049 2982
9759 4 2 0 0 2195 2982 3049 2753
9760 4 2 0 0 2982 2829 3049 3000
9761 4 2 0 0 2183 3049 2982 2754
9762 4 2 0 0 2930 2458 2758 2450
9763 4 2 0 0 2959 2458 2451 2758
9764 4 2 0 0 3242 2442 3104 2930
9765 4 2 0 0 17 13 2928 7
9766 4 2 0 0 2470 2928 7 3106
9767 4 2 0 0 11 2470 4 2929
9768 4 2 0 0 19 2929 2470 11
9769 4 2 0 0 2473 2934 3101 2502
9770 4 2 0 0 2473 2502 3101 3022
9771 4 2 0 0 2473 2502 3022 2831
9772 4 2 0 0 2473 2934 2502 3024
9773 4 2 0 0 2473 3024 2502 3006
9774 4 2 0 0 2473 2831 3006 2502
9775 4 2 0 0 250 2474 202 3286
9776 4 2 0 0 250 2474 3286 3226
9777 4 2 0 0 2474 2874 3200 3286
9778 4 2 0 0 2474 2874 3286 3055
9779 4 2 0 0 3024 2503 2474 2926
9780 4 2 0 0 3024 3006 2474 2503
9781 4 2 0 0 3006 2478 2474 2503
9782 4 2 0 0 2474 2503 3226 2926
9783 4 2 0 0 2474 3055 3226 2503
9784 4 2 0 0 2474 3055 2503 2874
9785 4 2 0 0 3055 2504 2475 2931
9786 4 2 0 0 3102 2475 2504 2931
9787 4 2 0 0 3055 2874 2475 2504
9788 4 2 0 0 3102 2788 2504 2475
9789 4 2 0 0 2475 2788 2504 2874
9790 4 2 0 0 2477 3023 2944 2508
9791 4 2 0 0 2477 2831 3023 2508
9792 4 2 0 0 2477 2832 2831 2508
9793 4 2 0 0 2944 2508 2832 2477
9794 4 2 0 0 3008 2509 2831 2832
9795 4 2 0 0 3008 2509 3006 2831
9796 4 2 0 0 3230 2831 3008 3006
9797 4 2 0 0 3230 2831 3007 3008
9798 4 2 0 0 2478 3171 3200 2479
9799 4 2 0 0 2478 3171 2479 3162
9800 4 2 0 0 2478 2874 2479 3200
9801 4 2 0 0 2478 3026 3162 2479
9802 4 2 0 0 2875 2479 3026 2478
9803 4 2 0 0 2478 2875 2479 2874
9804 4 2 0 0 3008 2510 2478 3006
9805 4 2 0 0 2503 2874 2510 2478
9806 4 2 0 0 2875 2510 2478 2517
9807 4 2 0 0 2478 2875 2874 2510
9808 4 2 0 0 2875 2511 2479 2874
9809 4 2 0 0 2874 2479 2788 2511
9810 4 2 0 0 2788 2479 2789 2511
9811 4 2 0 0 2875 2511 2789 2479
9812 4 2 0 0 3025 2480 2945 2512
9813 4 2 0 0 3025 2480 2512 2788
9814 4 2 0 0 2788 2789 2480 2512
9815 4 2 0 0 3027 2480 2512 2945
9816 4 2 0 0 3027 2789 2512 2480
9817 4 2 0 0 196 179 3124 2486
9818 4 2 0 0 196 2486 2481 247
9819 4 2 0 0 308 2481 2486 247
9820 4 2 0 0 2486 196 2481 3124
9821 4 2 0 0 2486 2876 3124 2481
9822 4 2 0 0 308 2481 2923 2486
9823 4 2 0 0 2486 2481 2923 2876
9824 4 2 0 0 2515 3056 2944 2481
9825 4 2 0 0 2515 2944 2832 2481
9826 4 2 0 0 2515 2832 2876 2481
9827 4 2 0 0 3056 2515 2923 2481
9828 4 2 0 0 2515 2481 2876 2923
9829 4 2 0 0 2487 3124 2482 3241
9830 4 2 0 0 2487 3124 2876 2482
9831 4 2 0 0 2487 3028 3241 2482
9832 4 2 0 0 2877 3028 2487 2482
9833 4 2 0 0 2487 2876 2877 2482
9834 4 2 0 0 2876 2832 2516 2482
9835 4 2 0 0 2482 2832 2516 3008
9836 4 2 0 0 2877 2516 2517 2482
9837 4 2 0 0 2877 2482 2876 2516
9838 4 2 0 0 2483 2928 3026 2484
9839 4 2 0 0 2928 3026 3079 2483
9840 4 2 0 0 2875 3026 2484 2483
9841 4 2 0 0 2928 2903 2484 2483
9842 4 2 0 0 2903 2875 2484 2483
9843 4 2 0 0 3028 2483 2488 2929
9844 4 2 0 0 2928 2483 2929 2488
9845 4 2 0 0 2877 2488 3028 2483
9846 4 2 0 0 2928 2483 2488 2903
9847 4 2 0 0 2903 2488 2877 2483
9848 4 2 0 0 2517 3008 2483 2482
9849 4 2 0 0 2517 2483 3008 2478
9850 4 2 0 0 2903 2483 2517 2875
9851 4 2 0 0 2903 2483 2877 2517
9852 4 2 0 0 3251 2489 2484 2903
9853 4 2 0 0 3243 3233 2484 3251
9854 4 2 0 0 2983 3233 2484 3243
9855 4 2 0 0 2833 2484 2983 2489
9856 4 2 0 0 2903 2489 2484 2833
9857 4 2 0 0 2518 2875 2484 2903
9858 4 2 0 0 2518 2484 2875 2789
9859 4 2 0 0 2518 2484 2789 2833
9860 4 2 0 0 2903 2833 2484 2518
9861 4 2 0 0 248 2490 2485 197
9862 4 2 0 0 2490 2485 147 2983
9863 4 2 0 0 248 309 2485 2490
9864 4 2 0 0 197 2485 147 2490
9865 4 2 0 0 2833 2983 2485 2490
9866 4 2 0 0 2924 2833 2485 2490
9867 4 2 0 0 2924 2485 309 2490
9868 4 2 0 0 2519 2789 2485 2833
9869 4 2 0 0 2519 2485 3027 3057
9870 4 2 0 0 2519 3027 2485 2789
9871 4 2 0 0 2924 2485 2519 3057
9872 4 2 0 0 2519 2485 2924 2833
9873 4 2 0 0 2984 3133 2522 2486
9874 4 2 0 0 3133 2486 3139 2522
9875 4 2 0 0 3139 2923 2522 2486
9876 4 2 0 0 2486 2923 2522 2876
9877 4 2 0 0 2984 2790 2486 2522
9878 4 2 0 0 2486 2790 2876 2522
9879 4 2 0 0 2487 2876 2523 2877
9880 4 2 0 0 2876 2523 2790 2487
9881 4 2 0 0 2790 2523 2791 2487
9882 4 2 0 0 2877 2791 2523 2487
9883 4 2 0 0 3221 2488 2489 2956
9884 4 2 0 0 3251 2903 2488 2489
9885 4 2 0 0 108 2488 2489 3221
9886 4 2 0 0 2834 2488 2489 108
9887 4 2 0 0 2956 3251 2488 2489
9888 4 2 0 0 2834 2489 2488 2903
9889 4 2 0 0 2524 2488 2877 2903
9890 4 2 0 0 2524 2791 2877 2488
9891 4 2 0 0 2524 2834 2791 2488
9892 4 2 0 0 2834 2524 2903 2488
9893 4 2 0 0 2525 2489 2903 2833
9894 4 2 0 0 2834 2489 2903 2525
9895 4 2 0 0 2767 2833 2489 2525
9896 4 2 0 0 2834 2525 2767 2489
9897 4 2 0 0 2526 2833 2924 2490
9898 4 2 0 0 2526 2924 3140 2490
9899 4 2 0 0 3140 2526 2490 3216
9900 4 2 0 0 2767 2490 2833 2526
9901 4 2 0 0 3216 2490 2767 2526
9902 4 2 0 0 3085 2790 2491 2529
9903 4 2 0 0 2529 2491 458 2984
9904 4 2 0 0 458 2491 423 2984
9905 4 2 0 0 2984 2529 2491 2790
9906 4 2 0 0 2790 2492 2791 3085
9907 4 2 0 0 2790 2530 3085 2791
9908 4 2 0 0 3085 2791 2530 3091
9909 4 2 0 0 3091 3085 2791 2492
9910 4 2 0 0 2919 2531 2920 2493
9911 4 2 0 0 2791 2834 2531 2493
9912 4 2 0 0 2919 2531 2493 2791
9913 4 2 0 0 3058 2834 2493 2531
9914 4 2 0 0 3058 2531 2493 2920
9915 4 2 0 0 3216 2494 374 426
9916 4 2 0 0 2533 2494 3255 2767
9917 4 2 0 0 2533 2494 2767 3216
9918 4 2 0 0 462 426 2533 3216
9919 4 2 0 0 426 3216 2494 2533
9920 4 2 0 0 3255 2494 2533 426
9921 4 2 0 0 3255 2767 2494 3070
9922 4 2 0 0 607 2495 690 3030
9923 4 2 0 0 2501 3029 607 3030
9924 4 2 0 0 525 589 2501 607
9925 4 2 0 0 3009 3030 2495 3029
9926 4 2 0 0 2835 3029 2501 3030
9927 4 2 0 0 2502 2934 3101 3029
9928 4 2 0 0 2502 2496 2934 3029
9929 4 2 0 0 2835 3029 2496 2502
9930 4 2 0 0 2502 2934 2496 2836
9931 4 2 0 0 2836 2835 2496 2502
9932 4 2 0 0 514 598 2497 2498
9933 4 2 0 0 2498 646 598 3132
9934 4 2 0 0 435 2497 2498 514
9935 4 2 0 0 435 2497 3059 2498
9936 4 2 0 0 2498 2497 3132 598
9937 4 2 0 0 2878 3132 2498 2497
9938 4 2 0 0 2878 3059 2497 2498
9939 4 2 0 0 2926 2503 3226 2497
9940 4 2 0 0 2934 2503 2926 2497
9941 4 2 0 0 2934 2497 2836 2503
9942 4 2 0 0 2836 2497 2878 2503
9943 4 2 0 0 3226 3059 2497 2503
9944 4 2 0 0 2503 3059 2497 2878
9945 4 2 0 0 2985 2498 2931 2504
9946 4 2 0 0 2931 3059 2504 2498
9947 4 2 0 0 2878 2504 3059 2498
9948 4 2 0 0 3102 2931 2504 2985
9949 4 2 0 0 2985 2498 2504 2792
9950 4 2 0 0 2878 2504 2498 2792
9951 4 2 0 0 590 3031 668 2499
9952 4 2 0 0 2505 3031 590 2499
9953 4 2 0 0 526 2499 2505 590
9954 4 2 0 0 2505 2499 2985 2792
9955 4 2 0 0 2505 2499 2792 3031
9956 4 2 0 0 2501 2500 647 574
9957 4 2 0 0 517 3032 574 582
9958 4 2 0 0 3032 574 2501 504
9959 4 2 0 0 2501 3030 647 2500
9960 4 2 0 0 2837 2501 3032 2500
9961 4 2 0 0 2837 2546 2547 2500
9962 4 2 0 0 3055 2504 3059 2503
9963 4 2 0 0 3055 2504 2503 2874
9964 4 2 0 0 2503 2504 3059 2878
9965 4 2 0 0 2874 2838 2504 2503
9966 4 2 0 0 2503 2838 2504 2878
9967 4 2 0 0 575 3033 505 518
9968 4 2 0 0 2506 2505 3031 648
9969 4 2 0 0 575 2506 2505 3033
9970 4 2 0 0 575 648 2505 2506
9971 4 2 0 0 3033 2505 2839 2506
9972 4 2 0 0 2506 2552 2505 2839
9973 4 2 0 0 2514 2840 2944 2507
9974 4 2 0 0 2507 2837 2508 3032
9975 4 2 0 0 2837 2840 2507 2508
9976 4 2 0 0 2875 2511 2874 2510
9977 4 2 0 0 2511 2874 2510 2838
9978 4 2 0 0 2841 2511 2875 2510
9979 4 2 0 0 2511 2838 2510 2841
9980 4 2 0 0 3034 3033 2945 2512
9981 4 2 0 0 3033 3034 2839 2512
9982 4 2 0 0 2514 2515 2923 3056
9983 4 2 0 0 2514 2879 2515 2840
9984 4 2 0 0 2514 2879 2923 2515
9985 4 2 0 0 2521 2514 439 508
9986 4 2 0 0 2521 586 2514 508
9987 4 2 0 0 2521 586 675 2514
9988 4 2 0 0 2521 675 3166 2514
9989 4 2 0 0 2521 3166 2879 2514
9990 4 2 0 0 2521 439 2514 2923
9991 4 2 0 0 2521 2879 2923 2514
9992 4 2 0 0 2515 2923 2876 2522
9993 4 2 0 0 2923 2879 2522 2515
9994 4 2 0 0 2515 2876 2842 2522
9995 4 2 0 0 2515 2879 2522 2842
9996 4 2 0 0 2523 2877 2876 2516
9997 4 2 0 0 2876 2523 2516 2842
9998 4 2 0 0 2877 2523 2843 2516
9999 4 2 0 0 2842 2523 2516 2843
10000 4 2 0 0 2518 2903 2517 2875
10001 4 2 0 0 2841 2517 2875 2518
10002 4 2 0 0 2880 2517 2841 2518
10003 4 2 0 0 2903 2518 2517 2880
10004 4 2 0 0 2524 2903 2877 2517
10005 4 2 0 0 2524 2517 2877 2843
10006 4 2 0 0 2524 2517 2843 2880
10007 4 2 0 0 2903 2524 2880 2517
10008 4 2 0 0 2525 2833 2903 2518
10009 4 2 0 0 2525 2518 2903 2880
10010 4 2 0 0 2797 2833 2525 2518
10011 4 2 0 0 2797 2880 2518 2525
10012 4 2 0 0 2519 2520 3057 2945
10013 4 2 0 0 2924 3057 2519 2520
10014 4 2 0 0 3034 2520 2519 2945
10015 4 2 0 0 2881 2520 2519 3034
10016 4 2 0 0 2924 2520 2519 2881
10017 4 2 0 0 2519 2924 2526 2833
10018 4 2 0 0 2797 2519 2526 2833
10019 4 2 0 0 2881 2519 2526 2797
10020 4 2 0 0 2924 2519 2526 2881
10021 4 2 0 0 507 2520 440 2527
10022 4 2 0 0 587 2527 2520 507
10023 4 2 0 0 587 674 2520 2527
10024 4 2 0 0 2527 2520 2924 2881
10025 4 2 0 0 2527 2520 440 2924
10026 4 2 0 0 2527 2520 2881 3035
10027 4 2 0 0 2527 3035 674 2520
10028 4 2 0 0 2986 2522 3133 2521
10029 4 2 0 0 3139 2522 2521 3133
10030 4 2 0 0 2521 3139 2923 2522
10031 4 2 0 0 2521 2879 2522 2923
10032 4 2 0 0 2521 2798 2986 2522
10033 4 2 0 0 2521 2798 2522 2879
10034 4 2 0 0 2834 2524 2525 2903
10035 4 2 0 0 2525 2524 2880 2903
10036 4 2 0 0 2834 2799 2525 2524
10037 4 2 0 0 2525 2799 2880 2524
10038 4 2 0 0 3140 2526 2987 2527
10039 4 2 0 0 2527 2924 2526 2881
10040 4 2 0 0 2527 2526 2924 3140
10041 4 2 0 0 2527 2526 2987 2800
10042 4 2 0 0 2527 2800 2881 2526
10043 4 2 0 0 3209 2529 2986 2528
10044 4 2 0 0 509 2529 2528 554
10045 4 2 0 0 509 2528 2529 3209
10046 4 2 0 0 554 2529 2528 627
10047 4 2 0 0 2528 2798 2529 2986
10048 4 2 0 0 2528 3089 2529 2798
10049 4 2 0 0 552 572 2535 2529
10050 4 2 0 0 2535 2529 572 649
10051 4 2 0 0 535 2535 2529 552
10052 4 2 0 0 535 2529 2535 3085
10053 4 2 0 0 3012 2529 3085 2535
10054 4 2 0 0 3012 2535 3077 2529
10055 4 2 0 0 3091 2536 2530 3085
10056 4 2 0 0 3012 3085 2530 2536
10057 4 2 0 0 2919 2530 2536 2844
10058 4 2 0 0 2583 3012 2530 2536
10059 4 2 0 0 2532 2834 3058 2531
10060 4 2 0 0 2532 2531 3058 2920
10061 4 2 0 0 2532 2834 2531 2799
10062 4 2 0 0 2532 2799 2531 2882
10063 4 2 0 0 2882 2532 2920 2531
10064 4 2 0 0 2919 2531 2844 2537
10065 4 2 0 0 2920 2537 2531 2919
10066 4 2 0 0 2882 2844 2531 2537
10067 4 2 0 0 2882 2531 2920 2537
10068 4 2 0 0 2538 3154 2532 3113
10069 4 2 0 0 2538 3154 2920 2532
10070 4 2 0 0 2882 2532 2538 2920
10071 4 2 0 0 2538 2801 3113 2532
10072 4 2 0 0 2882 2801 2538 2532
10073 4 2 0 0 628 2533 2534 555
10074 4 2 0 0 510 2534 2987 2533
10075 4 2 0 0 510 2533 555 2534
10076 4 2 0 0 2800 2533 2987 2534
10077 4 2 0 0 3090 2533 2800 2534
10078 4 2 0 0 650 2533 573 2539
10079 4 2 0 0 573 2533 553 2539
10080 4 2 0 0 2539 3113 2801 2533
10081 4 2 0 0 2539 2801 3078 2533
10082 4 2 0 0 2538 2537 545 618
10083 4 2 0 0 2538 2537 472 545
10084 4 2 0 0 696 618 2537 2538
10085 4 2 0 0 2882 2920 2538 2537
10086 4 2 0 0 2538 2920 472 2537
10087 4 2 0 0 696 2538 2537 3036
10088 4 2 0 0 3036 2882 2538 2537
10089 4 2 0 0 3037 3114 2541 3030
10090 4 2 0 0 3037 3030 2547 3114
10091 4 2 0 0 3037 2541 3114 2917
10092 4 2 0 0 3037 2835 2547 3030
10093 4 2 0 0 2547 3114 2917 3037
10094 4 2 0 0 2548 2542 2836 2835
10095 4 2 0 0 2548 3037 2542 2835
10096 4 2 0 0 2548 2836 2542 3041
10097 4 2 0 0 2548 3037 3041 2542
10098 4 2 0 0 3132 2544 2540 2543
10099 4 2 0 0 2878 2544 3132 2543
10100 4 2 0 0 2543 2540 3038 2544
10101 4 2 0 0 2883 2544 2543 3038
10102 4 2 0 0 2883 2544 2878 2543
10103 4 2 0 0 3041 2549 2836 2543
10104 4 2 0 0 2836 2878 2543 2549
10105 4 2 0 0 3041 2543 2883 2549
10106 4 2 0 0 2883 2543 2878 2549
10107 4 2 0 0 2550 2544 2878 2883
10108 4 2 0 0 2550 2878 2544 2792
10109 4 2 0 0 2550 2792 2544 2988
10110 4 2 0 0 2550 2988 2544 2593
10111 4 2 0 0 2988 3031 2545 3115
10112 4 2 0 0 2551 3031 2988 3115
10113 4 2 0 0 2551 2792 2988 3031
10114 4 2 0 0 2988 2916 3115 2545
10115 4 2 0 0 2551 2988 2916 3115
10116 4 2 0 0 2547 3030 2546 3114
10117 4 2 0 0 2500 3030 2547 2501
10118 4 2 0 0 2547 2917 3114 2546
10119 4 2 0 0 3014 2554 2546 2547
10120 4 2 0 0 2547 3014 2917 2546
10121 4 2 0 0 2550 2883 2878 2549
10122 4 2 0 0 2878 2838 2550 2549
10123 4 2 0 0 2838 2845 2550 2549
10124 4 2 0 0 2550 2883 2549 2845
10125 4 2 0 0 3031 2552 3115 2551
10126 4 2 0 0 3031 2551 2505 2552
10127 4 2 0 0 2839 2551 2846 2552
10128 4 2 0 0 2552 2916 3115 2551
10129 4 2 0 0 2552 2846 2916 2551
10130 4 2 0 0 2554 2553 2546 2837
10131 4 2 0 0 2554 2553 2837 2840
10132 4 2 0 0 2554 2553 2840 2847
10133 4 2 0 0 2554 2553 2603 3014
10134 4 2 0 0 2841 2557 2838 2556
10135 4 2 0 0 2838 2845 2556 2557
10136 4 2 0 0 2848 2557 2841 2556
10137 4 2 0 0 2557 2556 2848 2845
10138 4 2 0 0 2839 2559 2558 3034
10139 4 2 0 0 2839 2558 2559 2846
10140 4 2 0 0 2849 2559 2567 2558
10141 4 2 0 0 2846 2559 2849 2558
10142 4 2 0 0 2879 2840 2561 2562
10143 4 2 0 0 2561 2840 2847 2562
10144 4 2 0 0 2561 2847 2884 2562
10145 4 2 0 0 2879 2562 2561 2884
10146 4 2 0 0 3112 2561 3080 3166
10147 4 2 0 0 3166 2568 2879 2561
10148 4 2 0 0 3080 2620 2561 2611
10149 4 2 0 0 2561 2568 2884 2620
10150 4 2 0 0 2879 2568 2884 2561
10151 4 2 0 0 2879 2562 2884 2569
10152 4 2 0 0 2879 2569 2842 2562
10153 4 2 0 0 2842 2569 2850 2562
10154 4 2 0 0 2884 2562 2850 2569
10155 4 2 0 0 2563 2570 2850 2842
10156 4 2 0 0 2563 2570 2842 2843
10157 4 2 0 0 2851 2843 2570 2563
10158 4 2 0 0 2563 2850 2570 2851
10159 4 2 0 0 2565 2564 2841 2880
10160 4 2 0 0 2565 2848 2841 2564
10161 4 2 0 0 2565 2848 2564 2885
10162 4 2 0 0 2565 2880 2885 2564
10163 4 2 0 0 2571 2564 2880 2843
10164 4 2 0 0 2571 2564 2843 2851
10165 4 2 0 0 2571 2564 2851 2885
10166 4 2 0 0 2885 2880 2571 2564
10167 4 2 0 0 2565 2880 2572 2885
10168 4 2 0 0 2797 2572 2565 2880
10169 4 2 0 0 2806 2572 2565 2797
10170 4 2 0 0 2806 2572 2885 2565
10171 4 2 0 0 2567 3034 2881 2566
10172 4 2 0 0 2567 2558 3034 2566
10173 4 2 0 0 2567 2886 2849 2566
10174 4 2 0 0 2567 2566 2881 2886
10175 4 2 0 0 2573 2797 2806 2566
10176 4 2 0 0 2573 2797 2566 2881
10177 4 2 0 0 2573 2566 2806 2886
10178 4 2 0 0 2886 2566 2881 2573
10179 4 2 0 0 3111 3163 2567 3035
10180 4 2 0 0 2567 2886 2881 2574
10181 4 2 0 0 2567 2881 3035 2574
10182 4 2 0 0 2567 3082 3163 3111
10183 4 2 0 0 2879 2568 2569 2884
10184 4 2 0 0 2879 2568 2798 2569
10185 4 2 0 0 2798 2568 2807 2569
10186 4 2 0 0 2807 2569 2568 2884
10187 4 2 0 0 2572 2880 2571 2885
10188 4 2 0 0 2572 2880 2799 2571
10189 4 2 0 0 2572 2799 2808 2571
10190 4 2 0 0 2572 2808 2885 2571
10191 4 2 0 0 2574 2886 2881 2573
10192 4 2 0 0 2574 2573 2881 2800
10193 4 2 0 0 2574 2573 2800 2809
10194 4 2 0 0 2574 2886 2573 2809
10195 4 2 0 0 2798 2576 2807 2575
10196 4 2 0 0 2937 2575 2912 2576
10197 4 2 0 0 3089 2575 2576 2798
10198 4 2 0 0 3089 2576 2575 3151
10199 4 2 0 0 3151 2575 2937 2576
10200 4 2 0 0 2575 2807 2912 2576
10201 4 2 0 0 3151 2937 2582 2576
10202 4 2 0 0 3077 2582 2576 3151
10203 4 2 0 0 3012 3077 2582 2576
10204 4 2 0 0 2852 2577 2582 2576
10205 4 2 0 0 2582 2852 2576 2937
10206 4 2 0 0 2583 2577 2844 2530
10207 4 2 0 0 2583 2582 2577 3012
10208 4 2 0 0 3039 2577 2578 2583
10209 4 2 0 0 2583 2852 3039 2577
10210 4 2 0 0 2579 2808 2799 2578
10211 4 2 0 0 2579 2799 2882 2578
10212 4 2 0 0 2579 2632 2808 2578
10213 4 2 0 0 2585 2578 2579 2882
10214 4 2 0 0 2584 2882 2844 2578
10215 4 2 0 0 2584 2844 2583 2578
10216 4 2 0 0 3039 2579 2585 2578
10217 4 2 0 0 2585 2584 2578 2882
10218 4 2 0 0 2585 2882 2579 2801
10219 4 2 0 0 2585 2801 2579 2810
10220 4 2 0 0 3039 2579 2810 2585
10221 4 2 0 0 2581 2580 2938 2913
10222 4 2 0 0 2581 2938 2580 3152
10223 4 2 0 0 2581 2580 3090 3152
10224 4 2 0 0 2581 2580 2800 3090
10225 4 2 0 0 2581 2580 2809 2800
10226 4 2 0 0 2913 2809 2581 2580
10227 4 2 0 0 2585 2578 2584 3039
10228 4 2 0 0 3202 2584 3205 3036
10229 4 2 0 0 2585 3036 2584 2882
10230 4 2 0 0 2949 2584 3205 3202
10231 4 2 0 0 3205 2584 2949 2585
10232 4 2 0 0 2949 2585 2584 3039
10233 4 2 0 0 1275 2954 2927 1251
10234 4 2 0 0 1275 2927 2589 1212
10235 4 2 0 0 1324 1424 2589 2954
10236 4 2 0 0 2917 2596 2591 2911
10237 4 2 0 0 2591 3037 2596 2917
10238 4 2 0 0 2887 3037 2596 2591
10239 4 2 0 0 2591 2596 2887 2911
10240 4 2 0 0 2911 2650 2596 2887
10241 4 2 0 0 1355 1382 1454 2644
10242 4 2 0 0 2591 1382 1355 2644
10243 4 2 0 0 2591 1355 1429 2644
10244 4 2 0 0 2591 1429 1325 2911
10245 4 2 0 0 2591 3040 1310 1382
10246 4 2 0 0 2591 1382 2644 3040
10247 4 2 0 0 2591 2644 2887 3040
10248 4 2 0 0 2911 2887 2644 2650
10249 4 2 0 0 2597 3041 3037 2592
10250 4 2 0 0 2597 3037 2887 2592
10251 4 2 0 0 2597 2888 3041 2592
10252 4 2 0 0 2597 2592 2887 2888
10253 4 2 0 0 2592 3121 3193 2645
10254 4 2 0 0 2592 3193 3040 2645
10255 4 2 0 0 3040 2645 2887 2592
10256 4 2 0 0 2592 2645 2888 3121
10257 4 2 0 0 2887 2645 2888 2592
10258 4 2 0 0 2954 3038 3282 2927
10259 4 2 0 0 3041 3282 3038 2543
10260 4 2 0 0 2883 3041 3038 2543
10261 4 2 0 0 2954 3038 2904 3282
10262 4 2 0 0 3041 2904 2598 2883
10263 4 2 0 0 3041 2888 2598 2904
10264 4 2 0 0 2904 3282 3038 3041
10265 4 2 0 0 2888 2904 3041 3282
10266 4 2 0 0 2954 2904 2646 3282
10267 4 2 0 0 2888 2646 2904 3282
10268 4 2 0 0 2599 2904 2593 2883
10269 4 2 0 0 2599 2593 2550 2883
10270 4 2 0 0 2599 2593 2853 2988
10271 4 2 0 0 2599 2593 2904 2853
10272 4 2 0 0 1404 2593 3196 2951
10273 4 2 0 0 2647 3147 2593 3196
10274 4 2 0 0 2954 2593 2951 2904
10275 4 2 0 0 2647 2853 2593 3147
10276 4 2 0 0 2647 2904 2593 2853
10277 4 2 0 0 2988 2853 2600 2594
10278 4 2 0 0 2916 2594 2600 2910
10279 4 2 0 0 2988 2594 2600 2916
10280 4 2 0 0 2910 2853 2594 2600
10281 4 2 0 0 2910 2600 2654 2853
10282 4 2 0 0 1383 2594 3147 1311
10283 4 2 0 0 1356 1455 1383 2648
10284 4 2 0 0 1430 2594 2648 1356
10285 4 2 0 0 1383 1356 2648 2594
10286 4 2 0 0 1430 2910 2594 1326
10287 4 2 0 0 1383 2648 3147 2594
10288 4 2 0 0 2594 3147 2853 2648
10289 4 2 0 0 2910 2853 2654 2648
10290 4 2 0 0 2595 2911 2596 2917
10291 4 2 0 0 2917 3014 2596 2595
10292 4 2 0 0 3014 2603 2596 2595
10293 4 2 0 0 2595 2911 2889 2596
10294 4 2 0 0 2595 2649 1409 1375
10295 4 2 0 0 2595 2649 2911 1409
10296 4 2 0 0 3042 1437 2649 1375
10297 4 2 0 0 2595 2889 2649 3042
10298 4 2 0 0 2595 2911 2649 2889
10299 4 2 0 0 2911 2650 2889 2596
10300 4 2 0 0 2887 2596 2854 2650
10301 4 2 0 0 2889 2854 2596 2650
10302 4 2 0 0 2597 2888 2887 2651
10303 4 2 0 0 2597 2887 2854 2651
10304 4 2 0 0 2597 2888 2651 2855
10305 4 2 0 0 2597 2854 2855 2651
10306 4 2 0 0 2599 2904 2883 2598
10307 4 2 0 0 2883 2845 2599 2598
10308 4 2 0 0 2845 2890 2599 2598
10309 4 2 0 0 2599 2598 2890 2904
10310 4 2 0 0 2888 2652 2598 2904
10311 4 2 0 0 2888 2598 2652 2855
10312 4 2 0 0 2855 2598 2652 2890
10313 4 2 0 0 2890 2598 2652 2904
10314 4 2 0 0 2599 2904 2653 2853
10315 4 2 0 0 2599 2904 2890 2653
10316 4 2 0 0 2599 2853 2653 2811
10317 4 2 0 0 2599 2890 2811 2653
10318 4 2 0 0 2601 2910 2916 2600
10319 4 2 0 0 2916 2846 2601 2600
10320 4 2 0 0 2846 2891 2601 2600
10321 4 2 0 0 2601 2910 2600 2891
10322 4 2 0 0 2853 2654 2811 2600
10323 4 2 0 0 2811 2654 2891 2600
10324 4 2 0 0 2891 2910 2600 2654
10325 4 2 0 0 2601 1410 2910 2655
10326 4 2 0 0 3043 1438 1374 2655
10327 4 2 0 0 2601 1410 2655 1374
10328 4 2 0 0 2601 2655 2910 2891
10329 4 2 0 0 2601 2655 2891 3043
10330 4 2 0 0 2596 2604 2889 2603
10331 4 2 0 0 2554 2603 2847 2604
10332 4 2 0 0 2892 2603 2604 2847
10333 4 2 0 0 2889 2892 2603 2604
10334 4 2 0 0 3244 2603 3042 3234
10335 4 2 0 0 3244 3234 3072 2603
10336 4 2 0 0 3042 2603 2889 2656
10337 4 2 0 0 3072 3044 2603 3234
10338 4 2 0 0 2656 2603 2892 3044
10339 4 2 0 0 2889 2603 2892 2656
10340 4 2 0 0 2889 2657 2892 2604
10341 4 2 0 0 2657 2889 2854 2604
10342 4 2 0 0 2657 2854 2856 2604
10343 4 2 0 0 2856 2657 2604 2892
10344 4 2 0 0 2855 2658 2854 2605
10345 4 2 0 0 2605 2658 2854 2856
10346 4 2 0 0 2855 2857 2658 2605
10347 4 2 0 0 2605 2856 2857 2658
10348 4 2 0 0 2606 2607 2848 2845
10349 4 2 0 0 2606 2607 2845 2890
10350 4 2 0 0 2606 2848 2607 2893
10351 4 2 0 0 2606 2607 2890 2893
10352 4 2 0 0 2606 2857 2659 2855
10353 4 2 0 0 2606 2890 2855 2659
10354 4 2 0 0 2606 2893 2659 2857
10355 4 2 0 0 2606 2890 2659 2893
10356 4 2 0 0 2893 2607 2890 2660
10357 4 2 0 0 2890 2660 2607 2811
10358 4 2 0 0 2811 2660 2607 2812
10359 4 2 0 0 2893 2607 2660 2812
10360 4 2 0 0 2846 2891 2608 2609
10361 4 2 0 0 2846 2849 2609 2608
10362 4 2 0 0 2608 2609 2894 2849
10363 4 2 0 0 2608 2894 2609 2891
10364 4 2 0 0 2811 2661 2812 2608
10365 4 2 0 0 2811 2891 2661 2608
10366 4 2 0 0 2608 2812 2894 2661
10367 4 2 0 0 2608 2891 2661 2894
10368 4 2 0 0 3043 2662 2891 2609
10369 4 2 0 0 2609 3245 3220 3235
10370 4 2 0 0 2894 2662 2609 2891
10371 4 2 0 0 2609 3235 3073 3245
10372 4 2 0 0 2894 2662 3045 2609
10373 4 2 0 0 2609 3235 3045 3073
10374 4 2 0 0 3046 1243 1284 1193
10375 4 2 0 0 1193 2610 1284 3046
10376 4 2 0 0 1371 2610 3083 1327
10377 4 2 0 0 3083 1377 1327 2610
10378 4 2 0 0 2884 2611 2612 2847
10379 4 2 0 0 2612 2847 2611 2892
10380 4 2 0 0 2884 2611 2905 2612
10381 4 2 0 0 2612 2892 2611 2905
10382 4 2 0 0 2884 2611 2620 2905
10383 4 2 0 0 2611 3046 2620 3060
10384 4 2 0 0 2611 3060 2620 2905
10385 4 2 0 0 2611 3083 3044 3018
10386 4 2 0 0 2611 2663 3044 3083
10387 4 2 0 0 3083 3060 2663 3096
10388 4 2 0 0 2611 3083 3060 2663
10389 4 2 0 0 2611 3044 2663 2892
10390 4 2 0 0 2611 2892 2663 2905
10391 4 2 0 0 3083 3060 3096 3046
10392 4 2 0 0 2611 2905 2663 3060
10393 4 2 0 0 2884 2905 2621 2612
10394 4 2 0 0 2621 2612 2850 2884
10395 4 2 0 0 2621 2612 2895 2850
10396 4 2 0 0 2621 2905 2895 2612
10397 4 2 0 0 2612 2892 2905 2664
10398 4 2 0 0 2612 2664 2856 2892
10399 4 2 0 0 2612 2664 2895 2856
10400 4 2 0 0 2612 2905 2895 2664
10401 4 2 0 0 2850 2622 2613 2895
10402 4 2 0 0 2851 2622 2613 2850
10403 4 2 0 0 2851 2622 2896 2613
10404 4 2 0 0 2895 2613 2896 2622
10405 4 2 0 0 2857 2856 2613 2665
10406 4 2 0 0 2895 2613 2856 2665
10407 4 2 0 0 2857 2896 2665 2613
10408 4 2 0 0 2895 2896 2613 2665
10409 4 2 0 0 2885 2848 2614 2615
10410 4 2 0 0 2893 2848 2615 2614
10411 4 2 0 0 2885 2614 2906 2615
10412 4 2 0 0 2893 2906 2614 2615
10413 4 2 0 0 2851 2614 2896 2623
10414 4 2 0 0 2851 2623 2885 2614
10415 4 2 0 0 2885 2906 2614 2623
10416 4 2 0 0 2623 2906 2614 2896
10417 4 2 0 0 2893 2614 2666 2857
10418 4 2 0 0 2857 2896 2614 2666
10419 4 2 0 0 2893 2666 2614 2906
10420 4 2 0 0 2614 2896 2906 2666
10421 4 2 0 0 2885 2906 2624 2615
10422 4 2 0 0 2806 2624 2615 2885
10423 4 2 0 0 2858 2624 2615 2806
10424 4 2 0 0 2615 2624 2858 2906
10425 4 2 0 0 2893 2667 2906 2615
10426 4 2 0 0 2615 2893 2667 2812
10427 4 2 0 0 2615 2812 2667 2858
10428 4 2 0 0 2615 2906 2858 2667
10429 4 2 0 0 2616 2849 2894 2617
10430 4 2 0 0 2886 2849 2616 2617
10431 4 2 0 0 2886 2617 2616 2907
10432 4 2 0 0 2616 2907 2617 2894
10433 4 2 0 0 2625 2858 2616 2806
10434 4 2 0 0 2625 2806 2616 2886
10435 4 2 0 0 2625 2616 2907 2886
10436 4 2 0 0 2625 2616 2858 2907
10437 4 2 0 0 2858 2668 2616 2812
10438 4 2 0 0 2616 2812 2668 2894
10439 4 2 0 0 2616 2668 2907 2894
10440 4 2 0 0 2858 2668 2907 2616
10441 4 2 0 0 2886 2617 2907 2626
10442 4 2 0 0 2567 2617 2886 2626
10443 4 2 0 0 2567 3082 2617 2626
10444 4 2 0 0 2617 3061 2626 2989
10445 4 2 0 0 2907 2626 2617 3061
10446 4 2 0 0 3081 3097 3061 2989
10447 4 2 0 0 2894 2669 2617 3045
10448 4 2 0 0 3045 2669 2617 3081
10449 4 2 0 0 2907 2669 2617 2894
10450 4 2 0 0 3045 3081 2617 2974
10451 4 2 0 0 3081 3061 2669 2617
10452 4 2 0 0 3081 2669 3061 3097
10453 4 2 0 0 2907 2669 3061 2617
10454 4 2 0 0 1244 2989 1285 1192
10455 4 2 0 0 1192 2618 2989 1285
10456 4 2 0 0 1328 3081 2618 1376
10457 4 2 0 0 1370 2618 1328 3081
10458 4 2 0 0 2884 2905 2620 2621
10459 4 2 0 0 2807 2620 2621 2884
10460 4 2 0 0 2859 2620 2621 2807
10461 4 2 0 0 2621 2859 2905 2620
10462 4 2 0 0 3144 3108 3120 2620
10463 4 2 0 0 3060 2670 2620 2905
10464 4 2 0 0 3060 3120 2620 3144
10465 4 2 0 0 2859 3108 2670 2620
10466 4 2 0 0 2905 2670 2620 2859
10467 4 2 0 0 2621 2859 2671 2905
10468 4 2 0 0 2621 2671 2895 2905
10469 4 2 0 0 2621 2813 2671 2859
10470 4 2 0 0 2621 2813 2895 2671
10471 4 2 0 0 2895 2896 2672 2622
10472 4 2 0 0 2895 2672 2813 2622
10473 4 2 0 0 2813 2672 2814 2622
10474 4 2 0 0 2622 2814 2896 2672
10475 4 2 0 0 2885 2624 2906 2623
10476 4 2 0 0 2885 2624 2623 2808
10477 4 2 0 0 2808 2624 2623 2860
10478 4 2 0 0 2623 2860 2624 2906
10479 4 2 0 0 2623 2673 2906 2896
10480 4 2 0 0 2623 2814 2673 2896
10481 4 2 0 0 2623 2860 2673 2814
10482 4 2 0 0 2623 2673 2860 2906
10483 4 2 0 0 2906 2624 2858 2674
10484 4 2 0 0 2906 2860 2624 2674
10485 4 2 0 0 2674 2858 2776 2624
10486 4 2 0 0 2674 2624 2776 2860
10487 4 2 0 0 2625 2907 2626 2886
10488 4 2 0 0 2809 2625 2626 2886
10489 4 2 0 0 2861 2625 2626 2809
10490 4 2 0 0 2625 2626 2907 2861
10491 4 2 0 0 2625 2907 2858 2675
10492 4 2 0 0 2625 2776 2675 2858
10493 4 2 0 0 2625 2861 2675 2776
10494 4 2 0 0 2625 2861 2907 2675
10495 4 2 0 0 3119 2626 3218 3061
10496 4 2 0 0 2907 2626 3061 2676
10497 4 2 0 0 2907 2626 2676 2861
10498 4 2 0 0 3061 2676 2626 3218
10499 4 2 0 0 3218 2676 2861 2683
10500 4 2 0 0 2861 2626 2676 3218
10501 4 2 0 0 2628 2914 2912 2629
10502 4 2 0 0 2628 2859 2629 2807
10503 4 2 0 0 2628 2807 2629 2912
10504 4 2 0 0 2628 2859 2914 2629
10505 4 2 0 0 2628 3108 1420 2677
10506 4 2 0 0 2628 1316 2914 1401
10507 4 2 0 0 2628 1401 2677 1420
10508 4 2 0 0 2628 1357 1420 3108
10509 4 2 0 0 2628 1401 2914 2677
10510 4 2 0 0 3108 1417 1420 2677
10511 4 2 0 0 2628 2677 2859 3108
10512 4 2 0 0 2628 2677 2914 2859
10513 4 2 0 0 2629 2635 2914 2912
10514 4 2 0 0 2912 2635 2852 2629
10515 4 2 0 0 2629 2852 2897 2635
10516 4 2 0 0 2629 2897 2914 2635
10517 4 2 0 0 2914 2859 2678 2629
10518 4 2 0 0 2629 2678 2813 2859
10519 4 2 0 0 2629 2678 2897 2813
10520 4 2 0 0 2629 2914 2897 2678
10521 4 2 0 0 2630 2636 2852 3039
10522 4 2 0 0 2897 2636 2852 2630
10523 4 2 0 0 2898 2637 2636 2631
10524 4 2 0 0 2897 2898 2636 2630
10525 4 2 0 0 2813 2814 2679 2630
10526 4 2 0 0 2897 2630 2813 2679
10527 4 2 0 0 2630 2814 2679 2898
10528 4 2 0 0 2897 2679 2898 2630
10529 4 2 0 0 2808 2631 2632 2860
10530 4 2 0 0 3039 2631 2632 2578
10531 4 2 0 0 2908 2631 2632 2638
10532 4 2 0 0 2860 2632 2908 2631
10533 4 2 0 0 2636 2630 2631 3039
10534 4 2 0 0 2908 2638 2637 2631
10535 4 2 0 0 2637 2898 2908 2631
10536 4 2 0 0 2860 2814 2631 2680
10537 4 2 0 0 2631 2680 2814 2898
10538 4 2 0 0 2860 2680 2631 2908
10539 4 2 0 0 2631 2680 2898 2908
10540 4 2 0 0 2638 2631 2632 3039
10541 4 2 0 0 2638 2810 3039 2632
10542 4 2 0 0 2638 2862 2810 2632
10543 4 2 0 0 2638 2632 2908 2862
10544 4 2 0 0 2860 2632 2681 2908
10545 4 2 0 0 2681 2776 2632 2860
10546 4 2 0 0 2681 2862 2632 2776
10547 4 2 0 0 2908 2862 2632 2681
10548 4 2 0 0 2634 2861 2809 2633
10549 4 2 0 0 2634 2913 2633 2809
10550 4 2 0 0 2634 2913 2915 2633
10551 4 2 0 0 2634 2633 2915 2861
10552 4 2 0 0 2913 2633 2810 2639
10553 4 2 0 0 2633 2913 2915 2639
10554 4 2 0 0 2810 2639 2633 2862
10555 4 2 0 0 2633 2862 2639 2915
10556 4 2 0 0 2861 2682 2776 2633
10557 4 2 0 0 2776 2682 2862 2633
10558 4 2 0 0 2861 2682 2633 2915
10559 4 2 0 0 2633 2915 2682 2862
10560 4 2 0 0 2634 1396 3218 1439
10561 4 2 0 0 2634 1402 2683 1379
10562 4 2 0 0 2634 2915 2683 2861
10563 4 2 0 0 2634 1379 2683 2915
10564 4 2 0 0 2634 1421 2683 1402
10565 4 2 0 0 2634 2683 1421 1439
10566 4 2 0 0 1372 2635 2684 1440
10567 4 2 0 0 1372 2684 2635 1399
10568 4 2 0 0 2897 2684 2914 2635
10569 4 2 0 0 2897 2635 3047 2684
10570 4 2 0 0 2685 2636 3145 3137
10571 4 2 0 0 2685 2636 3137 3047
10572 4 2 0 0 2897 3047 2636 2685
10573 4 2 0 0 2897 2685 2636 2898
10574 4 2 0 0 2898 2636 2686 2685
10575 4 2 0 0 2685 2686 3145 2636
10576 4 2 0 0 3107 3039 2637 2638
10577 4 2 0 0 2638 3039 2637 2631
10578 4 2 0 0 3107 2637 2940 2638
10579 4 2 0 0 2638 3062 2637 2940
10580 4 2 0 0 2638 2908 2637 3062
10581 4 2 0 0 2637 2898 2686 2908
10582 4 2 0 0 2637 2990 2686 3145
10583 4 2 0 0 2637 3062 2686 2990
10584 4 2 0 0 2637 2940 3062 2990
10585 4 2 0 0 2637 2686 3062 2908
10586 4 2 0 0 2638 3177 3062 2941
10587 4 2 0 0 2638 2908 3062 2687
10588 4 2 0 0 2638 3188 2687 3177
10589 4 2 0 0 2638 2908 2687 2862
10590 4 2 0 0 2638 2687 3062 3177
10591 4 2 0 0 2638 2862 2687 3188
10592 4 2 0 0 2862 2688 2639 2915
10593 4 2 0 0 2639 1400 2688 1373
10594 4 2 0 0 2639 1373 2688 1441
10595 4 2 0 0 3188 2688 2639 2862
10596 4 2 0 0 3107 1269 2940 2641
10597 4 2 0 0 2641 1413 1386 2990
10598 4 2 0 0 2940 1386 1414 3143
10599 4 2 0 0 2644 2650 3153 2936
10600 4 2 0 0 2644 3153 2650 3076
10601 4 2 0 0 2644 2650 2815 3076
10602 4 2 0 0 2644 2650 2887 2815
10603 4 2 0 0 2887 2645 2651 2888
10604 4 2 0 0 2645 2651 2815 2887
10605 4 2 0 0 2645 2651 2816 2815
10606 4 2 0 0 2645 2816 2651 2888
10607 4 2 0 0 3206 3184 2951 2647
10608 4 2 0 0 2951 2647 3184 2646
10609 4 2 0 0 2951 2647 2646 2904
10610 4 2 0 0 2647 2646 2991 3184
10611 4 2 0 0 2647 2646 2863 2991
10612 4 2 0 0 2647 2863 2646 2904
10613 4 2 0 0 2888 2646 2652 2904
10614 4 2 0 0 2646 2816 2888 2652
10615 4 2 0 0 2646 2863 2816 2652
10616 4 2 0 0 2904 2646 2652 2863
10617 4 2 0 0 2647 2653 2904 2853
10618 4 2 0 0 2647 2863 2904 2653
10619 4 2 0 0 2647 2653 2853 2777
10620 4 2 0 0 2647 2863 2653 2777
10621 4 2 0 0 2648 3150 3075 2654
10622 4 2 0 0 2648 2935 3150 2654
10623 4 2 0 0 2853 2777 2654 2648
10624 4 2 0 0 2777 3075 2654 2648
10625 4 2 0 0 2911 2650 2936 2649
10626 4 2 0 0 3088 2650 2649 3153
10627 4 2 0 0 3153 2650 2649 2936
10628 4 2 0 0 2911 2650 2649 2889
10629 4 2 0 0 3088 2817 2649 2650
10630 4 2 0 0 2889 2817 2650 2649
10631 4 2 0 0 2653 2904 2652 2863
10632 4 2 0 0 2890 2904 2652 2653
10633 4 2 0 0 2653 2818 2863 2652
10634 4 2 0 0 2890 2818 2653 2652
10635 4 2 0 0 2654 3150 3087 2655
10636 4 2 0 0 2654 2935 2655 2910
10637 4 2 0 0 2654 2935 3150 2655
10638 4 2 0 0 2891 2655 2910 2654
10639 4 2 0 0 2654 2819 2655 3087
10640 4 2 0 0 2891 2655 2654 2819
10641 4 2 0 0 2889 2892 2657 2656
10642 4 2 0 0 2656 2889 2817 2657
10643 4 2 0 0 2656 2817 2820 2657
10644 4 2 0 0 2656 2657 2820 2892
10645 4 2 0 0 2893 2890 2659 2660
10646 4 2 0 0 2660 2890 2659 2818
10647 4 2 0 0 2660 2818 2659 2821
10648 4 2 0 0 2893 2659 2821 2660
10649 4 2 0 0 2894 2891 2661 2662
10650 4 2 0 0 2662 2819 2891 2661
10651 4 2 0 0 2662 2822 2819 2661
10652 4 2 0 0 2662 2894 2822 2661
10653 4 2 0 0 2905 2892 2663 2664
10654 4 2 0 0 2892 2664 2820 2663
10655 4 2 0 0 2820 2664 2864 2663
10656 4 2 0 0 2663 2864 2905 2664
10657 4 2 0 0 2663 3125 3096 3144
10658 4 2 0 0 3060 2905 2663 2670
10659 4 2 0 0 3060 3144 2663 3096
10660 4 2 0 0 2663 2992 3144 2670
10661 4 2 0 0 2663 2992 2670 2864
10662 4 2 0 0 2663 2670 2905 2864
10663 4 2 0 0 2905 2864 2671 2664
10664 4 2 0 0 2905 2671 2895 2664
10665 4 2 0 0 2664 2671 2823 2864
10666 4 2 0 0 2664 2895 2823 2671
10667 4 2 0 0 2895 2672 2896 2665
10668 4 2 0 0 2665 2672 2823 2895
10669 4 2 0 0 2665 2672 2824 2823
10670 4 2 0 0 2665 2824 2672 2896
10671 4 2 0 0 2893 2666 2906 2667
10672 4 2 0 0 2667 2666 2821 2893
10673 4 2 0 0 2667 2666 2865 2821
10674 4 2 0 0 2667 2906 2865 2666
10675 4 2 0 0 2906 2896 2673 2666
10676 4 2 0 0 2896 2673 2666 2824
10677 4 2 0 0 2824 2673 2666 2865
10678 4 2 0 0 2666 2673 2906 2865
10679 4 2 0 0 2906 2674 2858 2667
10680 4 2 0 0 2667 2674 2865 2906
10681 4 2 0 0 2667 2782 2674 2858
10682 4 2 0 0 2667 2782 2865 2674
10683 4 2 0 0 2907 2668 2669 2894
10684 4 2 0 0 2894 2669 2822 2668
10685 4 2 0 0 2822 2669 2866 2668
10686 4 2 0 0 2668 2866 2907 2669
10687 4 2 0 0 2858 2668 2675 2907
10688 4 2 0 0 2858 2675 2668 2782
10689 4 2 0 0 2782 2675 2668 2866
10690 4 2 0 0 2668 2907 2866 2675
10691 4 2 0 0 3097 2669 3175 3126
10692 4 2 0 0 2907 2669 2676 3061
10693 4 2 0 0 2907 2866 2676 2669
10694 4 2 0 0 3061 2669 3175 3097
10695 4 2 0 0 2669 2676 3126 2993
10696 4 2 0 0 2866 2993 2676 2669
10697 4 2 0 0 2671 2670 2905 2859
10698 4 2 0 0 2905 2670 2671 2864
10699 4 2 0 0 2671 2859 2783 2670
10700 4 2 0 0 2864 2670 2671 2783
10701 4 2 0 0 2906 2673 2860 2674
10702 4 2 0 0 2906 2673 2674 2865
10703 4 2 0 0 2784 2860 2673 2674
10704 4 2 0 0 2784 2673 2865 2674
10705 4 2 0 0 2907 2861 2676 2675
10706 4 2 0 0 2907 2676 2866 2675
10707 4 2 0 0 2675 2785 2861 2676
10708 4 2 0 0 2866 2676 2994 2675
10709 4 2 0 0 2675 2785 2676 2994
10710 4 2 0 0 2678 2995 2677 3116
10711 4 2 0 0 2914 2677 3116 2678
10712 4 2 0 0 2914 2677 2678 2859
10713 4 2 0 0 2783 2859 2678 2677
10714 4 2 0 0 2995 2721 2678 2677
10715 4 2 0 0 2678 2995 3116 2684
10716 4 2 0 0 2897 2914 2684 2678
10717 4 2 0 0 2914 3116 2684 2678
10718 4 2 0 0 2678 2684 2825 2995
10719 4 2 0 0 2897 2684 2825 2678
10720 4 2 0 0 2897 2825 2685 2679
10721 4 2 0 0 2897 2679 2685 2898
10722 4 2 0 0 2679 2685 2826 2825
10723 4 2 0 0 2679 2826 2685 2898
10724 4 2 0 0 2860 2680 2908 2681
10725 4 2 0 0 2784 2681 2680 2860
10726 4 2 0 0 2867 2681 2680 2784
10727 4 2 0 0 2867 2908 2680 2681
10728 4 2 0 0 2908 2680 2898 2686
10729 4 2 0 0 2898 2686 2680 2826
10730 4 2 0 0 2826 2686 2680 2867
10731 4 2 0 0 2867 2908 2686 2680
10732 4 2 0 0 2687 2862 2908 2681
10733 4 2 0 0 2867 2687 2908 2681
10734 4 2 0 0 2687 2996 2862 2681
10735 4 2 0 0 2687 2786 2996 2681
10736 4 2 0 0 2867 2681 2786 2687
10737 4 2 0 0 2682 3117 2683 2997
10738 4 2 0 0 2861 2682 2915 2683
10739 4 2 0 0 2861 2683 2785 2682
10740 4 2 0 0 2915 3117 2683 2682
10741 4 2 0 0 2726 2683 2997 2682
10742 4 2 0 0 2862 2915 2682 2688
10743 4 2 0 0 2682 2997 2688 3117
10744 4 2 0 0 2996 2688 2862 2682
10745 4 2 0 0 2996 2682 2997 2688
10746 4 2 0 0 2915 3117 2682 2688
10747 4 2 0 0 2786 2682 2997 2996
10748 4 2 0 0 2687 3130 2686 3143
10749 4 2 0 0 3062 2686 2687 2908
10750 4 2 0 0 2867 2687 2686 2908
10751 4 2 0 0 3062 3143 2687 2686
10752 4 2 0 0 3130 2687 2686 2867
10753 4 2 0 0 2691 2697 3086 2815
10754 4 2 0 0 2691 2815 2816 2697
10755 4 2 0 0 2691 3086 2697 3092
10756 4 2 0 0 3092 2921 2697 2691
10757 4 2 0 0 2691 2921 2697 2816
10758 4 2 0 0 2692 2693 1856 1929
10759 4 2 0 0 2692 1929 2003 2693
10760 4 2 0 0 2692 2991 1778 2693
10761 4 2 0 0 2692 2693 1778 1856
10762 4 2 0 0 2692 2863 2991 2693
10763 4 2 0 0 2692 2816 2863 2698
10764 4 2 0 0 2692 2698 2921 2816
10765 4 2 0 0 2692 2921 2698 2918
10766 4 2 0 0 2692 2918 2698 2863
10767 4 2 0 0 2693 2998 3093 2699
10768 4 2 0 0 2918 2699 2693 3093
10769 4 2 0 0 2863 2777 2693 2699
10770 4 2 0 0 2777 2998 2693 2699
10771 4 2 0 0 1963 2695 2696 1941
10772 4 2 0 0 1918 2695 2696 1963
10773 4 2 0 0 1845 2695 2696 1918
10774 4 2 0 0 2696 3088 2817 2695
10775 4 2 0 0 1941 3149 2695 2696
10776 4 2 0 0 2696 2817 3149 2695
10777 4 2 0 0 2047 2733 3098 2696
10778 4 2 0 0 2047 2068 2733 2696
10779 4 2 0 0 3086 2068 2696 2733
10780 4 2 0 0 2696 3086 2733 2868
10781 4 2 0 0 2696 2733 3098 2868
10782 4 2 0 0 3092 2869 3086 2697
10783 4 2 0 0 3086 2868 2697 2869
10784 4 2 0 0 3092 2869 2734 3086
10785 4 2 0 0 2868 2869 3086 2734
10786 4 2 0 0 2699 2918 2698 2899
10787 4 2 0 0 2863 2918 2698 2699
10788 4 2 0 0 2699 2698 2863 2818
10789 4 2 0 0 2699 2698 2818 2899
10790 4 2 0 0 2921 2869 2698 2735
10791 4 2 0 0 2921 2735 2698 2918
10792 4 2 0 0 2899 2869 2735 2698
10793 4 2 0 0 2918 2899 2735 2698
10794 4 2 0 0 2699 3084 3093 2899
10795 4 2 0 0 3084 2736 3093 2899
10796 4 2 0 0 2699 3084 2899 2827
10797 4 2 0 0 3084 2736 2899 2827
10798 4 2 0 0 1846 3285 1893 3267
10799 4 2 0 0 3219 3267 3285 1846
10800 4 2 0 0 3267 1893 1942 3285
10801 4 2 0 0 3087 3267 3285 3219
10802 4 2 0 0 3087 3285 3267 2819
10803 4 2 0 0 2819 3285 3267 3148
10804 4 2 0 0 2827 3256 2737 3155
10805 4 2 0 0 3267 2051 2048 3155
10806 4 2 0 0 3267 3155 2013 3256
10807 4 2 0 0 3267 2013 3155 2048
10808 4 2 0 0 3267 3256 2699 2827
10809 4 2 0 0 3267 3155 2827 2947
10810 4 2 0 0 2700 3149 2701 2817
10811 4 2 0 0 3149 2700 2701 2939
10812 4 2 0 0 2820 2701 2817 2700
10813 4 2 0 0 2820 2939 2701 2700
10814 4 2 0 0 3098 2738 2939 2701
10815 4 2 0 0 3098 2701 2868 2738
10816 4 2 0 0 2868 2701 2870 2738
10817 4 2 0 0 2701 2939 2870 2738
10818 4 2 0 0 2702 2870 2739 2868
10819 4 2 0 0 2702 2869 2868 2739
10820 4 2 0 0 2871 2739 2869 2702
10821 4 2 0 0 2702 2870 2871 2739
10822 4 2 0 0 2704 2818 2821 2703
10823 4 2 0 0 2704 2899 2818 2703
10824 4 2 0 0 2704 2821 2900 2703
10825 4 2 0 0 2704 2703 2900 2899
10826 4 2 0 0 2740 2899 2703 2869
10827 4 2 0 0 2740 2703 2871 2869
10828 4 2 0 0 2740 2703 2900 2871
10829 4 2 0 0 2740 2703 2899 2900
10830 4 2 0 0 2704 2900 2741 2899
10831 4 2 0 0 2899 2827 2741 2704
10832 4 2 0 0 2827 2828 2741 2704
10833 4 2 0 0 2704 2741 2900 2828
10834 4 2 0 0 2947 2705 2742 2827
10835 4 2 0 0 2827 2705 2742 2828
10836 4 2 0 0 3141 2947 2705 2742
10837 4 2 0 0 2705 3141 2742 2922
10838 4 2 0 0 2828 2742 2922 2705
10839 4 2 0 0 2820 2707 2864 2708
10840 4 2 0 0 2820 2708 2939 2707
10841 4 2 0 0 3063 2707 3064 2708
10842 4 2 0 0 2864 2708 2707 3063
10843 4 2 0 0 2939 2708 3064 2707
10844 4 2 0 0 2707 2714 1867 1786
10845 4 2 0 0 2707 2714 2020 1943
10846 4 2 0 0 2707 2714 1943 1867
10847 4 2 0 0 2992 1786 2714 2707
10848 4 2 0 0 2992 2707 2714 2864
10849 4 2 0 0 2864 2707 2714 3063
10850 4 2 0 0 2939 2708 2743 3064
10851 4 2 0 0 2939 2743 2708 2870
10852 4 2 0 0 2870 2743 2708 2901
10853 4 2 0 0 2743 3064 2708 3065
10854 4 2 0 0 2743 2708 2901 3065
10855 4 2 0 0 2823 2716 2709 2901
10856 4 2 0 0 2824 2709 2823 2716
10857 4 2 0 0 2824 2716 2902 2709
10858 4 2 0 0 2709 2902 2901 2716
10859 4 2 0 0 2870 2709 2744 2901
10860 4 2 0 0 2871 2744 2870 2709
10861 4 2 0 0 2871 2744 2709 2902
10862 4 2 0 0 2744 2901 2709 2902
10863 4 2 0 0 2900 2711 2710 2821
10864 4 2 0 0 2821 2710 2865 2711
10865 4 2 0 0 2865 2909 2711 2710
10866 4 2 0 0 2909 2711 2710 2900
10867 4 2 0 0 2824 2902 2717 2710
10868 4 2 0 0 2824 2710 2717 2865
10869 4 2 0 0 2865 2717 2909 2710
10870 4 2 0 0 2710 2909 2902 2717
10871 4 2 0 0 2871 2745 2710 2900
10872 4 2 0 0 2871 2710 2745 2902
10873 4 2 0 0 2909 2745 2900 2710
10874 4 2 0 0 2745 2909 2902 2710
10875 4 2 0 0 2865 2718 2711 2909
10876 4 2 0 0 2865 2718 2782 2711
10877 4 2 0 0 2782 2718 2872 2711
10878 4 2 0 0 2909 2718 2711 2872
10879 4 2 0 0 2746 2711 2909 2900
10880 4 2 0 0 2900 2711 2828 2746
10881 4 2 0 0 2828 2711 2872 2746
10882 4 2 0 0 2746 2872 2909 2711
10883 4 2 0 0 1868 2720 1944 2713
10884 4 2 0 0 1868 2713 1787 2720
10885 4 2 0 0 1944 2019 2713 2720
10886 4 2 0 0 2993 2713 2720 1787
10887 4 2 0 0 2866 2720 2993 2713
10888 4 2 0 0 2719 2720 2866 2712
10889 4 2 0 0 2719 2712 3067 2720
10890 4 2 0 0 3067 2713 2019 2720
10891 4 2 0 0 2999 2946 3063 2714
10892 4 2 0 0 2864 3063 2714 2999
10893 4 2 0 0 2864 2714 2783 2999
10894 4 2 0 0 2748 3000 2946 2715
10895 4 2 0 0 2748 3065 2901 2715
10896 4 2 0 0 2748 2946 3065 2715
10897 4 2 0 0 2748 3000 2715 2829
10898 4 2 0 0 2748 2901 2829 2715
10899 4 2 0 0 2902 2749 2901 2716
10900 4 2 0 0 2829 2716 2901 2749
10901 4 2 0 0 2830 2716 2829 2749
10902 4 2 0 0 2830 2749 2902 2716
10903 4 2 0 0 2865 2717 2718 2909
10904 4 2 0 0 2784 2718 2865 2717
10905 4 2 0 0 2873 2718 2784 2717
10906 4 2 0 0 2873 2718 2717 2909
10907 4 2 0 0 2909 2750 2902 2717
10908 4 2 0 0 2830 2750 2717 2902
10909 4 2 0 0 2873 2750 2717 2830
10910 4 2 0 0 2873 2909 2717 2750
10911 4 2 0 0 2751 2718 2909 2872
10912 4 2 0 0 2873 2718 2909 2751
10913 4 2 0 0 2751 2787 2718 2872
10914 4 2 0 0 2873 2787 2718 2751
10915 4 2 0 0 3066 3067 2943 2719
10916 4 2 0 0 2752 2719 2872 3066
10917 4 2 0 0 2752 3002 2719 2943
10918 4 2 0 0 2752 2872 2719 2787
10919 4 2 0 0 2752 2719 3066 2943
10920 4 2 0 0 2752 2787 2719 3002
10921 4 2 0 0 2722 2721 2999 2783
10922 4 2 0 0 2722 2995 1825 2721
10923 4 2 0 0 2722 2678 2721 2783
10924 4 2 0 0 2722 2999 1898 1968
10925 4 2 0 0 2722 1898 2721 1825
10926 4 2 0 0 2722 2721 1898 2999
10927 4 2 0 0 2722 2995 2728 1947
10928 4 2 0 0 1865 1781 2995 2728
10929 4 2 0 0 1947 1865 1883 2995
10930 4 2 0 0 2722 2728 2995 2825
10931 4 2 0 0 2722 2728 2825 3048
10932 4 2 0 0 2753 2080 2017 2722
10933 4 2 0 0 2017 2722 2027 2753
10934 4 2 0 0 2086 2017 2027 2753
10935 4 2 0 0 3049 3000 2722 2753
10936 4 2 0 0 3049 2829 2722 3000
10937 4 2 0 0 3049 2722 2080 2753
10938 4 2 0 0 3048 2932 2729 2723
10939 4 2 0 0 3048 2723 2729 2825
10940 4 2 0 0 3048 2723 3100 2932
10941 4 2 0 0 2826 2729 2723 2825
10942 4 2 0 0 3050 2932 2723 2729
10943 4 2 0 0 2826 2729 3050 2723
10944 4 2 0 0 2754 2723 3100 3049
10945 4 2 0 0 2754 3049 2829 2723
10946 4 2 0 0 2754 2932 3100 2723
10947 4 2 0 0 2754 2830 2723 2829
10948 4 2 0 0 3051 2830 2723 2754
10949 4 2 0 0 3051 2723 2932 2754
10950 4 2 0 0 2724 2784 2873 2725
10951 4 2 0 0 2724 2784 2725 2867
10952 4 2 0 0 2724 2725 3068 2933
10953 4 2 0 0 2724 2725 2933 2867
10954 4 2 0 0 2724 2725 2873 3068
10955 4 2 0 0 2724 2730 3050 2826
10956 4 2 0 0 2724 2730 2826 2867
10957 4 2 0 0 2724 3227 3050 2730
10958 4 2 0 0 2724 2867 2933 2730
10959 4 2 0 0 2724 2933 2925 2730
10960 4 2 0 0 2925 2730 3227 2724
10961 4 2 0 0 2755 3051 2830 2724
10962 4 2 0 0 2755 3227 3051 2724
10963 4 2 0 0 2755 2830 2873 2724
10964 4 2 0 0 2755 2925 3227 2724
10965 4 2 0 0 2755 3068 2724 2873
10966 4 2 0 0 2755 3068 2925 2724
10967 4 2 0 0 2933 2731 2725 3099
10968 4 2 0 0 2933 2725 2731 2867
10969 4 2 0 0 2731 2786 2867 2725
10970 4 2 0 0 3099 2725 2732 2731
10971 4 2 0 0 2731 2732 2786 2725
10972 4 2 0 0 2933 3099 2725 2756
10973 4 2 0 0 3068 2725 2873 2756
10974 4 2 0 0 2756 2873 2787 2725
10975 4 2 0 0 3068 2756 2933 2725
10976 4 2 0 0 2756 2787 3099 2725
10977 4 2 0 0 2726 1826 2997 2727
10978 4 2 0 0 2726 2727 2683 2785
10979 4 2 0 0 2726 3001 2727 2785
10980 4 2 0 0 2726 1899 2727 3001
10981 4 2 0 0 2726 1899 1826 2727
10982 4 2 0 0 2726 1899 3001 1969
10983 4 2 0 0 1884 2726 2732 1948
10984 4 2 0 0 1884 2997 1806 2732
10985 4 2 0 0 1884 2732 2726 2997
10986 4 2 0 0 2726 2732 2786 2997
10987 4 2 0 0 2081 2726 2757 2018
10988 4 2 0 0 2726 2757 2787 3099
10989 4 2 0 0 2726 2787 2757 3002
10990 4 2 0 0 2081 3099 2757 2726
10991 4 2 0 0 2087 2028 2018 2757
10992 4 2 0 0 2028 2757 2726 2018
10993 4 2 0 0 2925 1960 2933 2039
10994 4 2 0 0 3130 1828 2731 1876
10995 4 2 0 0 2730 3130 2867 2731
10996 4 2 0 0 2730 1876 3130 2731
10997 4 2 0 0 2730 1960 1876 2731
10998 4 2 0 0 2933 2867 2731 2730
10999 4 2 0 0 2933 2731 1960 2730
11000 4 2 0 0 2918 3093 2735 2899
11001 4 2 0 0 2271 2736 2735 2233
11002 4 2 0 0 2233 2735 2178 2736
11003 4 2 0 0 2918 2178 2735 3093
11004 4 2 0 0 2318 3052 2735 2271
11005 4 2 0 0 3052 2735 2271 2736
11006 4 2 0 0 3052 2736 2899 2735
11007 4 2 0 0 2740 2899 3052 2741
11008 4 2 0 0 2740 3052 2959 2741
11009 4 2 0 0 2740 2900 2899 2741
11010 4 2 0 0 2740 3052 3222 2959
11011 4 2 0 0 2746 2741 2900 2959
11012 4 2 0 0 2900 2959 2741 2740
11013 4 2 0 0 2743 2221 2161 2748
11014 4 2 0 0 2330 2748 2279 2743
11015 4 2 0 0 2743 2221 2748 2279
11016 4 2 0 0 2743 3065 2901 2748
11017 4 2 0 0 2743 2161 3065 2748
11018 4 2 0 0 2743 2901 3053 2748
11019 4 2 0 0 2330 2748 2743 3053
11020 4 2 0 0 3135 3104 2749 2744
11021 4 2 0 0 2744 2901 2902 2749
11022 4 2 0 0 3135 2749 3053 2744
11023 4 2 0 0 2744 2749 3053 2901
11024 4 2 0 0 3104 3054 2749 2744
11025 4 2 0 0 2744 3054 2749 2902
11026 4 2 0 0 2746 2745 2900 2909
11027 4 2 0 0 2746 2745 3105 2959
11028 4 2 0 0 3069 2745 3003 3105
11029 4 2 0 0 2746 3105 2745 3069
11030 4 2 0 0 2746 2909 3069 2745
11031 4 2 0 0 2745 2750 2902 2909
11032 4 2 0 0 2745 2902 2750 3054
11033 4 2 0 0 2745 3054 2750 3003
11034 4 2 0 0 2745 3069 3003 2750
11035 4 2 0 0 2745 3069 2750 2909
11036 4 2 0 0 2746 3105 2751 3136
11037 4 2 0 0 2746 2909 2751 3069
11038 4 2 0 0 2746 2872 2751 2909
11039 4 2 0 0 2746 3105 3069 2751
11040 4 2 0 0 2746 3004 3136 2751
11041 4 2 0 0 2746 3004 2751 2872
11042 4 2 0 0 2278 2329 2747 2752
11043 4 2 0 0 2278 2747 2220 2752
11044 4 2 0 0 2752 2872 2747 3066
11045 4 2 0 0 2752 2747 2220 2160
11046 4 2 0 0 3004 2329 2752 2747
11047 4 2 0 0 3004 2872 2747 2752
11048 4 2 0 0 2752 2747 2160 3066
11049 4 2 0 0 3161 3069 2873 2750
11050 4 2 0 0 3069 2751 2873 2909
11051 4 2 0 0 2873 3069 2909 2750
11052 4 2 0 0 3069 2751 3161 2873
11053 4 2 0 0 3122 2751 2873 3161
11054 4 2 0 0 2755 3122 2319 2756
11055 4 2 0 0 2755 2873 3122 2756
11056 4 2 0 0 2755 2756 3068 2873
11057 4 2 0 0 2755 2756 2269 2223
11058 4 2 0 0 2755 2223 2169 2756
11059 4 2 0 0 2755 2756 2169 3068
11060 4 2 0 0 2463 2460 2759 3105
11061 4 2 0 0 2457 3105 2463 2759
11062 4 2 0 0 3003 2467 2466 2461
11063 4 2 0 0 3003 2467 2759 2466
11064 4 2 0 0 547 2986 531 478
11065 4 2 0 0 479 546 2987 532
11066 4 2 0 0 1926 1941 1996 3149
11067 4 2 0 0 1926 3284 1941 3149
11068 4 2 0 0 3148 1942 1997 1927
11069 4 2 0 0 3148 1942 1927 3285
11070 4 2 0 0 244 2494 2952 240
11071 4 2 0 0 1205 1299 2911 1232
11072 4 2 0 0 2917 1138 1232 2591
11073 4 2 0 0 2917 2911 1232 1205
11074 4 2 0 0 2911 2591 2917 1232
11075 4 2 0 0 2914 1237 2635 1331
11076 4 2 0 0 1169 1237 2912 1264
11077 4 2 0 0 1237 2914 2635 2912
11078 4 2 0 0 2912 1237 2914 1264
11079 4 2 0 0 1233 1300 2910 1206
11080 4 2 0 0 1233 2916 2594 1139
11081 4 2 0 0 2916 1233 2910 1206
11082 4 2 0 0 2910 2594 1233 2916
11083 4 2 0 0 2913 1263 2639 1170
11084 4 2 0 0 2639 1238 1263 1332
11085 4 2 0 0 1170 1263 2639 1238
11086 4 2 0 0 2913 1263 2915 2639
11087 4 2 0 0 2095 2046 2933 2111
11088 4 2 0 0 2933 2046 3099 2111
11089 4 2 0 0 2110 2094 2045 2932
11090 4 2 0 0 2110 2932 2045 3100
11091 4 2 0 0 360 379 428 2934
11092 4 2 0 0 360 2934 428 3101
11093 4 2 0 0 429 361 2931 380
11094 4 2 0 0 429 361 3102 2931
11095 4 2 0 0 3167 1604 1641 1687
11096 4 2 0 0 1688 1617 3269 1605
11097 4 2 0 0 1688 3168 1605 3269
11098 4 2 0 0 784 3250 868 2553
11099 4 2 0 0 2507 2553 3250 784
11100 4 2 0 0 3268 785 777 829
11101 4 2 0 0 3268 829 869 785
11102 4 2 0 0 1770 1743 3075 1681
11103 4 2 0 0 1681 1743 3075 1658
11104 4 2 0 0 1680 1742 3076 1769
11105 4 2 0 0 1680 1657 3076 1742
11106 4 2 0 0 703 790 3077 729
11107 4 2 0 0 729 790 3077 812
11108 4 2 0 0 730 791 3078 704
11109 4 2 0 0 813 791 3078 730
11110 4 2 0 0 1430 2935 2648 2910
11111 4 2 0 0 2935 2654 2648 2910
11112 4 2 0 0 2644 2911 2936 1429
11113 4 2 0 0 2644 2911 2650 2936
11114 4 2 0 0 2937 2635 2852 2912
11115 4 2 0 0 1144 2635 1042 2912
11116 4 2 0 0 2938 2913 2810 2639
11117 4 2 0 0 1072 2913 2938 2639
11118 4 2 0 0 3092 2869 2921 2735
11119 4 2 0 0 2519 2945 3057 3027
11120 4 2 0 0 3065 3063 3064 2708
11121 4 2 0 0 3065 3063 2946 3064
11122 4 2 0 0 2888 2950 2646 3282
11123 4 2 0 0 2951 2904 2646 2954
11124 4 2 0 0 1699 1692 2647 1630
11125 4 2 0 0 1677 2960 1692 2647
11126 4 2 0 0 1630 1692 2647 1608
11127 4 2 0 0 1677 2647 1692 1608
11128 4 2 0 0 1692 2647 2960 2693
11129 4 2 0 0 1699 2647 1692 2693
11130 4 2 0 0 1629 1607 3203 1691
11131 4 2 0 0 3203 2645 1691 1676
11132 4 2 0 0 3203 1691 1607 1676
11133 4 2 0 0 2691 2645 1691 3203
11134 4 2 0 0 795 3205 2585 781
11135 4 2 0 0 781 2538 3205 2585
11136 4 2 0 0 795 781 867 3205
11137 4 2 0 0 867 843 3205 781
11138 4 2 0 0 3204 780 866 794
11139 4 2 0 0 3204 780 794 2583
11140 4 2 0 0 3204 2583 2536 780
11141 4 2 0 0 842 780 866 3204
11142 4 2 0 0 873 3280 778 824
11143 4 2 0 0 873 3163 778 3280
11144 4 2 0 0 825 872 3279 779
11145 4 2 0 0 779 3279 3166 872
11146 4 2 0 0 3272 1600 1693 1644
11147 4 2 0 0 3272 1693 1600 3164
11148 4 2 0 0 1645 1601 1694 3273
11149 4 2 0 0 1694 3273 1601 3165
11150 4 2 0 0 1629 1607 1542 3203
11151 4 2 0 0 3263 1542 1523 1607
11152 4 2 0 0 3263 1523 1542 3193
11153 4 2 0 0 931 843 3205 867
11154 4 2 0 0 931 867 3264 948
11155 4 2 0 0 931 3194 948 3264
11156 4 2 0 0 3265 947 866 930
11157 4 2 0 0 842 866 930 3204
11158 4 2 0 0 3265 947 930 3195
11159 4 2 0 0 3014 1157 1073 1074
11160 4 2 0 0 3014 1074 3172 1157
11161 4 2 0 0 3173 1075 1031 1114
11162 4 2 0 0 2552 1114 3173 1031
11163 4 2 0 0 2601 1114 1158 3173
11164 4 2 0 0 2552 2846 3173 2601
11165 4 2 0 0 2552 3173 1114 2601
11166 4 2 0 0 1699 1630 2647 3206
11167 4 2 0 0 3206 1543 1630 2647
11168 4 2 0 0 1630 2647 1543 1608
11169 4 2 0 0 3263 3203 1542 1607
11170 4 2 0 0 3263 1542 3203 3193
11171 4 2 0 0 3263 1594 1607 1523
11172 4 2 0 0 3205 867 3264 931
11173 4 2 0 0 3205 3194 931 3264
11174 4 2 0 0 877 867 948 3264
11175 4 2 0 0 3265 930 866 3204
11176 4 2 0 0 3265 930 3204 3195
11177 4 2 0 0 3265 876 866 947
11178 4 2 0 0 1608 1595 3266 1524
11179 4 2 0 0 1524 3266 1543 3196
11180 4 2 0 0 1608 1543 1524 3266
11181 4 2 0 0 3067 2720 2943 2719
11182 4 2 0 0 2019 2720 2043 2943
11183 4 2 0 0 3067 2019 2943 2720
11184 4 2 0 0 452 430 2507 2944
11185 4 2 0 0 452 2944 2507 2514
11186 4 2 0 0 2514 452 2944 3056
11187 4 2 0 0 2514 3056 2944 2515
11188 4 2 0 0 2515 2514 2840 2944
11189 4 2 0 0 186 3286 202 154
11190 4 2 0 0 2756 2287 2319 2269
11191 4 2 0 0 1225 1313 1261 3238
11192 4 2 0 0 1171 1261 3238 1225
11193 4 2 0 0 1245 1207 1157 3172
11194 4 2 0 0 1245 3172 1297 1207
11195 4 2 0 0 1246 1208 3220 1158
11196 4 2 0 0 1246 1208 1298 3220
11197 4 2 0 0 1246 1158 3220 2601
11198 4 2 0 0 1224 1262 1312 3186
11199 4 2 0 0 1172 3186 1262 1224
11200 4 2 0 0 1172 1214 1262 3186
11201 4 2 0 0 749 3132 671 719
11202 4 2 0 0 749 3131 718 671
11203 4 2 0 0 749 3131 671 3132
11204 4 2 0 0 1754 1721 3129 1802
11205 4 2 0 0 1802 3130 1755 1721
11206 4 2 0 0 3129 1721 3130 1802
11207 4 2 0 0 124 86 3260 111
11208 4 2 0 0 3258 2384 2349 2361
11209 4 2 0 0 3259 2350 2385 2362
11210 4 2 0 0 3257 85 123 110
11211 4 2 0 0 3016 2974 2955 2609
11212 4 2 0 0 2478 3079 3162 3026
11213 4 2 0 0 3170 3079 2469 2478
11214 4 2 0 0 2750 3069 3003 3161
11215 4 2 0 0 1608 1595 1677 3266
11216 4 2 0 0 1677 2960 3266 1595
11217 4 2 0 0 3263 1594 2975 1676
11218 4 2 0 0 3263 1594 2644 2975
11219 4 2 0 0 3263 1594 1676 1607
11220 4 2 0 0 877 3264 2970 795
11221 4 2 0 0 877 867 3264 795
11222 4 2 0 0 3264 2970 2586 877
11223 4 2 0 0 3265 876 2582 3012
11224 4 2 0 0 3265 794 876 3012
11225 4 2 0 0 3265 866 876 794
$EndElements
