v -20.8831 -11.5485 7.92
v -19.4096 -10.195 6.10046
v -21.5132 -11.7005 8.58636
v -21.6208 -11.4704 8.63061
v -21.4057 -11.9306 8.54213
v -22.0392 -12.0769 9.20785
v -21.9282 -12.3128 9.16426
v -22.4508 -12.6949 9.78639
v -22.9733 -13.0771 10.4085
v -20.764 -10.2921 7.48008
v -20.6631 -10.5107 7.43452
v -20.5623 -10.7292 7.38897
v -23.3748 -13.7124 10.989
v -21.0915 -11.0998 8.0098
v -20.9873 -11.3242 7.9649
v -20.3476 -12.6533 7.69549
v -19.9571 -12.0406 7.11563
v -20.4662 -12.4458 7.7404
v -20.2597 -11.3849 7.2523
v -19.5037 -9.98801 6.14733
v -20.3605 -11.1664 7.29785
v -19.8402 -12.2451 7.07008
v -19.1272 -10.8161 5.95985
v -20.033 -10.3586 6.76815
v -19.9355 -10.5714 6.72194
v -19.838 -10.7842 6.67573
v -19.7405 -10.997 6.62952
v -19.2213 -10.6091 6.00672
v -19.3154 -10.4021 6.05359
v -20.4614 -10.9478 7.34341
v -23.1327 -14.2187 10.9058
v -23.2537 -13.9655 10.9474
v -21.8172 -12.5486 9.12067
v -22.3364 -12.9366 9.74347
v -22.2221 -13.1782 9.70053
v -22.1078 -13.4198 9.6576
v -22.6202 -13.8193 10.2817
v -22.7379 -13.5719 10.324
v -22.8556 -13.3245 10.3663
v -23.3923 -15.1024 11.448
v -23.6451 -14.6181 11.5299
v -23.7696 -14.3592 11.5709
v -23.0116 -14.4719 10.8642
v -23.5207 -14.8771 11.489
v -22.5025 -14.0667 10.2394
v -21.9934 -13.6614 9.61468
v -20.7789 -11.7728 7.8751
v -20.058 -11.8221 7.16119
v -20.1588 -11.6035 7.20674
v -19.643 -11.2098 6.5833
v -21.87 -13.8778 9.57174
v -21.5953 -13.0204 9.0335
v -21.7063 -12.7845 9.07709
v -21.4844 -13.2562 8.98992
v -20.9753 -12.851 8.36516
v -20.6746 -11.9972 7.8302
v -21.0829 -12.6209 8.4094
v -21.1905 -12.3908 8.45364
v -21.2981 -12.1607 8.49789
v -20.5704 -12.2215 7.7853
v -22.2523 -14.5054 10.1549
v -21.2407 -13.6831 8.90273
v -21.3625 -13.4697 8.94632
v -20.6146 -13.4823 8.23241
v -20.7349 -13.2719 8.27666
v -20.8551 -13.0615 8.32091
v -21.1188 -13.8965 8.85914
v -23.264 -15.3278 11.407
v -20.997 -14.1099 8.81554
v -21.7465 -14.0943 9.5288
v -22.3774 -14.286 10.1972
v -22.8849 -14.6942 10.8226
v -22.7581 -14.9166 10.7809
v -22.6314 -15.139 10.7393
v -23.1356 -15.5532 11.366
v -18.1431 -12.6196 5.53804
v -19.1385 -13.4718 6.79673
v -19.2554 -13.2674 6.84229
v -19.3724 -13.0629 6.88785
v -19.4893 -12.8585 6.9334
v -19.7547 -13.6905 7.47098
v -19.6361 -13.8979 7.42608
v -18.2568 -12.4211 5.58491
v -18.3705 -12.2226 5.63178
v -18.6408 -13.0457 6.16739
v -18.4842 -12.0242 5.67864
v -18.7561 -12.8442 6.2136
v -18.8714 -12.6428 6.25982
v -18.9868 -12.4413 6.30603
v -18.5979 -11.8257 5.72551
v -18.9046 -13.8807 6.70562
v -18.5255 -13.2472 6.12118
v -20.8822 -15.6091 9.22824
v -20.3878 -15.177 8.59758
v -17.9158 -13.0166 5.44431
v -19.0215 -13.6763 6.75117
v -19.8934 -14.7449 7.96693
v -19.399 -14.3128 7.33628
v -18.4102 -13.4487 6.07496
v -18.0295 -12.8181 5.49117
v -19.5175 -14.1054 7.38117
v -20.5096 -14.9636 8.64117
v -20.1338 -14.324 8.05542
v -21.1291 -15.1763 9.31411
v -20.0136 -14.5345 8.01118
v -19.6063 -12.654 6.97896
v -19.5455 -11.4226 6.53709
v -19.448 -11.6354 6.49087
v -19.3327 -11.8369 6.44467
v -19.1021 -12.2398 6.35224
v -20.4944 -13.6928 8.18817
v -19.0331 -11.0232 5.91298
v -18.8252 -11.4287 5.81925
v -18.9389 -11.2302 5.86612
v -18.7116 -11.6272 5.77238
v -19.9919 -13.2756 7.56078
v -20.1104 -13.0682 7.60568
v -20.229 -12.8607 7.65059
v -19.7232 -12.4495 7.02452
v -19.2174 -12.0384 6.39846
v -22.4937 -16.68 11.1612
v -22.3653 -16.9053 11.1202
v -20.8751 -14.3233 8.77195
v -20.7533 -14.5367 8.72836
v -20.6314 -14.7502 8.68477
v -21.0056 -15.3927 9.27117
v -21.8709 -16.4732 10.4895
v -19.8733 -13.4831 7.51588
v -21.6268 -15.6024 9.94346
v -21.5017 -15.8218 9.90117
v -21.3766 -16.0412 9.85889
v -20.3742 -13.9032 8.14392
v -20.254 -14.1136 8.09967
v -22.1244 -16.0285 10.5728
v -21.9977 -16.2509 10.5312
v -21.7519 -15.383 9.98574
v -21.877 -15.1636 10.028
v -22.0021 -14.9442 10.0703
v -22.1272 -14.7248 10.1126
v -23.0072 -15.7785 11.3251
v -21.2526 -14.9599 9.35705
v -21.3761 -14.7435 9.39999
v -21.4995 -14.5271 9.44293
v -21.623 -14.3107 9.48586
v -22.6221 -16.4546 11.2021
v -22.7505 -16.2292 11.2431
v -22.8788 -16.0039 11.2841
v -22.3779 -15.5837 10.6561
v -22.2512 -15.8061 10.6144
v -22.5047 -15.3614 10.6977
v -24.8717 -10.1001 11.5719
v -24.4864 -11.1468 11.4053
v -24.0294 -10.5618 10.8314
v -25.3343 -10.6731 12.1445
v -24.1229 -10.3061 10.8737
v -24.2164 -10.0504 10.916
v -24.3099 -9.79479 10.9583
v -25.2352 -10.9408 12.1036
v -23.5667 -9.98879 10.2588
v -25.1361 -11.2084 12.0626
v -25.037 -11.4761 12.0216
v -24.9379 -11.7437 11.9806
v -24.7754 -10.3618 11.5303
v -24.679 -10.6234 11.4886
v -24.5827 -10.8851 11.447
v -22.3693 -9.59182 8.98462
v -22.8347 -10.1588 9.55661
v -24.2938 -11.6701 11.322
v -22.9227 -9.91513 9.60021
v -24.1975 -11.9317 11.2804
v -24.7397 -12.279 11.8986
v -24.8388 -12.0114 11.9396
v -23.8423 -11.0731 10.7468
v -24.3901 -11.4084 11.3637
v -23.476 -10.2385 10.2158
v -22.4545 -9.35415 9.02888
v -23.2946 -10.7378 10.1299
v -22.7468 -10.4025 9.51301
v -23.0106 -9.67147 9.64382
v -23.3853 -10.4881 10.1729
v -22.7721 -8.39808 9.20592
v -20.3038 -7.8712 6.61601
v -20.3778 -7.65752 6.66288
v -21.2626 -8.94518 7.75345
v -23.3388 -8.69123 9.81825
v -21.4217 -8.49384 7.84457
v -22.7099 -8.64115 9.16165
v -23.2744 -8.94047 9.77463
v -22.8343 -8.15501 9.25019
v -22.2054 -8.10493 8.5936
v -23.8389 -9.2398 10.3876
v -22.2654 -7.86803 8.63852
v -20.9395 -7.96285 7.27651
v -20.8628 -8.18252 7.23029
v -23.7482 -9.48946 10.3447
v -22.063 -8.57349 8.50377
v -23.6575 -9.73912 10.3017
v -23.4677 -8.19274 9.9055
v -23.4033 -8.44198 9.86187
v -23.0985 -9.4278 9.68742
v -21.5808 -8.0425 7.9357
v -23.9722 -8.72896 10.4735
v -22.1454 -8.34183 8.54867
v -23.1865 -9.18414 9.73102
v -23.9056 -8.98438 10.4306
v -21.9807 -8.80516 8.45886
v -22.5396 -9.11648 9.07314
v -22.6247 -8.87882 9.11739
v -24.4035 -9.53913 11.0006
v -21.7542 -7.35034 8.0724
v -21.6964 -7.58106 8.02684
v -21.1275 -7.29408 7.41516
v -21.0719 -7.51863 7.36894
v -21.0163 -7.74318 7.32272
v -21.6386 -7.81178 7.98127
v -21.1831 -7.06953 7.46137
v -20.4518 -7.44385 6.70974
v -21.2387 -6.84499 7.5076
v -20.5052 -7.22548 6.75662
v -20.5586 -7.00711 6.80348
v -20.612 -6.78873 6.85035
v -21.5013 -8.26817 7.89013
v -20.6654 -6.57036 6.89721
v -20.7188 -6.35199 6.94409
v -21.1831 -9.17085 7.70789
v -21.1035 -9.39652 7.66232
v -21.8983 -9.03683 8.41395
v -21.816 -9.2685 8.36904
v -21.7336 -9.50017 8.32413
v -20.786 -8.40219 7.18407
v -20.7093 -8.62186 7.13786
v -21.4866 -10.1952 8.18941
v -20.6325 -8.84154 7.09164
v -21.3422 -8.71951 7.79901
v -22.2842 -9.82948 8.94037
v -20.2299 -8.08487 6.56914
v -20.0819 -8.51222 6.4754
v -20.1559 -8.29855 6.52227
v -21.4042 -10.4268 8.14449
v -20.1305 -10.1458 6.81436
v -20.4022 -9.50055 6.95299
v -21.3 -10.6512 8.0996
v -20.9444 -9.84786 7.5712
v -21.1958 -10.8755 8.0547
v -20.228 -9.93302 6.86057
v -19.86 -9.15324 6.33481
v -19.6919 -9.57395 6.24106
v -19.5978 -9.78098 6.19419
v -19.7861 -9.36691 6.28793
v -21.7284 -11.2403 8.67485
v -21.836 -11.0102 8.71909
v -20.3254 -9.72022 6.90679
v -20.8648 -10.0735 7.52563
v -21.6513 -9.73184 8.27922
v -23.7488 -11.3288 10.7045
v -22.1139 -10.3048 8.85185
v -22.199 -10.0672 8.89611
v -23.6553 -11.5844 10.6622
v -23.9801 -12.4466 11.1971
v -24.5161 -12.8056 11.8166
v -22.6589 -10.6461 9.4694
v -24.6406 -12.5467 11.8576
v -22.5709 -10.8898 9.4258
v -23.5618 -11.8401 10.6199
v -24.1012 -12.1934 11.2387
v -23.2038 -10.9874 10.0869
v -23.1131 -11.2371 10.044
v -23.9359 -10.8174 10.7891
v -20.479 -9.28088 6.99921
v -21.0239 -9.62219 7.61676
v -21.5689 -9.9635 8.23432
v -20.5557 -9.06121 7.04542
v -20.008 -8.72589 6.42853
v -22.0288 -10.5425 8.8076
v -23.3264 -12.3349 10.5353
v -23.4441 -12.0875 10.5776
v -22.7937 -11.97 9.91518
v -22.9081 -11.7284 9.95811
v -22.2611 -11.6052 9.29502
v -19.934 -8.93956 6.38167
v -21.9436 -10.7802 8.76334
v -22.483 -11.1335 9.38219
v -23.0224 -11.4868 10.001
v -24.2673 -13.3235 11.7347
v -24.0184 -13.8414 11.6528
v -24.3917 -13.0646 11.7757
v -24.1428 -13.5824 11.6938
v -22.372 -11.3693 9.3386
v -22.1501 -11.8411 9.25143
v -22.6794 -12.2117 9.87225
v -22.5651 -12.4533 9.82932
v -23.2087 -12.5823 10.4931
v -23.091 -12.8297 10.4508
v -23.894 -14.1003 11.6118
v -23.4959 -13.4592 11.0307
v -23.6169 -13.206 11.0723
v -23.738 -12.9529 11.1139
v -23.859 -12.6997 11.1555
v -22.316 -4.56384 8.61928
v -21.2374 -3.26666 7.60024
v -21.7561 -4.13044 8.06225
v -24.0981 -5.18181 10.4291
v -24.1387 -4.92923 10.4727
v -21.2257 -3.48853 7.55337
v -24.1794 -4.67665 10.5163
v -22.9849 -4.28984 9.3124
v -21.1931 -3.70964 7.5065
v -21.1605 -3.93075 7.45963
v -22.4234 -3.86275 8.75601
v -23.0223 -4.04986 9.35733
v -24.6921 -5.38779 11.0323
v -21.2492 -3.04478 7.6471
v -23.8949 -6.44469 10.2109
v -23.9355 -6.19211 10.2545
v -23.3479 -5.96095 9.64866
v -21.7904 -3.90304 8.10847
v -23.3869 -5.71466 9.69294
v -22.7977 -5.48979 9.08775
v -22.8352 -5.2498 9.13268
v -22.2443 -5.03123 8.52812
v -22.2802 -4.79753 8.5737
v -22.3876 -4.09645 8.71043
v -21.6877 -4.58525 7.9698
v -21.7219 -4.35784 8.01603
v -21.8246 -3.67564 8.15469
v -21.1279 -4.15185 7.41276
v -21.0953 -4.37296 7.36589
v -25.9257 -5.52832 12.2805
v -25.8802 -5.79978 12.2388
v -25.8347 -6.07124 12.1971
v -22.8726 -5.00981 9.17761
v -23.504 -4.97581 9.82579
v -23.465 -5.2221 9.78151
v -24.0574 -5.43438 10.3854
v -24.7344 -5.12892 11.0753
v -24.6499 -5.64667 10.9893
v -25.2861 -5.59379 11.6356
v -25.2423 -5.85895 11.5932
v -25.9711 -5.25686 12.3222
v -26.5213 -5.72801 12.8831
v -26.4742 -6.00577 12.8421
v -26.4271 -6.28352 12.801
v -26.1185 -7.94623 12.5547
v -24.5231 -6.42328 10.8603
v -24.4808 -6.68216 10.8173
v -25.1107 -6.65445 11.4662
v -25.0668 -6.91961 11.4238
v -26.0452 -8.22018 12.5137
v -25.6528 -7.15707 12.0303
v -25.6058 -9.86383 12.2676
v -25.679 -9.58989 12.3086
v -25.6073 -7.42853 11.9886
v -25.023 -7.18478 11.3815
v -25.1811 -9.03514 11.7386
v -25.2521 -8.76738 11.7803
v -25.7522 -9.31595 12.3496
v -25.5363 -7.6963 11.9469
v -25.6983 -6.88561 12.072
v -25.7892 -6.3427 12.1554
v -24.5653 -6.16441 10.9033
v -24.6076 -5.90554 10.9463
v -23.9761 -5.93954 10.2981
v -24.0168 -5.68696 10.3418
v -23.426 -5.46838 9.73723
v -25.1984 -6.12411 11.5509
v -25.1546 -6.38928 11.5085
v -25.7438 -6.61415 12.1137
v -26.1917 -7.67229 12.5958
v -26.3801 -6.56127 12.76
v -26.333 -6.83903 12.7189
v -26.2859 -7.11678 12.6779
v -26.2388 -7.39453 12.6368
v -23.1454 -6.93965 9.47155
v -25.8255 -9.042 12.3906
v -25.8987 -8.76806 12.4317
v -22.6255 -6.44666 8.90804
v -25.972 -8.49412 12.4727
v -23.7254 -7.19576 10.08
v -25.3232 -8.49961 11.8219
v -25.3942 -8.23184 11.8636
v -25.4653 -7.96407 11.9053
v -24.7476 -8.23116 11.2122
v -24.8165 -7.96956 11.2545
v -24.8853 -7.70797 11.2968
v -24.2387 -7.70728 10.6454
v -24.3053 -7.45187 10.6884
v -23.6609 -7.445 10.0364
v -24.1721 -7.96271 10.6025
v -24.1054 -8.21812 10.5595
v -24.0388 -8.47354 10.5165
v -24.968 -9.83845 11.6136
v -23.5321 -7.94349 9.94912
v -24.6788 -8.49275 11.1699
v -24.61 -8.75434 11.1275
v -24.5411 -9.01594 11.0852
v -24.4723 -9.27753 11.0429
v -23.5965 -7.69425 9.99274
v -23.0832 -7.18272 9.42728
v -25.039 -9.57068 11.6552
v -25.1101 -9.30291 11.6969
v -25.5325 -10.1378 12.2265
v -25.4334 -10.4054 12.1855
v -22.5654 -6.68356 8.86311
v -22.3254 -7.63114 8.68343
v -23.021 -7.4258 9.383
v -21.8121 -7.11962 8.11798
v -21.8699 -6.88889 8.16355
v -21.9855 -6.42745 8.25469
v -20.8255 -5.91524 7.03782
v -20.7721 -6.13361 6.99095
v -22.3854 -7.39424 8.72836
v -22.0433 -6.19673 8.30026
v -21.2943 -6.62044 7.55381
v -22.4454 -7.15734 8.77328
v -22.5054 -6.92045 8.8182
v -21.3499 -6.39589 7.60003
v -21.4055 -6.17135 7.64625
v -20.8789 -5.69687 7.08468
v -23.2076 -6.69659 9.51582
v -21.9277 -6.65817 8.20912
v -22.1727 -5.49861 8.43698
v -23.3089 -6.20723 9.60437
v -22.7229 -5.96977 8.99788
v -22.7603 -5.72978 9.04282
v -24.4386 -6.94103 10.7744
v -24.9541 -7.44637 11.3392
v -23.8542 -6.69727 10.1672
v -23.2698 -6.45352 9.56009
v -22.9588 -7.66887 9.33873
v -22.8965 -7.91194 9.29447
v -23.7898 -6.94652 10.1236
v -24.372 -7.19644 10.7314
v -22.1011 -5.966 8.34582
v -20.9323 -5.4785 7.13156
v -22.6855 -6.20976 8.95296
v -20.9649 -5.25739 7.17843
v -20.9975 -5.03628 7.22529
v -21.0301 -4.81517 7.27216
v -21.0627 -4.59407 7.31903
v -21.4611 -5.9468 7.69247
v -21.5167 -5.72225 7.73869
v -21.6535 -4.81264 7.92359
v -21.6193 -5.04005 7.87736
v -21.5851 -5.26745 7.83114
v -21.5509 -5.49485 7.78491
v -22.1369 -5.73231 8.3914
v -22.2085 -5.26492 8.48255
v -22.506 -2.4552 9.02951
v -23.1405 -2.12228 9.71687
v -23.111 -2.60417 9.62698
v -23.7475 -2.25852 10.313
v -21.3197 -1.71352 7.92831
v -21.3079 -1.9354 7.88144
v -21.2962 -2.15727 7.83457
v -21.9139 -2.07801 8.47827
v -21.3225 -1.27095 8.02205
v -21.9266 -1.84977 8.5245
v -21.3314 -1.49165 7.97518
v -21.9011 -2.30624 8.43205
v -21.8884 -2.53447 8.38582
v -22.5336 -1.98602 9.12068
v -22.5198 -2.22061 9.0751
v -23.1258 -2.36322 9.67192
v -22.5474 -1.75143 9.16626
v -21.9394 -1.62154 8.57072
v -26.6155 -5.17251 12.9653
v -23.0962 -2.84512 9.58204
v -24.304 -3.15576 10.7783
v -24.2872 -3.40942 10.7346
v -24.8901 -3.5711 11.3334
v -24.8723 -3.83112 11.2903
v -25.4554 -4.26553 11.8474
v -26.0563 -4.43993 12.4474
v -26.0364 -4.71267 12.4057
v -26.6363 -4.89341 13.0063
v -22.4923 -2.6898 8.98392
v -23.6843 -3.24775 10.1358
v -23.0814 -3.08607 9.5371
v -23.6685 -3.49505 10.0915
v -21.8756 -2.76271 8.33959
v -21.2609 -2.8229 7.69397
v -21.2727 -2.60103 7.74084
v -21.2844 -2.37915 7.7877
v -21.8628 -2.99094 8.29336
v -21.8501 -3.21917 8.24714
v -21.8373 -3.44741 8.20092
v -22.4785 -2.92439 8.93834
v -22.4647 -3.15898 8.89276
v -22.451 -3.39357 8.84718
v -23.5431 -4.72953 9.87008
v -23.5821 -4.48325 9.91437
v -22.4372 -3.62816 8.80159
v -26.7197 -3.77705 13.1707
v -25.33 -5.32862 11.6779
v -26.1158 -3.62173 12.5726
v -25.4366 -4.53191 11.805
v -25.5119 -3.46641 11.9745
v -24.8367 -4.35116 11.2043
v -24.8545 -4.09114 11.2473
v -25.3739 -5.06346 11.7203
v -26.0959 -3.89446 12.5309
v -25.4177 -4.79829 11.7626
v -26.0166 -4.9854 12.3639
v -26.5684 -5.45026 12.9242
v -26.6572 -4.61432 13.0474
v -26.678 -4.33523 13.0885
v -26.6988 -4.05614 13.1296
v -24.22 -4.42408 10.56
v -23.6211 -4.23697 9.95865
v -24.7766 -4.87005 11.1183
v -23.6527 -3.74236 10.0473
v -22.91 -4.76982 9.22254
v -24.2368 -4.17041 10.6036
v -24.2536 -3.91675 10.6473
v -24.2704 -3.66309 10.6909
v -23.0518 -3.56796 9.44721
v -23.0666 -3.32701 9.49215
v -23.6369 -3.98966 10.003
v -23.0371 -3.80891 9.40227
v -22.9474 -4.52984 9.26747
v -24.8189 -4.61118 11.1613
v -22.3518 -4.33014 8.66485
v -23.109 -0.442591 10.0315
v -23.7341 -1.0266 10.5346
v -23.1322 -1.16196 9.89666
v -23.1245 -0.92217 9.94162
v -23.1168 -0.68238 9.98657
v -21.3135 -1.05026 8.06891
v -21.3046 -0.82956 8.11578
v -24.3575 -1.63608 11.0402
v -22.5148 -0.817735 9.34863
v -22.5067 -0.58431 9.39422
v -23.7414 -1.27276 10.4903
v -21.8967 -0.48624 8.80187
v -21.9052 -0.7133 8.75564
v -21.8881 -0.25918 8.8481
v -22.4986 -0.350886 9.43981
v -21.2867 -0.388169 8.20952
v -23.1476 -1.64154 9.80676
v -23.7487 -1.51891 10.446
v -23.1399 -1.40175 9.85171
v -21.9138 -0.94036 8.70941
v -21.2956 -0.608865 8.16265
v -24.3644 -1.88859 10.9966
v -24.9792 -2.27101 11.5484
v -21.9223 -1.16742 8.66318
v -23.1553 -1.88133 9.76181
v -21.9309 -1.39448 8.61695
v -22.523 -1.05116 9.30304
v -22.5311 -1.28458 9.25745
v -22.5392 -1.51801 9.21186
v -23.756 -1.76507 10.4017
v -25.569 -1.60516 12.2712
v -24.9469 -0.976595 11.7636
v -24.9533 -1.23548 11.7206
v -24.9598 -1.49436 11.6775
v -24.3506 -1.38356 11.0839
v -26.1838 -1.98757 12.823
v -25.5629 -1.33991 12.3136
v -25.5751 -1.87041 12.2288
v -24.3368 -0.878522 11.1713
v -25.5811 -2.13565 12.1864
v -23.7195 -0.534297 10.6232
v -23.7268 -0.780452 10.5789
v -24.3437 -1.13104 11.1276
v -26.7926 -2.10473 13.4173
v -26.7979 -2.38271 13.3762
v -25.4742 -3.99916 11.8897
v -23.7001 -3.00044 10.1801
v -24.3208 -2.9021 10.8219
v -24.9614 -2.53102 11.5054
v -24.9258 -3.05106 11.4194
v -24.9079 -3.31108 11.3764
v -25.5683 -2.66728 12.1016
v -25.5495 -2.93365 12.0592
v -25.5307 -3.20003 12.0169
v -25.493 -3.73278 11.9321
v -26.1356 -3.34899 12.6143
v -26.0761 -4.1672 12.4891
v -24.3712 -2.14111 10.9529
v -26.1554 -3.07626 12.6561
v -23.7159 -2.75313 10.2244
v -26.1951 -2.53079 12.7395
v -24.9727 -2.01212 11.5915
v -24.3376 -2.64844 10.8656
v -24.9663 -1.75324 11.6345
v -26.8031 -2.66068 13.3351
v -24.9436 -2.79104 11.4624
v -23.7317 -2.50583 10.2687
v -26.1895 -2.25918 12.7813
v -25.5872 -2.4009 12.144
v -23.7633 -2.01122 10.3573
v -26.7614 -3.21887 13.2529
v -26.1753 -2.80353 12.6978
v -26.7405 -3.49796 13.2118
v -26.7822 -2.93978 13.294
v -24.3544 -2.39478 10.9092
v -21.8228 7.70258 12.1753
v -19.9872 7.53372 10.5126
v -20.0759 7.33047 10.4664
v -20.3866 8.08182 11.1729
v -20.4772 7.87272 11.1272
v -20.5677 7.66361 11.0816
v -20.6582 7.45451 11.036
v -20.7487 7.24541 10.9904
v -20.8393 7.0363 10.9448
v -19.7212 8.14345 10.6514
v -20.9634 8.22343 11.7406
v -21.0558 8.00847 11.6956
v -21.1481 7.79351 11.6506
v -21.6344 8.14422 12.264
v -21.7286 7.9234 12.2196
v -21.2405 7.57855 11.6056
v -21.3329 7.36358 11.5606
v -23.0854 7.7181 13.2714
v -22.5012 7.59993 12.7011
v -22.4051 7.82661 12.7449
v -20.342 6.72075 10.3277
v -19.2331 7.79859 10.0374
v -21.9171 7.48175 12.1309
v -19.8985 7.73696 10.5589
v -19.8099 7.9402 10.6051
v -19.6673 6.81168 9.80303
v -19.3199 7.60121 9.9905
v -19.4068 7.40383 9.94364
v -19.1463 7.99597 10.0842
v -19.7541 6.6143 9.75616
v -22.8895 8.18318 13.3576
v -22.9874 7.95064 13.3145
v -22.7916 8.41572 13.4007
v -22.6937 8.64827 13.4439
v -23.3702 8.55148 13.9691
v -23.47 8.31308 13.9266
v -23.5697 8.07468 13.8841
v -21.3322 8.79557 12.3971
v -22.3091 8.05329 12.7886
v -22.213 8.27997 12.8324
v -24.0504 8.44297 14.4956
v -24.1521 8.19871 14.4537
v -24.7344 8.32274 15.0234
v -22.1169 8.50665 12.8761
v -22.0208 8.73333 12.9199
v -24.6602 6.97741 14.2444
v -22.7895 6.91989 12.5699
v -23.6297 6.30345 13.0127
v -25.332 6.81172 14.7759
v -24.9759 5.95994 14.077
v -24.0686 6.88268 13.6716
v -23.4771 6.78794 13.0989
v -23.3792 7.02048 13.142
v -22.9605 6.45703 12.4824
v -25.2517 7.07215 14.8171
v -24.2239 6.38607 13.5867
v -22.8855 6.6932 12.5261
v -24.7391 6.72304 14.2025
v -24.8181 6.46868 14.1607
v -24.897 6.21431 14.1188
v -24.8378 8.07262 14.9821
v -24.9413 7.82251 14.9409
v -25.1483 7.32227 14.8584
v -25.0448 7.57238 14.8996
v -23.6695 7.83628 13.8416
v -24.3553 7.71019 14.37
v -24.2537 7.95445 14.4119
v -24.4569 7.46593 14.3281
v -23.9689 7.12108 13.7141
v -23.8691 7.35948 13.7566
v -24.5586 7.22167 14.2862
v -23.7693 7.59788 13.7991
v -23.2812 7.25302 13.1851
v -23.1833 7.48556 13.2283
v -22.5973 7.37325 12.6574
v -20.7638 9.84413 12.619
v -21.2085 10.2406 13.2262
v -23.944 10.0365 15.3122
v -24.0695 9.79875 15.2709
v -23.3762 9.87221 14.7469
v -21.8853 10.2064 13.7458
v -22.5668 10.161 14.2667
v -22.0037 9.98546 13.7027
v -22.1221 9.76453 13.6596
v -21.4406 9.80994 13.1387
v -21.3245 10.0253 13.1824
v -23.253 10.1044 14.7888
v -20.8775 9.63442 12.5747
v -22.8083 9.7079 14.1817
v -22.6876 9.93445 14.2242
v -23.9488 8.68723 14.5375
v -24.3205 9.32322 15.1884
v -24.195 9.56099 15.2296
v -24.6309 8.57286 15.0646
v -24.5274 8.82298 15.1059
v -24.4239 9.0731 15.1471
v -23.6224 9.4079 14.6631
v -23.4993 9.64006 14.705
v -23.2704 8.78988 14.0116
v -23.0499 9.25482 14.0966
v -22.9291 9.48136 14.1392
v -23.7455 9.17575 14.6212
v -23.8472 8.93149 14.5794
v -23.1706 9.02828 14.0541
v -20.7597 8.64249 11.8306
v -20.6483 8.84659 11.8756
v -21.4459 8.58586 12.3527
v -20.1871 8.48941 11.2641
v -20.0782 8.6879 11.3097
v -19.6146 8.33633 10.6976
v -19.508 8.52921 10.7439
v -19.4014 8.72209 10.7901
v -20.2961 8.29092 11.2185
v -20.871 8.43839 11.7856
v -19.042 8.18324 10.1311
v -18.7293 8.74505 10.2717
v -18.8335 8.55778 10.2248
v -18.9378 8.37051 10.178
v -21.5401 8.36504 12.3084
v -22.5957 8.88081 13.487
v -21.1048 9.21499 12.4859
v -22.4773 9.10174 13.5301
v -19.9692 8.88639 11.3554
v -21.5566 9.59462 13.0949
v -21.6727 9.3793 13.0511
v -21.7887 9.16398 13.0074
v -20.3144 9.45889 12.0106
v -20.4257 9.25479 11.9656
v -21.9048 8.94866 12.9636
v -20.537 9.05069 11.9206
v -22.2405 9.5436 13.6164
v -20.9912 9.42471 12.5303
v -21.2185 9.00528 12.4415
v -22.3589 9.32267 13.5733
v -20.203 9.66299 12.0556
v -19.0816 9.30072 10.9288
v -19.8602 9.08488 11.401
v -19.7513 9.28337 11.4466
v -18.2081 9.68139 10.506
v -19.6423 9.48185 11.4922
v -19.5333 9.68035 11.5379
v -19.2948 8.91497 10.8364
v -19.1882 9.10784 10.8826
v -18.975 9.4936 10.9751
v -18.8683 9.68648 11.0213
v -18.6251 8.93232 10.3186
v -18.5208 9.11959 10.3654
v -18.4166 9.30686 10.4123
v -18.3123 9.49413 10.4592
v -16.5811 11.9126 11.1153
v -16.8522 11.5874 11.0216
v -16.7166 11.75 11.0685
v -18.2712 12.5324 12.7309
v -19.4597 12.8664 13.7954
v -17.3737 11.8432 11.5764
v -17.2348 12.0108 11.6226
v -18.1258 12.7099 12.7759
v -18.4167 12.3548 12.6859
v -17.096 12.1784 11.6689
v -18.9382 12.6106 13.2406
v -17.4687 12.6167 12.268
v -17.6109 12.4442 12.2224
v -17.753 12.2716 12.1768
v -19.0869 12.428 13.1962
v -17.6514 11.508 11.4838
v -17.1233 11.2622 10.9279
v -17.7748 11.327 11.4376
v -18.8366 11.808 12.5508
v -18.1795 11.7538 12.0398
v -18.3057 11.5675 11.9942
v -18.7075 11.9996 12.5958
v -16.9878 11.4248 10.9747
v -19.4994 11.8516 13.063
v -19.3675 12.0486 13.1074
v -18.9657 11.6165 12.5058
v -17.5125 11.6756 11.5301
v -18.5621 12.1772 12.6408
v -18.0373 11.9264 12.0855
v -17.8952 12.099 12.1311
v -19.9812 13.1222 14.3501
v -19.6117 12.6788 13.7516
v -19.3076 13.0539 13.8392
v -22.1682 13.0276 15.8491
v -22.0221 13.2511 15.8904
v -21.186 13.4313 15.4177
v -21.0241 13.6338 15.4596
v -21.3479 13.2288 15.3757
v -19.8258 13.3147 14.3933
v -21.876 13.4746 15.9317
v -20.6612 13.1805 14.8623
v -20.5026 13.378 14.9049
v -21.5456 13.8896 16.0144
v -21.7108 13.6821 15.973
v -20.1365 12.9296 14.3069
v -21.4912 13.0106 15.3338
v -20.2918 12.7371 14.2638
v -22.6066 12.3571 15.7251
v -21.7777 12.5742 15.2499
v -19.7637 12.4913 13.7078
v -21.6345 12.7924 15.2919
v -20.4294 12.5296 14.2206
v -20.8198 12.9829 14.8197
v -21.1007 12.5572 14.7346
v -20.9603 12.7701 14.7772
v -19.8984 12.2891 13.664
v -20.5669 12.322 14.1774
v -22.3143 12.8041 15.8078
v -22.4605 12.5806 15.7664
v -19.2356 12.2455 13.1518
v -20.9797 11.6994 14.0479
v -20.8421 11.9069 14.0911
v -20.7045 12.1145 14.1343
v -21.2411 12.3443 14.6921
v -21.3816 12.1315 14.6495
v -20.4374 11.4801 13.4889
v -20.3027 11.6824 13.5326
v -20.1679 11.8846 13.5764
v -20.0332 12.0868 13.6202
v -21.522 11.9186 14.607
v -21.921 12.356 15.208
v -22.0643 12.1379 15.1661
v -22.2076 11.9197 15.1241
v -22.7527 12.1336 15.6838
v -22.8988 11.9101 15.6425
v -23.5675 10.7498 15.436
v -22.3253 10.6141 14.3518
v -21.5301 10.8692 13.8753
v -23.1299 10.3365 14.8307
v -21.0924 10.4559 13.27
v -23.0068 10.5687 14.8726
v -23.442 10.9876 15.4773
v -21.6485 10.6483 13.8321
v -21.7669 10.4273 13.789
v -22.2045 10.8406 14.3943
v -23.693 10.512 15.3948
v -23.8185 10.2743 15.3535
v -22.8836 10.8008 14.9145
v -20.9764 10.6712 13.3137
v -22.446 10.3875 14.3092
v -21.6624 11.7058 14.5645
v -21.2549 11.2843 13.9616
v -21.1173 11.4918 14.0048
v -21.3925 11.0767 13.9184
v -22.0837 11.0672 14.4368
v -22.6374 11.2651 14.9983
v -20.5722 11.2779 13.4451
v -23.191 11.4631 15.5599
v -23.0449 11.6866 15.6012
v -21.8029 11.4929 14.5219
v -21.9433 11.28 14.4794
v -22.3508 11.7015 15.0822
v -22.4941 11.4833 15.0403
v -22.7605 11.033 14.9564
v -23.3165 11.2253 15.5186
v -20.5364 10.2635 12.7078
v -20.0917 9.86709 12.1006
v -19.9804 10.0712 12.1457
v -20.6501 10.0538 12.6634
v -19.4244 9.87884 11.5835
v -20.4227 10.4733 12.7522
v -19.8691 10.2753 12.1907
v -18.6384 10.0603 11.1138
v -19.74 10.4669 12.2357
v -18.515 10.2413 11.1601
v -18.0876 9.85704 10.5529
v -17.967 10.0327 10.5998
v -19.1892 10.2636 11.6748
v -18.7617 9.87936 11.0676
v -19.3154 10.0773 11.6291
v -17.8465 10.2083 10.6466
v -20.027 11.064 12.8854
v -17.726 10.384 10.6935
v -18.8105 10.8224 11.8117
v -20.1589 10.8671 12.841
v -17.6054 10.5596 10.7404
v -19.611 10.6585 12.2807
v -19.4819 10.8501 12.3257
v -20.2908 10.6702 12.7966
v -20.7069 11.0757 13.4013
v -20.8417 10.8735 13.3575
v -18.3916 10.4222 11.2063
v -19.063 10.4499 11.7204
v -18.2683 10.6032 11.2526
v -18.9368 10.6362 11.766
v -19.8951 11.2609 12.9298
v -19.3528 11.0417 12.3707
v -19.2238 11.2333 12.4157
v -19.0947 11.4249 12.4608
v -17.4849 10.7352 10.7873
v -17.3644 10.9109 10.8341
v -17.2439 11.0865 10.881
v -19.6313 11.6547 13.0186
v -19.7632 11.4578 12.9742
v -18.6843 11.0087 11.8573
v -18.5581 11.195 11.9029
v -18.4319 11.3813 11.9486
v -17.8981 11.1461 11.3913
v -18.1449 10.7842 11.2988
v -18.0215 10.9651 11.3451
v -21.6264 2.21332 9.35665
v -21.5969 2.43724 9.40288
v -23.5474 1.41849 10.9778
v -20.9868 2.453 8.8188
v -20.9376 2.66563 8.86567
v -21.0161 2.2354 8.77193
v -22.3852 1.04008 9.71337
v -22.3258 1.50055 9.80457
v -22.2961 1.73078 9.85017
v -24.1582 1.37746 11.5644
v -24.769 1.33643 12.151
v -21.7445 1.31766 9.17172
v -21.1335 1.36501 8.58446
v -21.6854 1.76549 9.26418
v -21.6559 1.98941 9.31041
v -20.8883 2.87827 8.91254
v -23.9314 2.8616 11.8266
v -20.7407 3.51617 9.05315
v -20.7899 3.30354 9.00627
v -20.8391 3.0909 8.95941
v -23.2706 3.10244 11.2881
v -22.2367 2.19124 9.94136
v -22.2664 1.96101 9.89576
v -22.1056 2.8716 10.0782
v -24.5938 2.60835 12.3664
v -22.207 2.42148 9.98696
v -22.1563 2.64654 10.0326
v -21.5469 2.65609 9.44912
v -21.4969 2.87494 9.49535
v -21.447 3.09379 9.54159
v -25.8985 2.05877 13.4496
v -22.7142 2.86827 10.661
v -24.0374 2.37419 11.7392
v -22.6627 3.09955 10.706
v -22.6112 3.33083 10.7509
v -25.9292 1.79063 13.4079
v -24.6475 2.35842 12.3233
v -26.5087 2.03668 14.0344
v -23.375 2.62745 11.1995
v -24.6779 2.10292 12.2802
v -26.5397 1.76223 13.9932
v -26.5706 1.48779 13.9521
v -25.2882 2.08084 12.8649
v -23.9844 2.61789 11.7829
v -23.3228 2.86494 11.2438
v -23.4273 2.38995 11.1551
v -22.8769 1.93261 10.4811
v -22.9067 1.69607 10.4361
v -22.9366 1.45952 10.3912
v -24.7083 1.84743 12.2372
v -24.7387 1.59193 12.1941
v -22.847 2.16916 10.5261
v -24.128 1.62664 11.6081
v -24.0978 1.87582 11.6518
v -22.8171 2.40571 10.571
v -24.0676 2.125 11.6955
v -23.4573 2.14709 11.1108
v -23.4873 1.90422 11.0665
v -23.5174 1.66135 11.0221
v -22.7657 2.63699 10.616
v -25.3493 1.55721 12.7801
v -25.3187 1.81903 12.8225
v -26.6015 1.21334 13.9109
v -25.441 0.771767 12.6528
v -24.8298 0.82543 12.0649
v -23.5774 1.17562 10.9335
v -25.3799 1.2954 12.7377
v -26.6942 0.389993 13.7874
v -26.6633 0.664441 13.8286
v -25.9599 1.5225 13.3661
v -25.9907 1.25437 13.3243
v -24.1884 1.12828 11.5207
v -26.0521 0.718104 13.2407
v -26.0829 0.449972 13.1989
v -26.6324 0.93889 13.8697
v -25.5021 0.248137 12.568
v -26.0214 0.986236 13.2825
v -25.4104 1.03358 12.6952
v -24.2489 0.629914 11.4334
v -26.1136 0.181841 13.1571
v -26.15 -0.357903 13.0736
v -24.7994 1.08093 12.108
v -26.7665 -0.714856 13.6229
v -26.7613 -0.43688 13.664
v -26.7251 0.115544 13.7463
v -26.756 -0.158904 13.7051
v -23.6375 0.689893 10.8448
v -26.1444 -0.086291 13.1153
v -25.5327 -0.013678 12.5256
v -24.8906 0.314433 11.9788
v -25.5508 -0.809419 12.3984
v -24.9404 -0.717713 11.8067
v -24.9339 -0.458827 11.8497
v -26.7717 -0.992832 13.5818
v -25.5387 -0.278925 12.4832
v -26.1782 -1.71596 12.8648
v -26.1726 -1.44435 12.9066
v -25.5448 -0.544172 12.4408
v -25.5569 -1.07467 12.356
v -26.777 -1.27081 13.5407
v -26.1556 -0.629514 13.0318
v -26.7822 -1.54878 13.4995
v -26.7874 -1.82676 13.4584
v -26.1669 -1.17274 12.9483
v -26.1613 -0.901125 12.9901
v -21.1922 0.92981 8.49073
v -21.1628 1.14741 8.53759
v -21.1041 1.58261 8.63133
v -21.774 1.09375 9.12548
v -21.0748 1.80021 8.6782
v -21.0455 2.0178 8.72506
v -23.6075 0.932759 10.8891
v -23.0262 0.749873 10.2563
v -22.9963 0.986421 10.3013
v -21.715 1.54158 9.21795
v -22.3555 1.27032 9.75897
v -25.4715 0.509952 12.6104
v -24.8602 0.569931 12.0219
v -22.9665 1.22297 10.3462
v -24.2187 0.879096 11.477
v -21.2508 0.494613 8.39699
v -22.4823 0.115963 9.53099
v -21.2777 -0.167473 8.25638
v -21.2687 0.053222 8.30325
v -21.2598 0.273918 8.35012
v -21.2215 0.712212 8.44386
v -23.0859 0.276776 10.1664
v -22.4742 0.349388 9.57658
v -21.8625 0.422001 8.98679
v -22.4445 0.57962 9.62218
v -22.4148 0.809852 9.66778
v -21.833 0.645916 9.03302
v -21.8035 0.869831 9.07925
v -21.8711 0.19494 8.94056
v -21.8796 -0.03212 8.89433
v -23.7049 -0.04199 10.7119
v -23.056 0.513324 10.2113
v -23.1013 -0.202802 10.0765
v -23.7122 -0.288144 10.6675
v -23.6976 0.204163 10.7562
v -23.0936 0.036987 10.1214
v -23.6676 0.447028 10.8005
v -24.921 0.058934 11.9358
v -22.4905 -0.117461 9.4854
v -24.3093 0.13155 11.346
v -24.2791 0.380729 11.3897
v -24.3162 -0.120968 11.3023
v -24.3231 -0.373487 11.2586
v -24.3299 -0.626004 11.2149
v -24.9274 -0.199948 11.8927
v -21.6794 4.66505 10.443
v -21.0076 4.83075 9.91149
v -21.6083 4.88305 10.4886
v -21.8012 4.22199 10.3518
v -21.0774 4.61881 9.86525
v -23.1661 3.57743 11.3768
v -23.1139 3.81492 11.4212
v -22.5083 3.79339 10.8409
v -20.5438 4.36671 9.24062
v -21.1971 4.18804 9.77277
v -21.7505 4.44706 10.3974
v -20.593 4.15408 9.19375
v -21.1471 4.40689 9.81901
v -20.4753 4.57258 9.28748
v -20.4069 4.77845 9.33435
v -23.7195 3.83645 12.0015
v -21.2471 3.96919 9.72654
v -21.297 3.75034 9.6803
v -21.347 3.53149 9.63407
v -21.397 3.31264 9.58783
v -21.8519 3.99693 10.3062
v -24.3788 3.60805 12.5387
v -20.6422 3.94144 9.14688
v -20.6914 3.72881 9.10001
v -21.9027 3.77186 10.2606
v -21.9534 3.5468 10.215
v -22.0041 3.32173 10.1694
v -22.0548 3.09667 10.1238
v -22.4053 4.25595 10.9308
v -22.4568 4.02467 10.8859
v -24.54 2.85828 12.4094
v -25.2576 2.34266 12.9074
v -25.8677 2.3269 13.4914
v -26.4778 2.31113 14.0755
v -25.8125 2.58925 13.5332
v -25.7572 2.85161 13.5751
v -25.6468 3.37632 13.6587
v -24.4325 3.35813 12.4956
v -26.3099 3.11685 14.1991
v -26.3659 2.84828 14.1579
v -23.7725 3.59274 11.9577
v -26.4218 2.5797 14.1167
v -25.1486 2.85494 12.9922
v -25.2031 2.5988 12.9498
v -25.702 3.11397 13.6169
v -22.9572 4.52741 11.5542
v -22.3538 4.48724 10.9758
v -23.6135 4.32387 12.0889
v -23.8254 3.34903 11.914
v -23.8784 3.10532 11.8703
v -23.2183 3.33993 11.3325
v -26.1979 3.65399 14.2814
v -24.2713 4.1079 12.6248
v -24.3251 3.85798 12.5818
v -22.5597 3.56211 10.7959
v -24.4863 3.1082 12.4525
v -25.5915 3.63868 13.7005
v -25.5363 3.90104 13.7423
v -25.0941 3.11109 13.0347
v -25.0397 3.36723 13.0771
v -26.0859 4.19114 14.3638
v -23.0094 4.28991 11.5099
v -23.0616 4.05242 11.4655
v -25.4811 4.1634 13.7841
v -25.4258 4.42575 13.826
v -24.7672 4.64793 13.2894
v -23.6665 4.08016 12.0452
v -24.2176 4.35783 12.6679
v -24.9852 3.62337 13.1196
v -26.2539 3.38542 14.2402
v -24.9307 3.87951 13.162
v -26.1419 3.92256 14.3226
v -24.8762 4.13565 13.2045
v -24.8217 4.39179 13.2469
v -26.0299 4.45971 14.405
v -25.0549 5.70558 14.0352
v -23.7823 5.81897 12.9265
v -23.5534 6.5457 13.0558
v -23.706 6.06121 12.9696
v -23.8586 5.57673 12.8834
v -25.7332 5.50957 14.5698
v -24.1463 6.63437 13.6292
v -24.3015 6.13776 13.5442
v -24.3791 5.88945 13.5017
v -24.4567 5.64115 13.4593
v -25.653 5.77 14.611
v -25.1338 5.45121 13.9933
v -25.4122 6.55128 14.7347
v -25.4925 6.29086 14.6935
v -25.5727 6.03043 14.6523
v -20.5891 6.10234 10.1889
v -19.8409 6.41692 9.7093
v -19.9962 6.01366 9.61556
v -21.8472 6.05563 11.2907
v -21.1109 6.409 10.8079
v -20.5193 6.31426 10.2352
v -21.7748 6.27968 11.3357
v -20.4306 6.51751 10.2814
v -21.1819 6.19101 10.7623
v -22.3677 6.36835 11.909
v -22.4414 6.13823 11.8647
v -19.9278 6.21953 9.66243
v -20.6588 5.8904 10.1427
v -23.1105 5.98466 12.395
v -23.0355 6.22084 12.4387
v -20.1646 7.12723 10.4201
v -22.6934 7.14657 12.6136
v -22.1997 6.81929 11.9978
v -22.1055 7.04011 12.0421
v -22.0113 7.26093 12.0865
v -21.61 6.7187 11.4257
v -21.5177 6.93366 11.4706
v -21.4253 7.14862 11.5156
v -21.0203 6.6181 10.8535
v -20.9298 6.82721 10.8992
v -20.2533 6.92399 10.3739
v -21.7024 6.50374 11.3807
v -22.294 6.59847 11.9534
v -19.4936 7.20644 9.89677
v -19.5804 7.00906 9.8499
v -20.2015 5.39606 9.47496
v -20.7983 5.46654 10.0502
v -20.8681 5.25461 10.004
v -21.4662 5.31904 10.5799
v -21.3951 5.53702 10.6255
v -21.3241 5.75502 10.6711
v -21.253 5.97301 10.7167
v -20.3384 4.98431 9.38122
v -22.0643 5.38346 11.1557
v -20.27 5.19019 9.42809
v -20.9379 5.04268 9.95773
v -21.9919 5.60751 11.2007
v -20.7286 5.67847 10.0965
v -20.0647 5.80779 9.56869
v -20.1331 5.60192 9.52182
v -24.1639 4.60776 12.711
v -25.3706 4.68811 13.8678
v -23.4855 4.80376 12.1763
v -23.2605 5.5123 12.3075
v -25.2917 4.94247 13.9096
v -25.2127 5.19684 13.9515
v -25.9739 4.72828 14.4462
v -24.6896 4.89624 13.3319
v -24.612 5.14454 13.3743
v -24.5344 5.39285 13.4168
v -25.8937 4.98871 14.4874
v -24.0876 4.85 12.7541
v -24.0113 5.09225 12.7972
v -23.9349 5.33449 12.8403
v -25.8134 5.24914 14.5286
v -21.5373 5.10104 10.5342
v -22.8098 4.98765 11.6429
v -21.9196 5.83157 11.2457
v -22.8835 4.75753 11.5986
v -23.1855 5.74848 12.3512
v -23.3355 5.27613 12.2638
v -23.4105 5.03995 12.2201
v -22.7361 5.21776 11.6873
v -22.6624 5.44788 11.7316
v -22.5887 5.678 11.776
v -22.515 5.90811 11.8203
v -22.2814 4.71129 11.0208
v -22.2091 4.93535 11.0658
v -22.1367 5.1594 11.1108
v -23.5605 4.56759 12.1326
v -10.7157 22.1546 18.2101
v -10.4757 22.239 18.2517
v -10.2358 22.3233 18.2932
v -10.4186 21.6925 17.6874
v -10.1837 21.7745 17.7295
v -9.94892 21.8565 17.7717
v -9.71411 21.9385 17.8138
v -8.70148 21.1547 16.8585
v -8.92605 21.0774 16.8152
v -9.15062 21.0002 16.7719
v -9.37519 20.9229 16.7286
v -9.20267 21.549 17.3356
v -9.89175 21.3101 17.2074
v -9.43236 21.4693 17.2928
v -9.66206 21.3897 17.2501
v -9.99585 22.4076 18.3347
v -9.75591 22.492 18.3763
v -9.51598 22.5763 18.4178
v -9.27604 22.6607 18.4593
v -9.0361 22.745 18.5009
v -8.97298 21.6286 17.3783
v -8.77485 22.2664 17.9823
v -9.00966 22.1845 17.9402
v -9.24448 22.1025 17.898
v -8.54003 22.3484 18.0244
v -8.47691 21.232 16.9018
v -8.02777 21.3865 16.9885
v -8.25234 21.3093 16.9451
v -9.47929 22.0205 17.8559
v -8.5136 21.7879 17.4637
v -7.54294 18.7199 14.2134
v -7.7419 18.6544 14.1672
v -7.07249 18.3115 13.7399
v -7.26632 18.2483 13.6931
v -7.46016 18.1852 13.6462
v -7.81956 19.1914 14.7338
v -8.09619 19.6629 15.2541
v -8.30539 19.5927 15.209
v -8.51459 19.5225 15.164
v -8.7238 19.4523 15.1189
v -8.43181 18.9879 14.5967
v -9.30777 20.3812 16.1631
v -8.80146 19.9893 15.6855
v -9.01578 19.9167 15.641
v -9.59976 20.8456 16.6853
v -7.51551 20.4246 15.9525
v -7.99109 20.8307 16.4266
v -5.70055 18.6786 14.068
v -5.89816 18.6342 14.0211
v -6.09576 18.5897 13.9743
v -6.29337 18.5453 13.9274
v -6.68481 18.4377 13.8337
v -6.74711 18.9818 14.3985
v -7.00324 19.4627 14.9165
v -6.94607 18.9163 14.3523
v -6.54424 19.0281 14.4448
v -7.25938 19.9437 15.4345
v -6.49098 18.5008 13.8805
v -7.72983 20.3521 15.908
v -7.04597 19.9937 15.4796
v -7.34398 18.7853 14.2597
v -7.14503 18.8508 14.306
v -7.20732 19.3949 14.8708
v -7.4114 19.327 14.8251
v -7.61548 19.2592 14.7795
v -7.94416 20.2795 15.8635
v -8.21053 20.7558 16.3827
v -6.87865 18.3746 13.7868
v -8.15848 20.207 15.819
v -8.37281 20.1344 15.7745
v -8.58713 20.0619 15.73
v -7.88698 19.7331 15.2992
v -7.46858 19.8735 15.3894
v -7.67778 19.8033 15.3443
v -8.42998 20.6808 16.3387
v -11.5643 21.1935 17.4769
v -11.8863 21.6418 18.0026
v -11.4651 20.6437 16.9085
v -11.2423 20.7452 16.9512
v -12.703 20.6722 17.2664
v -10.9204 20.2968 16.4255
v -11.792 21.0892 17.4348
v -12.0198 20.985 17.3927
v -12.2475 20.8807 17.3506
v -12.4752 20.7764 17.3085
v -12.8169 21.2134 17.8366
v -12.1189 21.5347 17.9611
v -12.3516 21.4276 17.9196
v -12.5842 21.3205 17.8781
v -10.3855 19.9442 15.9437
v -10.6534 21.6105 17.6453
v -10.3511 21.1508 17.122
v -10.0489 20.6911 16.5986
v -10.9556 22.0703 18.1686
v -10.8811 21.5063 17.6032
v -11.1088 21.402 17.5611
v -11.3366 21.2977 17.519
v -10.1214 21.2304 17.1647
v -11.1883 21.9631 18.1271
v -11.4209 21.856 18.0856
v -11.6536 21.7489 18.0441
v -10.4846 20.494 16.5121
v -10.5739 21.0494 17.0793
v -10.7967 20.948 17.0366
v -11.0195 20.8466 16.9939
v -8.64943 20.6059 16.2948
v -8.86888 20.531 16.2509
v -9.08833 20.4561 16.207
v -8.22773 19.0557 14.6424
v -8.02365 19.1235 14.6881
v -9.52722 20.3063 16.1192
v -9.95961 20.1356 16.0314
v -7.94086 18.5889 14.1209
v -9.82433 20.7684 16.6419
v -9.65245 19.6788 15.5075
v -9.23011 19.8442 15.5965
v -9.74667 20.2314 16.0753
v -9.44444 19.7716 15.552
v -10.2668 20.5925 16.5553
v -8.933 19.3821 15.0738
v -8.83997 18.8522 14.5054
v -9.03812 18.765 14.4597
v -8.61209 17.7698 13.365
v -8.4238 17.8513 13.4119
v -8.04167 17.9959 13.5056
v -8.63589 18.92 14.5511
v -7.84783 18.059 13.5525
v -8.2355 17.9327 13.4587
v -7.65399 18.1221 13.5993
v -8.53773 18.3925 13.9821
v -8.92419 18.2238 13.8895
v -8.33878 18.4579 14.0283
v -8.13982 18.5234 14.0746
v -9.23628 18.6779 14.414
v -8.73096 18.3081 13.9358
v -11.9108 20.4409 16.8231
v -9.86046 19.5859 15.463
v -10.0685 19.493 15.4186
v -10.2765 19.4002 15.3741
v -9.1422 19.3119 15.0287
v -10.4845 19.3073 15.3296
v -9.54837 19.1319 14.9385
v -9.34529 19.2219 14.9836
v -11.688 20.5423 16.8658
v -11.3561 20.0997 16.3389
v -11.1383 20.1983 16.3822
v -10.7025 20.3954 16.4688
v -10.8114 19.7528 15.8559
v -10.1726 20.0399 15.9875
v -10.5984 19.8485 15.8998
v -11.3166 18.9359 15.1516
v -9.89031 17.8023 13.6581
v -9.83074 18.4164 14.277
v -11.4502 19.4656 15.7242
v -10.4252 18.1549 14.14
v -10.2271 18.242 14.1856
v -10.7669 18.5918 14.668
v -11.1086 19.0287 15.1961
v -9.11741 18.1395 13.8432
v -8.80039 17.6883 13.3181
v -9.17698 17.5254 13.2244
v -9.36528 17.4439 13.1775
v -9.50386 17.9709 13.7507
v -9.69709 17.8866 13.7044
v -9.55357 17.3625 13.1307
v -12.0098 19.804 16.209
v -9.43443 18.5907 14.3683
v -9.31064 18.0552 13.797
v -9.63259 18.5035 14.3227
v -10.9005 19.1216 15.2406
v -10.6925 19.2144 15.2851
v -10.5638 18.6818 14.7131
v -10.3607 18.7718 14.7582
v -9.75146 19.0419 14.8934
v -8.98868 17.6069 13.2713
v -11.0243 19.6571 15.812
v -11.2373 19.5614 15.7681
v -10.1576 18.8618 14.8033
v -9.95454 18.9519 14.8484
v -10.0289 18.3292 14.2313
v -12.9215 20.5462 17.2243
v -12.4281 19.5655 16.1225
v -11.8676 19.254 15.6365
v -12.0721 19.138 15.5926
v -13.7956 20.0425 17.056
v -13.5771 20.1685 17.0981
v -12.2189 19.6847 16.1657
v -13.2728 20.977 17.7536
v -11.574 20.0011 16.2956
v -11.7919 19.9026 16.2523
v -13.0496 21.1062 17.7951
v -13.4256 19.6251 16.5243
v -12.5702 20.1155 16.695
v -12.1336 20.3395 16.7804
v -12.3564 20.2381 16.7377
v -12.6372 19.4462 16.0792
v -11.6632 19.3699 15.6803
v -12.7841 19.9929 16.6523
v -12.481 18.9061 15.5049
v -12.2766 19.0221 15.5487
v -11.7161 18.7106 15.0627
v -11.5163 18.8232 15.1072
v -11.165 18.3925 14.5779
v -11.0041 17.8557 14.0029
v -10.8138 17.9617 14.0486
v -10.97 18.5018 14.623
v -13.496 20.8477 17.7121
v -12.9979 19.8703 16.6097
v -13.14 20.4203 17.1822
v -13.3586 20.2944 17.1402
v -13.2117 19.7477 16.567
v -11.3601 18.2832 14.5328
v -11.5552 18.1739 14.4878
v -11.7503 18.0646 14.4427
v -13.7192 20.7185 17.6706
v -13.9425 20.5892 17.6292
v -14.1657 20.46 17.5877
v -14.8354 20.0722 17.4633
v -11.9159 18.598 15.0182
v -12.1157 18.4854 14.9738
v -14.2327 19.7907 16.9719
v -14.0142 19.9166 17.0139
v -12.6855 18.7902 15.461
v -13.0555 19.2076 15.9927
v -12.8464 19.3269 16.0359
v -12.5152 18.2601 14.8848
v -13.8921 18.7305 15.8196
v -13.683 18.8498 15.8628
v -13.4738 18.9691 15.9061
v -13.2647 19.0884 15.9494
v -14.6698 19.5388 16.8877
v -13.6394 19.5025 16.4817
v -13.8533 19.3799 16.439
v -14.0671 19.2573 16.3963
v -13.0944 18.5583 15.3732
v -14.6121 20.2015 17.5048
v -14.3889 20.3307 17.5462
v -14.4512 19.6648 16.9298
v -12.8899 18.6742 15.4171
v -12.3154 18.3727 14.9293
v -15.0843 19.2453 16.8036
v -14.8895 18.7057 16.2257
v -14.6867 18.8487 16.2684
v -15.2916 19.0985 16.7616
v -15.4988 18.9518 16.7196
v -15.7061 18.805 16.6775
v -14.4838 18.9917 16.311
v -13.5033 18.3264 15.2855
v -15.0586 19.943 17.4218
v -14.281 19.1347 16.3537
v -14.877 19.3921 16.8457
v -16.1169 19.1902 17.2146
v -15.6936 19.4913 17.2975
v -15.4819 19.6419 17.3389
v -15.2702 19.7924 17.3804
v -11.7624 16.8124 13.1955
v -11.0162 16.6036 12.7557
v -11.1973 16.5043 12.7088
v -11.3783 16.405 12.662
v -13.3042 17.7906 14.707
v -12.5177 16.9898 13.6376
v -13.6974 18.191 15.2416
v -13.2989 18.4423 15.3294
v -11.9481 16.7098 13.1492
v -11.5767 16.9151 13.2417
v -13.1145 17.9222 14.7514
v -12.7257 17.5181 14.2173
v -12.3369 17.1139 13.6833
v -13.8914 18.0555 15.1978
v -14.2891 18.4521 15.7331
v -10.1112 17.1002 12.9901
v -10.4625 17.531 13.5193
v -10.6482 17.4283 13.4731
v -10.8339 17.3257 13.4268
v -10.4732 16.9016 12.8963
v -11.0196 17.223 13.3805
v -10.2922 17.0009 12.9432
v -11.9454 17.9553 14.3976
v -10.2768 17.6336 13.5656
v -9.74187 17.281 13.0838
v -9.93016 17.1995 13.0369
v -10.0835 17.7179 13.6119
v -11.3849 17.6438 13.9116
v -11.1945 17.7498 13.9573
v -10.6234 18.0677 14.0943
v -11.5753 17.5378 13.8659
v -10.6542 16.8022 12.8494
v -10.8352 16.7029 12.8026
v -12.1405 17.846 14.3526
v -13.0962 17.2623 14.1272
v -12.911 17.3902 14.1723
v -11.7657 17.4319 13.8203
v -11.9561 17.3259 13.7746
v -12.1465 17.2199 13.7289
v -12.3355 17.7367 14.3075
v -12.5306 17.6274 14.2624
v -12.715 18.1475 14.8404
v -12.9147 18.0349 14.7959
v -11.391 17.0177 13.288
v -11.2053 17.1204 13.3343
v -19.0493 14.2773 14.6092
v -19.551 14.563 15.1603
v -18.06 14.5219 14.1896
v -17.078 13.9221 13.0911
v -17.2383 13.7599 13.0461
v -17.569 14.222 13.6404
v -17.733 14.0552 13.5959
v -18.7225 14.6458 14.6956
v -18.5511 14.8219 14.7388
v -19.8909 15.0512 15.7533
v -17.8971 13.8885 13.5515
v -17.8923 14.6933 14.2334
v -21.0501 14.512 16.1384
v -21.2153 14.3045 16.0971
v -20.8849 14.7195 16.1798
v -18.894 14.4698 14.6524
v -20.7197 14.9269 16.2211
v -20.5545 15.1344 16.2624
v -19.8682 14.168 15.0752
v -19.7096 14.3655 15.1177
v -20.0528 14.8487 15.7114
v -18.2278 14.3505 14.1458
v -19.2046 14.0848 14.566
v -18.3955 14.1791 14.102
v -20.2147 14.6462 15.6694
v -20.3766 14.4437 15.6275
v -20.5385 14.2412 15.5855
v -18.5475 13.9916 14.0582
v -17.405 14.3888 13.6848
v -17.5568 15.0361 14.321
v -18.492 13.1582 13.3739
v -18.3433 13.3408 13.4183
v -20.7004 14.0387 15.5435
v -20.8622 13.8362 15.5016
v -20.344 13.5755 14.9475
v -20.1854 13.773 14.99
v -18.8516 13.6165 13.9706
v -20.0268 13.9705 15.0326
v -21.3804 14.097 16.0557
v -19.6705 13.5072 14.4365
v -19.5152 13.6997 14.4797
v -19.0036 13.429 13.9268
v -19.3599 13.8923 14.5229
v -19.1556 13.2415 13.883
v -17.6895 13.2426 12.911
v -16.2488 13.1693 11.9464
v -17.3986 13.5978 13.001
v -16.9002 13.3071 12.4506
v -16.4017 13.0164 11.9001
v -16.5869 13.6222 12.5419
v -16.0959 13.3223 11.9926
v -15.754 12.874 11.3965
v -15.6048 13.0224 11.4434
v -18.6996 13.8041 14.0144
v -16.7435 13.4646 12.4962
v -18.1945 13.5234 13.4627
v -15.4556 13.1707 11.4903
v -18.0458 13.7059 13.5071
v -17.0423 13.1345 12.4049
v -17.5441 13.4202 12.956
v -16.0388 12.5631 11.3028
v -17.9804 12.8875 12.8209
v -16.4455 12.0752 11.1622
v -16.9571 12.346 11.7151
v -16.8183 12.5136 11.7614
v -16.6794 12.6812 11.8076
v -16.5406 12.8488 11.8539
v -16.3099 12.2379 11.2091
v -17.1845 12.9619 12.3593
v -17.3266 12.7893 12.3137
v -17.8349 13.0651 12.866
v -18.7894 12.7931 13.285
v -18.6407 12.9757 13.3294
v -15.9033 12.7257 11.3497
v -16.1744 12.4005 11.2559
v -18.1664 16.0249 15.5011
v -19.3543 15.6069 15.8793
v -17.9913 16.2056 15.5437
v -18.3416 15.8443 15.4585
v -18.4601 16.5332 16.0892
v -18.8178 16.1627 16.0053
v -18.9966 15.9774 15.9633
v -15.9556 15.0573 13.4064
v -17.6262 16.5486 15.6289
v -19.294 16.481 16.5521
v -17.351 16.054 15.0413
v -17.8161 16.3862 15.5862
v -19.4766 16.2912 16.5107
v -19.6591 16.1013 16.4693
v -19.8417 15.9115 16.4279
v -20.3893 15.3419 16.3038
v -19.5332 15.4217 15.8373
v -19.1755 15.7922 15.9213
v -17.0536 15.5503 14.4525
v -20.0242 15.7216 16.3865
v -19.0421 15.1218 15.2881
v -18.6919 15.483 15.3733
v -18.5167 15.6637 15.4159
v -17.3891 15.2075 14.3649
v -17.6939 15.7019 14.9549
v -18.3797 14.9979 14.782
v -20.2068 15.5318 16.3452
v -17.7246 14.8647 14.2772
v -17.5224 15.8779 14.9981
v -17.8653 15.5259 14.9117
v -15.0079 13.6157 11.6309
v -15.1571 13.4674 11.584
v -15.3064 13.319 11.5371
v -16.7573 14.2465 13.1812
v -15.9429 13.4752 12.0389
v -15.6371 13.7811 12.1314
v -16.9176 14.0843 13.1362
v -15.4842 13.9341 12.1777
v -15.79 13.6282 12.0852
v -17.2409 14.5556 13.7292
v -15.3312 14.087 12.2239
v -16.4303 13.7798 12.5875
v -16.2736 13.9373 12.6332
v -14.7095 13.9123 11.7246
v -14.8587 13.764 11.6778
v -19.3924 14.7605 15.2029
v -15.8038 14.41 12.7701
v -15.9604 14.2524 12.7245
v -19.712 15.2364 15.7953
v -16.597 14.4086 13.2262
v -16.117 14.0949 12.6788
v -18.0368 15.3499 14.8685
v -18.2082 15.1739 14.8253
v -16.7488 15.056 13.8625
v -16.9129 14.8892 13.8181
v -17.0769 14.7224 13.7736
v -15.0254 14.3929 12.3165
v -18.867 15.3024 15.3307
v -15.1783 14.2399 12.2702
v -19.2173 14.9412 15.2455
v -17.2214 15.3789 14.4087
v -15.4905 14.7251 12.8614
v -15.6471 14.5675 12.8158
v -14.5603 14.0607 11.7715
v -15.6084 15.3484 13.4965
v -16.116 14.8951 13.3614
v -16.2763 14.733 13.3163
v -15.782 15.2029 13.4514
v -16.4366 14.5708 13.2713
v -15.3209 14.8664 12.9071
v -14.9818 15.1491 12.9984
v -14.8123 15.2904 13.044
v -14.8599 14.53 12.3627
v -14.3988 14.1936 11.8184
v -14.3634 14.9414 12.5015
v -14.198 15.0785 12.5478
v -17.3598 18.2464 16.966
v -17.1617 18.4172 17.0074
v -16.5352 18.2179 16.5093
v -16.3279 18.3647 16.5514
v -14.8617 17.3784 14.9785
v -15.0558 17.2429 14.9347
v -15.8641 17.3194 15.3871
v -15.4798 17.6168 15.4736
v -16.2967 17.6854 15.9272
v -16.9232 17.8847 16.4253
v -16.7292 18.0513 16.4673
v -16.1067 17.8478 15.9698
v -15.9039 17.9908 16.0125
v -15.6783 17.4776 15.4303
v -15.2498 17.1075 14.8908
v -15.2953 18.4197 16.1404
v -15.4981 18.2767 16.0978
v -14.686 18.1737 15.6466
v -14.8844 18.0345 15.6033
v -16.9636 18.588 17.0489
v -15.2814 17.7561 15.5168
v -16.752 18.7386 17.0903
v -16.5403 18.8891 17.1317
v -16.3286 19.0397 17.1732
v -15.701 18.1337 16.0551
v -15.0924 18.5627 16.1831
v -14.2796 17.7847 15.1101
v -16.1206 18.5114 16.5934
v -15.9134 18.6582 16.6355
v -15.9053 19.3408 17.2561
v -14.0224 16.623 13.9019
v -13.7836 16.1212 13.318
v -13.6028 16.2453 13.3636
v -12.4194 15.723 12.3808
v -13.1076 15.2569 12.1933
v -13.0067 15.9879 12.8716
v -13.1831 15.8676 12.8253
v -13.269 15.124 12.1464
v -12.9355 15.3734 12.2402
v -12.7635 15.4899 12.287
v -12.5915 15.6065 12.3339
v -14.2077 16.4951 13.8569
v -14.6317 16.869 14.3958
v -13.4219 16.3694 13.4093
v -14.8214 16.7374 14.3513
v -13.6835 17.5273 14.6181
v -13.2814 17.1345 14.0822
v -11.7313 16.1891 12.5682
v -11.9033 16.0726 12.5214
v -12.1245 16.5895 13.1029
v -12.301 16.4692 13.0567
v -13.4938 17.6589 14.6625
v -12.6986 16.8658 13.5919
v -12.8794 16.7417 13.5463
v -13.0603 16.6176 13.5006
v -11.5593 16.3056 12.6151
v -14.4875 18.3129 15.6898
v -14.0906 18.5913 15.7763
v -14.0855 17.9201 15.1539
v -12.4774 16.3489 13.0104
v -13.8372 16.7509 13.947
v -14.4421 17.0007 14.4402
v -13.8731 17.3956 14.5736
v -14.4736 17.6492 15.0662
v -14.6677 17.5138 15.0224
v -14.2524 17.1323 14.4847
v -14.0628 17.264 14.5291
v -13.6519 16.8787 13.9921
v -13.4667 17.0066 14.0371
v -12.0754 15.956 12.4745
v -15.0829 17.8953 15.5601
v -12.2474 15.8395 12.4276
v -12.8303 16.1082 12.9179
v -12.6538 16.2285 12.9641
v -13.2411 16.4935 13.455
v -18.1521 17.5631 16.8004
v -18.0873 16.885 16.1732
v -17.8932 17.0516 16.2152
v -19.1115 16.6709 16.5934
v -17.6992 17.2182 16.2573
v -18.9289 16.8608 16.6348
v -18.5483 17.2214 16.7176
v -18.3502 17.3923 16.759
v -17.5052 17.3848 16.2993
v -18.639 16.3479 16.0472
v -18.2813 16.7184 16.1312
v -18.7464 17.0506 16.6762
v -17.2463 16.8734 15.7141
v -17.0564 17.0358 15.7567
v -16.4217 16.8449 15.2574
v -16.2359 17.0031 15.3007
v -17.3112 17.5514 16.3413
v -17.1172 17.7181 16.3833
v -16.8665 17.1982 15.7994
v -15.0875 15.7851 13.6316
v -15.5322 16.1383 14.1736
v -15.7099 15.9886 14.1291
v -15.6134 16.7996 14.8032
v -15.7952 16.6456 14.7593
v -17.954 17.7339 16.8418
v -17.756 17.9047 16.8832
v -17.5579 18.0755 16.9246
v -16.05 17.1613 15.3439
v -16.6765 17.3606 15.842
v -16.4866 17.523 15.8846
v -13.3596 15.7473 12.7791
v -13.536 15.627 12.7328
v -13.9645 15.9971 13.2723
v -16.6076 16.6867 15.2142
v -15.977 16.4916 14.7155
v -15.4316 16.9535 14.847
v -15.3545 16.2881 14.218
v -15.1768 16.4379 14.2624
v -14.9991 16.5876 14.3069
v -14.9138 15.9306 13.6767
v -14.7402 16.0762 13.7217
v -14.5666 16.2217 13.7668
v -14.134 15.8558 13.2267
v -14.3929 16.3673 13.8118
v -13.7015 15.4899 12.6865
v -13.867 15.3528 12.6403
v -13.4304 14.9911 12.0996
v -13.5918 14.8581 12.0527
v -13.9146 14.5923 11.959
v -14.076 14.4594 11.9121
v -13.7532 14.7252 12.0058
v -14.2374 14.3265 11.8652
v -14.4731 15.5731 13.1353
v -14.0325 15.2156 12.594
v -14.5289 14.8043 12.4552
v -15.2611 15.6395 13.5866
v -14.6944 14.6671 12.409
v -14.3036 15.7145 13.181
v -15.1514 15.0078 12.9527
v -14.6427 15.4318 13.0897
v -16.7934 16.5285 15.171
v -16.7041 15.8757 14.5402
v -16.5223 16.0297 14.584
v -16.3405 16.1837 14.6278
v -16.1587 16.3376 14.6717
v -16.243 15.5393 13.9958
v -16.0653 15.6891 14.0402
v -15.8876 15.8388 14.0847
v -15.4347 15.494 13.5415
v -16.5848 15.2227 13.9069
v -16.9793 16.3703 15.1277
v -17.1652 16.2122 15.0845
v -16.8859 15.7217 14.4963
v -16.4208 15.3895 13.9514
v -17.4363 16.711 15.6715
v -2.49805 23.3049 19.079
v -2.12358 23.8493 19.6656
v -2.02063 22.2854 18.1157
v -2.13778 22.8019 18.6184
v -2.37548 22.7892 18.5756
v -2.25494 23.3184 19.1212
v -1.90009 22.8146 18.6612
v -2.3721 23.8349 19.624
v -2.62062 23.8206 19.5823
v -1.77026 23.3228 19.2056
v -1.66393 22.8052 18.704
v -2.86914 23.8062 19.5407
v -1.5576 22.2875 18.2025
v -2.01183 23.332 19.1634
v -1.78834 22.2973 18.1591
v -3.08857 22.7511 18.4473
v -2.85087 22.7638 18.4901
v -2.61318 22.7765 18.5328
v -3.47049 23.2507 18.9101
v -2.71748 22.2498 17.9855
v -2.4852 22.2617 18.0289
v -2.25291 22.2735 18.0723
v -2.35721 21.7468 17.525
v -3.22738 23.2642 18.9523
v -2.13034 21.7578 17.569
v -2.74116 23.2913 19.0368
v -3.11766 23.7918 19.4991
v -3.36618 23.7774 19.4574
v -2.98427 23.2778 18.9946
v -3.6147 23.763 19.4158
v -2.00777 21.2422 17.0656
v -1.45311 20.7452 16.6525
v -1.78631 21.2524 17.1101
v -1.8852 20.7265 16.5623
v -1.66916 20.7358 16.6074
v -1.43484 19.7028 15.6019
v -1.552 20.2193 16.1046
v -1.76263 20.2108 16.0589
v -1.13227 20.2167 16.196
v -1.02594 19.699 15.6944
v -1.31769 19.1863 15.0991
v -1.11787 19.1931 15.146
v -1.22962 19.7105 15.6482
v -1.34136 20.2278 16.1503
v -0.919608 19.1813 15.1929
v -1.90347 21.7689 17.6129
v -1.02409 20.7236 16.7428
v -1.2386 20.7344 16.6976
v -0.685173 21.2207 17.3329
v -0.809589 20.7128 16.7879
v -0.905093 21.2312 17.2883
v -1.12501 21.2416 17.2438
v -1.34493 21.2521 17.1992
v -0.595082 20.702 16.833
v -1.0006 21.7495 17.7888
v -1.22593 21.7597 17.7448
v -1.45126 21.7698 17.7008
v -1.32685 22.2777 18.2458
v -1.56485 21.2625 17.1547
v -1.6766 21.7799 17.6569
v -0.126542 19.1342 15.3803
v -0.822259 19.6876 15.7407
v -0.61858 19.6761 15.787
v -0.4149 19.6647 15.8333
v -0.295898 20.1722 16.3789
v -0.504991 20.1834 16.3332
v -0.21122 19.6532 15.8796
v -0.714084 20.1945 16.2875
v -0.00754 19.6418 15.9259
v -0.324808 19.146 15.3335
v -0.523075 19.1578 15.2866
v -0.721342 19.1696 15.2397
v -0.923177 20.2056 16.2418
v 0.269992 19.1106 15.4741
v 0.071725 19.1224 15.4272
v -3.94486 21.6483 17.2173
v -4.57423 22.0893 17.6386
v -4.34246 22.123 17.682
v -4.2765 22.6652 18.2333
v -5.35174 23.5687 19.1245
v -5.10387 23.6065 19.1661
v -4.856 23.6443 19.2077
v -4.11068 22.1567 17.7253
v -4.17127 21.6159 17.1734
v -3.71845 21.6806 17.2612
v -3.8789 22.1904 17.7687
v -4.51364 22.6301 18.1905
v -4.75078 22.595 18.1478
v -4.92732 23.1008 18.6569
v -4.68482 23.1372 18.6991
v -4.03936 22.7002 18.2761
v -4.19981 23.21 18.7835
v -3.56396 22.7257 18.3617
v -3.80166 22.7129 18.3189
v -3.9567 23.2236 18.8257
v -3.7136 23.2371 18.8679
v -3.32627 22.7384 18.4045
v -3.64662 22.2023 17.812
v -3.41433 22.2142 17.8554
v -3.18205 22.226 17.8988
v -4.36027 23.7198 19.2909
v -4.60814 23.6821 19.2493
v -4.11175 23.7342 19.3325
v -3.86322 23.7486 19.3742
v -4.44232 23.1736 18.7413
v -3.61322 20.6313 16.2013
v -3.4474 20.1229 15.6933
v -3.77904 21.1398 16.7093
v -3.23708 20.1512 15.739
v -3.55799 21.1708 16.7538
v -3.39754 20.661 16.2464
v -3.07663 19.6414 15.2316
v -2.8714 19.6491 15.2779
v -2.66618 19.6568 15.3242
v -3.18149 20.6704 16.2915
v -2.31674 19.1521 14.8648
v -2.51655 19.1453 14.8179
v -2.71636 19.1384 14.771
v -2.81581 20.1682 15.8304
v -3.02645 20.1597 15.7847
v -2.45069 21.2218 16.9765
v -1.5175 19.1795 15.0523
v -2.22923 21.232 17.0211
v -2.53335 20.6984 16.4269
v -2.3173 20.7078 16.472
v -2.10125 20.7171 16.5171
v -1.64007 19.6951 15.5556
v -1.84529 19.6875 15.5093
v -1.97327 20.2023 16.0132
v -2.18391 20.1938 15.9675
v -2.67215 21.2116 16.932
v -2.58409 21.7358 17.481
v -2.81096 21.7248 17.4371
v -3.03783 21.7137 17.3931
v -2.94976 22.2379 17.9422
v -2.89361 21.2014 16.8874
v -2.60518 20.1768 15.8761
v -2.39454 20.1853 15.9218
v -1.71731 19.1726 15.0054
v -1.91712 19.1658 14.9585
v -2.46096 19.6644 15.3704
v -2.25574 19.6721 15.4167
v -2.05051 19.6798 15.463
v -2.11693 19.1589 14.9116
v -3.49158 21.6917 17.3052
v -3.2647 21.7027 17.3492
v -2.74939 20.6891 16.3818
v -2.96544 20.6797 16.3367
v -3.33653 21.181 16.7984
v -3.11507 21.1912 16.8429
v -6.88173 21.6645 17.2051
v -6.42331 21.7757 17.2918
v -8.06055 22.4671 18.1087
v -8.55116 22.8906 18.584
v -7.11094 21.6089 17.1618
v -7.58047 22.0398 17.6347
v -6.42799 21.228 16.734
v -6.20405 21.2817 16.7779
v -5.9801 21.3355 16.8219
v -6.64081 20.6322 16.1305
v -6.42213 20.684 16.175
v -5.98478 20.7878 16.2641
v -5.76611 20.8397 16.3086
v -5.97893 20.2438 15.7051
v -5.54743 20.8916 16.3531
v -7.82081 22.5264 18.1509
v -7.58106 22.5857 18.1931
v -7.34132 22.645 18.2352
v -6.86183 22.7636 18.3195
v -8.30615 22.9517 18.6255
v -7.346 22.0973 17.6774
v -7.11152 22.1547 17.7202
v -8.06114 23.0129 18.6671
v -6.65193 21.1743 16.6901
v -6.20346 20.7359 16.2196
v -6.87587 21.1205 16.6462
v -7.0811 23.2575 18.8334
v -7.32611 23.1964 18.7918
v -7.57112 23.1352 18.7503
v -7.81613 23.074 18.7087
v -7.56935 21.4977 17.0751
v -7.09981 21.0668 16.6022
v -7.77164 20.9056 16.4705
v -8.2839 21.8675 17.5064
v -7.32376 21.0131 16.5583
v -7.81495 21.9824 17.5919
v -8.74329 21.7082 17.421
v -8.79617 22.8294 18.5424
v -7.79856 21.4421 17.0318
v -8.30029 22.4077 18.0666
v -7.5477 20.9593 16.5144
v -6.85948 20.5803 16.086
v -7.07816 20.5284 16.0415
v -7.34014 21.5533 17.1184
v -8.04943 21.9249 17.5492
v -4.51293 18.9265 14.3492
v -5.54626 19.7999 15.2363
v -5.93562 19.167 14.5836
v -6.13849 19.1207 14.5374
v -5.7544 19.7517 15.1907
v -4.31333 18.9522 14.3961
v -5.73274 19.2133 14.6299
v -5.32699 19.3059 14.7225
v -4.71252 18.9009 14.3024
v -6.17068 19.6554 15.0993
v -6.7951 19.5109 14.9622
v -5.76552 20.2938 15.7502
v -6.83256 20.0437 15.5247
v -5.30534 18.7675 14.1618
v -5.50295 18.7231 14.1149
v -4.91965 19.9246 15.3734
v -4.92125 19.3986 14.815
v -5.12412 19.3522 14.7688
v -6.37882 19.6072 15.0536
v -5.52987 19.2596 14.6762
v -6.58696 19.5591 15.0079
v -6.19234 20.1938 15.66
v -6.40574 20.1438 15.6149
v -6.34136 19.0744 14.4911
v -6.61915 20.0937 15.5698
v -5.33812 19.8481 15.282
v -4.91013 18.8564 14.2555
v -6.65252 21.7201 17.2485
v -5.96254 19.7036 15.145
v -7.29683 20.4765 15.997
v -5.10773 18.812 14.2086
v -5.75616 21.3892 16.8658
v -5.55211 20.3439 15.7953
v -5.32638 20.9226 16.3976
v -4.51133 19.4525 14.9076
v -4.71629 19.4255 14.8613
v -5.10534 20.9536 16.4421
v -4.69165 20.4829 15.9757
v -5.33871 20.3939 15.8404
v -4.88429 20.9846 16.4867
v -4.90733 20.4533 15.9306
v -5.12302 20.4236 15.8855
v -4.70933 19.9529 15.4191
v -4.49901 19.9812 15.4648
v -4.11374 18.9778 14.443
v -5.12998 19.8962 15.3277
v -3.89646 19.5335 15.0465
v -3.28159 19.6144 15.1853
v -3.48654 19.5874 15.139
v -3.6915 19.5605 15.0927
v -4.28869 20.0096 15.5105
v -4.07837 20.0379 15.5562
v -4.30637 19.4795 14.9539
v -3.11577 19.106 14.6773
v -3.31536 19.0803 14.6304
v -3.51495 19.0547 14.5836
v -3.65773 20.0946 15.6476
v -2.91617 19.1316 14.7242
v -3.71455 19.0291 14.5367
v -3.91414 19.0034 14.4898
v -4.10142 19.5065 15.0002
v -6.83609 23.3187 18.8749
v -6.38235 22.8822 18.4038
v -5.96489 21.8869 17.3785
v -6.34321 23.4176 18.9581
v -6.09534 23.4554 18.9997
v -5.52975 21.4216 16.9097
v -5.89734 22.9551 18.4882
v -6.64257 22.2696 17.8057
v -6.13984 22.9186 18.446
v -6.59108 23.3799 18.9165
v -6.87705 22.2122 17.7629
v -6.4081 22.3271 17.8484
v -6.62209 22.8229 18.3617
v -6.1941 21.8313 17.3351
v -7.10158 22.7043 18.2774
v -4.80601 22.0555 17.5952
v -5.41233 23.0279 18.5726
v -5.03779 22.0218 17.5519
v -5.26956 21.9881 17.5085
v -5.73311 21.9206 17.4218
v -4.98792 22.5599 18.105
v -5.22506 22.5249 18.0622
v -5.4622 22.4898 18.0195
v -5.84747 23.4932 19.0413
v -5.69934 22.4547 17.9767
v -5.93648 22.4196 17.9339
v -5.59961 23.531 19.0829
v -5.65484 22.9915 18.5304
v -5.16983 23.0643 18.6148
v -6.17362 22.3845 17.8911
v -3.86805 20.0662 15.6019
v -4.47596 20.5126 16.0209
v -5.30334 21.454 16.9537
v -4.66324 21.0157 16.5312
v -4.26028 20.5423 16.066
v -4.04459 20.572 16.1111
v -4.44219 21.0467 16.5757
v -4.39769 21.5835 17.1294
v -5.50134 21.9543 17.4652
v -4.85051 21.5187 17.0415
v -5.07692 21.4864 16.9976
v -4.6241 21.5511 17.0855
v -3.82891 20.6017 16.1562
v -4.22114 21.0777 16.6202
v -4.00009 21.1088 16.6648
v 2.61166 18.7688 16.0365
v 2.80173 18.721 16.0833
v 2.22657 18.8467 15.9427
v 2.00612 19.3959 16.3888
v 2.20649 19.3657 16.4351
v 1.98067 19.915 16.8818
v 1.77493 19.9454 16.836
v 2.60222 19.287 16.5277
v 2.18641 19.8846 16.9275
v 2.42158 18.8166 15.9896
v 2.03157 18.8767 15.8959
v 1.80574 19.4261 16.3425
v 1.74411 20.4648 17.3296
v 2.39215 19.8543 16.9732
v 2.40687 19.3354 16.4814
v 1.06386 21.0763 17.6894
v 1.60537 19.4563 16.2962
v 1.28034 21.0456 17.7339
v 1.405 19.4865 16.2499
v 1.23878 21.5652 18.2286
v 1.01694 21.5961 18.1846
v 1.83656 18.9068 15.849
v 1.64156 18.9368 15.8021
v 1.56918 19.9758 16.7903
v 1.533 20.4953 17.2844
v 1.32189 20.5259 17.2393
v 1.36344 20.0062 16.7446
v 1.1577 20.0366 16.6989
v 1.49681 21.0148 17.7785
v 1.11078 20.5564 17.1941
v 1.46063 21.5343 18.2726
v 0.876172 23.1556 19.6704
v 1.15567 22.6046 19.218
v 0.342618 23.7386 20.0822
v 0.585935 23.707 20.1239
v 0.829251 23.6755 20.1656
v 1.38826 22.5733 19.2608
v 1.42444 22.0538 18.7667
v 1.19723 22.0849 18.7233
v 0.970015 22.116 18.6799
v 1.11412 23.1242 19.7126
v 0.400275 23.2184 19.5858
v 0.923093 22.6358 19.1751
v 0.638224 23.187 19.6281
v 0.690513 22.667 19.1323
v 1.5592 23.5808 20.2907
v 1.35207 23.0928 19.7549
v 2.31858 22.4484 19.4322
v 2.30386 22.9672 19.924
v 1.31588 23.6123 20.249
v 1.07257 23.6439 20.2073
v 1.62084 22.5421 19.3037
v 1.59002 23.0614 19.7972
v 1.82797 23.03 19.8395
v 2.06591 22.9986 19.8817
v 2.086 22.4796 19.3893
v 2.28915 23.4861 20.4158
v 1.85342 22.5109 19.3465
v 2.04583 23.5176 20.3741
v 1.80252 23.5492 20.3324
v 2.16633 20.4036 17.4198
v 1.95522 20.4342 17.3747
v 2.33329 21.9296 18.9404
v 2.37744 20.3731 17.465
v 2.36272 20.8919 17.9568
v 2.34801 21.4107 18.4486
v 1.65165 22.0228 18.8101
v 1.87887 21.9917 18.8536
v 1.68247 21.5034 18.3166
v 2.12616 21.4416 18.4046
v 2.10608 21.9606 18.897
v 2.14624 20.9226 17.9122
v 1.71329 20.9841 17.8231
v 1.92977 20.9534 17.8676
v 1.90432 21.4725 18.3606
v 0.39982 19.6189 16.0185
v 0.540476 20.1278 16.5617
v 0.861531 19.057 15.6147
v 0.468258 19.0989 15.5209
v -0.025414 21.1894 17.4666
v -0.380576 20.6913 16.8782
v -0.166069 20.6805 16.9233
v 0.048438 20.6697 16.9684
v 0.262944 20.6589 17.0136
v -0.086804 20.1611 16.4246
v 0.122289 20.15 16.4703
v 0.331382 20.1389 16.516
v 0.666525 19.0871 15.5678
v 0.19614 19.6303 15.9722
v 0.6035 19.6074 16.0648
v 0.414426 21.1685 17.5557
v 0.803874 19.5772 16.1111
v 1.00425 19.547 16.1573
v 1.20462 19.5168 16.2036
v 0.477451 20.6481 17.0587
v 0.951959 20.067 16.6532
v 0.746217 20.0974 16.6074
v 1.05654 19.027 15.6615
v 0.89967 20.587 17.149
v 0.68856 20.6176 17.1038
v 0.847381 21.107 17.6448
v 0.194506 21.1789 17.5111
v 1.25154 18.9969 15.7084
v 1.44655 18.9669 15.7553
v 0.630903 21.1377 17.6002
v 0.573246 21.6579 18.0966
v 0.351401 21.6888 18.0526
v 0.288376 22.2091 18.5496
v 0.225352 22.7295 19.0466
v 0.162327 23.2498 19.5436
v -0.079246 23.259 19.5013
v -0.147684 23.779 19.9989
v -0.394671 23.7878 19.9572
v 0.05763 22.2189 18.5062
v 0.099302 23.7702 20.0405
v -0.010808 22.7389 19.0038
v 0.457932 22.6983 19.0894
v 0.515589 22.1781 18.593
v 0.742802 22.147 18.6365
v 0.795091 21.627 18.1406
v -0.403863 22.2385 18.4194
v -0.641657 23.7966 19.9156
v 0.126068 21.6989 18.0087
v -0.099265 21.709 17.9647
v -0.888643 23.8053 19.8739
v -1.13563 23.8141 19.8322
v -1.38262 23.8229 19.7906
v -0.173116 22.2287 18.4628
v -0.246968 22.7484 18.961
v -0.483128 22.7579 18.9181
v -0.719287 22.7673 18.8753
v -0.320819 23.2681 19.4591
v -0.562392 23.2772 19.4168
v -0.803965 23.2863 19.3746
v -1.04554 23.2955 19.3324
v -1.28711 23.3046 19.2901
v -0.245334 21.1998 17.422
v -1.42777 22.7957 18.7469
v -1.87659 23.8405 19.7072
v -1.6296 23.8317 19.7489
v -1.52868 23.3137 19.2479
v -1.19161 22.7862 18.7897
v -0.955447 22.7768 18.8325
v -1.0961 22.2679 18.2892
v -0.865356 22.2581 18.3326
v -0.634609 22.2483 18.376
v -0.775265 21.7394 17.8328
v -0.549931 21.7293 17.8767
v -0.324598 21.7192 17.9207
v -0.465254 21.2103 17.3775
v 4.61916 22.4156 20.347
v 4.18969 23.0562 20.7496
v 4.39448 22.4896 20.3047
v 4.3617 21.9766 19.818
v 4.32892 21.4637 19.3313
v 4.54332 21.392 19.3748
v 3.95212 23.1099 20.7079
v 4.75772 21.3203 19.4183
v 4.58124 21.9038 19.8609
v 4.10719 21.5155 19.2879
v 4.80078 21.8309 19.9038
v 4.16219 22.5426 20.2624
v 3.9299 22.5957 20.2201
v 4.71466 20.8096 18.9327
v 4.5054 20.8802 18.8887
v 5.57637 22.6269 21.0001
v 5.34655 22.702 20.9583
v 5.02032 21.7581 19.9467
v 5.51789 22.1197 20.5163
v 5.2932 22.1936 20.474
v 5.06852 22.2676 20.4316
v 4.84384 22.3416 20.3893
v 4.65708 22.9274 20.8331
v 5.34242 20.5979 19.0648
v 5.97018 20.3861 19.1969
v 5.40091 21.1051 19.5487
v 5.8297 20.9617 19.6356
v 6.0441 20.89 19.679
v 4.42725 23.0025 20.7913
v 5.89627 19.8822 18.7148
v 6.37976 20.2263 19.285
v 6.49108 19.6376 18.8486
v 5.69216 19.9517 18.6702
v 6.04366 18.2217 17.3611
v 6.13512 17.6393 16.927
v 6.3106 17.558 16.9738
v 6.49852 18.554 17.9335
v 5.62338 19.4467 18.1875
v 5.82235 19.3784 18.2327
v 5.74844 18.8745 17.7506
v 5.86321 18.3045 17.3148
v 5.94226 18.8073 17.7963
v 6.59247 19.052 18.4134
v 6.40209 19.138 18.3682
v 6.2585 20.8183 19.7225
v 5.22544 19.5833 18.0972
v 4.8275 19.72 18.0069
v 5.10847 18.5688 17.1296
v 4.97313 19.1433 17.5677
v 5.78415 17.8018 16.8332
v 5.16695 19.0761 17.6134
v 4.86644 18.1265 16.5989
v 5.04998 18.0615 16.6458
v 4.7311 18.7009 17.037
v 5.23352 17.9966 16.6926
v 5.29715 18.5027 17.1759
v 5.6006 17.8667 16.7864
v 5.67452 18.3706 17.2685
v 5.36078 19.0089 17.6591
v 5.95963 17.7205 16.8801
v 4.97212 21.2486 19.4617
v 5.48584 18.4367 17.2222
v 5.55461 18.9417 17.7049
v 5.13317 20.6685 19.0208
v 5.42441 19.515 18.1424
v 4.92391 20.739 18.9768
v 5.02647 19.6517 18.052
v 5.23986 21.6852 19.9896
v 5.4594 21.6124 20.0325
v 5.28393 20.0906 18.581
v 5.07982 20.1601 18.5364
v 4.87571 20.2295 18.4918
v 5.41706 17.9317 16.7395
v 5.61531 21.0334 19.5921
v 4.6716 20.299 18.4472
v 4.91978 18.6349 17.0833
v 4.62854 19.7883 17.9617
v 4.46748 20.3684 18.4026
v 4.19782 19.412 17.3847
v 4.54241 18.767 16.9907
v 4.35373 18.8331 16.9444
v 4.7793 19.2105 17.5219
v 4.58547 19.2777 17.4762
v 4.39164 19.3449 17.4305
v 4.42957 19.8566 17.9165
v 4.13227 18.3862 16.4114
v 3.94219 18.434 16.3646
v 4.31581 18.3213 16.4583
v 4.49935 18.2563 16.5052
v 4.68289 18.1914 16.552
v 3.66371 21.619 19.201
v 2.76428 23.3786 20.4992
v 3.44198 21.6708 19.1576
v 3.90767 22.0815 19.7323
v 3.68066 22.1339 19.6894
v 3.45365 22.1863 19.6465
v 3.22663 22.2387 19.6037
v 3.69761 22.6488 20.1778
v 3.46532 22.7019 20.1355
v 3.23303 22.7549 20.0932
v 3.00074 22.808 20.0509
v 3.00185 23.3249 20.541
v 3.23942 23.2711 20.5827
v 3.47698 23.2174 20.6244
v 3.71455 23.1637 20.6661
v 3.88545 21.5672 19.2445
v 3.43031 21.1552 18.6686
v 3.64677 21.1041 18.7127
v 3.86323 21.053 18.7567
v 4.07969 21.0019 18.8007
v 4.29615 20.9508 18.8447
v 4.16504 18.8991 16.8981
v 3.62982 20.5892 18.2243
v 3.84101 20.5388 18.2689
v 4.05219 20.4883 18.3135
v 3.99719 19.4612 17.339
v 4.26337 20.4379 18.358
v 4.02469 19.9748 17.8262
v 4.13469 22.0291 19.7751
v 4.2306 19.925 17.8714
v 3.22024 21.7225 19.1141
v 2.54559 22.396 19.4751
v 2.53615 22.9142 19.9663
v 2.9985 21.7743 19.0707
v 2.77677 21.8261 19.0273
v 2.55503 21.8778 18.9838
v 2.56447 21.3596 18.4926
v 2.78093 21.3085 18.5366
v 2.99739 21.2574 18.5806
v 2.76844 22.8611 20.0086
v 2.99962 22.2912 19.5608
v 2.7726 22.3436 19.5179
v 3.21385 21.2063 18.6246
v 2.99627 20.7406 18.0905
v 2.52672 23.4323 20.4575
v 2.5739 20.8415 18.0014
v 3.37196 18.5775 16.2239
v 3.19467 19.6577 17.1561
v 2.99404 19.7069 17.1104
v 3.18828 19.1415 16.6666
v 2.99292 19.19 16.6203
v 2.79341 19.756 17.0646
v 2.59278 19.8051 17.0189
v 3.18188 18.6253 16.1771
v 2.99181 18.6731 16.1302
v 2.79757 19.2385 16.574
v 2.99516 20.2237 17.6005
v 2.78925 20.2735 17.5553
v 2.58334 20.3233 17.5101
v 2.78509 20.791 18.046
v 3.75211 18.4819 16.3177
v 3.96969 18.9476 16.8518
v 3.79656 19.5103 17.2933
v 3.56204 18.5297 16.2708
v 3.20106 20.1739 17.6456
v 3.81878 20.0245 17.7811
v 3.3953 19.6086 17.2018
v 3.59593 19.5594 17.2475
v 3.41864 20.6397 18.1797
v 3.20745 20.6901 18.1351
v 3.61287 20.0743 17.7359
v 3.77434 18.9961 16.8055
v 3.38363 19.093 16.7129
v 3.57898 19.0446 16.7592
v 3.40697 20.1241 17.6908
v 16.831 7.66283 21.5035
v 16.056 7.14861 20.6295
v 16.4435 7.40571 21.0665
v 16.9891 8.46533 21.8046
v 17.4482 8.54898 22.2879
v 16.7569 7.84046 21.4577
v 16.9444 7.29797 21.5951
v 17.2905 8.92091 22.1985
v 16.5529 7.04951 21.1592
v 16.3718 7.57918 21.0202
v 16.3002 7.75264 20.9738
v 15.9175 7.48719 20.5358
v 15.9868 7.3179 20.5827
v 16.1615 6.80105 20.7233
v 16.1088 6.97483 20.6764
v 17.3358 7.54642 22.031
v 17.1145 6.75068 21.7325
v 17.0578 6.93311 21.6867
v 17.0011 7.11554 21.6409
v 16.8877 7.4804 21.5493
v 17.3945 7.35967 22.0762
v 16.2142 6.62728 20.7701
v 16.3725 6.10595 20.9107
v 16.6077 6.87141 21.2055
v 16.267 6.4535 20.817
v 17.7273 7.79488 22.4669
v 16.3197 6.27973 20.8639
v 17.2771 7.73318 21.9857
v 17.6666 7.98596 22.4221
v 16.4982 7.22761 21.1128
v 17.9934 8.43416 22.8144
v 18.979 9.61076 24.0401
v 19.0674 9.40812 24.0827
v 18.8905 9.8134 23.9975
v 18.4455 8.49153 23.295
v 18.2972 8.88557 23.2077
v 18.3809 8.69127 23.2513
v 18.7684 8.94838 23.6883
v 17.8309 8.81442 22.726
v 18.6823 9.14685 23.6452
v 19.1558 9.20548 24.1252
v 19.2708 10.083 24.4361
v 19.3616 9.8762 24.4781
v 17.9122 8.62429 22.7702
v 19.4525 9.6694 24.5202
v 18.3382 9.94072 23.4727
v 17.142 8.10173 21.8952
v 18.2136 9.07987 23.164
v 18.13 9.27417 23.1204
v 17.3694 8.73494 22.2432
v 18.0463 9.46847 23.0767
v 17.5271 8.36301 22.3327
v 17.9627 9.66277 23.0331
v 17.5872 9.38482 22.5934
v 17.6684 9.19469 22.6376
v 18.5963 9.34531 23.602
v 17.2185 7.91993 21.9404
v 17.6059 8.17705 22.3774
v 18.6252 10.4213 23.8698
v 17.7497 9.00456 22.6818
v 18.5368 10.6239 23.8272
v 17.2117 9.10687 22.1538
v 18.9983 10.7034 24.31
v 17.1328 9.29284 22.1091
v 19.0891 10.4966 24.352
v 19.18 10.2898 24.394
v 18.5102 9.54378 23.5589
v 17.7954 10.0514 22.9458
v 18.4242 9.74225 23.5158
v 17.879 9.85707 22.9894
v 18.7136 10.2187 23.9124
v 18.8021 10.016 23.9549
v 18.08 10.5361 23.3434
v 18.1661 10.3377 23.3865
v 18.2521 10.1392 23.4296
v 16.5307 5.58462 21.0513
v 16.936 5.80279 21.4835
v 16.4252 5.93218 20.9576
v 17.1712 6.56825 21.7783
v 17.2279 6.38582 21.8241
v 16.7719 6.3371 21.3445
v 16.7171 6.5152 21.2982
v 17.5119 6.98616 22.1668
v 17.2846 6.20339 21.8699
v 16.6624 6.6933 21.2518
v 16.478 5.7584 21.0045
v 16.8266 6.159 21.3908
v 17.5706 6.7994 22.212
v 16.8813 5.9809 21.4372
v 17.4532 7.17291 22.1215
v 17.3414 6.02096 21.9157
v 17.688 6.42589 22.3026
v 17.6293 6.61264 22.2573
v 16.5667 5.40796 21.0982
v 18.0913 6.64838 22.7353
v 16.6027 5.2313 21.1451
v 18.0307 6.83946 22.6905
v 16.9736 5.62169 21.5299
v 17.0112 5.44057 21.5762
v 18.3694 7.26169 23.0796
v 18.432 7.06629 23.1238
v 17.97 7.03055 22.6458
v 17.9093 7.22163 22.6011
v 17.3805 5.83541 21.9615
v 17.7467 6.23913 22.3479
v 19.5433 9.46259 24.5622
v 18.1187 8.04334 22.9028
v 18.1814 7.84793 22.947
v 19.2931 8.7887 24.2104
v 19.2245 8.99709 24.1678
v 18.5102 8.29179 23.3387
v 18.5748 8.09206 23.3823
v 18.0561 8.23875 22.8586
v 17.8486 7.41271 22.5563
v 17.788 7.6038 22.5116
v 19.6139 9.24988 24.6043
v 19.6845 9.03716 24.6463
v 18.835 8.74431 23.7314
v 18.9016 8.54025 23.7746
v 18.9682 8.33619 23.8177
v 19.7047 7.53836 24.4661
v 19.008 6.6903 23.688
v 20.108 7.76086 24.8988
v 19.6361 7.74675 24.4235
v 20.0374 7.97357 24.8567
v 18.6011 6.47658 23.2564
v 18.5573 6.67546 23.2122
v 18.9626 6.89363 23.6443
v 19.368 7.1118 24.0765
v 19.7733 7.32997 24.5087
v 18.898 7.09337 23.6007
v 18.8334 7.29311 23.557
v 18.7687 7.49284 23.5133
v 19.2347 7.51993 23.9902
v 19.3013 7.31587 24.0334
v 19.4303 8.37192 24.2957
v 19.4989 8.16353 24.3383
v 19.1015 7.92806 23.904
v 19.1681 7.72399 23.9471
v 19.0349 8.13212 23.8608
v 19.5675 7.95514 24.3809
v 18.7041 7.69258 23.4697
v 18.6394 7.89232 23.426
v 19.3617 8.58031 24.2531
v 18.3067 7.45711 23.0354
v 18.244 7.65252 22.9912
v 19.8963 8.39901 24.7726
v 19.9668 8.18629 24.8146
v 19.8257 8.61173 24.7305
v 19.7551 8.82444 24.6884
v 16.8963 9.85073 21.9749
v 17.5059 9.57496 22.5492
v 16.9127 8.64712 21.7594
v 16.8362 8.82892 21.7141
v 16.7597 9.01072 21.6689
v 16.6833 9.19252 21.6236
v 16.6068 9.37431 21.5784
v 17.054 9.4788 22.0643
v 16.9751 9.66477 22.0196
v 15.779 7.82578 20.4421
v 16.0852 8.27302 20.8348
v 17.3434 9.95522 22.4609
v 17.4247 9.76509 22.5051
v 16.3126 8.90623 21.1829
v 16.2386 9.08386 21.1371
v 16.3867 8.7286 21.2287
v 15.502 8.50295 20.2546
v 15.5712 8.33366 20.3015
v 15.6405 8.16437 20.3483
v 15.7097 7.99507 20.3952
v 15.8482 7.65649 20.4889
v 16.2285 7.9261 20.9275
v 16.1569 8.09956 20.8812
v 16.0136 8.44648 20.7885
v 15.9419 8.61995 20.7422
v 16.6829 8.01808 21.4119
v 16.6088 8.19571 21.3661
v 16.5348 8.37335 21.3203
v 17.0656 8.28353 21.8499
v 16.4607 8.55097 21.2745
v 15.8703 8.79341 20.6958
v 16.7997 10.0298 21.9302
v 16.7031 10.209 21.8855
v 17.1628 10.3284 22.3725
v 16.249 10.0815 21.3974
v 16.5304 9.55611 21.5331
v 16.1645 9.26149 21.0913
v 15.7986 8.96687 20.6495
v 17.2622 10.1454 22.4167
v 16.4366 9.73126 21.4879
v 16.3428 9.9064 21.4426
v 15.4327 8.67225 20.2077
v 15.9825 9.60384 20.9997
v 16.0735 9.43267 21.0455
v 15.7104 9.13407 20.6032
v 18.394 11.9207 24.0578
v 18.6152 11.5228 24.1418
v 18.8166 11.117 24.2259
v 18.9075 10.9102 24.2679
v 18.4483 10.8266 23.7846
v 18.5046 11.7218 24.0998
v 18.3599 11.0292 23.7421
v 17.7117 10.2457 22.9021
v 18.1443 11.4192 23.657
v 18.2521 11.2242 23.6995
v 18.7258 11.3238 24.1838
v 17.6281 10.44 22.8585
v 17.994 10.7346 23.3003
v 17.5259 10.627 22.8148
v 17.889 10.9256 23.2572
v 18.0622 12.5176 23.9318
v 18.1728 12.3186 23.9738
v 18.2834 12.1197 24.0158
v 16.6065 10.3881 21.8408
v 16.5099 10.5672 21.7961
v 17.0634 10.5115 22.3283
v 16.964 10.6946 22.2842
v 17.4237 10.8141 22.7712
v 17.3215 11.0011 22.7276
v 17.784 11.1166 23.2141
v 17.679 11.3077 23.171
v 17.574 11.4987 23.1279
v 17.8209 12.0042 23.5293
v 17.9287 11.8092 23.5719
v 18.0365 11.6142 23.6144
v 15.2695 9.9701 20.3715
v 15.3473 8.83549 20.1609
v 15.2619 8.99872 20.114
v 15.1765 9.16196 20.0671
v 15.8005 9.94619 20.9082
v 16.1552 10.2567 21.3521
v 16.4133 10.7463 21.7513
v 16.3167 10.9254 21.7066
v 15.6222 9.30128 20.5569
v 15.0912 9.32519 20.0203
v 15.8915 9.77501 20.9539
v 15.0058 9.48843 19.9734
v 15.534 9.46848 20.5105
v 15.4458 9.63569 20.4642
v 15.3577 9.8029 20.4179
v 15.0931 10.3045 20.2789
v 15.4366 10.6309 20.725
v 16.0614 10.4318 21.3069
v 15.9676 10.607 21.2616
v 16.027 11.4627 21.5725
v 15.6863 11.1324 21.1259
v 15.5276 10.4597 20.7708
v 15.1813 10.1373 20.3252
v 15.7095 10.1174 20.8624
v 15.6186 10.2885 20.8166
v 15.8739 10.7821 21.2164
v 15.7801 10.9573 21.1711
v 16.2201 11.1045 21.6619
v 14.9204 9.65167 19.9265
v 14.835 9.8149 19.8797
v 17.3414 13.6821 23.6798
v 15.9132 11.6333 21.5278
v 16.2507 11.9674 21.975
v 16.1338 12.1417 21.9309
v 16.4681 12.4795 22.3786
v 16.348 12.6575 22.335
v 16.8024 12.8173 22.8263
v 16.6791 12.9991 22.7833
v 16.5558 13.1808 22.7402
v 17.1367 13.1551 23.2741
v 17.0103 13.3406 23.2316
v 16.8838 13.5261 23.189
v 16.7573 13.7116 23.1465
v 17.082 14.0606 23.5959
v 17.2117 13.8713 23.6379
v 17.7304 13.1145 23.8058
v 17.6053 12.3941 23.4442
v 16.8646 10.8777 22.24
v 17.0149 11.5623 22.5967
v 17.1171 11.3752 22.6403
v 17.2193 11.1882 22.684
v 17.469 11.6897 23.0848
v 17.364 11.8807 23.0417
v 17.259 12.0717 22.9986
v 16.6658 11.2438 22.1517
v 16.7652 11.0608 22.1958
v 17.841 12.9155 23.8478
v 17.9516 12.7165 23.8898
v 17.7131 12.1992 23.4868
v 17.4975 12.5891 23.4017
v 17.4711 13.4929 23.7218
v 16.1236 11.2836 21.6172
v 17.6007 13.3037 23.7638
v 16.3677 11.7931 22.0192
v 16.7083 12.1234 22.4658
v 16.5664 11.4269 22.1075
v 17.049 12.4538 22.9125
v 16.467 11.61 22.0633
v 17.3897 12.7841 23.3591
v 16.9127 11.7493 22.5531
v 17.2632 12.9696 23.3166
v 16.8105 11.9364 22.5094
v 16.9257 12.6355 22.8694
v 16.5882 12.3015 22.4222
v 17.154 12.2628 22.9556
v 17.0371 1.6824 22.0824
v 18.7821 1.57151 23.8991
v 17.8979 2.1076 22.8778
v 17.9018 1.92081 22.9236
v 17.0395 1.50474 22.1293
v 17.042 1.32708 22.1762
v 17.0444 1.14941 22.2231
v 17.0468 0.971752 22.2699
v 19.2047 2.07797 24.2296
v 19.2106 1.8775 24.2738
v 18.3386 1.84868 23.3895
v 18.7769 1.76742 23.8543
v 17.4757 1.43716 22.5957
v 17.4694 1.80161 22.503
v 17.4726 1.61938 22.5494
v 17.0347 1.86006 22.0356
v 17.4569 2.5305 22.3176
v 17.0274 2.39305 21.895
v 18.3205 2.61405 23.2083
v 18.325 2.42271 23.2536
v 17.46 2.34828 22.364
v 17.4632 2.16605 22.4103
v 17.4663 1.98383 22.4567
v 17.8864 2.66795 22.7403
v 18.3159 2.8054 23.163
v 18.2934 2.99692 23.1177
v 17.0298 2.21539 21.9418
v 17.0322 2.03772 21.9887
v 17.8902 2.48116 22.7861
v 17.8941 2.29438 22.832
v 18.7559 2.55104 23.6752
v 19.1987 2.27843 24.1853
v 19.1928 2.4789 24.1411
v 19.6244 2.60267 24.5622
v 18.7612 2.35513 23.72
v 18.7664 2.15923 23.7648
v 19.631 2.39764 24.6059
v 18.7716 1.96332 23.8095
v 20.056 2.72644 24.9833
v 20.0487 2.93602 24.9401
v 17.9094 1.54725 23.0152
v 18.3295 2.23137 23.2989
v 17.9056 1.73403 22.9694
v 20.0413 3.14561 24.8969
v 18.3341 2.04002 23.3442
v 19.5526 3.62794 24.3435
v 19.1868 2.67937 24.0968
v 19.1809 2.87983 24.0526
v 19.9527 3.98406 24.7241
v 19.9798 3.77444 24.7673
v 18.7507 2.74694 23.6304
v 20.3789 4.13508 25.1483
v 20.3506 4.34922 25.1057
v 19.5785 3.42284 24.3873
v 20.7756 4.50476 25.5304
v 19.6178 2.80769 24.5184
v 19.1501 3.28087 23.9641
v 18.7454 2.94285 23.5856
v 19.175 3.0803 24.0083
v 18.7217 3.1389 23.5409
v 20.4877 2.8502 25.4044
v 20.893 3.6301 25.699
v 20.0069 3.56482 24.8105
v 20.4716 3.2785 25.319
v 20.4796 3.06435 25.3617
v 20.4635 3.49265 25.2763
v 20.4353 3.70679 25.2336
v 20.4071 3.92093 25.191
v 20.034 3.3552 24.8536
v 19.6045 3.21775 24.431
v 19.6111 3.01272 24.4747
v 20.9018 3.41139 25.7411
v 20.8637 3.84876 25.6568
v 20.8343 4.06743 25.6147
v 20.805 4.2861 25.5726
v 20.0634 2.51685 25.0265
v 20.9542 2.09914 25.9941
v 20.9717 1.66172 26.0785
v 20.9105 3.19268 25.7833
v 20.9193 2.97397 25.8255
v 20.928 2.75526 25.8676
v 20.9455 2.31785 25.952
v 19.2225 1.47657 24.3624
v 20.5118 2.20776 25.5324
v 20.5198 1.99361 25.5751
v 20.078 2.09767 25.1129
v 20.4957 2.63606 25.4471
v 18.3568 1.0833 23.5707
v 18.7873 1.37561 23.9439
v 19.6377 2.19262 24.6496
v 20.524 1.35304 25.7032
v 20.5121 1.14077 25.7459
v 18.7666 0.791623 24.0782
v 20.9368 2.53655 25.9098
v 20.0757 1.05348 25.329
v 20.963 1.88043 26.0363
v 19.6394 0.966196 24.9121
v 20.9601 1.44489 26.1207
v 19.6269 0.763039 24.9558
v 20.0927 1.6785 25.1993
v 20.0854 1.88809 25.1561
v 20.5359 1.56532 25.6605
v 20.5279 1.77946 25.6178
v 20.1001 1.46891 25.2425
v 20.5037 2.42191 25.4897
v 19.1775 0.481712 24.5837
v 19.6518 1.16935 24.8683
v 19.203 0.878909 24.4952
v 18.7406 0.403542 24.1678
v 18.7276 0.209502 24.2126
v 16.9929 0.090862 22.5043
v 17.007 0.266669 22.4574
v 18.3302 0.704336 23.6613
v 17.8668 0.247202 23.336
v 17.8532 0.062279 23.3819
v 18.2904 0.13589 23.7972
v 17.8939 0.61705 23.2444
v 19.6642 1.37251 24.8246
v 17.4298 0.169032 22.9201
v 17.9133 1.36046 23.0611
v 17.0352 0.618283 22.3637
v 18.3522 1.27464 23.5254
v 18.3431 1.65733 23.4348
v 18.3477 1.46599 23.4801
v 17.0493 0.794089 22.3168
v 18.7926 1.1797 23.9886
v 17.4851 0.890493 22.7348
v 18.317 0.514854 23.7066
v 17.4437 0.349397 22.8738
v 17.9171 1.17368 23.1069
v 17.4788 1.25494 22.6421
v 17.4713 0.710127 22.7811
v 17.8803 0.432126 23.2902
v 17.482 1.07272 22.6884
v 19.1648 0.283113 24.628
v 19.2157 1.07751 24.4509
v 19.651 1.78256 24.7371
v 18.7796 0.985663 24.0334
v 18.3435 0.893818 23.616
v 19.1903 0.68031 24.5394
v 17.9074 0.801973 23.1985
v 19.2165 1.67704 24.3181
v 17.9209 0.986897 23.1527
v 19.6576 1.57754 24.7808
v 19.6443 1.98759 24.6934
v 17.0211 0.442476 22.4105
v 17.4575 0.529762 22.8274
v 20.0707 2.30726 25.0697
v 19.2284 1.27611 24.4066
v 20.1786 7.54814 24.9408
v 19.1441 6.08029 23.8191
v 19.0987 6.28363 23.7754
v 19.0533 6.48696 23.7317
v 20.2286 7.33147 24.9829
v 20.3287 6.89812 25.0672
v 19.8218 7.11774 24.5513
v 19.5556 6.28068 24.2492
v 19.8702 6.90552 24.5939
v 19.5087 6.48846 24.206
v 19.4618 6.69624 24.1628
v 19.4149 6.90402 24.1197
v 20.2787 7.1148 25.0251
v 19.9187 6.69329 24.6366
v 19.9672 6.48107 24.6792
v 19.3255 5.26695 23.9939
v 20.5288 6.03144 25.2356
v 19.2348 5.67362 23.9065
v 20.4788 6.24811 25.1935
v 20.4288 6.46478 25.1514
v 20.3787 6.68145 25.1093
v 20.0156 6.26884 24.7218
v 20.0641 6.05661 24.7645
v 20.1126 5.84439 24.8071
v 19.6025 6.0729 24.2923
v 19.6494 5.86512 24.3355
v 19.6963 5.65734 24.3786
v 19.2801 5.47028 23.9502
v 19.7433 5.44955 24.4218
v 19.1894 5.87696 23.8628
v 17.5369 5.09319 22.1447
v 17.0487 5.25947 21.6225
v 17.0863 5.07836 21.6689
v 17.4978 5.27874 22.0989
v 17.4587 5.4643 22.0531
v 17.4196 5.64985 22.0073
v 17.8687 5.66913 22.4837
v 17.828 5.85913 22.4384
v 17.7874 6.04913 22.3931
v 18.2365 6.06841 22.8695
v 18.4947 6.87087 23.168
v 16.6747 4.87797 21.2388
v 16.6387 5.05464 21.192
v 18.1942 6.26285 22.8248
v 18.152 6.4573 22.78
v 17.9907 5.09913 22.6195
v 18.6449 6.27768 23.3006
v 18.6887 6.07879 23.3448
v 18.7325 5.8799 23.3891
v 18.0314 4.90913 22.6648
v 17.9501 5.28913 22.5742
v 17.9094 5.47913 22.529
v 18.7763 5.68102 23.4333
v 18.8201 5.48212 23.4775
v 18.4477 5.09618 23.0933
v 18.4054 5.29063 23.0485
v 18.3632 5.48507 23.0038
v 18.3209 5.67952 22.959
v 18.2787 5.87396 22.9143
v 18.8639 5.28323 23.5217
v 16.8547 3.99465 21.4732
v 17.2365 4.35392 21.8542
v 17.199 4.53503 21.8079
v 17.1614 4.71614 21.7615
v 18.0721 4.71913 22.7101
v 16.8187 4.17132 21.4263
v 16.8739 3.8167 21.52
v 16.7827 4.34798 21.3794
v 16.7467 4.52464 21.3326
v 17.2741 4.17281 21.9006
v 16.7107 4.70131 21.2857
v 17.1238 4.89725 21.7152
v 17.5761 4.90764 22.1905
v 17.6152 4.72208 22.2363
v 17.6543 4.53653 22.2822
v 20.6289 5.59809 25.3198
v 20.6582 5.37943 25.3619
v 18.9763 4.68488 23.6544
v 19.0011 4.48431 23.6986
v 19.4227 4.65342 24.125
v 20.5788 5.81477 25.2777
v 19.3968 4.85852 24.0813
v 20.1611 5.63216 24.8497
v 19.3708 5.06361 24.0376
v 19.7902 5.24177 24.465
v 20.2095 5.41993 24.8924
v 20.2377 5.20579 24.935
v 20.266 4.99165 24.9777
v 19.8173 5.03215 24.5082
v 19.8444 4.82254 24.5513
v 20.7169 4.9421 25.4462
v 19.8714 4.61292 24.5945
v 19.026 4.28374 23.7429
v 20.3224 4.56336 25.063
v 20.2942 4.7775 25.0204
v 19.0508 4.08316 23.7871
v 19.0756 3.88259 23.8314
v 20.6876 5.16076 25.404
v 19.1005 3.68202 23.8756
v 19.5006 4.03813 24.2561
v 19.4747 4.24323 24.2124
v 19.8985 4.4033 24.6377
v 19.4487 4.44832 24.1687
v 19.9256 4.19368 24.6809
v 20.7463 4.72343 25.4883
v 18.9515 4.88545 23.6102
v 18.4899 4.90174 23.138
v 16.8931 3.63874 21.5669
v 18.5321 4.70729 23.1828
v 17.3553 3.4429 22.0859
v 16.9123 3.46079 21.6138
v 17.3147 3.80785 21.9932
v 17.2944 3.99033 21.9469
v 17.7149 4.16397 22.3738
v 17.7363 3.97697 22.4196
v 18.1128 4.52913 22.7554
v 18.5558 4.51124 23.2275
v 16.9315 3.28283 21.6606
v 18.9077 5.08434 23.5659
v 17.6934 4.35097 22.328
v 16.989 2.74896 21.8012
v 18.698 3.33495 23.4961
v 18.6743 3.531 23.4513
v 19.1253 3.48144 23.9198
v 18.6506 3.72705 23.4066
v 18.6269 3.92309 23.3618
v 17.865 2.85495 22.6945
v 17.0082 2.571 21.8481
v 17.8435 3.04195 22.6487
v 18.2256 3.5715 22.9818
v 18.2482 3.37998 23.0271
v 17.4163 2.89546 22.225
v 18.2708 3.18845 23.0724
v 19.5266 3.83304 24.2998
v 17.4366 2.71298 22.2713
v 17.3959 3.07794 22.1786
v 17.3756 3.26042 22.1323
v 17.335 3.62538 22.0396
v 16.9506 3.10487 21.7075
v 17.8221 3.22896 22.6029
v 16.9698 2.92692 21.7544
v 17.8006 3.41596 22.557
v 17.7792 3.60296 22.5112
v 18.6032 4.11914 23.3171
v 18.5795 4.31519 23.2723
v 17.7577 3.78996 22.4654
v 18.2031 3.76303 22.9365
v 18.1805 3.95455 22.8912
v 18.1579 4.14608 22.8459
v 18.1353 4.33761 22.8007
v 7.86148 16.7806 17.3956
v 6.78286 18.966 18.4586
v 7.5295 16.9739 17.3019
v 7.54439 18.622 18.6393
v 8.02747 16.684 17.4425
v 7.69549 16.8773 17.3488
v 7.66318 19.1121 19.1163
v 7.18802 17.1518 17.2082
v 6.86935 18.3852 18.025
v 7.18102 19.8696 19.4612
v 7.12636 17.7247 17.6389
v 6.94591 17.8075 17.5926
v 6.83705 17.3143 17.1144
v 6.66157 17.3955 17.0676
v 7.85853 19.0245 19.1609
v 7.36351 17.0705 17.255
v 6.9807 19.9588 19.4171
v 7.30681 17.6419 17.6852
v 6.88178 19.4624 18.9378
v 6.21171 19.224 18.323
v 6.02132 19.31 18.2779
v 6.97324 18.88 18.5037
v 7.16362 18.794 18.5489
v 6.12768 18.7229 17.8421
v 7.05477 18.3008 18.0708
v 6.3131 18.6384 17.8878
v 6.48608 17.4768 17.0207
v 7.24018 18.2163 18.1165
v 7.01254 17.233 17.1613
v 6.22411 18.1389 17.4074
v 6.11802 21.3939 20.1611
v 6.93604 22.1355 21.2507
v 6.71585 22.231 21.2089
v 6.75805 21.1363 20.2899
v 7.27747 21.448 20.855
v 6.33756 21.321 20.204
v 7.28491 20.3645 19.9399
v 6.29573 19.7252 18.804
v 6.10038 19.8128 18.7594
v 6.49567 22.3265 21.1671
v 6.19193 21.8977 20.6433
v 6.63183 21.7298 20.7279
v 7.3888 20.8593 20.4186
v 6.84704 21.6359 20.7703
v 7.38134 19.7805 19.5052
v 5.96725 21.9717 20.6009
v 5.74257 22.0457 20.5586
v 5.89848 21.4667 20.1183
v 5.67894 21.5396 20.0754
v 5.18651 21.1769 19.5052
v 5.55168 20.5273 19.1089
v 6.26585 22.4016 21.1254
v 6.03602 22.4767 21.0836
v 5.8062 22.5518 21.0419
v 5.11673 22.7771 20.9166
v 4.8869 22.8523 20.8748
v 6.41661 21.8238 20.6856
v 6.17944 20.3155 19.241
v 5.76093 20.4567 19.1529
v 5.48804 20.0211 18.6256
v 6.5478 21.2287 20.247
v 6.9683 21.044 20.3328
v 6.58501 17.9732 17.5
v 6.68643 19.55 18.8932
v 6.68393 18.4696 17.9793
v 7.07713 19.3748 18.9825
v 6.78039 20.048 19.3731
v 6.58007 20.1372 19.329
v 6.46378 20.7275 19.766
v 7.27248 19.2872 19.0271
v 7.07963 20.4552 19.8964
v 6.87434 20.546 19.8529
v 6.66906 20.6367 19.8095
v 6.40456 18.056 17.4537
v 6.76546 17.8904 17.5463
v 8.01955 20.5822 20.5474
v 7.49019 20.2737 19.9834
v 7.90076 20.0922 20.0703
v 8.17023 17.1644 17.9167
v 8.1375 17.7455 18.3452
v 7.78651 17.9468 18.2537
v 8.09526 18.3306 18.7748
v 7.91502 18.4333 18.7296
v 8.04353 18.9198 19.2055
v 7.8093 20.6746 20.5045
v 7.58165 19.6913 19.5493
v 8.2298 20.4899 20.5903
v 8.36178 19.2995 19.7255
v 7.98229 19.5129 19.6374
v 8.10604 20.0014 20.1138
v 7.96201 17.8462 18.2995
v 8.19347 16.5874 17.4894
v 8.52545 16.3941 17.5831
v 8.69144 16.2975 17.63
v 8.636 18.0226 18.9104
v 8.81624 17.9199 18.9555
v 8.55153 19.1928 19.7696
v 8.59851 18.6057 19.3394
v 8.41352 18.7104 19.2948
v 8.66398 17.4435 18.4825
v 8.22852 18.8151 19.2502
v 8.34098 17.0658 17.963
v 7.99949 17.2631 17.8704
v 7.82875 17.3617 17.8241
v 7.65801 17.4604 17.7778
v 7.81676 21.7534 21.4179
v 7.59905 20.7669 20.4615
v 7.59658 21.8489 21.3761
v 7.3764 21.9444 21.3343
v 7.35401 18.708 18.5941
v 7.69548 20.1829 20.0269
v 7.15622 22.04 21.2925
v 7.4256 18.1319 18.1622
v 7.61102 18.0475 18.208
v 7.48726 17.559 17.7315
v 7.46783 19.1996 19.0717
v 7.06226 21.542 20.8126
v 7.49269 21.3541 20.8973
v 7.70791 21.2602 20.9397
v 7.17855 20.9516 20.3757
v 8.76155 20.7529 21.1515
v 8.03694 21.6579 21.4596
v 8.96555 20.6401 21.1939
v 9.16955 20.5273 21.2363
v 9.37355 20.4145 21.2787
v 8.47731 21.4669 21.5432
v 8.82754 20.1577 20.7191
v 8.30054 19.8927 20.1573
v 8.35355 20.9784 21.0668
v 8.55755 20.8656 21.1091
v 8.13834 21.0723 21.0244
v 7.92312 21.1662 20.9821
v 8.89481 21.2373 21.6269
v 8.68606 21.3521 21.585
v 8.25713 21.5624 21.5014
v 7.73477 18.536 18.6844
v 8.74127 19.0861 19.8136
v 8.42905 20.3792 20.6332
v 8.62829 20.2684 20.6762
v 8.49504 19.784 20.2008
v 8.68954 19.6752 20.2443
v 8.88403 19.5665 20.2878
v 8.17203 19.4062 19.6814
v 9.12077 18.8726 19.9017
v 8.78351 18.501 19.384
v 8.27551 18.2279 18.82
v 8.45575 18.1252 18.8652
v 8.313 17.6448 18.391
v 8.48849 17.5442 18.4367
v 7.78197 19.6021 19.5933
v 11.496 17.8933 20.8971
v 12.117 19.2389 22.2963
v 11.6644 17.7524 20.9406
v 11.703 18.3419 21.3635
v 11.91 18.7904 21.8299
v 11.5277 19.0511 21.745
v 11.7189 18.9207 21.7875
v 10.9564 18.8535 21.1916
v 11.143 18.7256 21.2346
v 11.3297 18.5977 21.2775
v 11.5164 18.4698 21.3205
v 11.3139 18.0188 20.8535
v 11.7257 19.5044 22.2126
v 11.9214 19.3717 22.2544
v 12.2981 19.0896 22.3382
v 10.5852 18.5208 20.6795
v 10.9542 19.4421 21.6178
v 10.756 17.814 20.2984
v 11.1317 18.1443 20.81
v 10.9495 18.2698 20.7665
v 10.7674 18.3953 20.723
v 10.7697 18.9815 21.1486
v 10.583 19.1094 21.1057
v 11.5301 19.6372 22.1707
v 11.3344 19.77 22.1289
v 11.1387 19.9027 22.087
v 10.9431 20.0355 22.0452
v 11.1113 17.5679 20.3866
v 11.3365 19.1814 21.7026
v 11.1454 19.3118 21.6602
v 10.3893 17.4789 19.7857
v 10.3013 15.7641 18.5188
v 10.1416 15.8775 18.4724
v 9.98197 15.9908 18.4261
v 10.5783 17.9371 20.2543
v 10.4007 18.0602 20.2103
v 10.5038 16.215 18.9857
v 10.369 16.9024 19.3623
v 9.78846 15.535 17.9581
v 9.94363 15.4241 18.0049
v 10.2003 17.0207 19.3171
v 10.2162 17.5995 19.7411
v 10.5625 17.3582 19.8304
v 9.86299 17.2571 19.2267
v 10.461 15.6507 18.5651
v 10.3397 16.3308 18.94
v 10.254 15.2022 18.0987
v 10.0113 16.5624 18.8485
v 10.668 16.0992 19.0315
v 10.6083 15.5238 18.6114
v 10.5377 16.7842 19.4075
v 10.7063 16.666 19.4527
v 10.0988 15.3131 18.0518
v 10.3971 15.078 18.1455
v 10.875 16.5477 19.4979
v 10.1755 16.4466 18.8942
v 10.8195 15.9695 19.0772
v 10.7357 17.2376 19.875
v 10.9337 17.691 20.3425
v 10.9088 17.1169 19.9196
v 11.722 16.455 20.1429
v 11.7816 17.0304 20.563
v 11.9458 16.8923 20.6071
v 11.242 16.861 20.0089
v 11.402 16.7256 20.0536
v 11.562 16.5903 20.0982
v 11.289 17.4448 20.4307
v 11.6174 17.1686 20.5189
v 11.4532 17.3067 20.4748
v 11.1227 15.7101 19.1687
v 10.9711 15.8398 19.123
v 11.8819 16.3197 20.1875
v 11.082 16.9963 19.9643
v 11.1865 16.2827 19.5883
v 11.0308 16.4152 19.5431
v 9.02679 20.0469 20.7621
v 9.78155 20.189 21.3634
v 9.27303 19.349 20.3748
v 9.17674 17.7145 19.0459
v 9.22604 19.9361 20.805
v 9.3385 18.1869 19.5179
v 9.46753 19.2403 20.4183
v 9.31052 18.7659 19.9458
v 9.72982 20.7782 21.7941
v 9.52107 20.8929 21.7523
v 9.31231 21.0077 21.7105
v 9.10356 21.1225 21.6687
v 9.5235 18.0822 19.5625
v 9.19046 17.1415 18.6197
v 9.35463 17.0257 18.6654
v 8.35946 16.4907 17.5363
v 9.01261 16.0899 17.7237
v 9.07853 19.4578 20.3313
v 8.85321 16.7698 18.102
v 8.93102 18.9794 19.8577
v 8.96851 18.3963 19.4286
v 8.85743 16.2008 17.6769
v 9.1535 18.2916 19.4733
v 8.99649 17.8172 19.0007
v 8.83948 17.3428 18.5282
v 9.02395 16.6712 18.1483
v 9.01497 17.2422 18.5739
v 8.51172 16.9671 18.0094
v 8.68246 16.8685 18.0557
v 9.35698 17.6118 19.0911
v 9.84714 16.6783 18.8027
v 9.5188 16.9099 18.7112
v 9.68297 16.7941 18.7569
v 9.16778 15.9789 17.7706
v 9.32295 15.8679 17.8175
v 9.47812 15.757 17.8643
v 9.63329 15.646 17.9112
v 9.52565 17.4936 19.1363
v 9.69432 17.3754 19.1815
v 10.0317 17.1389 19.2719
v 9.18362 16.5578 18.1946
v 9.34329 16.4444 18.2409
v 9.50296 16.331 18.2872
v 9.66263 16.2176 18.3335
v 9.8223 16.1042 18.3798
v 10.1473 20.5486 21.8778
v 9.66203 19.1315 20.4618
v 10.763 19.5725 21.5754
v 10.5719 19.7028 21.533
v 10.3807 19.8331 21.4906
v 9.82379 19.6039 20.9338
v 10.3561 20.4338 21.9196
v 9.98555 20.0762 21.4058
v 10.023 19.4931 20.9768
v 10.1896 19.9635 21.4482
v 9.93857 20.6634 21.836
v 10.5517 20.301 21.9615
v 10.7474 20.1683 22.0033
v 10.3964 19.2373 21.0627
v 10.2209 18.7718 20.5924
v 9.86768 18.4294 20.078
v 9.69666 17.9615 19.6072
v 10.043 17.7202 19.6964
v 10.2097 19.3652 21.0197
v 9.86983 17.8408 19.6518
v 10.0387 18.8973 20.5489
v 10.223 18.1833 20.1662
v 10.0453 18.3063 20.1221
v 10.403 18.6463 20.6359
v 9.50026 18.6592 19.9899
v 9.62454 19.7146 20.8909
v 9.42529 19.8254 20.8479
v 9.69001 18.5525 20.0339
v 9.85652 19.0228 20.5054
v 9.57755 20.3018 21.321
v 13.7285 16.5743 21.8794
v 13.4719 16.1604 21.4197
v 12.9966 13.9356 19.7637
v 13.1344 13.7933 19.8094
v 13.3648 15.5948 21.004
v 13.6253 16.0055 21.4632
v 13.6638 15.2913 21.0923
v 13.8132 15.1396 21.1364
v 13.4105 14.1915 20.2665
v 13.2498 15.0354 20.5895
v 14.3922 15.2311 21.6811
v 13.8322 14.4411 20.7681
v 13.5522 14.046 20.3117
v 13.3954 14.8869 20.6341
v 13.541 14.7383 20.6788
v 13.5713 16.7323 21.8364
v 14.4687 16.5047 22.4666
v 14.3075 16.6659 22.4241
v 14.1463 16.827 22.3817
v 13.3185 16.3153 21.3761
v 13.9116 17.7307 22.7151
v 14.0767 17.5664 22.7571
v 13.8858 16.4163 21.9224
v 14.2418 17.4021 22.799
v 13.9852 16.9882 22.3392
v 13.824 17.1494 22.2967
v 14.4069 17.2378 22.8409
v 14.5719 17.0735 22.8828
v 13.7787 15.8507 21.5068
v 13.5143 15.4431 21.0481
v 14.2388 15.386 21.6375
v 13.9627 14.9878 21.1805
v 13.6866 14.5897 20.7235
v 13.2688 14.3369 20.2212
v 13.1271 14.4824 20.176
v 12.7122 12.861 18.9423
v 14.7911 16.1824 22.5515
v 14.6299 16.3435 22.5091
v 12.9922 13.256 19.3988
v 12.8588 14.0779 19.7179
v 13.2722 13.651 19.8552
v 12.8583 13.3951 19.3524
v 12.7244 13.5343 19.3061
v 12.8281 12.7144 18.9892
v 14.3577 15.9422 22.0515
v 12.0549 14.2301 19.0745
v 12.4187 15.2096 19.9499
v 13.1043 15.184 20.5448
v 12.9587 15.3326 20.5001
v 12.8131 15.4812 20.4555
v 12.5603 15.0642 19.9952
v 12.702 14.9187 20.0404
v 13.2153 15.7465 20.9599
v 13.0658 15.8983 20.9158
v 12.9163 16.05 20.8717
v 11.921 14.3692 19.0282
v 12.1698 14.7894 19.4891
v 12.3076 14.6471 19.5348
v 12.721 14.2202 19.6721
v 12.9854 14.6278 20.1308
v 12.4566 13.8126 19.2135
v 12.5822 12.997 18.8954
v 12.5905 13.6735 19.2598
v 12.3227 13.9518 19.1672
v 12.1888 14.0909 19.1208
v 12.4454 14.5048 19.5806
v 12.5832 14.3625 19.6264
v 12.0622 13.541 18.7079
v 12.1922 13.405 18.7548
v 12.4522 13.133 18.8486
v 12.8437 14.7733 20.0856
v 12.3222 13.269 18.8017
v 11.6722 13.949 18.5673
v 11.9322 13.677 18.6611
v 11.8022 13.813 18.6142
v 12.032 14.9317 19.4433
v 11.8805 15.0614 19.3975
v 12.2019 16.049 20.2768
v 11.7289 15.1912 19.3518
v 12.0419 16.1844 20.2322
v 11.7871 14.5084 18.9819
v 11.8096 15.7526 19.7691
v 12.1212 15.4876 19.8595
v 11.9654 15.6201 19.8143
v 11.2559 14.3333 18.4267
v 11.1128 14.4574 18.3799
v 11.5422 14.0851 18.5205
v 11.6398 14.6353 18.9356
v 11.4924 14.7622 18.8893
v 11.3451 14.8892 18.843
v 10.903 15.2699 18.704
v 11.6539 15.8851 19.7239
v 11.4981 16.0177 19.6787
v 11.3423 16.1502 19.6335
v 11.2742 15.5803 19.2145
v 11.4258 15.4506 19.2603
v 11.1977 15.0161 18.7966
v 11.0504 15.143 18.7503
v 11.5773 15.3209 19.306
v 10.5402 14.9539 18.1924
v 10.6834 14.8298 18.2393
v 10.7557 15.3968 18.6577
v 10.9696 14.5815 18.333
v 10.8265 14.7057 18.2861
v 11.399 14.2092 18.4736
v 12.6026 16.3398 20.7835
v 12.4384 16.478 20.7394
v 12.2742 16.6161 20.6953
v 12.11 16.7542 20.6512
v 12.5219 15.7784 20.3661
v 12.8433 16.766 21.2454
v 12.3381 17.1887 21.1148
v 12.1697 17.3297 21.0712
v 12.0013 17.4706 21.0277
v 11.8329 17.6115 20.9842
v 12.0869 18.6439 21.8723
v 12.2637 18.4973 21.9147
v 12.2209 17.9107 21.4924
v 12.0483 18.0544 21.4495
v 11.8757 18.1981 21.4065
v 12.277 15.3551 19.9047
v 12.3935 17.767 21.5354
v 12.3619 15.9137 20.3215
v 12.7668 16.2017 20.8276
v 13.0841 17.1921 21.7074
v 12.7388 17.4796 21.6214
v 13.3248 17.6182 22.1694
v 12.9711 17.9113 22.0845
v 12.6174 18.2043 21.9996
v 12.4406 18.3508 21.9572
v 12.4792 18.9403 22.38
v 12.6602 18.791 22.4219
v 13.7465 17.8951 22.6732
v 13.5655 18.0444 22.6313
v 13.3844 18.1937 22.5895
v 12.6675 15.6298 20.4108
v 12.6749 16.9069 21.2019
v 13.2567 17.0484 21.7504
v 13.1651 16.4702 21.3325
v 13.414 16.8904 21.7934
v 13.6628 17.3106 22.2543
v 13.2034 18.343 22.5476
v 13.0223 18.4923 22.5057
v 12.8413 18.6416 22.4638
v 12.7942 18.0578 22.0421
v 13.1479 17.7648 22.1269
v 12.5662 17.6233 21.5784
v 12.9114 17.3358 21.6644
v 12.5065 17.0478 21.1583
v 13.5016 17.4717 22.2118
v 13.0118 16.6251 21.289
v 15.6273 13.7257 22.0733
v 15.9393 14.0896 22.5249
v 16.107 14.6277 22.9339
v 16.4154 14.9951 23.386
v 16.2675 15.1727 23.3441
v 16.1196 15.3504 23.3021
v 15.9717 15.528 23.2602
v 16.5633 14.8174 23.428
v 15.5296 15.3245 22.764
v 15.674 15.1503 22.8065
v 15.8183 14.9761 22.8489
v 15.7985 14.2603 22.4818
v 15.9626 14.8019 22.8914
v 15.7474 13.5476 22.117
v 15.6577 14.4311 22.4388
v 16.2513 14.4535 22.9764
v 16.4325 13.3626 22.6971
v 16.3092 13.5443 22.6541
v 15.8675 13.3696 22.1606
v 16.1859 13.7261 22.611
v 16.1078 13.0136 22.2478
v 16.2279 12.8355 22.2914
v 16.693 14.6282 23.4699
v 16.8227 14.439 23.5119
v 15.5492 13.0131 21.7101
v 16.9523 14.2498 23.5539
v 16.0626 13.9078 22.5679
v 16.6308 13.897 23.104
v 16.5043 14.0825 23.0615
v 16.3778 14.268 23.0189
v 15.1309 11.1283 20.5877
v 14.6642 10.1414 19.7859
v 15.2382 10.9652 20.6334
v 14.9007 10.6311 20.1862
v 15.5757 11.2992 21.0806
v 15.3546 11.6329 20.9901
v 15.572 12.145 21.3937
v 15.6857 11.9744 21.4384
v 15.0049 10.4717 20.2326
v 15.7995 11.8039 21.4831
v 16.0169 12.316 21.8867
v 15.8999 12.4903 21.8426
v 15.3456 10.8021 20.6792
v 14.7496 9.97814 19.8328
v 15.4652 11.4661 21.0354
v 14.8088 11.6176 20.4503
v 14.9161 11.4545 20.4961
v 15.0235 11.2914 20.5419
v 15.023 12.1334 20.8544
v 15.1335 11.9666 20.8997
v 15.2441 11.7997 20.9449
v 14.5882 11.1092 20.0473
v 14.6924 10.9498 20.0936
v 15.3445 12.4861 21.3043
v 15.4583 12.3156 21.349
v 14.7965 10.7905 20.1399
v 14.3612 10.6083 19.6453
v 14.4622 10.4526 19.6922
v 14.2603 10.7639 19.5984
v 14.5632 10.297 19.739
v 14.9124 12.3002 20.8092
v 14.5648 12.7908 20.6735
v 14.1593 10.9196 19.5516
v 14.6913 12.6339 20.7187
v 14.4867 12.1069 20.313
v 14.484 11.2686 20.0009
v 14.8019 12.467 20.764
v 14.594 11.9438 20.3587
v 14.7014 11.7807 20.4045
v 14.2757 11.5873 19.9083
v 15.0033 12.9978 21.1703
v 14.8732 13.1582 21.1256
v 14.3798 11.4279 19.9546
v 15.1171 12.8272 21.215
v 15.2308 12.6567 21.2596
v 14.9021 16.7449 22.9666
v 14.8039 14.7293 21.8118
v 14.9522 16.0212 22.594
v 15.3802 16.2386 23.0924
v 15.0672 16.5805 23.0085
v 15.2409 15.6728 22.679
v 14.737 16.9092 22.9247
v 14.6667 14.8966 21.7682
v 14.0431 16.2583 21.9655
v 14.2004 16.1002 22.0085
v 14.515 15.7842 22.0945
v 13.9321 15.6958 21.5504
v 15.2323 16.4162 23.0505
v 14.6722 15.6262 22.1375
v 14.9412 14.562 21.8554
v 13.6412 13.1907 19.9925
v 13.5895 12.506 19.6304
v 13.47 12.656 19.584
v 13.3506 12.806 19.5377
v 13.7089 12.356 19.6767
v 13.8284 12.206 19.723
v 13.9319 13.5753 20.4474
v 13.7642 13.0372 20.0383
v 13.8873 12.8838 20.0841
v 13.4076 11.9817 19.2235
v 14.0103 12.7303 20.1299
v 13.2917 12.1283 19.1766
v 12.944 12.5679 19.036
v 13.0599 12.4213 19.0829
v 13.1758 12.2748 19.1298
v 14.5133 14.3447 21.357
v 13.2311 12.956 19.4914
v 13.1116 13.106 19.4451
v 14.0925 14.1204 20.8575
v 13.9623 14.2807 20.8128
v 14.5295 15.0639 21.7247
v 14.2226 13.96 20.9022
v 14.3796 14.5085 21.3129
v 14.2459 14.6723 21.2687
v 13.3952 13.4976 19.901
v 13.5182 13.3441 19.9468
v 13.6788 13.8891 20.3569
v 13.8053 13.7322 20.4021
v 14.0855 15.5409 21.5939
v 14.1122 14.8361 21.2246
v 14.4828 13.6393 20.9915
v 14.3527 13.7996 20.9469
v 14.0585 13.4184 20.4926
v 14.185 13.2615 20.5378
v 14.613 13.4789 21.0362
v 14.0673 11.906 19.8156
v 14.1333 12.5769 20.1756
v 14.3116 13.1046 20.583
v 14.7806 14.017 21.4453
v 14.0583 11.0752 19.5047
v 13.9573 11.2308 19.4578
v 13.8563 11.3865 19.411
v 13.5235 11.8352 19.2704
v 13.7553 11.5421 19.3641
v 14.1715 11.7467 19.862
v 15.0966 15.847 22.6365
v 14.9538 15.2847 22.2236
v 14.813 15.4554 22.1806
v 14.3793 12.27 20.2672
v 15.2354 14.9432 22.3097
v 15.0784 14.3948 21.899
v 15.0946 15.114 22.2666
v 14.6469 14.1808 21.4011
v 14.9143 13.8532 21.4894
v 15.048 13.6894 21.5335
v 14.7431 13.3185 21.0809
v 14.4382 12.9477 20.6283
v 13.6394 11.6886 19.3172
v 14.2563 12.4234 20.2214
v 13.9479 12.056 19.7693
v 15.3153 13.3617 21.6218
v 15.1816 13.5256 21.5777
v 15.4901 13.8929 22.0298
v 15.3853 15.4986 22.7215
v 15.2156 14.2275 21.9426
v 15.3529 14.0602 21.9862
v 15.4322 13.1874 21.666
v 15.783 12.6646 21.7984
v 15.3762 14.7725 22.3527
v 15.517 14.6018 22.3958
v 15.9877 13.1916 22.2042
v 15.5281 16.0609 23.1343
v 15.6759 15.8833 23.1763
v 15.8238 15.7057 23.2182
v 15.6661 12.8389 21.7543
v 15.9935 -4.49358 23.7697
v 17.4693 -4.0982 24.8397
v 18.0132 -3.76378 25.1536
v 16.4217 -4.53608 24.1717
v 16.3598 -4.70173 24.2181
v 15.9326 -4.65491 23.8166
v 17.9651 -3.94911 25.1984
v 17.5331 -3.9239 24.7943
v 15.8717 -4.81624 23.8634
v 17.5807 -3.74301 24.749
v 16.8498 -4.57858 24.5737
v 16.4835 -4.37043 24.1253
v 17.0383 -4.06866 24.4362
v 16.9755 -4.23864 24.482
v 16.9126 -4.40861 24.5279
v 15.6137 -5.45397 24.0509
v 16.5985 -5.25847 24.7571
v 16.6614 -5.08849 24.7113
v 16.7242 -4.91852 24.6654
v 16.2979 -4.86738 24.2644
v 16.2361 -5.03303 24.3108
v 16.1742 -5.19868 24.3571
v 16.787 -4.74855 24.6196
v 17.4055 -4.27249 24.885
v 17.3418 -4.44678 24.9304
v 17.1504 -4.96966 25.0664
v 15.6889 -5.30023 24.004
v 16.1123 -5.36433 24.4035
v 15.8107 -4.97757 23.9103
v 15.7498 -5.1389 23.9572
v 19.1258 -4.40791 26.4971
v 19.3503 -5.02947 27.0285
v 17.5767 -5.02081 25.4674
v 18.0686 -4.88901 25.824
v 19.0582 -4.59949 26.5404
v 19.4873 -4.63767 26.9429
v 19.5559 -4.44176 26.9002
v 17.512 -5.19942 25.5122
v 18.4958 -4.93583 26.2256
v 18.6291 -4.56131 26.1379
v 18.5625 -4.74857 26.1817
v 19.986 -4.47562 27.3032
v 19.9165 -4.67584 27.3455
v 19.847 -4.87607 27.3878
v 17.0867 -5.14396 25.1117
v 20.1758 -3.86765 27.1763
v 20.0555 -4.27539 27.2609
v 19.693 -4.04996 26.8146
v 19.261 -4.02475 26.4105
v 20.1249 -4.07517 27.2186
v 19.1934 -4.21633 26.4538
v 19.8944 -3.23763 26.6435
v 19.844 -3.44071 26.6862
v 18.9767 -3.41691 25.8751
v 19.7937 -3.64379 26.729
v 19.7433 -3.84688 26.7718
v 19.6244 -4.24586 26.8574
v 19.4602 -3.23017 26.2374
v 19.4104 -3.42881 26.2807
v 19.3108 -3.8261 26.3672
v 17.2142 -4.79537 25.0211
v 17.9003 -4.12773 25.2432
v 18.7624 -4.18679 26.0503
v 17.278 -4.62108 24.9757
v 18.3314 -4.15726 25.6468
v 18.2657 -4.3402 25.6911
v 18.2 -4.52314 25.7354
v 18.1343 -4.70607 25.7797
v 17.6414 -4.84219 25.4226
v 17.7062 -4.66358 25.3777
v 17.7709 -4.48496 25.3329
v 17.8356 -4.30634 25.2881
v 18.6957 -4.37405 26.0941
v 18.829 -3.99954 26.0065
v 18.397 -3.97432 25.6024
v 18.8661 -2.07139 25.1594
v 18.429 -2.09063 24.7502
v 20.5831 -2.2075 26.8383
v 18.8971 -1.87637 25.1151
v 19.3033 -2.05214 25.5685
v 19.2229 -2.44588 25.6561
v 19.7404 -2.0329 25.9777
v 18.7865 -2.45617 25.248
v 20.0958 -2.4253 26.4724
v 18.8352 -2.2664 25.2037
v 19.2721 -2.25168 25.6123
v 19.7091 -2.23695 26.021
v 18.3019 -2.65179 24.8847
v 20.1775 -2.01366 26.3869
v 18.7378 -2.64594 25.2923
v 18.6404 -3.02548 25.3809
v 18.5918 -3.21525 25.4252
v 20.2268 -3.66013 27.1341
v 20.2777 -3.45261 27.0918
v 20.3286 -3.24509 27.0496
v 20.4304 -2.83005 26.965
v 20.4813 -2.62254 26.9228
v 19.51 -3.03153 26.1941
v 19.0752 -3.0285 25.7875
v 20.5322 -2.41502 26.8805
v 20.0454 -2.62839 26.5152
v 19.5597 -2.83288 26.1508
v 19.9951 -2.83147 26.5579
v 19.9447 -3.03455 26.6007
v 19.026 -3.22271 25.8313
v 17.3362 -3.01641 24.1611
v 17.7234 -3.20032 24.613
v 17.6758 -3.38122 24.6584
v 17.7709 -3.01943 24.5677
v 17.2421 -3.36932 24.2528
v 17.1951 -3.54578 24.2986
v 16.9014 -3.01338 23.7545
v 16.855 -3.1854 23.8008
v 16.8085 -3.35742 23.8472
v 16.7621 -3.52944 23.8936
v 16.4208 -3.17794 23.3948
v 18.1576 -3.20779 25.0191
v 16.3749 -3.34552 23.4416
v 16.329 -3.5131 23.4885
v 16.2831 -3.68069 23.5354
v 17.2892 -3.19286 24.2069
v 17.1481 -3.72223 24.3445
v 16.2372 -3.84827 23.5822
v 18.2057 -3.02245 24.9743
v 18.2538 -2.83712 24.9295
v 16.5454 -4.20478 24.079
v 16.6073 -4.03913 24.0326
v 17.8185 -2.83853 24.5224
v 16.1153 -4.17093 23.676
v 16.0544 -4.33225 23.7228
v 17.1011 -3.89869 24.3903
v 16.1762 -4.0096 23.6291
v 16.6691 -3.87348 23.9863
v 16.7156 -3.70146 23.9399
v 17.3832 -2.83995 24.1152
v 17.6282 -3.56211 24.7037
v 19.1737 -2.64009 25.6999
v 19.1244 -2.8343 25.7437
v 18.9275 -3.61112 25.9189
v 18.8783 -3.80533 25.9627
v 18.4457 -3.78456 25.5581
v 18.4944 -3.59479 25.5138
v 18.5431 -3.40502 25.4695
v 18.6891 -2.83571 25.3366
v 20.3795 -3.03757 27.0073
v 19.6095 -2.63424 26.1075
v 19.3606 -3.62746 26.3239
v 19.6593 -2.43559 26.0643
v 18.0613 -3.57845 25.1088
v 18.1094 -3.39312 25.0639
v 16.9943 -2.66934 23.6618
v 17.4302 -2.66349 24.0694
v 16.4667 -3.01036 23.3479
v 17.8661 -2.65764 24.477
v 17.9136 -2.47675 24.4317
v 16.5126 -2.84278 23.301
v 16.5585 -2.67519 23.2541
v 17.9612 -2.29585 24.3864
v 18.3982 -2.28113 24.795
v 16.6044 -2.50761 23.2073
v 18.3501 -2.46646 24.8398
v 17.0408 -2.49732 23.6154
v 16.6503 -2.34003 23.1604
v 17.4772 -2.48704 24.0236
v 16.9479 -2.84136 23.7081
v 17.6464 -1.58473 23.7944
v 16.7108 -1.99517 23.0667
v 16.741 -1.82274 23.0198
v 17.5242 -2.31058 23.9777
v 17.148 -1.97141 23.4764
v 17.0872 -2.32531 23.5691
v 17.6769 -1.40327 23.7485
v 17.9919 -2.10987 24.341
v 17.1784 -1.79447 23.43
v 17.6158 -1.76619 23.8402
v 16.6805 -2.1676 23.1135
v 17.1176 -2.14836 23.5227
v 16.7713 -1.65032 22.9729
v 17.5548 -2.12912 23.9319
v 17.2088 -1.61752 23.3837
v 20.1461 -2.22222 26.4296
v 19.3655 -1.65308 25.481
v 19.3344 -1.85261 25.5248
v 19.7717 -1.82885 25.9345
v 19.8029 -1.62481 25.8912
v 19.8342 -1.42076 25.8479
v 20.2718 -1.38797 26.2586
v 20.2404 -1.59653 26.3014
v 20.2089 -1.80509 26.3441
v 17.5853 -1.94765 23.886
v 20.7409 -1.14209 26.6271
v 20.7093 -1.35517 26.6694
v 20.6778 -1.56825 26.7116
v 20.6462 -1.78133 26.7538
v 20.6146 -1.99442 26.796
v 20.3974 -0.553712 26.0877
v 20.4407 -0.132874 26.0022
v 20.366 -0.762276 26.1304
v 20.3346 -0.970839 26.1732
v 19.8967 -1.01267 25.7614
v 20.8671 -0.28977 26.4582
v 20.7724 -0.929012 26.5849
v 20.804 -0.715931 26.5427
v 20.8356 -0.50285 26.5005
v 18.99 -1.29133 24.9822
v 20.8788 -0.072938 26.416
v 20.3032 -1.1794 26.2159
v 20.8904 0.143894 26.3738
v 19.8655 -1.21671 25.8047
v 20.4288 -0.345148 26.0449
v 18.5523 -1.32865 24.571
v 19.5211 -0.655434 25.2621
v 19.4589 -1.05449 25.3497
v 19.4278 -1.25402 25.3934
v 18.0226 -1.92389 24.2957
v 18.0533 -1.73791 24.2504
v 18.0839 -1.55194 24.2051
v 19.3966 -1.45355 25.4372
v 19.5523 -0.455904 25.2184
v 19.021 -1.09632 24.9379
v 18.9591 -1.48635 25.0265
v 18.4598 -1.90013 24.7054
v 18.4907 -1.70964 24.6606
v 18.5215 -1.51914 24.6158
v 18.9281 -1.68136 25.0708
v 19.5896 0.153567 25.0871
v 19.49 -0.854964 25.3059
v 19.9593 -0.604573 25.6749
v 19.928 -0.80862 25.7182
v 18.7146 0.015461 24.2574
v 19.1267 -0.312683 24.7608
v 19.1394 -0.114084 24.7165
v 20.4526 0.0794 25.9595
v 19.1521 0.084514 24.6722
v 19.5771 -0.04959 25.1308
v 20.902 0.360726 26.3316
v 20.9136 0.577559 26.2894
v 19.9905 -0.400526 25.6316
v 20.0027 -0.19281 25.5884
v 20.0149 0.014905 25.5452
v 20.9369 1.01122 26.2051
v 20.4883 0.716221 25.8314
v 19.602 0.356724 25.0433
v 19.6145 0.559881 24.9996
v 20.9485 1.22805 26.1629
v 20.5002 0.928495 25.7886
v 20.0392 0.430336 25.4587
v 20.0514 0.638051 25.4155
v 20.9252 0.794391 26.2473
v 20.0636 0.845767 25.3722
v 20.4764 0.503947 25.8741
v 20.0271 0.22262 25.5019
v 20.4645 0.291674 25.9168
v 20.0879 1.2612 25.2858
v 19.114 -0.511282 24.8051
v 16.8015 -1.47789 22.9261
v 18.6887 -0.372619 24.347
v 18.2374 -0.622038 23.9785
v 19.052 -0.901308 24.8936
v 19.083 -0.706295 24.8494
v 18.2639 -0.243074 23.8879
v 18.2506 -0.432556 23.9332
v 16.8317 -1.30546 22.8792
v 18.7016 -0.178579 24.3022
v 18.614 -0.947652 24.4814
v 18.5832 -1.13815 24.5262
v 19.5647 -0.252747 25.1746
v 17.7075 -1.2218 23.7027
v 18.1146 -1.36596 24.1598
v 17.4022 -0.191699 23.0128
v 17.416 -0.011334 22.9665
v 17.3884 -0.372064 23.0592
v 16.9788 -0.084945 22.5511
v 17.8262 -0.307569 23.4735
v 17.8397 -0.122645 23.4277
v 16.9647 -0.260752 22.598
v 16.9507 -0.436559 22.6449
v 16.9366 -0.612366 22.6917
v 18.2772 -0.053592 23.8425
v 18.3037 0.325372 23.7519
v 18.6757 -0.56666 24.3918
v 18.2067 -0.808017 24.0238
v 18.7536 0.597582 24.123
v 18.6448 -0.757156 24.4366
v 16.8922 -0.960602 22.7855
v 16.9225 -0.788173 22.7386
v 16.862 -1.13303 22.8323
v 17.3746 -0.552429 23.1055
v 17.2392 -1.44058 23.3373
v 17.3608 -0.732794 23.1519
v 17.3 -1.08669 23.2446
v 17.8126 -0.492492 23.5194
v 17.3304 -0.909739 23.1982
v 17.2696 -1.26363 23.291
v 17.738 -1.04034 23.6569
v 17.7685 -0.858878 23.611
v 18.1453 -1.17998 24.1144
v 18.176 -0.993997 24.0691
v 17.7991 -0.677416 23.5652
v 14.0968 -8.81938 25.4699
v 14.3777 -9.11829 25.9037
v 14.4828 -8.97579 25.8578
v 14.5878 -8.83329 25.8119
v 15.2547 -9.28863 26.6336
v 14.7617 -9.27848 26.2911
v 13.408 -9.0678 25.2226
v 14.8687 -9.13221 26.2457
v 14.9758 -8.98594 26.2003
v 13.8908 -9.09682 25.5626
v 13.5089 -8.93286 25.1757
v 13.6098 -8.79791 25.1289
v 13.7108 -8.66296 25.082
v 13.9938 -8.9581 25.5163
v 14.3213 -9.85185 26.4726
v 13.1948 -9.32669 25.3163
v 14.8185 -9.88882 26.8131
v 14.4406 -9.7173 26.4272
v 14.0627 -9.54579 26.0413
v 13.6849 -9.37426 25.6554
v 13.9458 -9.67679 26.0872
v 13.5703 -9.50174 25.7018
v 13.307 -9.20275 25.2695
v 14.9275 -9.73877 26.7683
v 14.1677 -9.40329 25.9954
v 14.2727 -9.26079 25.9496
v 13.7878 -9.23555 25.609
v 14.6547 -9.42476 26.3365
v 14.5476 -9.57103 26.3818
v 16.5643 -10.2446 28.271
v 16.9462 -10.4086 28.6579
v 17.0655 -10.2396 28.6155
v 17.1847 -10.0707 28.5732
v 16.827 -10.5775 28.7003
v 15.3074 -9.90652 27.1547
v 16.4471 -10.4097 28.3139
v 15.5742 -10.2319 27.5849
v 15.1963 -10.0603 27.199
v 16.0672 -10.242 27.9275
v 16.1824 -10.0806 27.8841
v 16.2976 -9.91925 27.8407
v 15.6873 -10.0743 27.5411
v 15.8005 -9.91666 27.4972
v 16.6815 -10.0794 28.2281
v 16.253 -9.28627 27.3217
v 15.974 -8.98358 26.8884
v 16.1399 -9.44387 27.3656
v 15.4729 -8.98853 26.5439
v 15.8629 -9.1374 26.9328
v 15.7518 -9.29122 26.9772
v 17.6616 -9.39503 28.4036
v 15.3638 -9.13858 26.5888
v 16.3661 -9.12867 27.2778
v 16.6431 -9.43514 27.7106
v 16.7582 -9.27376 27.6672
v 16.8734 -9.11239 27.6238
v 17.2675 -9.25371 28.0137
v 17.7809 -9.2261 28.3612
v 17.1503 -9.41886 28.0566
v 16.0267 -9.60146 27.4094
v 15.1457 -9.43868 26.6785
v 15.4185 -9.75269 27.1103
v 15.5296 -9.59887 27.0659
v 15.6407 -9.44505 27.0215
v 16.5279 -9.59651 27.754
v 16.7987 -9.9143 28.1853
v 16.9159 -9.74915 28.1424
v 17.0331 -9.584 28.0995
v 15.9136 -9.75906 27.4533
v 16.4127 -9.75788 27.7973
v 15.0366 -9.58873 26.7234
v 17.3039 -9.90179 28.5308
v 17.5424 -9.56395 28.446
v 17.4232 -9.73287 28.4884
v 14.5086 -8.26448 25.2844
v 14.0136 -8.25811 24.9414
v 14.1145 -8.12316 24.8945
v 15.6848 -7.93019 25.8828
v 15.5912 -8.08708 25.9281
v 15.4976 -8.24396 25.9735
v 14.304 -7.8433 24.8008
v 14.3925 -7.69838 24.7539
v 15.1916 -7.95751 25.5367
v 15.0997 -8.11041 25.5826
v 14.7921 -7.82794 25.1453
v 14.7019 -7.97685 25.1917
v 14.6116 -8.12576 25.2381
v 15.0078 -8.2633 25.6285
v 14.2155 -7.98822 24.8477
v 15.691 -8.68844 26.4541
v 15.5819 -8.83849 26.499
v 13.8117 -8.52801 25.0351
v 14.3027 -8.54193 25.3772
v 15.2969 -8.54712 26.0642
v 15.1899 -8.69339 26.1096
v 15.0828 -8.83966 26.155
v 14.9028 -8.4058 25.6743
v 14.7978 -8.5483 25.7202
v 14.6928 -8.6908 25.7661
v 14.4057 -8.40321 25.3308
v 14.1997 -8.68065 25.4235
v 15.4039 -8.40084 26.0189
v 15.8001 -8.53839 26.4093
v 13.9126 -8.39306 24.9883
v 17.5889 -8.73491 27.8851
v 17.4868 -8.91173 27.928
v 17.691 -8.55808 27.8423
v 18.0922 -8.68366 28.2342
v 16.0851 -8.82976 26.844
v 17.1894 -8.60534 27.4937
v 17.089 -8.77818 27.5371
v 17.9884 -8.86448 28.2765
v 17.8847 -9.04529 28.3189
v 16.6911 -8.64462 27.1462
v 16.4793 -8.97107 27.2339
v 17.3847 -9.08856 27.9708
v 16.9886 -8.95102 27.5805
v 16.5924 -8.81348 27.1901
v 16.1962 -8.67593 26.7997
v 18.2015 -7.67395 27.628
v 18.0994 -7.85078 27.6709
v 17.9973 -8.0276 27.7137
v 17.8952 -8.20443 27.7566
v 17.7931 -8.38125 27.7994
v 18.196 -8.50285 28.1918
v 17.6914 -7.74115 27.277
v 17.591 -7.91399 27.3203
v 17.4906 -8.08683 27.3637
v 17.2834 -7.63153 26.8831
v 17.1847 -7.80038 26.9269
v 18.2998 -8.32203 28.1495
v 18.4036 -8.14122 28.1071
v 18.5074 -7.9604 28.0648
v 18.6112 -7.77959 28.0224
v 16.5843 -8.01649 26.6222
v 17.2898 -8.43251 27.4504
v 15.8954 -8.37752 26.3644
v 15.9907 -8.21664 26.3195
v 16.0861 -8.05577 26.2747
v 16.1814 -7.89489 26.2298
v 16.2933 -8.51107 26.7553
v 16.3903 -8.34621 26.7109
v 16.4873 -8.18135 26.6666
v 16.6813 -7.85162 26.5779
v 16.7898 -8.47578 27.1023
v 16.8885 -8.30693 27.0585
v 16.9872 -8.13808 27.0146
v 17.086 -7.96923 26.9708
v 17.3902 -8.25967 27.407
v 16.1465 -6.23888 25.0322
v 15.7298 -6.15392 24.6353
v 15.8063 -5.996 24.5889
v 16.0687 -6.40097 25.0781
v 16.8008 -5.82507 25.2931
v 15.0124 -6.68393 24.4258
v 15.4238 -6.78558 24.8208
v 17.141 -6.06794 25.7364
v 14.9238 -6.82885 24.4727
v 15.3131 -6.06895 24.2384
v 16.7216 -5.99132 25.3385
v 16.6424 -6.15758 25.3838
v 16.2244 -6.07679 24.9864
v 16.3022 -5.9147 24.9405
v 16.5633 -6.32384 25.4292
v 15.5386 -5.60772 24.0978
v 16.8799 -5.65881 25.2478
v 16.38 -5.75261 24.8947
v 17.302 -5.72708 25.6467
v 16.4579 -5.59053 24.8488
v 16.0358 -5.52225 24.4499
v 15.9593 -5.68017 24.4962
v 15.8828 -5.83808 24.5426
v 17.0229 -5.31825 25.1571
v 15.4634 -5.76146 24.1446
v 17.8059 -5.62076 26.0013
v 17.3825 -5.55665 25.6019
v 16.9591 -5.49255 25.2024
v 16.5357 -5.42844 24.803
v 15.3882 -5.91521 24.1915
v 18.9044 -6.18731 27.2854
v 18.8186 -6.37443 27.3282
v 18.4837 -6.11486 26.8869
v 18.3992 -6.29781 26.9303
v 18.063 -6.04241 26.4885
v 17.9798 -6.22119 26.5323
v 17.8966 -6.39996 26.5762
v 17.5604 -6.14457 26.1344
v 17.4786 -6.31917 26.1787
v 17.3967 -6.49377 26.2231
v 19.4123 -6.06847 27.6415
v 19.3252 -6.25976 27.6838
v 17.0605 -6.23838 25.7813
v 16.98 -6.40881 25.8261
v 19.238 -6.45105 27.7262
v 19.7775 -5.07629 27.43
v 18.003 -5.07195 25.8684
v 18.4292 -5.12309 26.2694
v 18.7879 -5.36581 26.7137
v 18.3626 -5.31035 26.3132
v 18.8555 -5.17423 26.6704
v 18.9231 -4.98265 26.627
v 18.9906 -4.79107 26.5837
v 18.296 -5.49761 26.357
v 17.9373 -5.25488 25.9127
v 19.2817 -5.22537 27.0713
v 19.4188 -4.83357 26.9857
v 17.8716 -5.43782 25.957
v 19.708 -5.27651 27.4723
v 17.4472 -5.37804 25.5571
v 18.6527 -5.74897 26.8003
v 19.0761 -5.81308 27.1997
v 19.4995 -5.87719 27.5992
v 18.9903 -6.0002 27.2426
v 18.7203 -5.55739 26.757
v 17.2215 -5.89751 25.6916
v 19.1447 -5.61718 27.1569
v 17.6422 -5.96996 26.09
v 17.7241 -5.79536 26.0457
v 19.2132 -5.42127 27.1141
v 18.1461 -5.86364 26.4446
v 19.6385 -5.47674 27.5146
v 18.5682 -5.93192 26.8436
v 19.569 -5.67696 27.5569
v 18.2293 -5.68487 26.4008
v 18.9765 -7.02491 27.8531
v 17.8135 -6.57873 26.62
v 17.7303 -6.75751 26.6638
v 17.6471 -6.93628 26.7077
v 18.1457 -6.84664 27.0603
v 18.2302 -6.6637 27.0169
v 18.3147 -6.48075 26.9736
v 17.3149 -6.66837 26.2674
v 17.2331 -6.84297 26.3117
v 17.1512 -7.01758 26.3561
v 18.5611 -6.93578 27.4567
v 18.7328 -6.56155 27.371
v 18.6469 -6.74866 27.4139
v 19.0637 -6.83362 27.8108
v 19.1508 -6.64234 27.7685
v 17.9767 -7.21253 27.1469
v 17.4808 -7.29383 26.7953
v 18.8893 -7.2162 27.8954
v 18.0612 -7.02959 27.1036
v 18.3036 -7.49713 27.5852
v 17.8922 -7.39548 27.1903
v 17.564 -7.11505 26.7515
v 17.7918 -7.56831 27.2336
v 17.3821 -7.46268 26.8392
v 17.0694 -7.19218 26.4004
v 18.8022 -7.40749 27.9378
v 16.9724 -7.35704 26.4448
v 18.3894 -7.31001 27.5423
v 18.715 -7.59877 27.9801
v 18.4753 -7.12289 27.4995
v 15.0875 -6.53019 24.379
v 15.2379 -6.2227 24.2852
v 15.1627 -6.37644 24.3321
v 14.8353 -6.97377 24.5196
v 16.7385 -6.9201 25.9607
v 16.3258 -6.82262 25.5652
v 16.819 -6.74967 25.9158
v 16.8995 -6.57924 25.871
v 15.5003 -6.62767 24.7744
v 15.5768 -6.46975 24.728
v 15.6533 -6.31183 24.6817
v 15.913 -6.72514 25.1698
v 16.4841 -6.4901 25.4745
v 15.9909 -6.56306 25.124
v 16.4049 -6.65636 25.5199
v 15.8721 -7.61642 25.792
v 15.9657 -7.45954 25.7467
v 15.7784 -7.7733 25.8374
v 16.2767 -7.73402 26.185
v 16.372 -7.57315 26.1401
v 14.8823 -7.67903 25.099
v 16.4673 -7.41228 26.0952
v 15.4674 -7.49882 25.3991
v 15.3755 -7.65172 25.445
v 15.2836 -7.80461 25.4909
v 16.7783 -7.68676 26.5335
v 16.8754 -7.5219 26.4891
v 14.9726 -7.53013 25.0526
v 14.4811 -7.55345 24.7071
v 14.5696 -7.40853 24.6602
v 16.5627 -7.2514 26.0504
v 14.7467 -7.11869 24.5665
v 16.658 -7.09053 26.0055
v 16.153 -7.14576 25.656
v 16.0593 -7.30265 25.7013
v 15.7432 -7.04013 25.2615
v 15.6513 -7.19302 25.3074
v 15.5594 -7.34592 25.3533
v 15.3335 -6.93449 24.8671
v 15.2433 -7.0834 24.9135
v 15.1531 -7.23231 24.9599
v 15.0628 -7.38122 25.0062
v 16.2466 -6.98888 25.6106
v 15.8352 -6.88723 25.2157
v 14.6582 -7.26361 24.6133
v 10.2106 -15.2422 29.6652
v 10.1361 -15.7141 30.118
v 10.3078 -15.6235 30.075
v 10.4795 -15.5328 30.032
v 9.61147 -15.1235 29.3863
v 10.0422 -15.3305 29.7087
v 9.87378 -15.4188 29.7522
v 9.1874 -14.9118 29.0649
v 9.4464 -15.2095 29.4303
v 9.94161 -14.9516 29.2983
v 9.77654 -15.0376 29.3423
v 10.5734 -15.9164 30.4414
v 10.7485 -15.8234 30.3988
v 10.9235 -15.7304 30.3563
v 11.0985 -15.6374 30.3137
v 10.3984 -16.0095 30.4839
v 8.78026 -15.5369 29.6062
v 9.02582 -15.8436 29.9697
v 9.36862 -15.6838 29.8826
v 9.53701 -15.5954 29.8391
v 8.60933 -15.6065 29.6502
v 9.69831 -16.3815 30.654
v 9.44927 -16.0768 30.2901
v 9.27138 -16.1503 30.3331
v 9.62098 -15.9861 30.2471
v 9.79269 -15.8954 30.2041
v 9.96439 -15.8048 30.161
v 9.87334 -16.2885 30.6115
v 10.0484 -16.1955 30.569
v 10.2234 -16.1025 30.5264
v 8.86389 -15.0791 29.1538
v 9.28133 -15.2954 29.4742
v 8.61153 -14.7767 28.7894
v 8.35918 -14.4744 28.4249
v 9.70539 -15.5071 29.7956
v 7.88309 -14.6803 28.5612
v 8.04358 -14.6168 28.5158
v 8.5347 -15.2302 29.2427
v 7.64102 -14.3716 28.1982
v 8.28914 -14.9235 28.8793
v 8.12517 -14.9891 28.9242
v 7.48402 -14.4331 28.2442
v 8.20406 -14.5533 28.4704
v 8.4531 -14.858 28.8343
v 8.70214 -15.1627 29.1983
v 8.10681 -14.172 28.0605
v 7.85445 -13.8697 27.6961
v 8.00293 -13.7954 27.6497
v 7.60209 -13.5673 27.3317
v 8.15141 -13.7212 27.6033
v 7.3069 -13.6967 27.4254
v 7.74726 -13.4954 27.2848
v 7.89242 -13.4235 27.2379
v 7.79802 -14.3101 28.1523
v 7.70597 -13.9439 27.7425
v 7.95502 -14.2486 28.1064
v 7.55246 -14.0034 27.7889
v 7.39894 -14.0629 27.8353
v 7.45693 -13.6392 27.3785
v 7.15686 -13.7542 27.4723
v 8.51429 -14.3954 28.3795
v 8.76997 -14.6954 28.7444
v 8.9284 -14.6142 28.6995
v 9.08684 -14.5329 28.6545
v 8.66941 -14.3165 28.3341
v 9.24527 -14.4516 28.6096
v 8.95119 -15.4674 29.5622
v 9.51091 -14.7446 28.9759
v 9.34915 -14.8282 29.0204
v 8.25861 -14.0954 28.0146
v 8.41041 -14.0189 27.9687
v 8.56221 -13.9423 27.9228
v 9.11626 -15.3814 29.5182
v 9.02565 -14.9954 29.1093
v 9.20023 -15.7721 29.9261
v 8.76339 -12.9922 26.9567
v 9.87901 -14.1266 28.4298
v 8.61823 -13.0641 27.0036
v 8.9023 -12.9064 26.9099
v 8.47307 -13.136 27.0505
v 9.60011 -13.843 28.0615
v 8.3279 -13.2079 27.0973
v 9.44499 -13.9219 28.107
v 9.28987 -14.0008 28.1524
v 8.74534 -13.4243 27.4178
v 8.89382 -13.3501 27.3714
v 9.18432 -13.1873 27.2786
v 9.3212 -13.5594 27.6933
v 9.0176 -13.7126 27.7851
v 9.1694 -13.636 27.7392
v 8.18274 -13.2798 27.1442
v 9.83441 -14.5774 28.887
v 9.99616 -14.4937 28.8426
v 8.03758 -13.3517 27.1911
v 9.72058 -14.2078 28.4748
v 8.86581 -13.7891 27.831
v 8.71401 -13.8657 27.8769
v 8.82452 -14.2376 28.2887
v 8.59685 -13.4985 27.4642
v 8.44838 -13.5727 27.5105
v 8.29989 -13.647 27.5569
v 8.97964 -14.1587 28.2432
v 9.13476 -14.0797 28.1978
v 9.40371 -14.3704 28.5647
v 9.56214 -14.2891 28.5197
v 10.7157 -14.9773 29.5347
v 10.9946 -15.2609 29.9029
v 10.1579 -14.4101 28.7981
v 11.4405 -15.4346 30.2287
v 10.4368 -14.6937 29.1664
v 10.2718 -14.7797 29.2104
v 10.6512 -15.4422 29.989
v 10.1067 -14.8656 29.2543
v 9.67266 -14.661 28.9315
v 10.379 -15.1539 29.6217
v 10.5473 -15.0656 29.5782
v 11.3224 -15.0464 29.817
v 11.2735 -15.5444 30.2712
v 10.8229 -15.3515 29.9459
v 11.1585 -15.1536 29.8599
v 11.0372 -14.7682 29.4477
v 11.9779 -14.6176 29.645
v 11.814 -14.7248 29.688
v 11.6501 -14.832 29.731
v 11.4863 -14.9392 29.774
v 11.6802 -14.35 29.2738
v 11.5195 -14.4546 29.3173
v 10.9097 -14.3881 29.0345
v 12.2755 -14.8851 30.0162
v 12.1085 -14.995 30.0587
v 11.9415 -15.1049 30.1012
v 11.7745 -15.2148 30.1437
v 11.6075 -15.3247 30.1862
v 10.5945 -14.5918 29.1224
v 10.6214 -14.1125 28.6648
v 10.4846 -13.7404 28.2501
v 10.0449 -13.5614 27.9253
v 10.776 -14.0133 28.6203
v 10.4669 -14.2117 28.7092
v 10.3124 -14.3109 28.7537
v 10.7873 -13.5474 28.1603
v 10.636 -13.6439 28.2052
v 10.3332 -13.837 28.295
v 10.1818 -13.9335 28.34
v 10.0304 -14.03 28.3849
v 9.89664 -13.6553 27.9707
v 10.9305 -13.9141 28.5759
v 10.7521 -14.49 29.0785
v 11.0674 -14.2862 28.9905
v 10.8765 -14.8727 29.4912
v 6.10661 -14.1567 27.8003
v 7.63328 -15.1857 29.0591
v 6.38129 -14.8484 28.5655
v 6.1672 -14.524 28.2064
v 5.95311 -14.1995 27.8472
v 7.46931 -15.2512 29.104
v 6.59537 -15.1729 28.9247
v 6.47783 -14.42 28.1136
v 6.69901 -14.7407 28.4737
v 7.17001 -14.5562 28.336
v 6.9202 -15.0615 28.8338
v 7.08068 -14.998 28.7884
v 7.24116 -14.9345 28.743
v 7.40165 -14.8709 28.6975
v 6.54201 -14.8023 28.5196
v 7.24542 -14.1224 27.8816
v 7.00682 -13.8117 27.5191
v 6.32431 -14.4795 28.16
v 6.85679 -13.8692 27.566
v 6.70675 -13.9267 27.6129
v 6.25665 -14.0992 27.7535
v 6.40668 -14.0417 27.7066
v 6.55672 -13.9842 27.6597
v 7.0919 -14.1819 27.928
v 6.93838 -14.2414 27.9744
v 7.32701 -14.4947 28.2901
v 6.78487 -14.3009 28.0208
v 6.63135 -14.3605 28.0672
v 7.01301 -14.6177 28.3819
v 6.85601 -14.6792 28.4278
v 8.1998 -15.3653 29.3317
v 8.7377 -16.3711 30.4623
v 8.03236 -15.4329 29.3762
v 8.36725 -15.2978 29.2872
v 8.8514 -15.9152 30.0132
v 8.50258 -16.0583 30.1002
v 8.4384 -15.676 29.6942
v 9.51694 -16.457 30.6966
v 7.56213 -14.8074 28.6521
v 9.09348 -16.2239 30.3762
v 7.86491 -15.5004 29.4206
v 7.96121 -15.0546 28.9692
v 7.72261 -14.7439 28.6067
v 7.79724 -15.1201 29.0141
v 9.15418 -16.6082 30.7817
v 6.80946 -15.4973 29.2839
v 7.14138 -15.3823 29.194
v 7.30535 -15.3168 29.149
v 6.75972 -15.125 28.8793
v 7.53001 -15.6355 29.5096
v 8.15376 -16.2015 30.1873
v 7.75468 -15.9543 29.8702
v 7.23764 -16.1462 30.0022
v 7.02355 -15.8218 29.643
v 7.36257 -15.7031 29.5541
v 7.58375 -16.0238 29.9142
v 6.97742 -15.4478 29.2389
v 7.69746 -15.568 29.4651
v 7.19512 -15.7706 29.5986
v 7.41282 -16.0934 29.9582
v 9.33556 -16.5326 30.7392
v 7.92561 -15.8847 29.8262
v 8.79143 -16.7594 30.8669
v 8.2473 -16.9862 30.9946
v 8.97281 -16.6838 30.8243
v 8.26747 -15.7456 29.7382
v 8.06593 -17.0617 31.0371
v 7.66582 -16.7951 30.7206
v 8.91559 -16.2975 30.4192
v 8.5598 -16.4447 30.5053
v 8.38191 -16.5182 30.5484
v 8.20401 -16.5918 30.5914
v 8.67699 -15.9868 30.0567
v 8.32817 -16.1299 30.1438
v 7.80494 -16.3446 30.2743
v 8.09654 -15.8152 29.7822
v 7.48341 -16.8512 30.7636
v 7.63052 -16.4162 30.3178
v 7.301 -16.9074 30.8067
v 7.84823 -16.739 30.6775
v 7.09414 -16.5796 30.4485
v 7.45173 -16.4707 30.3614
v 7.69389 -17.1774 31.1223
v 8.42868 -16.9106 30.952
v 7.87991 -17.1195 31.0797
v 7.97935 -16.273 30.2308
v 8.02612 -16.6654 30.6344
v 6.64151 -15.5468 29.3289
v 7.06246 -16.199 30.0462
v 6.88728 -16.2519 30.0903
v 8.61006 -16.835 30.9094
v 6.7121 -16.3047 30.1343
v 7.1186 -16.9635 30.8498
v 6.93619 -17.0197 30.8928
v 6.75378 -17.0758 30.9359
v 7.27294 -16.5251 30.4049
v 6.16571 -16.0775 29.8655
v 6.36173 -16.4103 30.2223
v 6.53691 -16.3575 30.1783
v 6.55776 -16.7431 30.5791
v 6.91535 -16.6341 30.492
v 6.73655 -16.6886 30.5356
v 6.9498 -17.4086 31.2927
v 7.13582 -17.3508 31.2501
v 7.32185 -17.293 31.2075
v 7.50786 -17.2352 31.1649
v 6.85198 -15.8729 29.6875
v 6.68041 -15.9241 29.732
v 6.47355 -15.5963 29.3738
v 6.43103 -15.2207 28.9702
v 6.22056 -14.8946 28.6115
v 6.01008 -14.5685 28.2528
v 6.05983 -14.9408 28.6574
v 5.8991 -14.9869 28.7033
v 5.7996 -14.2424 27.8941
v 5.6461 -14.2852 27.9409
v 5.4926 -14.3281 27.9878
v 5.3391 -14.3709 28.0347
v 5.85296 -14.613 28.2992
v 5.69585 -14.6575 28.3456
v 5.18559 -14.4138 28.0816
v 6.10235 -15.3164 29.061
v 6.3056 -15.6458 29.4188
v 6.13764 -15.6953 29.4638
v 5.96969 -15.7448 29.5087
v 6.26669 -15.2685 29.0156
v 5.38162 -14.7465 28.4383
v 5.53873 -14.702 28.392
v 5.93801 -15.3642 29.1065
v 5.77366 -15.412 29.1519
v 5.73837 -15.0331 28.7492
v 5.57764 -15.0793 28.7951
v 5.03209 -14.4566 28.1284
v 4.87859 -14.4995 28.1753
v 6.50885 -15.9752 29.7765
v 6.33728 -16.0264 29.821
v 5.60932 -15.4599 29.1974
v 4.72508 -14.5423 28.2222
v 5.99414 -16.1287 29.91
v 5.28064 -15.5555 29.2883
v 5.09545 -15.2178 28.9329
v 4.94726 -15.6195 29.3792
v 5.80173 -15.7943 29.5537
v 5.63378 -15.8438 29.5987
v 5.06738 -14.8355 28.5311
v 4.78058 -15.6514 29.4246
v 5.25618 -15.1716 28.887
v 4.56953 -14.5703 28.269
v 5.2245 -14.791 28.4847
v 5.41691 -15.1254 28.8411
v 5.44498 -15.5077 29.2428
v 14.299 -11.6697 28.0239
v 15.5074 -12.1481 29.1244
v 14.4372 -11.5381 27.98
v 14.6531 -11.8763 28.4049
v 14.794 -11.7415 28.3615
v 15.1507 -11.9448 28.7429
v 15.0072 -12.0829 28.7859
v 15.6408 -11.9924 29.082
v 15.7742 -11.8366 29.0396
v 15.9076 -11.6809 28.9972
v 15.4127 -11.6404 28.6571
v 15.2817 -11.7926 28.7
v 15.0513 -11.4441 28.2747
v 14.9226 -11.5928 28.3181
v 14.5635 -11.393 27.9361
v 14.0226 -11.933 28.1118
v 14.1608 -11.8014 28.0679
v 14.7203 -12.3592 28.8717
v 14.2306 -12.281 28.5352
v 14.4334 -12.6355 28.9576
v 14.0898 -12.4158 28.5786
v 14.7769 -12.8552 29.3366
v 14.923 -12.7137 29.2942
v 15.3613 -12.2895 29.1668
v 14.5768 -12.4974 28.9147
v 15.0691 -12.5723 29.2517
v 15.2152 -12.4309 29.2093
v 14.8638 -12.2211 28.8288
v 14.3715 -12.1461 28.4918
v 14.5123 -12.0112 28.4483
v 13.4027 -11.9765 27.8206
v 13.2671 -12.1049 27.865
v 11.7783 -11.3284 26.3974
v 12.1166 -11.5546 26.7754
v 13.8844 -12.0646 28.1557
v 12.2443 -11.4361 26.7295
v 13.7462 -12.1962 28.1996
v 11.9033 -11.2132 26.351
v 13.0591 -11.7569 27.4416
v 12.9261 -11.8819 27.4865
v 12.7932 -12.007 27.5314
v 11.44 -11.1022 26.0194
v 13.5382 -11.8482 27.7762
v 12.5852 -11.659 27.108
v 12.4549 -11.7808 27.1534
v 13.9449 -11.4632 27.643
v 12.2784 -10.8673 26.2119
v 12.4035 -10.7521 26.1655
v 13.5908 -11.2566 27.262
v 12.6273 -11.0805 26.5919
v 12.7549 -10.9619 26.546
v 12.8826 -10.8434 26.5001
v 13.2367 -11.05 26.881
v 13.1064 -11.1718 26.9264
v 14.0805 -11.3348 27.5986
v 13.8454 -10.9934 27.1722
v 14.2045 -11.1932 27.5542
v 13.367 -10.9282 26.8357
v 13.7237 -11.1315 27.2171
v 11.9296 -10.6542 25.8319
v 11.8072 -10.7662 25.8788
v 12.7155 -11.5372 27.0626
v 12.8458 -11.4154 27.0172
v 12.9761 -11.2936 26.9718
v 11.5624 -10.9902 25.9725
v 13.8093 -11.5915 27.6874
v 13.192 -11.6318 27.3967
v 13.3249 -11.5067 27.3518
v 13.6738 -11.7198 27.7318
v 12.1534 -10.9826 26.2582
v 12.4996 -11.199 26.6377
v 12.3719 -11.3175 26.6836
v 12.0284 -11.0979 26.3046
v 11.6848 -10.8782 25.9256
v 13.4579 -11.3816 27.3069
v 16.5744 -10.9022 28.7851
v 16.7078 -10.7464 28.7427
v 16.1989 -10.7271 28.3997
v 15.1952 -10.6673 27.7166
v 15.3215 -10.5221 27.6727
v 15.4479 -10.377 27.6288
v 16.441 -11.0579 28.8275
v 16.0679 -10.8793 28.4426
v 15.566 -10.8494 28.1011
v 15.6947 -10.7007 28.0577
v 15.8234 -10.552 28.0143
v 16.3077 -11.2136 28.8699
v 15.9368 -11.0315 28.4855
v 15.9521 -10.4034 27.9709
v 16.3299 -10.5749 28.3568
v 15.18 -11.2954 28.2313
v 15.8058 -11.1837 28.5284
v 15.6748 -11.3359 28.5713
v 15.5438 -11.4882 28.6142
v 16.1743 -11.3694 28.9123
v 15.4373 -10.9981 28.1445
v 15.3087 -11.1468 28.1879
v 16.0409 -11.5251 28.9547
v 15.0689 -10.8124 27.7605
v 14.9425 -10.9576 27.8044
v 14.8162 -11.1027 27.8483
v 14.6899 -11.2479 27.8922
v 14.5764 -10.7684 27.421
v 14.4524 -10.91 27.4654
v 14.3284 -11.0516 27.5098
v 13.1272 -10.5938 26.4083
v 13.4863 -10.7936 26.7903
v 12.2968 -10.3182 25.6913
v 14.0886 -10.7173 27.0824
v 13.967 -10.8553 27.1273
v 12.8827 -10.2666 25.98
v 13.6056 -10.6591 26.7449
v 12.409 -10.1943 25.6444
v 12.1744 -10.4302 25.7382
v 12.052 -10.5422 25.785
v 12.5285 -10.6368 26.1191
v 12.7681 -10.3941 26.0264
v 12.6535 -10.5215 26.0727
v 13.0103 -10.7249 26.4542
v 13.2441 -10.4628 26.3624
v 14.8244 -10.4852 27.3322
v 14.0827 -10.1209 26.5634
v 14.7004 -10.6268 27.3766
v 13.7249 -10.5245 26.6995
v 14.6968 -10.0269 26.858
v 14.5752 -10.165 26.9029
v 14.4536 -10.303 26.9478
v 14.3319 -10.4411 26.9927
v 14.2103 -10.5792 27.0376
v 13.8442 -10.39 26.6541
v 13.9634 -10.2555 26.6087
v 14.202 -9.98639 26.518
v 15.0723 -10.2019 27.2434
v 13.3611 -10.3318 26.3166
v 14.9484 -10.3436 27.2878
v 13.595 -10.0698 26.2248
v 13.0825 -9.45063 25.3632
v 12.9703 -9.57457 25.4101
v 13.4557 -9.62922 25.7481
v 12.5213 -10.0703 25.5976
v 12.858 -9.69851 25.4569
v 12.7458 -9.82245 25.5038
v 13.7119 -9.93881 26.1789
v 12.6335 -9.94639 25.5507
v 13.478 -10.2008 26.2707
v 13.3411 -9.75669 25.7945
v 13.2265 -9.88416 25.8409
v 13.1119 -10.0116 25.8873
v 13.8289 -9.8078 26.1331
v 12.9973 -10.1391 25.9336
v 11.8613 -11.7917 26.8672
v 11.989 -11.6732 26.8213
v 10.8013 -11.624 26.2537
v 10.9326 -11.5248 26.2068
v 12.0543 -12.1326 27.2896
v 11.0639 -11.4255 26.16
v 11.3176 -11.2142 26.0662
v 11.1952 -11.3262 26.1131
v 11.7242 -11.8969 26.9131
v 11.6533 -11.4437 26.4438
v 12.1943 -12.0244 27.2442
v 11.5283 -11.559 26.4901
v 11.3941 -11.6612 26.5365
v 11.2599 -11.7635 26.5829
v 12.3246 -11.9026 27.1988
v 11.1759 -12.3178 27.0966
v 11.313 -12.2126 27.0507
v 11.45 -12.1074 27.0048
v 11.5871 -12.0021 26.9589
v 11.1257 -11.8657 26.6293
v 10.9915 -11.9679 26.6756
v 10.8573 -12.0702 26.722
v 10.7231 -12.1724 26.7684
v 10.2761 -12.0211 26.4412
v 10.4074 -11.9218 26.3943
v 10.5387 -11.8226 26.3474
v 10.67 -11.7233 26.3006
v 11.9144 -12.2408 27.335
v 11.7744 -12.349 27.3804
v 11.6344 -12.4572 27.4258
v 12.996 -12.3615 27.9539
v 12.6603 -12.1321 27.5763
v 13.1315 -12.2332 27.9094
v 12.2416 -12.4795 27.7111
v 12.3845 -12.3683 27.6661
v 13.3316 -12.591 28.3314
v 12.7146 -12.604 28.0427
v 13.4698 -12.4594 28.2875
v 13.949 -12.5507 28.622
v 13.1934 -12.7226 28.3753
v 13.8081 -12.6856 28.6655
v 13.6673 -12.8205 28.7089
v 12.5274 -12.2572 27.6212
v 13.608 -12.3278 28.2435
v 12.8604 -12.4899 27.9983
v 13.705 -13.3112 29.1723
v 14.003 -13.0499 29.0864
v 14.1464 -12.9118 29.0435
v 14.2899 -12.7736 29.0006
v 13.7205 -13.799 29.6338
v 13.8779 -13.673 29.5913
v 14.0352 -13.5469 29.5489
v 14.3386 -13.2794 29.4639
v 14.4847 -13.138 29.4215
v 14.6308 -12.9966 29.3791
v 13.3962 -13.5574 29.2582
v 13.3749 -13.0755 28.7958
v 14.1925 -13.4208 29.5064
v 13.2234 -13.1956 28.8392
v 13.5506 -13.4343 29.2153
v 13.8595 -13.1881 29.1294
v 13.5265 -12.9553 28.7523
v 11.0388 -12.423 27.1425
v 11.4944 -12.5654 27.4712
v 11.5273 -13.0354 27.9356
v 12.0987 -12.5907 27.756
v 11.6943 -13.4032 28.3537
v 11.84 -13.289 28.3093
v 12.5689 -12.7182 28.0871
v 11.2145 -12.7818 27.562
v 12.5988 -13.1912 28.5511
v 12.7475 -13.074 28.5071
v 12.8961 -12.9569 28.4632
v 13.0448 -12.8398 28.4192
v 13.0718 -13.3157 28.8827
v 13.2417 -13.6805 29.3012
v 12.6172 -13.676 29.013
v 12.1316 -13.0607 28.2204
v 11.9858 -13.1748 28.2648
v 12.1528 -13.5426 28.6829
v 12.3015 -13.4254 28.6389
v 11.0745 -12.89 27.6074
v 12.4501 -13.3083 28.595
v 13.0873 -13.8035 29.3442
v 12.9328 -13.9267 29.3871
v 13.2485 -14.1773 29.7612
v 13.4058 -14.0512 29.7188
v 13.5632 -13.9251 29.6763
v 12.9203 -13.4358 28.9261
v 12.7687 -13.5559 28.9696
v 12.4425 -14.7752 29.9737
v 12.1418 -14.5104 29.602
v 12.6095 -14.6654 29.9312
v 12.3056 -14.4032 29.559
v 10.1921 -13.0123 27.4179
v 12.1625 -14.0364 29.1434
v 12.4695 -14.2959 29.516
v 10.4897 -13.2798 27.7891
v 10.638 -13.186 27.7436
v 12.0018 -14.1409 29.1869
v 11.841 -14.2455 29.2303
v 11.3587 -14.5591 29.3608
v 11.198 -14.6637 29.4042
v 11.085 -13.8149 28.5314
v 12.7765 -14.5555 29.8887
v 11.394 -13.6165 28.4425
v 12.6239 -14.1728 29.4731
v 13.0912 -14.3033 29.8037
v 12.9338 -14.4294 29.8462
v 11.6979 -13.8787 28.8147
v 11.5402 -13.9806 28.8587
v 12.7784 -14.0497 29.4301
v 11.3826 -14.0825 28.9026
v 11.225 -14.1843 28.9466
v 12.4656 -13.7962 29.0565
v 12.3141 -13.9163 29.0999
v 11.2395 -13.7157 28.487
v 11.5485 -13.5173 28.3981
v 12.0042 -13.6597 28.7268
v 11.8555 -13.7769 28.7707
v 9.0423 -13.2758 27.325
v 9.31901 -12.6489 26.7692
v 9.1801 -12.7347 26.8161
v 9.0412 -12.8206 26.863
v 9.45791 -12.563 26.7224
v 9.46837 -13.0103 27.1858
v 9.32635 -13.0988 27.2322
v 9.46635 -13.4682 27.6474
v 9.6115 -13.377 27.6015
v 9.75664 -13.2858 27.5556
v 9.90179 -13.1946 27.5097
v 10.0469 -13.1035 27.4638
v 9.74837 -13.7491 28.0161
v 10.3414 -13.3737 27.8345
v 10.1932 -13.4675 27.8799
v 10.6275 -12.7387 27.2802
v 10.4547 -12.3769 26.8612
v 10.5889 -12.2747 26.8148
v 10.7646 -12.6335 27.2343
v 11.9559 -12.7019 27.8009
v 11.813 -12.8131 27.8458
v 10.9017 -12.5283 27.1884
v 11.6701 -12.9242 27.8907
v 10.1448 -12.1204 26.488
v 12.2773 -12.9465 28.176
v 11.3545 -12.6736 27.5166
v 10.0135 -12.2196 26.5349
v 10.4824 -12.8299 27.3261
v 12.4231 -12.8324 28.1315
v 9.87462 -12.3055 26.5818
v 10.9387 -13.4508 28.1153
v 11.3844 -13.1466 27.9805
v 10.3372 -12.9211 27.372
v 10.0365 -12.6562 27.0003
v 9.73572 -12.3913 26.6286
v 9.6104 -12.9218 27.1395
v 9.59682 -12.4772 26.6755
v 10.7863 -13.0921 27.6982
v 11.0901 -13.3543 28.0704
v 10.3205 -12.4792 26.9075
v 11.2415 -13.2578 28.0255
v 9.89445 -12.7447 27.0467
v 9.75242 -12.8332 27.0931
v 10.9345 -12.9982 27.6528
v 10.1785 -12.5677 26.9539
v 3.47559 10.7414 46.4537
v 3.05633 11.1783 46.4807
v 3.16648 11.1297 46.5255
v 3.27663 11.0811 46.5703
v 3.07941 11.667 46.8959
v 3.44345 11.7613 47.2348
v 2.97345 11.9614 47.0597
v 3.09095 11.9114 47.1035
v 3.20845 11.8613 47.1472
v 3.32595 11.8113 47.191
v 2.96436 11.7166 46.8518
v 3.29307 11.3245 46.7772
v 3.18047 11.3736 46.7328
v 3.06787 11.4227 46.6883
v 3.5396 11.4688 47.0723
v 3.19446 11.6175 46.94
v 3.51827 11.2263 46.8661
v 3.30951 11.5679 46.9841
v 3.82101 10.8285 46.7944
v 3.9248 10.7705 46.8392
v 4.02859 10.7124 46.884
v 3.42456 11.5184 47.0282
v 4.09666 10.4155 46.7247
v 3.60708 10.9352 46.7047
v 3.79594 11.6112 47.3661
v 3.71723 10.8866 46.7495
v 3.40567 11.2754 46.8217
v 3.67844 11.6612 47.3223
v 3.56094 11.7113 47.2785
v 3.63087 11.1772 46.9106
v 3.63851 10.162 46.133
v 3.79241 10.5877 46.5892
v 3.58603 9.67887 45.722
v 3.61227 9.92041 45.9275
v 3.69099 10.645 46.544
v 3.64936 9.38334 45.5633
v 3.46434 9.48315 45.4696
v 3.36889 9.52898 45.4227
v 3.38678 11.0325 46.6151
v 3.49693 10.9838 46.6599
v 3.58329 10.6932 46.4989
v 3.24375 10.5943 46.1565
v 3.349 10.5466 46.202
v 3.5595 10.4512 46.293
v 3.53571 10.2092 46.0872
v 3.66475 10.4035 46.3385
v 3.83187 10.0499 46.2247
v 3.89382 10.5303 46.6343
v 4.12191 9.88186 46.3622
v 4.02523 9.93788 46.3164
v 3.92855 9.9939 46.2705
v 3.73519 10.1059 46.1788
v 4.06095 10.1767 46.5205
v 3.9619 10.2334 46.475
v 3.86285 10.2901 46.4295
v 3.7638 10.3468 46.384
v 4.19808 10.3582 46.7698
v 3.99524 10.4729 46.6795
v 3.70658 9.86507 45.9737
v 4.08382 9.64372 46.1584
v 4.00765 9.16742 45.7508
v 3.91808 9.2214 45.7039
v 3.82851 9.27538 45.6571
v 3.73894 9.32936 45.6102
v 3.80089 9.80973 46.0198
v 3.8952 9.75439 46.066
v 3.86185 9.51489 45.8615
v 3.98951 9.69905 46.1122
v 3.67797 9.62421 45.7685
v 3.76991 9.56955 45.815
v 3.95379 9.46023 45.9081
v 4.18679 9.05946 45.8445
v 4.09722 9.11344 45.7977
v 4.04573 9.40557 45.9546
v 4.13768 9.35091 46.0011
v 4.57222 11.1906 47.6726
v 4.48657 10.717 47.2664
v 4.31234 11.0726 47.3812
v 4.20381 11.132 47.3371
v 4.38041 10.7757 47.2219
v 4.42087 11.0132 47.4254
v 4.5294 10.9538 47.4695
v 4.63792 10.8944 47.5137
v 4.33996 10.5382 47.0185
v 4.68312 11.1305 47.7164
v 4.74645 10.8349 47.5578
v 4.12863 11.4309 47.4975
v 4.23953 11.3708 47.5413
v 4.35043 11.3108 47.5851
v 4.46132 11.2507 47.6288
v 4.09528 11.1914 47.293
v 3.98676 11.2508 47.2488
v 3.87823 11.3103 47.2047
v 3.65465 11.4192 47.1165
v 3.74346 11.1281 46.9551
v 3.84962 11.0694 46.9995
v 3.95578 11.0107 47.044
v 4.06194 10.9519 47.0885
v 4.1681 10.8932 47.133
v 4.27425 10.8345 47.1774
v 4.13238 10.6544 46.9288
v 4.23617 10.5963 46.9736
v 3.7697 11.3697 47.1606
v 3.90684 11.5511 47.4099
v 4.01774 11.491 47.4537
v 4.27636 9.00548 45.8914
v 4.25904 10.0633 46.6115
v 4.17813 9.58837 46.2046
v 4.2995 10.3008 46.815
v 4.32156 9.24159 46.0942
v 4.16 10.12 46.566
v 4.22962 9.29625 46.0476
v 4.36675 9.4777 46.297
v 4.27244 9.53304 46.2508
v 4.4135 9.18693 46.1407
v 4.46106 9.42236 46.3431
v 4.35809 10.0066 46.657
v 4.31527 9.76983 46.4539
v 4.21859 9.82584 46.4081
v 4.41195 9.71381 46.4997
v 4.60376 10.1286 46.9505
v 4.40092 10.2434 46.8601
v 4.45714 9.94992 46.7025
v 4.44374 10.4802 47.0633
v 4.54753 10.4221 47.1081
v 4.50234 10.186 46.9053
v 4.65132 10.3641 47.1529
v 4.77811 9.46552 46.6831
v 4.68828 9.52961 46.6373
v 4.59846 9.5937 46.5914
v 4.69813 10.0628 46.9956
v 4.74039 9.76328 46.8391
v 4.64829 9.82825 46.7935
v 4.55619 9.89322 46.748
v 4.50863 9.65779 46.5456
v 4.36594 8.9515 45.9383
v 4.44895 8.89005 45.9851
v 4.54862 9.35915 46.3893
v 4.63618 9.29594 46.4355
v 4.72374 9.23274 46.4817
v 4.81129 9.16953 46.5279
v 4.53196 8.82861 46.032
v 4.49878 9.1246 46.1872
v 4.58407 9.06228 46.2338
v 4.66936 8.99995 46.2803
v 4.75464 8.93763 46.3268
v 4.78101 8.64428 46.1726
v 4.69799 8.70572 46.1257
v 4.61498 8.76717 46.0789
v 6.04386 9.61265 47.9784
v 5.78749 9.5397 47.691
v 6.01091 10.2125 48.2861
v 6.10618 10.1347 48.33
v 6.13481 9.53698 48.0229
v 5.91565 10.2903 48.2423
v 5.82038 10.3682 48.1984
v 6.05387 9.31592 47.8255
v 5.95291 9.68831 47.9339
v 5.86196 9.76398 47.8894
v 6.21576 9.75805 48.2203
v 6.12265 9.83479 48.1761
v 6.02954 9.91152 48.1319
v 5.93644 9.98826 48.0877
v 5.84333 10.065 48.0436
v 5.53973 9.46246 47.4022
v 5.51821 10.5847 48.067
v 5.62167 10.5153 48.1108
v 5.38509 9.30849 47.1576
v 5.62637 9.38894 47.4474
v 5.71301 9.31542 47.4926
v 5.46957 9.23604 47.2032
v 5.5211 9.76348 47.5564
v 5.75022 10.1417 47.9994
v 5.58911 9.99097 47.7558
v 5.72512 10.446 48.1546
v 5.69869 9.61429 47.6461
v 5.6099 9.68888 47.6013
v 5.68006 9.91531 47.8003
v 5.77101 9.83964 47.8448
v 5.48173 8.93824 47.05
v 5.48959 8.64259 46.8974
v 5.40942 8.71289 46.8512
v 5.32925 8.78319 46.8051
v 5.49235 8.05771 46.5944
v 5.56975 8.57228 46.9436
v 5.64992 8.50198 46.9898
v 5.64639 8.79549 47.1417
v 5.56406 8.86686 47.0958
v 5.41649 8.12587 46.5475
v 5.49312 8.34908 46.7456
v 5.63854 9.09114 47.2942
v 5.55405 9.16359 47.2487
v 5.57114 8.27984 46.7921
v 5.64915 8.21061 46.8387
v 5.79965 9.2419 47.5378
v 5.73009 8.43168 47.036
v 6.14267 9.24133 47.8704
v 5.81104 8.65274 47.2334
v 5.72871 8.72411 47.1875
v 5.8075 8.94625 47.3853
v 5.72302 9.01869 47.3397
v 6.1462 8.94782 47.7185
v 6.05956 9.02134 47.6733
v 5.97293 9.09486 47.6282
v 5.88629 9.16838 47.583
v 6.23146 9.16674 47.9152
v 5.96508 9.39051 47.7807
v 5.87628 9.46511 47.7358
v 6.22576 9.46132 48.0674
v 5.5682 7.98955 46.6413
v 5.89198 8.8738 47.4308
v 5.97646 8.80135 47.4763
v 5.79577 7.78507 46.7819
v 5.9706 8.22076 47.1746
v 5.88319 8.00292 46.9782
v 5.89336 8.58136 47.2793
v 5.81026 8.36137 47.0822
v 5.89043 8.29107 47.1284
v 5.72716 8.14138 46.8852
v 5.80517 8.07215 46.9317
v 5.95339 7.92759 47.0248
v 5.64406 7.92139 46.6881
v 5.71992 7.85323 46.735
v 5.86395 7.71099 46.8288
v 5.16998 9.73354 47.2215
v 5.20089 9.43843 47.0666
v 5.10879 9.5034 47.0211
v 5.01669 9.56837 46.9756
v 5.13743 9.20917 46.8665
v 4.92459 9.63334 46.9301
v 4.83249 9.69831 46.8846
v 4.84461 10.2306 47.2426
v 4.94125 10.1639 47.2874
v 5.13453 10.0304 47.3771
v 5.03789 10.0971 47.3322
v 5.07561 9.79939 47.1763
v 4.7925 9.99694 47.0408
v 4.88687 9.93109 47.086
v 4.98124 9.86524 47.1312
v 5.10438 10.8622 47.8917
v 4.59273 10.6582 47.3109
v 4.79402 11.0704 47.7602
v 4.89747 11.001 47.804
v 4.84764 10.7664 47.6019
v 4.94882 10.6979 47.6461
v 5.05 10.6294 47.6903
v 5.15119 10.561 47.7344
v 5.00093 10.9316 47.8479
v 4.7978 10.5319 47.3998
v 4.89671 10.4643 47.4443
v 4.99563 10.3967 47.4888
v 5.09454 10.329 47.5333
v 4.69889 10.5995 47.3553
v 4.74796 10.2973 47.1977
v 5.26436 9.66768 47.2667
v 5.20784 10.7929 47.9355
v 5.3113 10.7235 47.9793
v 5.41475 10.6541 48.0231
v 5.35873 9.60183 47.3119
v 5.49019 10.0586 47.7113
v 5.39128 10.1262 47.6668
v 5.29237 10.1938 47.6223
v 5.19346 10.2614 47.5778
v 5.55593 10.287 47.9111
v 5.45474 10.3555 47.8669
v 5.35356 10.424 47.8227
v 5.25237 10.4925 47.7786
v 5.65712 10.2185 47.9552
v 5.23118 9.96368 47.4219
v 5.16152 8.9167 46.7127
v 5.39941 9.00962 47.0041
v 5.34063 8.19403 46.5007
v 5.25909 8.55677 46.606
v 5.29299 9.37346 47.1121
v 5.22726 9.14508 46.9124
v 5.24908 8.8535 46.7589
v 5.26478 8.26219 46.4538
v 5.31708 9.08099 46.9582
v 5.18892 8.33035 46.4069
v 5.41511 8.41831 46.6991
v 5.4531 9.53598 47.357
v 5.3371 8.48754 46.6525
v 5.42446 9.83021 47.5116
v 5.32782 9.89694 47.4668
v 4.86402 8.58284 46.2195
v 4.94704 8.52139 46.2663
v 4.92521 8.81298 46.4199
v 5.03005 8.45995 46.3132
v 4.95777 9.33735 46.7748
v 5.18107 8.626 46.5595
v 4.86794 9.40143 46.729
v 5.09579 8.68833 46.5129
v 5.11307 8.39851 46.3601
v 5.0105 8.75065 46.4664
v 5.0476 9.27326 46.8207
v 4.89885 9.10633 46.5741
v 4.98641 9.04312 46.6203
v 5.07397 8.97991 46.6665
v 4.83993 8.8753 46.3733
v 7.04327 8.35795 48.3639
v 7.0858 8.93931 48.6622
v 6.93762 8.15134 48.1705
v 6.85931 8.23167 48.1253
v 6.96293 8.43952 48.319
v 6.8826 8.5211 48.2742
v 7.06656 8.64738 48.5127
v 6.9842 8.7302 48.4682
v 6.90184 8.81303 48.4237
v 6.81947 8.89586 48.3791
v 6.91702 9.10746 48.5738
v 7.00141 9.02338 48.618
v 7.14892 8.56455 48.5573
v 6.92815 9.40438 48.7247
v 7.01457 9.31906 48.7685
v 7.10098 9.23373 48.8124
v 7.25734 8.09501 48.4986
v 7.18598 8.18265 48.4537
v 7.11463 8.2703 48.4088
v 7.2954 8.38643 48.6464
v 7.22216 8.47549 48.6018
v 7.40481 8.59022 48.8391
v 7.32969 8.68068 48.7949
v 7.36022 8.97776 48.944
v 7.25457 8.77115 48.7506
v 7.17018 8.85523 48.7064
v 7.18739 9.14841 48.8563
v 7.27381 9.06308 48.9001
v 7.43722 8.88588 48.9879
v 7.51423 8.79399 49.0318
v 6.6845 7.44953 47.6366
v 6.75569 8.02382 47.9316
v 6.79203 7.65472 47.8297
v 6.51502 7.32493 47.3971
v 6.74832 7.36753 47.6828
v 6.57696 7.24434 47.4436
v 6.63891 7.16375 47.4901
v 6.52949 6.95997 47.2974
v 6.46943 7.03915 47.2506
v 6.40937 7.11832 47.2037
v 6.62067 7.53153 47.5904
v 6.72632 7.73813 47.7838
v 6.83197 7.94474 47.9772
v 6.54844 7.60811 47.5442
v 6.65206 7.81597 47.7379
v 6.96715 7.77509 48.0683
v 7.00709 8.06511 48.2158
v 7.12058 7.23766 48.0591
v 7.05487 7.32108 48.0132
v 6.98916 7.40449 47.9673
v 7.10234 7.60544 48.1594
v 6.89956 7.85991 48.0227
v 7.21552 7.8064 48.3514
v 7.03475 7.69027 48.1138
v 7.07657 7.97887 48.261
v 7.16993 7.52062 48.2049
v 6.92345 7.4879 47.9214
v 6.85774 7.57131 47.8756
v 7.14604 7.89264 48.3062
v 7.23752 7.4358 48.2504
v 6.8298 6.56409 47.5318
v 6.58955 6.88079 47.3443
v 6.94863 6.76081 47.7228
v 6.88669 6.8414 47.6763
v 6.64962 6.80162 47.3912
v 6.70968 6.72244 47.438
v 6.76974 6.64326 47.4849
v 6.87598 7.20353 47.7753
v 6.7628 7.00257 47.5832
v 6.70085 7.08316 47.5367
v 6.81215 7.28553 47.7291
v 7.00363 7.03953 47.8677
v 6.93981 7.12153 47.8215
v 6.88987 6.48491 47.5786
v 6.82474 6.92199 47.6297
v 6.57239 9.14434 48.2455
v 6.84174 9.48971 48.6808
v 6.75532 9.57503 48.6369
v 6.66891 9.66036 48.5931
v 6.58249 9.74568 48.5492
v 6.64159 8.76584 48.1396
v 6.56126 8.84741 48.0947
v 6.48092 8.92899 48.0498
v 6.73711 8.97869 48.3346
v 6.83263 9.19153 48.5296
v 6.65475 9.06151 48.2901
v 6.49003 9.22717 48.201
v 6.57947 9.44376 48.397
v 6.74824 9.27561 48.4854
v 6.66386 9.35969 48.4412
v 6.23284 8.8743 47.7637
v 6.48723 9.82349 48.5054
v 6.39197 9.9013 48.4615
v 6.2967 9.97911 48.4177
v 6.20144 10.0569 48.3738
v 6.49508 9.52784 48.3528
v 6.40767 9.30999 48.1565
v 6.32025 9.09215 47.9601
v 6.06094 8.7289 47.5218
v 6.40059 9.01057 48.005
v 6.14543 8.65646 47.5674
v 6.30887 9.68131 48.2645
v 6.40197 9.60458 48.3087
v 6.31672 9.38566 48.1119
v 5.97569 8.50999 47.3251
v 5.93213 7.63691 46.8756
v 6.0003 7.56282 46.9225
v 6.06848 7.48874 46.9694
v 6.18729 7.99102 47.3132
v 6.04283 8.14418 47.2208
v 6.0938 7.77692 47.1179
v 6.02359 7.85225 47.0713
v 6.05801 8.43861 47.371
v 6.28078 8.20512 47.5086
v 6.11506 8.0676 47.267
v 6.20653 8.28295 47.4627
v 6.13227 8.36078 47.4169
v 6.22171 8.57738 47.6129
v 6.29799 8.4983 47.6584
v 6.31115 8.79397 47.8089
v 6.164 7.70159 47.1644
v 6.37461 7.47559 47.304
v 6.44481 7.40026 47.3505
v 6.30441 7.55093 47.2575
v 6.2342 7.62626 47.2109
v 6.40398 7.76128 47.4518
v 6.33175 7.83786 47.4056
v 6.25952 7.91444 47.3594
v 6.13666 7.41466 47.0162
v 6.20484 7.34057 47.0631
v 6.27301 7.26649 47.11
v 6.47621 7.68469 47.498
v 6.35504 8.12729 47.5545
v 6.42929 8.04946 47.6003
v 6.34119 7.19241 47.1568
v 6.6794 8.1029 47.8861
v 6.80227 8.60268 48.2293
v 6.38946 8.71364 47.8541
v 6.46776 8.63332 47.8993
v 6.54607 8.55299 47.9445
v 6.50355 7.97163 47.6462
v 6.62438 8.47266 47.9897
v 6.70269 8.39233 48.0349
v 6.781 8.312 48.0801
v 6.60312 8.18198 47.8406
v 6.52684 8.26106 47.795
v 6.37427 8.41922 47.704
v 6.57781 7.8938 47.6921
v 6.45055 8.34014 47.7495
v 6.72193 8.68426 48.1844
v 7.43126 6.81125 48.2885
v 7.30522 6.62047 48.0987
v 7.36027 6.53394 48.1449
v 7.41532 6.44741 48.1911
v 7.48804 6.72316 48.3343
v 7.54482 6.63508 48.3802
v 7.61581 6.91239 48.5238
v 7.17917 6.42969 47.909
v 7.2325 6.34472 47.9555
v 7.28583 6.25975 48.0021
v 7.55731 7.00203 48.4782
v 7.4988 7.09168 48.4326
v 7.15633 6.07208 47.813
v 7.37449 6.89934 48.2426
v 7.10473 6.1555 47.7661
v 7.31771 6.98743 48.1967
v 6.94993 6.40573 47.6255
v 7.13129 6.87553 47.9601
v 7.01058 6.68022 47.7694
v 7.07252 6.59963 47.8159
v 7.19512 6.79353 48.0063
v 7.00153 6.32232 47.6724
v 7.06746 6.95753 47.9139
v 7.25017 6.707 48.0525
v 7.12585 6.51466 47.8624
v 7.252 7.07084 48.1508
v 7.18629 7.15425 48.1049
v 7.37271 7.26615 48.3415
v 7.30512 7.35097 48.296
v 7.05313 6.23891 47.7192
v 7.66824 8.61023 49.1196
v 7.59124 8.70211 49.0757
v 7.63018 8.3188 48.9718
v 7.42394 7.5477 48.487
v 7.35447 7.63393 48.4418
v 7.28499 7.72017 48.3966
v 7.55506 8.40927 48.9275
v 7.47994 8.49975 48.8833
v 7.47141 7.83207 48.6332
v 7.40006 7.91971 48.5883
v 7.3287 8.00736 48.5434
v 7.36864 8.29738 48.6909
v 7.58836 8.0302 48.8246
v 7.51512 8.11926 48.7801
v 7.44188 8.20832 48.7355
v 7.89925 8.33459 49.2513
v 7.74524 8.51835 49.1635
v 7.82225 8.42647 49.2074
v 7.56289 7.37523 48.5775
v 7.97626 8.2427 49.2952
v 7.4403 7.18133 48.3871
v 7.68549 7.56912 48.7679
v 7.7053 8.22833 49.016
v 7.78043 8.13786 49.0602
v 7.85555 8.04739 49.1044
v 7.6616 7.94114 48.8692
v 7.73484 7.85208 48.9137
v 7.54277 7.74442 48.6781
v 7.61413 7.65677 48.723
v 7.49342 7.46146 48.5323
v 8.1204 8.05338 49.383
v 8.05326 8.15082 49.3391
v 7.68335 7.19282 48.6679
v 7.87136 7.29084 48.9026
v 7.99608 7.86104 49.1929
v 7.93067 7.95692 49.1487
v 8.06149 7.76516 49.2372
v 7.74359 7.10161 48.7132
v 7.62312 7.28402 48.6227
v 7.8094 7.3836 48.8577
v 7.74744 7.47636 48.8128
v 7.99913 7.48006 49.092
v 7.93544 7.57438 49.0474
v 7.87176 7.6687 49.0028
v 7.80808 7.76302 48.9583
v 8.19018 7.19709 49.2257
v 8.1265 7.29141 49.1811
v 8.1269 7.66928 49.2814
v 7.93331 7.19807 48.9475
v 7.99527 7.10531 48.9924
v 8.05723 7.01255 49.0373
v 8.06281 7.38574 49.1366
v 8.25772 7.47752 49.3699
v 8.19231 7.5734 49.3256
v 8.18754 7.95594 49.4269
v 7.80382 7.01041 48.7584
v 8.25467 7.8585 49.4708
v 7.86405 6.9192 48.8036
v 7.92428 6.828 48.8489
v 8.32181 7.76107 49.5147
v 8.52322 7.46875 49.6465
v 8.45395 7.18988 49.5026
v 8.38854 7.28576 49.4584
v 8.32313 7.38164 49.4141
v 8.38123 6.91413 49.3594
v 8.2431 6.73426 49.172
v 8.25386 7.10277 49.2703
v 8.31755 7.00845 49.3149
v 8.10497 6.55438 48.9845
v 8.43502 6.81553 49.404
v 8.45608 7.56619 49.6026
v 8.38894 7.66363 49.5586
v 8.11919 6.91978 49.0822
v 8.18114 6.82702 49.1271
v 8.04474 6.64559 48.9393
v 7.31113 5.82185 47.9536
v 7.36273 5.73843 48.0005
v 7.25953 5.90526 47.9067
v 7.52543 6.27435 48.2836
v 7.20793 5.98867 47.8598
v 7.49913 5.91987 48.1882
v 7.73282 6.73309 48.6149
v 7.67432 6.82274 48.5693
v 7.6016 6.54699 48.4261
v 7.65838 6.4589 48.472
v 7.47038 6.36088 48.2374
v 7.58048 6.18783 48.3298
v 7.33915 6.17478 48.0486
v 7.39248 6.08981 48.0951
v 7.4458 6.00484 48.1417
v 7.4572 5.56826 48.0942
v 7.50008 5.48149 48.1411
v 7.98451 6.73679 48.8941
v 7.96684 6.37451 48.7971
v 7.90834 6.46416 48.7515
v 7.79133 6.64345 48.6604
v 7.84983 6.5538 48.706
v 7.55246 5.8349 48.2348
v 7.69058 6.01477 48.4222
v 7.82871 6.19464 48.6097
v 7.41433 5.65502 48.0473
v 7.71516 6.37081 48.5179
v 7.77194 6.28273 48.5638
v 7.59689 5.74644 48.2813
v 7.63553 6.1013 48.376
v 7.97138 5.91913 48.7473
v 7.54296 5.39472 48.1879
v 8.01596 6.28099 48.8427
v 8.06507 6.18746 48.8882
v 7.87627 6.1028 48.6555
v 7.92382 6.01097 48.7014
v 8.01893 5.8273 48.7932
v 7.73658 5.92462 48.4684
v 7.78258 5.83448 48.5146
v 7.82857 5.74433 48.5609
v 7.87457 5.65418 48.6071
v 7.64133 5.65798 48.3278
v 7.68576 5.56952 48.3744
v 7.7302 5.48107 48.4209
v 7.58583 5.30795 48.2348
v 8.68395 2.26381 50.0501
v 9.03867 2.67355 50.3081
v 9.04829 2.57612 50.3541
v 8.5113 1.97375 49.9689
v 8.50414 2.06506 49.922
v 8.49697 2.15637 49.8752
v 8.48981 2.24768 49.8283
v 9.02906 2.77097 50.2622
v 8.84453 2.65742 50.0863
v 8.85333 2.56203 50.1326
v 8.87093 2.37126 50.225
v 8.69193 2.17046 50.0967
v 8.67597 2.35716 50.0036
v 8.66799 2.45051 49.957
v 8.86213 2.46664 50.1788
v 9.06753 2.38127 50.4459
v 8.87973 2.27587 50.2713
v 9.05791 2.4787 50.4
v 9.43187 2.69358 50.7498
v 9.42061 2.79508 50.7046
v 9.24489 2.58614 50.5749
v 9.60677 2.90456 50.8798
v 9.25533 2.48668 50.6205
v 8.52562 1.79112 50.0626
v 8.51846 1.88243 50.0158
v 8.69991 2.07711 50.1432
v 8.7079 1.98376 50.1898
v 8.89733 2.08509 50.3638
v 8.88853 2.18048 50.3175
v 9.07715 2.28385 50.4918
v 9.63092 2.69749 50.9698
v 9.44312 2.59208 50.7951
v 10.0859 3.67088 51.2295
v 10.1111 3.56159 51.2735
v 10.1507 3.34265 51.3615
v 10.1798 3.12335 51.4496
v 10.1362 3.4523 51.3175
v 9.92754 3.44606 51.0973
v 9.81872 2.80289 51.1444
v 9.80583 2.90847 51.0997
v 9.79293 3.01404 51.0551
v 9.99281 3.01591 51.2747
v 9.97909 3.12352 51.2303
v 9.95167 3.33874 51.1416
v 9.61885 2.80102 50.9248
v 9.35591 3.20084 50.5234
v 9.22401 2.78506 50.4837
v 9.23445 2.6856 50.5293
v 9.76715 3.22519 50.9657
v 9.58263 3.11163 50.7898
v 9.3981 2.99808 50.614
v 9.21358 2.88453 50.4381
v 9.74403 3.33052 50.9211
v 9.56052 3.21499 50.7449
v 9.37701 3.09946 50.5687
v 9.19349 2.98393 50.3925
v 9.96538 3.23113 51.186
v 9.78004 3.11961 51.0104
v 9.5947 3.0081 50.8348
v 9.40936 2.89658 50.6593
v 9.98534 4.10804 51.0534
v 10.0356 3.88946 51.1414
v 9.80689 3.98262 50.8756
v 9.83102 3.87531 50.92
v 9.85515 3.76799 50.9643
v 9.87928 3.66068 51.0086
v 9.90341 3.55337 51.0529
v 9.65155 3.75187 50.7425
v 9.67467 3.64653 50.7871
v 9.69779 3.5412 50.8318
v 9.72091 3.43586 50.8764
v 9.53841 3.31835 50.6999
v 10.0105 3.99875 51.0974
v 10.0608 3.78017 51.1854
v 9.5163 3.42171 50.655
v 8.71588 1.89041 50.2363
v 8.92315 1.61005 50.595
v 8.73092 1.61135 50.376
v 8.73001 1.51899 50.4225
v 8.92344 1.70449 50.5487
v 8.53279 1.69981 50.1095
v 8.53841 1.51821 50.2032
v 8.53687 1.42793 50.2501
v 8.90613 1.98971 50.41
v 8.91493 1.89432 50.4562
v 8.72386 1.79706 50.2829
v 8.53533 1.33765 50.297
v 8.53995 1.6085 50.1564
v 8.92373 1.79893 50.5025
v 8.73184 1.70371 50.3294
v 9.11628 1.70111 50.7674
v 9.31133 1.59496 51.031
v 8.72818 1.33426 50.5156
v 9.11661 1.60458 50.8133
v 9.11695 1.50806 50.8592
v 9.11728 1.41154 50.9052
v 9.31037 1.69356 50.9854
v 9.30942 1.79216 50.9398
v 8.92285 1.51561 50.6412
v 8.92227 1.32672 50.7337
v 8.72909 1.42663 50.4691
v 8.72726 1.2419 50.5622
v 8.72635 1.14954 50.6088
v 8.53379 1.24736 50.3438
v 8.92256 1.42116 50.6874
v 9.50256 1.88322 51.1122
v 9.4994 2.08458 51.0216
v 9.69129 2.1798 51.1947
v 9.88318 2.27502 51.3677
v 10.267 2.46545 51.7138
v 10.2524 2.5751 51.6698
v 9.88601 2.17018 51.4124
v 9.69349 2.07704 51.2396
v 9.69569 1.97428 51.2846
v 9.50098 1.9839 51.0669
v 9.50413 1.78254 51.1575
v 9.30846 1.89077 50.8942
v 10.0751 2.37024 51.5407
v 9.87029 2.38059 51.323
v 10.0614 2.47785 51.4964
v 9.09638 2.089 50.5837
v 9.106 1.99157 50.6296
v 9.08677 2.18642 50.5377
v 9.11562 1.89415 50.6755
v 9.30751 1.98937 50.8486
v 9.46563 2.38908 50.8857
v 9.643 2.59395 51.0147
v 9.65507 2.49041 51.0597
v 9.26576 2.38721 50.6661
v 9.2762 2.28775 50.7117
v 9.28664 2.18829 50.7573
v 9.29707 2.08883 50.803
v 9.11595 1.79763 50.7214
v 9.45438 2.49058 50.8404
v 9.47689 2.28758 50.931
v 10.2379 2.68475 51.6257
v 9.66714 2.38687 51.1047
v 10.1653 3.233 51.4056
v 9.8574 2.48617 51.2784
v 9.8445 2.59174 51.2337
v 9.83161 2.69732 51.189
v 9.48815 2.18608 50.9763
v 10.1943 3.0137 51.4936
v 10.0476 2.58546 51.452
v 10.0339 2.69307 51.4077
v 10.0202 2.80068 51.3633
v 10.0065 2.90829 51.319
v 10.2088 2.90405 51.5377
v 9.67922 2.28334 51.1497
v 10.2234 2.7944 51.5817
v 8.83286 0.133029 51.3355
v 9.03117 0.199543 51.5033
v 8.45621 0.176879 50.9063
v 8.44622 0.08844 50.9531
v 9.04088 0.291311 51.4572
v 8.46619 0.265317 50.8594
v 8.43624 2e-06 51
v 8.63455 0.066516 51.1678
v 8.64444 0.156064 51.1212
v 8.65434 0.245612 51.0746
v 8.66423 0.335161 51.028
v 8.84267 0.223688 51.2892
v 8.85247 0.314346 51.2429
v 8.86228 0.405004 51.1966
v 9.0506 0.383079 51.4112
v 8.88189 0.58632 51.1039
v 8.47618 0.353756 50.8125
v 8.67413 0.424709 50.9814
v 8.87208 0.495662 51.1502
v 9.06031 0.474847 51.3651
v 9.485 0.896497 51.5658
v 9.47546 0.802509 51.6113
v 9.46593 0.708522 51.6568
v 9.07003 0.566615 51.3191
v 9.29685 0.916202 51.3507
v 9.28723 0.823324 51.3964
v 9.2776 0.730446 51.4422
v 9.26798 0.637568 51.488
v 9.25835 0.54469 51.5337
v 9.07974 0.658383 51.2731
v 10.0968 1.31065 51.9847
v 9.69221 1.06477 51.69
v 10.0876 1.21333 52.0294
v 10.0783 1.11602 52.0741
v 9.89925 1.23526 51.8148
v 9.67332 0.874572 51.7805
v 9.68277 0.96967 51.7352
v 9.88989 1.13905 51.8597
v 9.88054 1.04284 51.9047
v 9.87118 0.946635 51.9496
v 10.2944 1.38604 52.1547
v 10.2995 1.59347 52.0662
v 10.3036 1.48447 52.1103
v 10.2853 1.28762 52.1991
v 10.1061 1.40797 51.9401
v 9.45639 0.614534 51.7023
v 9.65443 0.684377 51.8709
v 9.66388 0.779475 51.8257
v 9.44686 0.520546 51.7478
v 9.43732 0.426558 51.7933
v 10.2394 0.79548 52.421
v 9.24873 0.451813 51.5795
v 9.23911 0.358935 51.6253
v 9.86183 0.850428 51.9945
v 9.22948 0.266057 51.671
v 10.2669 1.09076 52.2879
v 10.032 0.629429 52.2974
v 10.2761 1.18919 52.2435
v 10.0598 0.921381 52.1634
v 10.069 1.0187 52.1187
v 10.2486 0.893907 52.3766
v 10.2577 0.992334 52.3323
v 10.2302 0.697053 52.4654
v 9.63555 0.494182 51.9613
v 9.6261 0.399084 52.0065
v 10.221 0.598625 52.5098
v 10.0505 0.824064 52.2081
v 10.0412 0.726746 52.2527
v 9.42779 0.332571 51.8388
v 9.85247 0.75422 52.0395
v 9.84312 0.658013 52.0844
v 9.83376 0.561805 52.1294
v 9.82441 0.465598 52.1743
v 10.0227 0.532112 52.3421
v 9.64499 0.58928 51.9161
v 9.50729 1.58118 51.2481
v 9.50887 1.4805 51.2934
v 9.31228 1.49636 51.0767
v 9.7001 1.76876 51.3746
v 9.89166 1.9605 51.5017
v 9.50571 1.68186 51.2028
v 10.0785 2.26332 51.5851
v 9.89448 1.85566 51.5464
v 9.7023 1.666 51.4196
v 10.082 2.1564 51.6295
v 10.0854 2.04948 51.6739
v 9.6979 1.87152 51.3296
v 9.88883 2.06534 51.4571
v 10.2751 2.24746 51.8019
v 10.271 2.35645 51.7579
v 9.9086 1.33146 51.7698
v 10.0889 1.94256 51.7182
v 10.0923 1.83564 51.7626
v 10.2955 1.70247 52.0222
v 10.0958 1.72872 51.807
v 10.0992 1.6218 51.8513
v 10.1027 1.51489 51.8957
v 9.8973 1.75082 51.5911
v 9.90013 1.64598 51.6358
v 9.90295 1.54114 51.6805
v 9.90578 1.4363 51.7252
v 10.2792 2.13846 51.846
v 10.2832 2.02946 51.89
v 10.2873 1.92046 51.9341
v 10.2914 1.81146 51.9781
v 9.7045 1.56324 51.4646
v 9.70166 1.15986 51.6448
v 9.50407 1.08447 51.4749
v 9.7067 1.46048 51.5096
v 9.49453 0.990485 51.5203
v 9.3161 1.10196 51.2591
v 9.7089 1.35772 51.5546
v 9.5136 1.17846 51.4294
v 9.30648 1.00908 51.3049
v 9.7111 1.25496 51.5996
v 9.51045 1.37982 51.3388
v 9.51202 1.27914 51.3841
v 9.31419 1.29916 51.1679
v 9.31515 1.20056 51.2135
v 9.11827 1.12198 51.043
v 8.48616 0.442194 50.7657
v 8.49615 0.530633 50.7188
v 8.50613 0.619071 50.6719
v 8.51612 0.70751 50.6251
v 9.1186 1.02546 51.0889
v 8.89169 0.676978 51.0576
v 8.70381 0.693354 50.8416
v 8.71371 0.782902 50.795
v 8.69392 0.603806 50.8882
v 8.68402 0.514257 50.9348
v 9.10889 0.933687 51.1349
v 9.09917 0.841919 51.181
v 9.08946 0.750151 51.227
v 8.9113 0.858295 50.965
v 8.90149 0.767637 51.0113
v 8.92139 1.0434 50.8724
v 8.92169 1.13784 50.8262
v 8.92198 1.23228 50.7799
v 9.11794 1.2185 50.997
v 9.11761 1.31502 50.9511
v 8.9211 0.948953 50.9187
v 8.5261 0.795948 50.5782
v 8.7236 0.87245 50.7484
v 8.52764 0.886231 50.5313
v 8.52918 0.976514 50.4845
v 8.53072 1.0668 50.4376
v 9.31324 1.39776 51.1223
v 8.72543 1.05718 50.6553
v 8.72452 0.964813 50.7019
v 8.53226 1.15708 50.3907
v 8.86537 6.0268 49.7608
v 9.01753 6.19146 49.9453
v 8.92462 5.36187 49.8009
v 8.88234 5.46192 49.756
v 8.84005 5.56197 49.711
v 8.99637 5.72123 49.8946
v 8.9527 5.82309 49.85
v 8.90903 5.92494 49.8054
v 9.10763 5.98415 50.0339
v 9.06258 6.08781 49.9896
v 9.05587 6.56007 50.0419
v 9.11278 6.4581 50.0859
v 9.21613 6.25067 50.1738
v 9.26257 6.14521 50.2177
v 9.16969 6.35613 50.1298
v 8.59991 4.51634 49.4358
v 9.12738 5.41567 50.0284
v 9.08371 5.51753 49.9838
v 9.04004 5.61938 49.9392
v 9.37794 5.36221 50.2996
v 9.33289 5.46586 50.2553
v 8.96691 5.26182 49.8458
v 9.24279 5.67318 50.1667
v 9.19774 5.77684 50.1224
v 8.76554 5.20622 49.618
v 8.80644 5.10797 49.6633
v 9.15268 5.88049 50.0781
v 8.68549 4.85768 49.5262
v 8.62852 4.41984 49.4817
v 9.309 6.03975 50.2617
v 8.29689 4.12675 49.1191
v 8.27068 4.21946 49.0726
v 8.19994 4.40153 48.9795
v 8.56178 4.61099 49.3899
v 8.52364 4.70563 49.344
v 8.48551 4.80027 49.2981
v 8.10606 4.07102 48.8909
v 8.13107 3.98021 48.9378
v 8.07208 4.16025 48.8441
v 8.76453 4.66479 49.6174
v 8.23531 4.3105 49.026
v 8.3618 4.55358 49.1617
v 8.72501 4.76123 49.5718
v 8.4353 4.3679 49.2542
v 8.39855 4.46074 49.2079
v 8.79777 5.66202 49.6661
v 8.32505 4.64642 49.1155
v 8.64284 5.50096 49.4822
v 8.60194 5.59921 49.437
v 8.40924 4.98955 49.2063
v 8.68374 5.40271 49.5275
v 8.72464 5.30447 49.5727
v 8.56104 5.69746 49.3917
v 8.66097 5.95903 49.5313
v 8.48791 5.3399 49.2984
v 8.52742 5.24345 49.3439
v 8.56694 5.14701 49.3895
v 8.60646 5.05056 49.4351
v 8.64598 4.95412 49.4807
v 8.44738 4.89491 49.2522
v 8.02311 4.85671 48.7467
v 7.90216 4.60642 48.6097
v 7.93615 4.51718 48.6566
v 7.97013 4.42795 48.7035
v 7.86818 4.69565 48.5629
v 8.21479 4.92494 48.9768
v 8.00411 4.33872 48.7503
v 8.28829 4.73926 49.0693
v 8.0381 4.24948 48.7972
v 8.16458 4.49257 48.9329
v 8.12921 4.58361 48.8864
v 8.09385 4.67464 48.8398
v 8.05848 4.76568 48.7933
v 8.25155 4.8321 49.0231
v 8.17804 5.01778 48.9306
v 8.1616 5.55179 48.9309
v 7.71446 5.04765 48.3754
v 7.67159 5.13442 48.3285
v 7.62871 5.22119 48.2817
v 8.06649 5.73546 48.8391
v 8.11404 5.64363 48.885
v 7.81907 5.30415 48.514
v 7.92056 5.56404 48.6533
v 7.75734 4.96089 48.4223
v 7.96656 5.47389 48.6995
v 7.90794 5.12724 48.6071
v 7.86351 5.2157 48.5606
v 7.80021 4.87412 48.4691
v 8.01255 5.38375 48.7457
v 7.77464 5.39261 48.4675
v 8.05855 5.2936 48.7919
v 8.31064 5.71984 49.1161
v 8.35976 5.62631 49.1616
v 7.98775 4.94775 48.7002
v 8.20915 5.45996 48.9768
v 7.8342 4.78488 48.516
v 7.95238 5.03878 48.6536
v 8.10454 5.20345 48.8382
v 8.25671 5.36812 49.0227
v 8.40887 5.53279 49.2072
v 8.44839 5.43635 49.2528
v 8.29484 5.27348 49.0686
v 8.33297 5.17884 49.1145
v 8.37111 5.0842 49.1604
v 8.14129 5.11061 48.8844
v 8.99896 6.66204 49.998
v 8.94205 6.76401 49.954
v 8.7132 5.86213 49.5762
v 8.60873 6.05593 49.4864
v 8.75549 5.76208 49.6212
v 8.81157 6.12539 49.7162
v 8.75778 6.22398 49.6716
v 8.5565 6.15284 49.4415
v 8.70399 6.32257 49.627
v 8.51036 5.79267 49.3465
v 8.96218 6.29174 49.901
v 8.90682 6.39203 49.8567
v 8.85147 6.49231 49.8125
v 8.79612 6.59259 49.7682
v 8.45969 5.88789 49.3012
v 8.40902 5.9831 49.256
v 8.35834 6.07831 49.2108
v 8.11419 6.09394 48.9338
v 8.29533 6.63735 49.2169
v 8.34757 6.54045 49.2618
v 8.30767 6.17353 49.1655
v 8.25699 6.26874 49.1203
v 8.20632 6.36396 49.075
v 8.3998 6.44355 49.3067
v 8.45203 6.34664 49.3517
v 8.1633 6.00041 48.9794
v 8.21242 5.90689 49.0249
v 8.26153 5.81336 49.0705
v 8.50427 6.24974 49.3966
v 8.15564 6.45917 49.0298
v 8.63006 6.89343 49.6354
v 8.5964 6.51976 49.5378
v 8.65019 6.42116 49.5824
v 8.54261 6.61835 49.4932
v 8.48882 6.71694 49.4486
v 8.65749 7.27387 49.7343
v 8.57471 6.99372 49.5911
v 8.68542 6.79315 49.6797
v 8.59035 7.37131 49.6904
v 8.7144 7.1719 49.7783
v 8.82822 6.96796 49.8661
v 8.88514 6.86599 49.9101
v 8.74077 6.69287 49.7239
v 8.77131 7.06993 49.8222
v 8.51936 7.094 49.5469
v 8.45945 2.5218 49.6877
v 8.66001 2.54386 49.9104
v 8.79035 2.94376 49.9476
v 8.80841 2.84832 49.9939
v 8.82647 2.75287 50.0401
v 8.48265 2.339 49.7814
v 9.00998 2.8684 50.2163
v 8.59181 2.91775 49.7242
v 8.60886 2.82428 49.7708
v 8.62591 2.73081 49.8173
v 8.64296 2.63734 49.8639
v 8.99091 2.96583 50.1704
v 8.44341 2.6133 49.6408
v 8.47549 2.43031 49.7346
v 8.42737 2.70479 49.594
v 9.03281 3.77916 50.0277
v 8.41133 2.79629 49.5471
v 8.39529 2.88778 49.5002
v 9.13324 3.28214 50.2557
v 8.37925 2.97928 49.4534
v 9.0529 3.67976 50.0733
v 8.95276 3.16068 50.0785
v 8.97184 3.06325 50.1245
v 8.75422 3.13466 49.8552
v 8.77229 3.03921 49.9014
v 8.54065 3.19816 49.5846
v 8.55771 3.10469 49.6311
v 8.57476 3.01122 49.6777
v 9.17722 4.01081 50.1612
v 9.003 3.87756 49.9821
v 9.7345 4.30456 50.7426
v 9.45884 4.48551 50.43
v 9.22933 3.80913 50.2517
v 9.42543 4.58961 50.3854
v 9.42787 3.83514 50.4751
v 9.40576 3.9385 50.4301
v 9.49225 4.38141 50.4746
v 9.25043 3.70775 50.297
v 9.55907 4.17321 50.5639
v 9.38366 4.04186 50.3852
v 9.20824 3.91051 50.2064
v 9.52566 4.27731 50.5193
v 9.35145 4.14406 50.3402
v 9.90992 4.43591 50.9214
v 9.78276 4.08993 50.8313
v 9.75863 4.19725 50.787
v 9.83829 4.65171 50.8334
v 9.5822 4.06787 50.6086
v 9.60531 3.96254 50.6532
v 9.62843 3.8572 50.6978
v 9.44998 3.73178 50.5201
v 9.29262 3.50499 50.3876
v 9.11315 3.38155 50.2101
v 9.66527 4.51656 50.654
v 9.69988 4.41056 50.6983
v 9.9602 4.21733 51.0094
v 9.93506 4.32662 50.9654
v 9.8741 4.54381 50.8774
v 9.80248 4.7596 50.7894
v 9.49419 3.52507 50.61
v 8.93369 3.2581 50.0326
v 9.47209 3.62843 50.565
v 9.27152 3.60637 50.3423
v 9.31372 3.40361 50.4328
v 9.33481 3.30222 50.4781
v 9.07298 3.58035 50.1189
v 9.09307 3.48095 50.1645
v 9.15332 3.18274 50.3013
v 9.17341 3.08333 50.3469
v 8.87647 3.55038 49.8949
v 8.89554 3.45296 49.9408
v 8.91462 3.35553 49.9867
v 8.7181 3.32556 49.7627
v 8.73616 3.23011 49.8089
v 9.17104 5.31382 50.073
v 9.49222 5.04655 50.4325
v 9.52683 4.94055 50.4768
v 9.58761 5.40699 50.5255
v 9.35544 5.93429 50.3057
v 9.40187 5.82883 50.3496
v 9.44831 5.72337 50.3936
v 9.49474 5.61791 50.4376
v 9.54118 5.51245 50.4815
v 9.69505 5.0833 50.6574
v 9.28784 5.56952 50.211
v 9.00919 5.16177 49.8908
v 9.25838 5.11011 50.1623
v 9.423 5.25855 50.3439
v 8.84734 5.00972 49.7085
v 8.88825 4.91147 49.7538
v 8.85396 4.36958 49.7542
v 8.65713 4.32334 49.5276
v 8.51752 4.08409 49.3929
v 9.29179 5.00601 50.2069
v 9.05148 5.06172 49.9357
v 9.45761 5.15255 50.3882
v 9.21471 5.21196 50.1176
v 8.82415 4.46798 49.7086
v 8.37551 3.84864 49.2587
v 8.79434 4.56638 49.663
v 9.09376 4.96167 49.9806
v 8.92915 4.81323 49.799
v 8.96016 4.71293 49.8443
v 9.12598 4.85947 50.0256
v 8.18109 3.7986 49.0315
v 8.15608 3.88941 48.9847
v 8.20609 3.70779 49.0784
v 8.2311 3.61699 49.1253
v 8.54493 3.98948 49.4391
v 8.25611 3.52618 49.1722
v 8.77157 3.93732 49.7112
v 8.4627 4.2733 49.3004
v 8.49011 4.17869 49.3466
v 8.45414 3.57052 49.3984
v 8.40172 3.75593 49.3053
v 8.3493 3.94134 49.2122
v 8.3231 4.03405 49.1657
v 8.59975 3.80027 49.5315
v 8.57234 3.89488 49.4853
v 8.50655 3.38511 49.4915
v 8.70004 3.42101 49.7165
v 8.65457 3.61106 49.624
v 8.62716 3.70567 49.5778
v 8.28112 3.43537 49.219
v 8.30613 3.34457 49.2659
v 8.34717 3.16227 49.3596
v 8.36321 3.07077 49.4065
v 8.85739 3.64781 49.849
v 8.68197 3.51646 49.6702
v 8.5236 3.29164 49.538
v 8.42793 3.66323 49.3518
v 8.48034 3.47782 49.4449
v 8.33113 3.25376 49.3128
v 8.82879 3.74431 49.8031
v 8.9732 3.97597 49.9365
v 9.65924 5.1912 50.6135
v 9.73086 4.9754 50.7014
v 9.19039 4.65507 50.1155
v 9.15818 4.75727 50.0705
v 9.31924 4.24626 50.2953
v 9.62342 5.2991 50.5695
v 9.56144 4.83455 50.5211
v 9.59605 4.72856 50.5654
v 9.63066 4.62256 50.6097
v 9.3252 4.90191 50.2515
v 9.28702 4.34846 50.2503
v 9.14621 4.11111 50.1159
v 9.76667 4.8675 50.7454
v 9.0842 4.31172 50.0254
v 9.05318 4.41202 49.9801
v 8.74296 4.03382 49.6653
v 8.71435 4.13033 49.6194
v 9.25482 4.45066 50.2054
v 8.80018 3.84082 49.7571
v 9.2226 4.55286 50.1604
v 9.39202 4.69371 50.3408
v 9.35861 4.79781 50.2961
v 9.11521 4.21141 50.0706
v 9.02218 4.51232 49.9348
v 8.94339 4.07437 49.8909
v 8.91358 4.17277 49.8453
v 8.88377 4.27117 49.7998
v 8.68574 4.22683 49.5735
v 8.99117 4.61262 49.8896
v 1.29015 11.038 45.1248
v 0.879957 11.6173 45.4157
v 0.997607 11.5895 45.4608
v 0.878812 10.9009 44.727
v 0.916239 11.3692 45.2015
v 0.851596 10.4325 44.251
v 1.14643 11.3137 45.2924
v 0.699317 10.6982 44.4194
v 0.588426 10.7159 44.3729
v 1.02509 10.6251 44.5589
v 0.917646 10.6528 44.5124
v 0.541892 10.9635 44.5885
v 1.4027 11.0102 45.1706
v 0.810208 10.6806 44.4659
v 1.42877 10.7622 44.9578
v 0.63496 10.4682 44.1573
v 0.743278 10.4504 44.2041
v 0.956481 10.4048 44.2979
v 1.06137 10.3771 44.3447
v 0.477535 10.7335 44.3264
v 0.366643 10.7512 44.2798
v 0.428427 10.9809 44.5423
v 0.314963 10.9984 44.4961
v 0.37932 11.2284 44.7583
v -0.015518 12.0037 45.3166
v 0.355756 11.954 45.4509
v 0.263282 11.2456 44.7124
v 0.330212 11.4758 44.9742
v 0.211601 11.4928 44.9288
v 0.159921 11.7399 45.1451
v -0.448765 12.2997 45.4001
v 0.255752 10.7689 44.2333
v 0.09299 11.5098 44.8833
v -0.025621 11.5267 44.8378
v -0.144232 11.5437 44.7924
v -0.082448 11.7735 45.0549
v -0.322434 12.2833 45.4445
v -0.203633 11.7903 45.0097
v 0.526642 10.4861 44.1104
v -0.324817 11.8071 44.9646
v 0.418324 10.504 44.0635
v -0.386791 12.0534 45.1824
v -0.263033 12.0368 45.2271
v -0.139275 12.0202 45.2719
v 0.038736 11.7567 45.1
v 0.727433 11.1767 44.8957
v 0.762308 11.6451 45.3706
v 0.655356 10.9461 44.6346
v 0.801143 11.397 45.156
v 0.611396 11.1939 44.8499
v 0.495358 11.2111 44.8041
v 0.768821 10.9286 44.6808
v 0.686046 11.4248 45.1106
v 0.644659 11.6728 45.3255
v 0.603271 11.9209 45.5404
v 0.479513 11.9375 45.4956
v 0.567435 11.4418 45.0651
v 0.448824 11.4588 45.0197
v 0.839977 11.149 44.9415
v 0.523474 11.6896 45.2804
v 0.084676 12.7128 46.054
v -0.046802 12.7287 46.0103
v -0.178279 12.7446 45.9666
v -0.309757 12.7605 45.9229
v -0.441235 12.7764 45.8792
v -0.572712 12.7923 45.8355
v 0.05656 12.2343 45.5777
v -0.069772 12.2507 45.5333
v -0.196103 12.267 45.4889
v 0.262688 12.4493 45.8821
v 0.133783 12.4654 45.838
v 0.004879 12.4815 45.794
v -0.124025 12.4976 45.7499
v -0.25293 12.5137 45.7059
v -0.381834 12.5298 45.6618
v 1.09879 10.8454 44.8193
v 1.16625 10.3494 44.3916
v 1.27114 10.3217 44.4385
v 1.37602 10.294 44.4854
v 1.48091 10.2663 44.5322
v 1.11526 11.5617 45.5059
v 1.26153 11.286 45.3379
v 0.988803 10.8732 44.7731
v 1.45484 10.5143 44.745
v 0.952521 11.1212 44.9873
v 1.3474 10.542 44.6985
v 1.23996 10.5697 44.652
v 1.13252 10.5974 44.6055
v 1.20878 10.8177 44.8655
v 1.31878 10.79 44.9116
v 1.66972 10.4588 44.838
v 1.69068 10.2109 44.626
v 1.89614 10.1461 44.7197
v 1.99672 10.1091 44.7666
v 1.58579 10.2386 44.5791
v 1.79557 10.1832 44.6728
v 2.09729 10.072 44.8134
v 1.77715 10.4311 44.8846
v 1.75874 10.679 45.0963
v 1.88024 10.3938 44.9311
v 1.53876 10.7345 45.004
v 1.64875 10.7068 45.0501
v 1.86434 10.6415 45.1425
v 1.51524 10.9825 45.2164
v 1.56228 10.4865 44.7915
v 0.862691 12.5816 46.3162
v 1.80073 11.6323 45.988
v 0.990551 12.5538 46.3599
v 0.89642 12.3336 46.1023
v 1.02173 12.3058 46.1464
v 1.14704 12.2779 46.1905
v 1.52296 12.1945 46.3227
v 1.54392 11.9465 46.1106
v 1.56489 11.6986 45.8985
v 1.23291 11.534 45.5511
v 1.60682 11.2027 45.4743
v 1.37663 11.2582 45.3834
v 1.68509 11.6708 45.9433
v 1.78483 11.88 46.1994
v 1.66668 11.9187 46.155
v 0.281105 11.7232 45.1902
v 0.391592 12.4332 45.9261
v 0.771112 12.3614 46.0583
v 0.182891 12.218 45.6221
v 0.309222 12.2016 45.6665
v 0.435553 12.1853 45.7109
v 0.479109 12.6651 46.185
v 0.10824 11.9871 45.3614
v 0.231998 11.9706 45.4061
v 0.561884 12.169 45.7553
v 0.73483 12.6094 46.2725
v 0.60697 12.6373 46.2287
v 0.347631 12.681 46.1413
v 0.216154 12.6969 46.0976
v 0.40229 11.7064 45.2353
v 0.843676 11.8653 45.6299
v 0.807394 12.1134 45.8441
v 0.645804 12.3892 46.0142
v 1.20428 11.782 45.7642
v 1.08408 11.8097 45.7194
v 0.963878 11.8375 45.6747
v 0.684639 12.1412 45.7997
v 0.723473 11.8931 45.5851
v 1.03134 11.3415 45.247
v 0.930149 12.0856 45.8885
v 1.06506 11.0935 45.0331
v 1.17761 11.0657 45.079
v 1.0529 12.0578 45.9329
v 1.17566 12.0299 45.9773
v 0.520496 12.417 45.9701
v 2.83603 11.2756 46.3911
v 2.61192 11.6087 46.5105
v 2.95527 11.4718 46.6439
v 2.93709 10.9822 46.228
v 2.61024 11.3627 46.3015
v 2.49293 11.8937 46.6754
v 2.73008 11.57 46.5549
v 2.60856 11.1167 46.0926
v 2.73427 11.8157 46.7636
v 2.84267 11.5209 46.5994
v 2.4921 12.1399 46.8847
v 2.84931 11.7661 46.8077
v 2.73846 12.0614 46.9722
v 2.61528 12.1007 46.9284
v 2.85595 12.0114 47.0159
v 2.36892 12.1792 46.8409
v 2.6136 11.8547 46.7195
v 2.1393 11.7637 46.3328
v 2.37227 11.9327 46.6313
v 2.25746 11.725 46.3772
v 2.37561 11.6862 46.4216
v 2.26331 11.4782 46.1672
v 2.14767 11.5168 46.1224
v 2.2516 11.9717 46.5872
v 2.82276 10.785 45.9746
v 2.49376 11.6475 46.4661
v 1.99939 12.2969 46.7097
v 2.24574 12.2184 46.7972
v 2.8294 11.0303 46.1829
v 2.72589 11.3242 46.3463
v 2.71332 10.587 45.7205
v 2.70913 10.3412 45.5119
v 2.80948 10.2945 45.558
v 3.09654 9.91033 45.4893
v 2.80284 10.0492 45.3498
v 2.90074 10.0029 45.3963
v 2.99864 9.95663 45.4428
v 2.7217 11.0785 46.1377
v 2.81612 10.5398 45.7663
v 2.60689 10.8707 45.8836
v 2.9871 9.71228 45.2352
v 2.71751 10.8327 45.9291
v 2.60521 10.6248 45.6747
v 2.49627 10.9088 45.8381
v 2.89165 9.75811 45.1884
v 3.02171 10.4453 45.858
v 3.51192 9.96717 45.8813
v 3.31122 10.0607 45.7889
v 3.21087 10.1075 45.7428
v 3.11052 10.1542 45.6966
v 3.19443 9.86404 45.5359
v 3.29233 9.81775 45.5824
v 3.27345 9.5748 45.3758
v 3.43291 10.2564 46.0413
v 3.39023 9.77145 45.6289
v 3.12451 10.3981 45.9038
v 2.92801 10.7373 46.0201
v 3.1385 10.642 46.1111
v 3.45425 10.4989 46.2475
v 2.91892 10.4925 45.8121
v 3.48813 9.72516 45.6754
v 3.01017 10.201 45.6504
v 3.03325 10.6897 46.0656
v 2.90983 10.2477 45.6042
v 3.33011 10.3036 45.9955
v 3.22731 10.3509 45.9497
v 3.08255 9.66646 45.2821
v 2.94618 11.227 46.4359
v 3.178 9.62063 45.329
v 3.55979 9.43732 45.5164
v 3.04479 10.934 46.2731
v 3.41157 10.0139 45.8351
v 3.15249 10.8858 46.3183
v 3.26019 10.8377 46.3634
v 3.36789 10.7895 46.4086
v 1.83254 11.1369 45.5653
v 1.87621 12.3361 46.666
v 2.26917 11.2315 45.9572
v 2.3823 11.1933 46.0023
v 2.49543 11.155 46.0474
v 2.37895 11.4397 46.212
v 1.84844 10.8892 45.3539
v 1.7035 11.4229 45.7315
v 2.4946 11.4012 46.2568
v 1.72192 11.1749 45.5198
v 1.74033 10.927 45.308
v 1.81664 11.3846 45.7767
v 2.15603 11.2698 45.9121
v 2.01026 12.0497 46.499
v 1.8896 12.0887 46.4549
v 1.75303 12.3754 46.6222
v 1.50199 12.4424 46.5348
v 1.11841 12.5259 46.4036
v 2.12256 12.2576 46.7535
v 1.64827 12.1667 46.3667
v 1.24627 12.4981 46.4473
v 1.37413 12.4703 46.4911
v 1.42117 11.9743 46.0662
v 1.29841 12.0021 46.0218
v 1.62985 12.4146 46.5785
v 1.76893 12.1277 46.4108
v 2.13093 12.0107 46.5431
v 1.44469 11.7264 45.8537
v 1.39765 12.2223 46.2786
v 1.27234 12.2501 46.2345
v 2.70075 9.84976 45.0946
v 2.49876 10.1701 45.2102
v 2.39568 10.2074 45.1637
v 2.70494 10.0955 45.3032
v 2.60017 9.88681 45.0478
v 2.4996 9.92385 45.0009
v 2.19787 10.035 44.8603
v 2.60185 10.1328 45.2567
v 2.60353 10.3788 45.4657
v 2.49793 10.4163 45.4195
v 2.39233 10.4538 45.3733
v 2.28673 10.4914 45.3272
v 2.1895 10.2819 45.0706
v 2.39902 9.9609 44.954
v 2.7962 9.80394 45.1415
v 2.29259 10.2447 45.1172
v 2.08642 10.3192 45.0241
v 1.98333 10.3565 44.9776
v 2.17277 10.7759 45.4913
v 2.29845 9.99794 44.9072
v 2.18113 10.5289 45.281
v 1.96994 10.604 45.1886
v 2.4971 10.6625 45.6288
v 2.38899 10.7003 45.583
v 2.05378 11.0609 45.6562
v 2.1644 11.0228 45.7017
v 2.27502 10.9848 45.7472
v 2.38564 10.9468 45.7927
v 2.28088 10.7381 45.5372
v 1.95655 10.8514 45.3997
v 2.03202 11.5553 46.0776
v 1.91638 11.5938 46.0328
v 2.06466 10.8137 45.4455
v 1.49172 11.2304 45.4288
v 1.92977 11.3463 45.8218
v 2.02114 11.8025 46.2883
v 2.0429 11.3081 45.8669
v 1.94316 11.0989 45.6107
v 1.90299 11.8412 46.2439
v 1.62778 10.9547 45.2622
v 1.58585 11.4506 45.6864
v 1.4682 11.4784 45.6413
v 1.35055 11.5062 45.5962
v 1.32448 11.7542 45.809
v 2.07554 10.5664 45.2348
v -0.889315 12.0846 45.0034
v -1.09041 12.3338 45.1782
v -1.21923 12.3382 45.1338
v -0.961579 12.3293 45.2226
v -1.42804 12.586 45.3096
v -1.29664 12.582 45.3536
v -0.832751 12.3249 45.2669
v -1.16524 12.578 45.3977
v -1.01557 12.0895 44.9587
v -0.763059 12.0797 45.0481
v -1.03384 12.574 45.4417
v -1.50802 12.8293 45.5298
v -1.37405 12.8258 45.5735
v -1.24008 12.8223 45.6172
v -0.771043 12.5661 45.5297
v -0.972135 12.8152 45.7045
v -0.703923 12.3204 45.3113
v -0.70419 12.8082 45.7918
v -1.10611 12.8187 45.6608
v -0.138896 11.0681 44.3115
v -0.262843 11.5607 44.7469
v -0.316907 11.3317 44.4834
v -0.381454 11.5777 44.7015
v -0.575096 12.316 45.3557
v -0.639643 12.5621 45.5737
v -0.20087 11.3144 44.5292
v -0.510739 12.546 45.6178
v -0.838162 12.8117 45.7482
v -0.902443 12.57 45.4857
v 0.201688 10.5398 43.9698
v 0.310006 10.5219 44.0167
v 0.09337 10.5576 43.9229
v 0.088033 11.0333 44.4038
v -0.446002 11.8238 44.9195
v -0.025431 11.0507 44.3577
v -0.569685 11.8292 44.8745
v 0.031206 11.28 44.6208
v 0.147244 11.2628 44.6666
v -0.636804 12.0748 45.0929
v 0.201498 11.0158 44.45
v -0.510549 12.0699 45.1376
v -0.084832 11.2972 44.575
v 0.033969 10.8042 44.1403
v 0.144861 10.7865 44.1868
v -0.4146 10.8539 43.9542
v -0.123266 10.5934 43.8292
v -0.301207 10.8467 44.0008
v -0.435446 11.3379 44.4376
v -0.014948 10.5755 43.8761
v -0.234087 10.6011 43.7823
v -0.344908 10.6087 43.7355
v -0.25236 11.0856 44.2653
v -0.187813 10.8395 44.0473
v -0.484292 11.0991 44.173
v -0.368326 11.0923 44.2192
v -0.600258 11.1058 44.1269
v -0.076922 10.8218 44.0938
v -0.502565 11.5836 44.656
v -0.693368 11.8345 44.8294
v -1.47689 12.3471 45.045
v -1.34806 12.3426 45.0894
v -1.14183 12.0944 44.914
v -1.06442 11.8506 44.6941
v -0.940733 11.8453 44.7392
v -0.81705 11.8399 44.7843
v -0.987007 11.6068 44.4743
v -0.744786 11.5952 44.5651
v -0.623676 11.5894 44.6106
v -0.909598 11.3631 44.2544
v -0.79106 11.3568 44.3002
v -0.672522 11.3505 44.346
v -0.553984 11.3442 44.3918
v -0.716224 11.1125 44.0807
v -0.865897 11.601 44.5197
v -1.38375 11.3882 44.0712
v -1.12066 10.6623 43.4074
v -1.32325 10.9007 43.5821
v -1.23301 10.6595 43.3605
v -1.00984 10.6547 43.4543
v -1.09496 10.8971 43.6752
v -1.4135 11.1419 43.8038
v -1.53095 11.1377 43.7576
v -1.29605 11.1462 43.8499
v -1.50375 11.3832 44.0254
v -1.62375 11.3782 43.9796
v -1.20835 10.9043 43.6287
v -1.594 11.6244 44.247
v -1.71655 11.6188 44.2016
v -2.05954 11.8466 44.3335
v -0.83219 11.1193 44.0346
v -1.14668 11.3756 44.1628
v -0.948155 11.126 43.9884
v -0.981567 10.8899 43.7217
v -0.868174 10.8827 43.7682
v -0.754781 10.8755 43.8147
v -0.641387 10.8683 43.8612
v -0.527994 10.8611 43.9077
v -1.06412 11.1327 43.9422
v -1.02814 11.3693 44.2086
v -0.899014 10.647 43.5011
v -0.788193 10.6394 43.548
v -0.677372 10.6317 43.5949
v -0.56655 10.624 43.6417
v -0.455729 10.6164 43.6886
v -2.12513 12.3326 44.8232
v -1.83909 11.6131 44.1562
v -1.80934 11.8593 44.4236
v -2.45112 12.8032 45.2243
v -1.93444 11.8529 44.3785
v -2.02979 12.0928 44.6009
v -2.15743 12.0857 44.5562
v -1.86474 12.3482 44.9119
v -1.99494 12.3404 44.8676
v -2.35323 12.564 45.0016
v -2.25533 12.3249 44.7789
v -2.22048 12.5725 45.0456
v -2.58642 12.794 45.1806
v -2.85701 12.7756 45.0934
v -2.72171 12.7848 45.137
v -1.55944 12.5899 45.2656
v -1.69084 12.5939 45.2216
v -1.73455 12.356 44.9563
v -1.60572 12.3515 45.0007
v -1.82224 12.5979 45.1776
v -1.90994 12.8399 45.3988
v -1.77449 12.1069 44.6903
v -1.90214 12.0999 44.6456
v -1.642 12.8328 45.4862
v -1.77597 12.8363 45.4425
v -2.04524 12.8307 45.3552
v -2.18053 12.8215 45.3116
v -2.08773 12.581 45.0896
v -1.95499 12.5894 45.1336
v -2.31583 12.8123 45.2679
v -1.26521 11.3819 44.117
v -1.39434 12.1042 44.8245
v -1.52059 12.1091 44.7798
v -1.26808 12.0993 44.8692
v -1.43546 11.8667 44.5588
v -1.64685 12.114 44.735
v -1.10812 11.6127 44.4288
v -1.47145 11.6301 44.2925
v -1.18009 11.1395 43.8961
v -1.22923 11.6185 44.3834
v -1.31178 11.8613 44.6039
v -1.1881 11.856 44.649
v -1.35034 11.6243 44.3379
v -1.68424 11.8657 44.4687
v -1.55915 11.8721 44.5137
v -3.81909 12.1445 44.2467
v -3.05145 12.0118 44.2432
v -3.94726 12.3736 44.4738
v -3.81436 12.3947 44.5178
v -3.01695 12.5216 44.7816
v -3.2975 12.2254 44.4241
v -3.68869 12.1647 44.2911
v -2.88421 12.5301 44.8256
v -4.21084 12.5806 44.6572
v -3.28275 12.4793 44.6937
v -3.41566 12.4582 44.6497
v -3.66921 12.6689 44.8317
v -3.53381 12.691 44.8753
v -3.3984 12.7131 44.9189
v -3.263 12.7352 44.9625
v -2.28508 12.0786 44.5115
v -2.66802 12.0574 44.3773
v -2.79567 12.0503 44.3326
v -2.92356 12.0311 44.2879
v -2.64592 12.3015 44.6458
v -3.14985 12.5005 44.7376
v -3.12759 12.7573 45.0061
v -2.9923 12.7664 45.0497
v -3.1671 12.2456 44.4684
v -2.90631 12.286 44.5571
v -2.75146 12.5386 44.8696
v -2.61872 12.5471 44.9136
v -3.03671 12.2658 44.5128
v -2.77611 12.2938 44.6015
v -2.51572 12.3093 44.6902
v -3.06592 11.5095 43.7019
v -2.82015 11.5443 43.7927
v -2.81041 11.7964 44.063
v -3.17935 11.9925 44.1985
v -2.69727 11.5617 43.8382
v -3.18658 11.7414 43.9279
v -2.22374 11.3533 43.7507
v -2.34374 11.3484 43.7049
v -2.57438 11.579 43.8836
v -2.46374 11.3434 43.6591
v -2.82488 11.2941 43.5217
v -2.58412 11.327 43.6133
v -3.06119 11.7597 43.9729
v -2.32929 11.5904 43.9744
v -2.45183 11.5847 43.929
v -2.20674 11.5961 44.0199
v -1.57006 10.6508 43.2199
v -1.68241 10.648 43.173
v -1.79476 10.6451 43.1262
v -1.90711 10.6422 43.0793
v -1.8833 11.1249 43.6192
v -1.76585 11.1291 43.6653
v -1.86375 11.3683 43.888
v -1.98374 11.3633 43.8422
v -2.01265 10.8793 43.3031
v -1.89775 10.8828 43.3496
v -1.78285 10.8864 43.3961
v -1.66795 10.89 43.4426
v -2.30973 11.8338 44.2433
v -2.18463 11.8402 44.2884
v -1.6484 11.1334 43.7115
v -1.55305 10.8936 43.4891
v -1.43815 10.8971 43.5356
v -2.68502 11.8147 44.1081
v -2.38552 12.3171 44.7345
v -2.48597 12.5555 44.9576
v -1.45771 10.6537 43.2668
v -1.34536 10.6566 43.3137
v -2.55993 11.8211 44.1532
v -2.43483 11.8274 44.1982
v -2.10374 11.3583 43.7965
v -1.74375 11.3732 43.9338
v -1.96164 11.6074 44.1107
v -2.54037 12.0645 44.422
v -2.41273 12.0716 44.4667
v -2.08419 11.6017 44.0653
v -2.58858 10.8284 43.0706
v -2.1182 11.1163 43.5269
v -2.23565 11.112 43.4807
v -3.30724 11.9733 44.1538
v -3.43513 11.954 44.1091
v -3.56303 11.9347 44.0644
v -2.3531 11.1078 43.4346
v -2.24245 10.8721 43.2101
v -2.13181 10.6365 42.9856
v -2.01946 10.6393 43.0324
v -2.12755 10.8757 43.2566
v -2.94527 11.2776 43.476
v -2.7045 11.3105 43.5675
v -2.00075 11.1206 43.573
v -2.94249 11.0302 43.2039
v -2.81932 10.7993 42.9775
v -2.24468 10.6228 42.9387
v -2.35755 10.6092 42.8918
v -2.47042 10.5956 42.845
v -2.70395 10.8139 43.0241
v -2.58329 10.582 42.7981
v -3.42679 11.2118 43.2928
v -3.30641 11.2283 43.3386
v -2.69616 10.5684 42.7512
v -2.80903 10.5547 42.7044
v -3.68035 11.4226 43.4748
v -3.17824 10.9992 43.1116
v -3.29612 10.9837 43.0654
v -2.9347 10.7847 42.931
v -2.35783 10.8575 43.1636
v -3.4279 12.2051 44.3798
v -3.5583 12.1849 44.3354
v -2.9358 11.778 44.018
v -3.54856 12.437 44.6057
v -2.94304 11.5269 43.7473
v -3.94002 12.6247 44.7444
v -3.80462 12.6468 44.788
v -3.68146 12.4159 44.5617
v -4.07543 12.6026 44.7008
v -2.82461 11.0457 43.25
v -2.70673 11.0612 43.2961
v -2.58885 11.0767 43.3423
v -3.31197 11.7231 43.8828
v -2.47097 11.0922 43.3884
v -2.4732 10.843 43.1171
v -3.06565 11.2612 43.4302
v -3.3117 11.4747 43.6111
v -3.43458 11.4573 43.5656
v -3.94671 11.8769 43.9303
v -4.07989 12.1041 44.1581
v -3.55747 11.44 43.5202
v -3.81353 11.6498 43.7026
v -3.80245 11.3934 43.4294
v -3.06036 11.0147 43.1577
v -3.56275 11.6864 43.7927
v -3.68814 11.6681 43.7476
v -3.69092 11.9155 44.0197
v -3.81881 11.8962 43.975
v -3.18603 11.2447 43.3844
v -3.18881 11.4921 43.6565
v -4.61479 12.4883 44.5264
v -4.21306 12.3313 44.3858
v -3.43736 11.7047 43.8377
v -4.88335 12.4181 44.4393
v -4.74907 12.4532 44.4828
v -4.48052 12.5234 44.57
v -4.34624 12.5585 44.6136
v -4.07368 11.8454 43.8856
v -4.47675 12.2634 44.2979
v -4.3449 12.2974 44.3419
v -4.4681 12.0059 44.0251
v -4.3387 12.0386 44.0695
v -4.20929 12.0714 44.1138
v -3.94949 12.1243 44.2024
v -4.08016 12.3524 44.4298
v -7.4241 10.6262 42.6799
v -8.26597 11.0408 43.3071
v -8.38932 10.9673 43.2636
v -8.51266 10.8938 43.22
v -8.636 10.8203 43.1765
v -8.42711 10.6424 42.9366
v -8.30587 10.714 42.9805
v -7.8209 11.0006 43.156
v -8.21823 10.4644 42.6967
v -8.09908 10.5342 42.7409
v -7.97994 10.604 42.7852
v -7.86079 10.6738 42.8294
v -7.74165 10.7436 42.8737
v -7.6225 10.8134 42.9179
v -7.6582 10.4903 42.5906
v -8.18463 10.7857 43.0244
v -8.14263 11.1143 43.3506
v -6.68029 10.4214 42.3399
v -8.01929 11.1879 43.3941
v -6.56321 10.4741 42.3852
v -7.89595 11.2614 43.4376
v -7.94214 10.929 43.1121
v -6.87213 10.6137 42.5768
v -6.99144 10.5594 42.5318
v -8.06338 10.8573 43.0682
v -7.69965 11.0723 43.1999
v -7.50335 10.8832 42.9622
v -7.30706 10.6941 42.7245
v -7.76771 11.3223 43.4811
v -7.11076 10.505 42.4868
v -7.18551 10.7501 42.7691
v -6.18401 10.0861 41.9121
v -6.14391 10.3823 42.2402
v -5.95877 10.185 42.0043
v -6.07139 10.1355 41.9582
v -6.25876 10.3312 42.1944
v -6.37361 10.2801 42.1487
v -6.44613 10.5268 42.4306
v -5.77363 9.9877 41.7685
v -5.88402 9.93988 41.722
v -6.75281 10.6681 42.6218
v -5.37219 9.88275 41.6264
v -5.48034 9.83658 41.5795
v -7.06396 10.8061 42.8138
v -5.5885 9.79041 41.5327
v -5.69665 9.74423 41.4858
v -6.79737 10.3686 42.2945
v -6.48846 10.229 42.1029
v -6.40924 9.98717 41.8198
v -6.29662 10.0366 41.866
v -5.8048 9.69806 41.4389
v -5.91296 9.65188 41.3921
v -6.02111 9.60571 41.3452
v -6.91446 10.3159 42.2491
v -5.9944 9.89207 41.6755
v -6.10479 9.84425 41.629
v -6.21518 9.79644 41.5825
v -6.71816 10.1268 42.0114
v -6.60331 10.1779 42.0572
v -6.12926 9.55954 41.2983
v -7.22571 10.4389 42.4418
v -6.52186 9.93772 41.7737
v -6.82892 10.0645 41.9657
v -6.93967 10.0021 41.9199
v -7.16118 9.87737 41.8284
v -7.27194 9.815 41.7827
v -7.02731 10.2517 42.2037
v -7.14016 10.1875 42.1584
v -7.25302 10.1232 42.113
v -7.47872 9.9948 42.0222
v -7.34066 10.3728 42.3968
v -7.68551 10.1746 42.2618
v -6.63052 9.87722 41.7276
v -6.73918 9.81672 41.6815
v -6.32556 9.74863 41.536
v -7.54115 10.5582 42.6352
v -6.21313 11.1982 43.1263
v -5.91441 11.0368 42.9369
v -5.44887 10.6659 42.5147
v -4.71275 10.1166 41.9076
v -5.27735 10.4592 42.2811
v -5.74055 10.8315 42.703
v -5.62039 10.8726 42.7483
v -4.82353 10.0812 41.8607
v -5.50022 10.9136 42.7937
v -5.56669 10.6263 42.469
v -5.10583 10.2525 42.0475
v -5.21323 10.7451 42.6063
v -6.26214 11.4473 43.4049
v -5.96342 11.2859 43.2156
v -5.7919 11.0792 42.982
v -5.0451 10.0105 41.767
v -5.62092 10.3334 42.1427
v -4.93432 10.0458 41.8139
v -5.26404 9.92893 41.6733
v -5.21896 10.2157 42.001
v -5.33209 10.179 41.9545
v -5.15588 9.9751 41.7201
v -5.5083 10.3828 42.1888
v -6.02906 10.4334 42.2859
v -5.91421 10.4845 42.3317
v -5.79936 10.5356 42.3774
v -5.44248 10.1311 41.908
v -5.55286 10.0833 41.8615
v -5.66325 10.0355 41.815
v -5.73354 10.2839 42.0966
v -6.03692 10.9944 42.8919
v -6.38934 11.4021 43.3606
v -6.99824 11.6879 43.7423
v -6.87 11.7488 43.7858
v -6.08828 11.2421 43.1709
v -6.81757 11.4873 43.5072
v -6.69156 11.5466 43.5511
v -7.00824 11.1138 43.1393
v -6.76068 11.2291 43.2278
v -6.6369 11.2868 43.2721
v -6.51312 11.3444 43.3163
v -6.69932 10.9742 42.9477
v -6.45622 11.0862 43.037
v -6.33468 11.1422 43.0816
v -7.12649 11.627 43.6987
v -7.13202 11.0561 43.095
v -7.63946 11.3832 43.5246
v -6.6335 10.7225 42.6668
v -7.51122 11.4442 43.5682
v -7.38298 11.5051 43.6117
v -6.88446 11.1715 43.1835
v -7.25473 11.566 43.6552
v -7.2558 10.9985 43.0507
v -7.37957 10.9408 43.0064
v -6.94358 11.428 43.4633
v -7.06959 11.3687 43.4194
v -7.19561 11.3095 43.3755
v -7.32162 11.2502 43.3316
v -7.44763 11.1909 43.2877
v -7.57364 11.1316 43.2438
v -6.39487 10.8312 42.7569
v -5.86072 10.7905 42.6576
v -5.68451 10.5867 42.4232
v -5.84615 10.2344 42.0505
v -5.9778 10.7378 42.6122
v -6.09488 10.685 42.5668
v -6.21196 10.6323 42.5214
v -6.32905 10.5796 42.476
v -6.15624 10.94 42.8469
v -6.27555 10.8856 42.8019
v -6.51418 10.7769 42.7119
v -6.57777 11.0302 42.9923
v -6.82087 10.9181 42.9031
v -6.94241 10.8621 42.8584
v -5.39283 10.421 42.235
v -3.59706 10.4159 42.3763
v -3.70941 10.3914 42.3294
v -3.73998 10.6384 42.6055
v -3.85477 10.6127 42.559
v -3.96956 10.587 42.5125
v -4.08435 10.5614 42.466
v -4.00013 10.834 42.7886
v -4.11735 10.8071 42.7425
v -4.53504 11.2181 43.1569
v -4.26515 11.0272 42.9724
v -4.41294 11.2473 43.2024
v -4.68527 11.4371 43.3873
v -4.96246 11.6244 43.5729
v -3.90616 11.1113 43.1097
v -4.02582 11.0833 43.0639
v -3.48471 10.4404 42.4232
v -4.29084 11.2766 43.2478
v -3.62519 10.664 42.652
v -4.14548 11.0553 43.0182
v -3.26 10.4894 42.5169
v -3.37235 10.4649 42.47
v -4.19914 10.5357 42.4195
v -4.16874 11.3058 43.2932
v -3.76568 10.8877 42.8809
v -3.8829 10.8608 42.8347
v -3.82177 10.3669 42.2826
v -4.35181 10.7534 42.6502
v -4.23458 10.7803 42.6963
v -4.62413 10.9432 42.8351
v -3.93412 10.3424 42.2357
v -5.1519 12.3479 44.3521
v -4.98572 11.8749 43.8479
v -4.85632 11.9077 43.8922
v -4.4362 11.4978 43.4773
v -4.56073 11.4675 43.4323
v -4.70852 11.6876 43.6623
v -5.28618 12.3128 44.3085
v -5.42046 12.2777 44.2649
v -5.00411 12.1278 44.1221
v -5.13595 12.0938 44.0782
v -5.26779 12.0599 44.0342
v -4.83549 11.656 43.6176
v -5.11513 11.8422 43.8036
v -5.39963 12.026 43.9903
v -5.55473 12.2426 44.2213
v -4.04665 11.335 43.3386
v -3.14764 10.5139 42.5638
v -3.66684 11.1674 43.2013
v -3.64845 10.9145 42.927
v -3.7865 11.1393 43.1555
v -3.05007 10.7702 42.8845
v -3.53123 10.9414 42.9731
v -3.54718 11.1954 43.247
v -3.414 10.9682 43.0193
v -3.28082 10.741 42.7915
v -3.5104 10.6897 42.6985
v -3.39561 10.7154 42.745
v -3.16545 10.7556 42.838
v -2.9219 10.5411 42.6575
v -3.03477 10.5275 42.6106
v -4.59751 11.9731 43.9808
v -4.72691 11.9404 43.9365
v -4.74043 12.1956 44.21
v -4.60859 12.2295 44.254
v -4.87227 12.1617 44.1661
v -4.45459 11.7507 43.7516
v -3.92455 11.3642 43.384
v -5.01763 12.383 44.3957
v -4.58156 11.7191 43.7069
v -3.93806 11.6194 43.6575
v -4.0626 11.589 43.6125
v -4.18713 11.5586 43.5674
v -4.31167 11.5282 43.5224
v -4.20065 11.8138 43.841
v -4.32762 11.7822 43.7963
v -4.46903 10.7266 42.604
v -5.58885 11.4175 43.3496
v -4.3804 10.2227 42.0482
v -4.15883 10.2935 42.1419
v -4.31393 10.51 42.373
v -5.42437 11.2066 43.1171
v -5.30186 11.249 43.1621
v -4.26961 10.2581 42.0951
v -4.85977 10.8639 42.7436
v -4.74195 10.9036 42.7893
v -4.04648 10.318 42.1888
v -4.42706 10.4732 42.3265
v -4.69998 10.6502 42.5118
v -4.54019 10.4365 42.28
v -4.58451 10.6884 42.5579
v -5.0464 10.5356 42.3734
v -4.60197 10.152 41.9545
v -4.49118 10.1873 42.0013
v -4.65332 10.3997 42.2335
v -4.76645 10.3629 42.187
v -4.87958 10.3261 42.1405
v -4.9927 10.2893 42.094
v -5.38006 10.9546 42.8391
v -5.25989 10.9956 42.8845
v -5.33105 10.7055 42.5605
v -5.09541 10.7847 42.652
v -4.97759 10.8243 42.6978
v -4.81546 10.612 42.4656
v -5.16188 10.4974 42.3272
v -4.93093 10.5738 42.4195
v -6.47797 11.906 43.9164
v -6.74176 11.8098 43.8293
v -5.71371 11.3736 43.3049
v -6.60986 11.8579 43.8729
v -6.0823 12.0502 44.0471
v -6.56555 11.6059 43.595
v -6.436 11.6526 43.6389
v -5.78827 11.886 43.8585
v -6.13494 11.4926 43.4492
v -6.00774 11.5379 43.4935
v -5.88054 11.5831 43.5378
v -5.75334 11.6284 43.5821
v -5.54688 11.1641 43.072
v -5.66939 11.1217 43.027
v -5.83857 11.3298 43.2602
v -5.62613 11.6736 43.6264
v -5.49894 11.7189 43.6707
v -5.13973 11.0367 42.9299
v -5.52918 11.9793 43.9464
v -5.65872 11.9327 43.9025
v -5.91782 11.8393 43.8146
v -6.04736 11.7926 43.7707
v -6.17691 11.7459 43.7267
v -6.30646 11.6993 43.6828
v -5.33914 11.5052 43.4389
v -5.464 11.4613 43.3942
v -5.37173 11.7642 43.715
v -6.34608 11.954 43.96
v -6.21419 12.0021 44.0036
v -5.08943 11.5929 43.5282
v -4.93433 11.3763 43.2972
v -4.50447 10.9712 42.8809
v -5.24453 11.8094 43.7593
v -5.05684 11.3339 43.2521
v -5.17935 11.2914 43.2071
v -4.38481 10.9992 42.9266
v -5.21429 11.549 43.4836
v -5.95041 12.0983 44.0907
v -5.01956 11.0777 42.9753
v -4.8994 11.1187 43.0207
v -4.77923 11.1597 43.0661
v -5.81852 12.1464 44.1342
v -5.68663 12.1945 44.1778
v -4.8098 11.4067 43.3422
v -4.65714 11.1889 43.1115
v -8.47187 10.0032 42.2783
v -8.25475 9.83286 42.0368
v -9.36714 10.0092 42.5857
v -8.58324 9.92366 42.2336
v -8.806 9.76465 42.1444
v -8.8023 10.0919 42.4755
v -8.91562 10.0103 42.4312
v -9.02894 9.92875 42.387
v -8.9061 10.3438 42.7611
v -9.02136 10.2601 42.7173
v -9.13662 10.1765 42.6734
v -9.25188 10.0929 42.6296
v -8.14532 9.91029 42.0818
v -9.47482 10.257 42.8721
v -9.35762 10.3427 42.9156
v -8.75934 10.7468 43.133
v -9.00602 10.5998 43.046
v -9.24042 10.4284 42.9591
v -9.12322 10.5141 43.0026
v -8.88268 10.6733 43.0895
v -7.91541 10.0424 42.1718
v -8.00935 10.2865 42.4567
v -8.1264 10.2185 42.4121
v -8.24344 10.1506 42.3675
v -8.33738 10.3946 42.6524
v -8.45652 10.3248 42.6082
v -8.54836 10.5707 42.8927
v -8.6696 10.499 42.8489
v -8.79084 10.4274 42.805
v -8.36049 10.0827 42.3229
v -6.86051 9.16203 40.9702
v -7.17805 9.27947 41.1641
v -7.81729 9.80214 41.8861
v -7.60421 9.62792 41.6454
v -7.49345 9.69028 41.6912
v -8.03036 9.97637 42.1268
v -6.96497 9.10525 40.9234
v -7.6034 9.32196 41.3125
v -7.71496 9.56556 41.5997
v -7.82052 9.49226 41.554
v -7.49979 9.39319 41.3586
v -7.28461 9.22083 41.1176
v -7.28247 9.5142 41.4509
v -6.75604 9.21882 41.0171
v -7.39113 9.45369 41.4048
v -7.8923 10.3544 42.5014
v -7.77525 10.4223 42.546
v -7.80046 10.1085 42.2168
v -7.57056 10.2407 42.3068
v -7.17381 9.5747 41.497
v -7.45561 10.3068 42.3518
v -7.70443 9.86636 41.9315
v -7.59158 9.93059 41.9769
v -7.36587 10.059 42.0676
v -7.3827 9.75264 41.7369
v -8.57567 10.255 42.5639
v -7.93014 9.73793 41.8407
v -8.36419 9.75542 41.9918
v -7.05043 9.93973 41.8742
v -8.68899 10.1735 42.5197
v -6.54712 9.33239 41.1109
v -6.44265 9.38918 41.1577
v -6.65158 9.2756 41.064
v -6.33819 9.44596 41.2046
v -6.23373 9.50275 41.2515
v -6.43212 9.68998 41.4895
v -7.06515 9.63521 41.5431
v -6.95649 9.69571 41.5892
v -6.84783 9.75621 41.6353
v -7.07149 9.33812 41.2106
v -6.96493 9.39676 41.2571
v -6.85837 9.45541 41.3035
v -6.75181 9.51405 41.35
v -6.64524 9.57269 41.3965
v -6.53868 9.63134 41.443
v -9.71292 9.75831 42.4542
v -9.59553 9.52091 42.1659
v -9.48221 9.60248 42.2101
v -9.25151 9.44664 41.966
v -10.1524 9.38933 42.2788
v -10.0444 9.48445 42.3227
v -9.82818 9.67468 42.4103
v -9.93627 9.57956 42.3665
v -9.70186 9.42805 42.1217
v -9.572 9.18595 41.8322
v -9.46744 9.27654 41.8768
v -10.5002 9.43894 42.481
v -10.3904 9.53632 42.5244
v -10.2805 9.63369 42.5679
v -10.1707 9.73107 42.6113
v -8.5751 9.28571 41.5686
v -9.4824 9.92558 42.5419
v -9.59766 9.84195 42.498
v -10.0608 9.82845 42.6548
v -9.3689 9.68405 42.2543
v -9.25558 9.76562 42.2985
v -9.14226 9.84718 42.3428
v -8.80193 9.44568 41.8119
v -9.94363 9.91415 42.6982
v -9.82643 9.99985 42.7417
v -9.14013 9.52614 42.0106
v -9.02875 9.60565 42.0552
v -9.70923 10.0856 42.7852
v -9.59203 10.1713 42.8287
v -8.91738 9.68515 42.0998
v -8.03763 9.66256 41.7954
v -8.14513 9.58719 41.75
v -8.03162 9.34565 41.4625
v -8.25262 9.51182 41.7047
v -7.06943 9.04846 40.8765
v -8.69249 9.52311 41.8569
v -8.47362 9.67798 41.9469
v -8.58306 9.60055 41.9019
v -7.81062 9.17948 41.2203
v -7.58962 9.01331 40.9781
v -7.48795 9.08248 41.0246
v -7.38628 9.15166 41.0711
v -7.16916 8.98136 40.8296
v -7.26889 8.91425 40.7828
v -7.36862 8.84714 40.7359
v -8.6826 9.21034 41.5232
v -8.69462 9.84415 42.189
v -8.91136 9.36824 41.7669
v -9.0208 9.2908 41.7219
v -8.46761 9.36107 41.6139
v -7.92607 9.41895 41.5082
v -7.70701 9.25072 41.2664
v -7.91423 9.10824 41.1742
v -8.01784 9.03701 41.1281
v -8.13717 9.27235 41.4167
v -9.36288 9.36714 41.9214
v -9.13023 9.21337 41.677
v -8.24273 9.19904 41.371
v -8.34828 9.12574 41.3253
v -8.36011 9.43645 41.6593
v -7.56807 8.71293 40.6422
v -8.55938 8.97913 41.2338
v -7.6678 8.64583 40.5953
v -7.69129 8.94414 40.9316
v -7.79296 8.87497 40.8851
v -7.89463 8.8058 40.8386
v -7.9963 8.73663 40.7921
v -7.76753 8.57872 40.5484
v -7.46835 8.78004 40.689
v -8.12145 8.96577 41.0819
v -8.22506 8.89453 41.0358
v -8.32868 8.82329 40.9897
v -7.86726 8.51162 40.5016
v -8.66493 8.90583 41.1881
v -8.45383 9.05243 41.2795
v -8.98718 7.57835 39.9392
v -8.71876 7.82828 40.0798
v -9.0744 7.49189 39.8923
v -9.16162 7.40544 39.8454
v -8.96552 7.96397 40.3273
v -9.49052 7.83542 40.4364
v -9.15005 7.79578 40.2343
v -9.23884 7.70689 40.1878
v -9.32764 7.61799 40.1413
v -9.41643 7.5291 40.0948
v -9.50522 7.4402 40.0483
v -9.06126 7.88468 40.2808
v -9.7616 7.56142 40.2981
v -9.83412 7.87019 40.6394
v -9.24885 7.31898 39.7985
v -11.5253 7.63981 41.3262
v -10.123 7.19607 40.1137
v -10.4614 7.61141 40.707
v -10.5549 7.51519 40.6617
v -10.3857 7.30752 40.365
v -9.59402 7.35131 40.0019
v -10.1099 7.58885 40.5022
v -11.2613 7.53097 41.0744
v -10.2744 7.80385 40.7977
v -10.6484 7.41897 40.6164
v -10.3679 7.70763 40.7524
v -10.911 7.53043 40.8677
v -9.7716 7.17352 39.9089
v -10.8159 7.62908 40.9126
v -9.51052 7.05962 39.6579
v -11.2001 8.39469 41.8407
v -11.2999 8.28871 41.7968
v -11.3996 8.18273 41.753
v -10.4006 8.45068 41.4756
v -10.5525 8.6852 41.768
v -11.8603 8.08465 41.9164
v -11.5562 8.40993 42.0466
v -11.4549 8.51835 42.0901
v -11.3536 8.62677 42.1335
v -11.2522 8.7352 42.1769
v -10.8471 8.37458 41.6354
v -10.9453 8.27104 41.5912
v -11.6576 8.3015 42.0032
v -11.1417 8.06395 41.5029
v -11.7589 8.19308 41.9598
v -9.74219 7.96396 40.6851
v -10.7209 7.72774 40.9576
v -11.4994 8.07674 41.7092
v -9.85196 7.47008 40.252
v -10.5938 8.24848 41.3864
v -9.90036 8.18872 40.979
v -10.7871 8.04628 41.2973
v -10.6258 7.8264 41.0025
v -10.5307 7.92506 41.0475
v -10.4357 8.02372 41.0924
v -10.2455 8.22104 41.1823
v -10.8837 7.94518 41.2527
v -10.9804 7.84408 41.2081
v -10.0874 7.99629 40.8884
v -11.2399 7.96041 41.4587
v -10.6905 8.14738 41.3418
v -11.0435 8.1675 41.5471
v -11.0005 8.60666 41.9283
v -11.1003 8.50067 41.8845
v -9.92605 7.77641 40.5936
v -10.018 7.68263 40.5479
v -9.94232 7.37874 40.2059
v -9.67124 7.65275 40.3442
v -9.58088 7.74409 40.3903
v -10.2018 7.49508 40.4565
v -10.2938 7.4013 40.4108
v -9.55832 8.15152 40.7765
v -9.30979 8.0181 40.5286
v -9.99385 8.0925 40.9337
v -10.1809 7.90007 40.843
v -9.91451 9.24234 42.0332
v -10.6101 9.34156 42.4375
v -10.72 9.24418 42.3941
v -9.747 8.68336 41.4072
v -9.80818 9.3352 42.0774
v -10.0208 9.14949 41.989
v -9.99024 8.82357 41.6539
v -9.88568 8.91416 41.6985
v -9.78112 9.00476 41.7431
v -9.67656 9.09535 41.7876
v -10.1272 9.05663 41.9448
v -10.2335 8.96377 41.9006
v -10.2605 9.29421 42.235
v -10.3686 9.19909 42.1912
v -10.8298 9.1468 42.3506
v -9.23303 9.12503 41.632
v -8.48684 8.36041 40.5597
v -8.52979 8.67051 40.8975
v -8.82229 8.42585 40.7592
v -8.86347 8.7382 41.0966
v -9.33582 9.0367 41.587
v -8.99861 8.97353 41.3872
v -9.20068 8.80138 41.2965
v -9.30171 8.71531 41.2511
v -9.40274 8.62923 41.2058
v -9.43862 8.94837 41.5421
v -9.54142 8.86003 41.4971
v -9.64421 8.7717 41.4521
v -8.89758 9.0596 41.4325
v -8.79009 9.13497 41.4779
v -9.062 8.57058 41.0051
v -8.96273 8.65439 41.0509
v -7.96699 8.44451 40.4547
v -8.06096 8.36749 40.4078
v -8.43229 8.75206 40.9436
v -8.19964 8.59829 40.6992
v -8.09797 8.66746 40.7456
v -9.09965 8.88745 41.3418
v -8.39111 8.43971 40.6062
v -8.7642 8.82202 41.1423
v -8.91979 8.3443 40.7131
v -8.72479 8.5074 40.8053
v -8.62729 8.58895 40.8514
v -8.29537 8.519 40.6527
v -8.58258 8.28113 40.5132
v -10.6507 8.58166 41.7238
v -10.3398 8.87092 41.8564
v -10.1994 8.64238 41.5647
v -10.801 8.81862 42.0159
v -10.0948 8.73297 41.6093
v -9.9526 8.5067 41.3172
v -9.8498 8.59503 41.3622
v -10.4461 8.77806 41.8122
v -11.1509 8.84362 42.2203
v -10.4767 9.10398 42.1473
v -11.0495 8.95204 42.2637
v -10.9397 9.04942 42.3072
v -10.5848 9.00886 42.1035
v -10.9008 8.71264 41.9721
v -10.6929 8.91374 42.0597
v -8.43684 8.05937 40.2204
v -8.89995 7.6648 39.986
v -8.53081 7.98234 40.1735
v -8.62478 7.90531 40.1266
v -8.15493 8.29046 40.361
v -8.81273 7.75126 40.0329
v -9.65025 8.05774 40.7308
v -9.40015 7.92676 40.4825
v -8.34287 8.1364 40.2672
v -8.2489 8.21343 40.3141
v -8.77405 8.12255 40.4202
v -9.11479 8.1812 40.6208
v -9.01729 8.26275 40.667
v -8.86979 8.04326 40.3737
v -8.67832 8.20184 40.4667
v -10.7489 8.47812 41.6796
v -9.21229 8.09965 40.5747
v -9.70583 8.37101 41.0697
v -10.1505 8.3197 41.2273
v -9.16126 8.48677 40.9594
v -9.26053 8.40295 40.9137
v -9.6048 8.45709 41.1151
v -10.3406 8.12238 41.1374
v -9.35979 8.31914 40.868
v -9.50377 8.54316 41.1604
v -9.45906 8.23533 40.8222
v -10.4972 8.34958 41.431
v -10.3039 8.55178 41.5201
v -10.0554 8.41836 41.2722
v -9.80686 8.28494 41.0244
v -14.2582 -1.25755 37.8603
v -14.8544 -1.42883 38.4161
v -13.3564 -0.721761 37.1188
v -14.5563 -1.34319 38.1382
v -14.2627 -1.55527 37.7707
v -14.2605 -1.40641 37.8155
v -14.256 -1.10869 37.9052
v -13.9629 -1.31763 37.5372
v -13.9602 -1.17192 37.5825
v -13.9574 -1.0262 37.6277
v -13.3678 -1.14008 36.9806
v -13.9546 -0.880478 37.6729
v -13.6653 -1.22886 37.2589
v -13.6555 -0.801119 37.3959
v -13.6621 -1.08628 37.3046
v -12.7534 -0.429885 36.6115
v -13.6588 -0.943698 37.3502
v -13.053 -0.506103 36.8882
v -13.0573 -0.642402 36.8417
v -13.0616 -0.778701 36.7953
v -13.0659 -0.915 36.7488
v -13.0702 -1.0513 36.7023
v -13.0745 -1.1876 36.6559
v -13.3602 -0.8612 37.0727
v -13.364 -1.00064 37.0267
v -12.7726 -0.962521 36.4241
v -12.7582 -0.563043 36.5647
v -12.7485 -0.296726 36.6584
v -12.7678 -0.829361 36.4709
v -12.763 -0.696202 36.5178
v -12.6971 0.095742 36.799
v -13.3154 -0.168687 37.303
v -13.3321 -0.305785 37.257
v -13.0318 -0.235844 36.9811
v -13.0149 -0.101884 37.0276
v -12.9979 0.032077 37.074
v -12.981 0.166037 37.1205
v -12.9641 0.299998 37.167
v -12.68 0.226565 36.8459
v -12.6629 0.357388 36.8927
v -12.7314 -0.165903 36.7053
v -12.7143 -0.035081 36.7521
v -13.0487 -0.369805 36.9346
v -13.649 -0.515962 37.4871
v -13.3488 -0.442883 37.2109
v -14.8532 -1.27369 38.4601
v -13.6523 -0.65854 37.4415
v -13.2988 -0.031588 37.3491
v -13.9519 -0.734759 37.7182
v -14.852 -1.11855 38.5041
v -13.3526 -0.582322 37.1648
v -14.5529 -1.0392 38.2271
v -14.5494 -0.735197 38.3159
v -14.2515 -0.810978 37.9948
v -14.2493 -0.662119 38.0396
v -14.2538 -0.959837 37.95
v -13.9491 -0.58904 37.7634
v -13.616 -0.23549 37.5784
v -13.6325 -0.375726 37.5328
v -13.9329 -0.445666 37.8086
v -15.1518 -1.35619 38.7376
v -14.5546 -1.19119 38.1826
v -14.8508 -0.963415 38.5481
v -14.5511 -0.887196 38.2715
v -14.8496 -0.808276 38.5921
v -15.451 -1.92295 38.8855
v -15.4508 -1.76153 38.9287
v -15.1504 -1.03963 38.8248
v -15.1511 -1.19791 38.7812
v -15.4506 -1.60011 38.9719
v -15.4504 -1.43869 39.0151
v -15.4502 -1.27727 39.0583
v -15.45 -1.11585 39.1015
v -14.502 -0.286249 38.4492
v -14.8184 -0.502702 38.6802
v -12.7822 -1.22884 36.3303
v -13.9712 -1.75479 37.4015
v -13.9684 -1.60907 37.4468
v -13.6719 -1.51401 37.1676
v -14.2672 -1.85299 37.681
v -13.3715 -1.27952 36.9346
v -12.7919 -1.49516 36.2366
v -13.6686 -1.37143 37.2133
v -12.7774 -1.09568 36.3772
v -13.0831 -1.46019 36.563
v -14.5633 -1.95119 37.9606
v -13.0788 -1.3239 36.6094
v -14.5523 -2.2562 37.8717
v -12.787 -1.362 36.2834
v -13.3753 -1.41895 36.8885
v -13.6752 -1.65659 37.122
v -13.3547 -2.1195 36.6583
v -13.3791 -1.55839 36.8425
v -13.9629 -2.0473 37.3111
v -12.7763 -1.7638 36.1428
v -12.7841 -1.62948 36.1897
v -13.0702 -1.87137 36.4236
v -13.0788 -1.73393 36.4701
v -13.6682 -1.94284 37.0307
v -13.9739 -1.90051 37.3563
v -13.6784 -1.79917 37.0764
v -13.3735 -1.83839 36.7504
v -13.3641 -1.97894 36.7043
v -13.0874 -1.59649 36.5165
v -13.3829 -1.69783 36.7964
v -14.2339 -2.45155 37.5018
v -13.9408 -2.34086 37.2206
v -13.9519 -2.19408 37.2658
v -14.8201 -2.67292 38.0641
v -14.8067 -2.82905 38.0201
v -14.5397 -2.40922 37.8273
v -14.5144 -2.71525 37.7385
v -14.8336 -2.51679 38.1081
v -15.0847 -3.10209 38.2581
v -14.7932 -2.98518 37.9761
v -15.1132 -2.7836 38.3453
v -15.099 -2.94285 38.3017
v -15.3611 -3.38137 38.4969
v -15.3913 -3.05665 38.5833
v -15.3762 -3.21901 38.5401
v -14.5615 -1.79919 38.005
v -15.1553 -2.14759 38.5196
v -15.1546 -1.98931 38.5632
v -15.1539 -1.83103 38.6068
v -15.1532 -1.67275 38.6504
v -15.1525 -1.51447 38.694
v -14.8569 -1.73911 38.3281
v -14.8556 -1.58397 38.3721
v -14.5598 -1.64719 38.0494
v -14.5581 -1.49519 38.0938
v -14.265 -1.70413 37.7259
v -13.9657 -1.46335 37.492
v -15.4514 -2.24579 38.7991
v -15.4512 -2.08437 38.8423
v -15.156 -2.30586 38.476
v -14.8593 -2.04939 38.2401
v -15.1418 -2.46511 38.4324
v -15.1275 -2.62435 38.3888
v -15.4063 -2.89428 38.6264
v -15.4214 -2.73192 38.6696
v -15.4365 -2.56956 38.7128
v -14.8471 -2.36066 38.1521
v -14.8605 -2.20453 38.1961
v -14.8581 -1.89425 38.2841
v -14.565 -2.10319 37.9161
v -14.527 -2.56223 37.7829
v -14.2695 -2.00185 37.6362
v -15.4516 -2.4072 38.7559
v -14.2458 -2.30165 37.5466
v -14.2576 -2.15175 37.5914
v -14.0324 -4.09895 37.009
v -15.0413 -5.3251 37.9792
v -14.9953 -5.48497 37.9361
v -15.0718 -5.16326 38.0224
v -15.1328 -4.83955 38.1086
v -14.8218 -4.85059 37.779
v -14.513 -4.8555 37.4485
v -14.5413 -4.69978 37.4924
v -13.7747 -3.80773 36.7685
v -14.2335 -4.70163 37.1615
v -13.7497 -3.95426 36.7233
v -14.2879 -4.3963 37.2503
v -14.3151 -4.24364 37.2947
v -14.3423 -4.09098 37.339
v -13.9541 -4.54775 36.8746
v -13.6497 -4.54041 36.5424
v -14.9493 -5.64484 37.893
v -13.7247 -4.1008 36.678
v -13.6747 -4.39387 36.5876
v -13.928 -4.69735 36.8298
v -14.2063 -4.85429 37.1171
v -14.4846 -5.01123 37.4045
v -14.763 -5.16817 37.6919
v -14.6738 -5.48193 37.6048
v -14.7924 -5.00938 37.7354
v -14.7184 -5.32505 37.6484
v -14.4415 -5.16513 37.3606
v -14.0391 -5.45797 36.9397
v -14.0809 -5.30705 36.9841
v -14.1645 -5.00521 37.0728
v -12.8581 -3.7949 35.7732
v -13.0931 -4.22654 35.9677
v -12.6187 -3.37551 35.5804
v -12.5982 -3.5098 35.5336
v -12.5776 -3.64409 35.4867
v -12.557 -3.77837 35.4398
v -12.9448 -3.2455 35.959
v -12.9232 -3.38285 35.9126
v -12.8798 -3.65755 35.8197
v -12.8364 -3.93225 35.7268
v -13.1842 -3.66489 36.1518
v -13.1614 -3.8053 36.1058
v -13.1386 -3.94571 36.0598
v -13.4669 -3.80958 36.4375
v -13.1158 -4.08613 36.0137
v -13.2526 -3.24365 36.29
v -12.9665 -3.10815 36.0055
v -13.2298 -3.38406 36.2439
v -12.9015 -3.5202 35.8661
v -12.7011 -2.83836 35.7679
v -12.9882 -2.9708 36.0519
v -12.7217 -2.70407 35.8148
v -13.5147 -3.52262 36.5288
v -12.6599 -3.10694 35.6742
v -12.7295 -2.56975 35.8616
v -12.7373 -2.43542 35.9085
v -12.7451 -2.3011 35.9554
v -13.0099 -2.83345 36.0984
v -12.6805 -2.97265 35.721
v -12.6393 -3.24122 35.6273
v -13.7997 -3.66119 36.8137
v -13.6997 -4.24734 36.6328
v -13.8247 -3.51465 36.8589
v -13.207 -3.52447 36.1979
v -13.4192 -4.09652 36.3463
v -14.0063 -4.24855 36.9642
v -13.9802 -4.39815 36.9194
v -13.443 -3.95305 36.3919
v -13.2754 -3.10324 36.336
v -14.2607 -4.54896 37.2059
v -13.2982 -2.96282 36.382
v -13.0185 -2.69601 36.1449
v -13.4908 -3.6661 36.4832
v -13.5386 -3.37915 36.5744
v -13.5625 -3.23567 36.62
v -13.3076 -2.82227 36.4281
v -13.6171 -2.66119 36.8026
v -13.6069 -2.80486 36.7569
v -13.8497 -3.36811 36.9041
v -13.0357 -2.42113 36.2378
v -12.7529 -2.16678 36.0022
v -12.7607 -2.03245 36.0491
v -13.317 -2.68172 36.4741
v -13.3264 -2.54116 36.5202
v -13.0529 -2.14625 36.3307
v -13.5864 -3.0922 36.6657
v -13.8967 -2.928 37.0397
v -14.1866 -3.05115 37.3225
v -13.0271 -2.55857 36.1913
v -13.0443 -2.28369 36.2842
v -13.9298 -2.48765 37.1754
v -12.7685 -1.89813 36.096
v -13.3452 -2.26005 36.6123
v -13.6477 -2.23018 36.9395
v -13.6375 -2.37385 36.8938
v -13.658 -2.08651 36.9851
v -14.1984 -2.90125 37.3674
v -14.4764 -3.17429 37.6054
v -13.3358 -2.4006 36.5662
v -13.0616 -2.00881 36.3771
v -14.2103 -2.75135 37.4122
v -14.2221 -2.60145 37.457
v -13.6273 -2.51752 36.8482
v -13.9077 -2.78122 37.085
v -13.9188 -2.63443 37.1302
v -14.7528 -3.45357 37.8442
v -15.331 -3.70609 38.4106
v -15.3159 -3.86845 38.3675
v -15.0276 -3.73907 38.0838
v -15.2854 -4.0303 38.3243
v -15.0704 -3.26134 38.2145
v -15.346 -3.54373 38.4538
v -14.4891 -3.02128 37.6497
v -14.7798 -3.14131 37.9321
v -15.0562 -3.42058 38.171
v -14.5017 -2.86826 37.6941
v -14.7663 -3.29744 37.8882
v -15.0419 -3.57983 38.1274
v -14.9982 -3.89786 38.0403
v -14.9688 -4.05665 37.9967
v -15.1023 -5.00141 38.0655
v -14.0585 -3.94935 37.0537
v -14.3695 -3.93831 37.3834
v -14.6545 -4.07687 37.6683
v -14.6262 -4.2326 37.6243
v -14.5979 -4.38833 37.5804
v -14.5696 -4.54405 37.5364
v -15.2549 -4.19215 38.2812
v -15.2243 -4.354 38.238
v -15.1938 -4.51585 38.1949
v -14.9394 -4.21544 37.9532
v -14.91 -4.37422 37.9096
v -14.8806 -4.53301 37.8661
v -15.1633 -4.6777 38.1518
v -14.8512 -4.6918 37.8225
v -14.4638 -3.32731 37.561
v -14.1747 -3.20105 37.2777
v -13.8857 -3.07479 36.9945
v -14.1368 -3.50055 37.1881
v -13.8746 -3.22157 36.9493
v -14.4239 -3.63299 37.4722
v -14.1629 -3.35095 37.2329
v -14.4511 -3.48032 37.5166
v -14.7394 -3.6097 37.8002
v -14.3967 -3.78565 37.4278
v -14.7111 -3.76542 37.7562
v -14.6828 -3.92115 37.7123
v -13.5966 -2.94853 36.7113
v -14.0846 -3.79975 37.0985
v -14.1107 -3.65015 37.1433
v -12.5362 -5.15767 35.3087
v -12.3024 -4.84384 35.0649
v -12.269 -4.97687 35.018
v -13.2457 -5.98704 36.0905
v -13.6048 -5.88085 36.4716
v -12.2356 -5.1099 34.9711
v -12.9816 -5.80038 35.7989
v -13.6452 -5.73291 36.5163
v -12.4056 -5.56048 35.1694
v -12.7671 -5.47745 35.5534
v -13.0329 -5.66123 35.8445
v -13.2986 -5.84501 36.1357
v -13.5644 -6.02879 36.4268
v -13.3376 -5.70005 36.1809
v -12.5014 -5.29367 35.2623
v -12.7766 -6.35699 35.6165
v -12.4535 -5.42708 35.2158
v -12.3577 -5.69389 35.1229
v -12.3098 -5.82729 35.0765
v -12.7175 -5.61373 35.5074
v -12.668 -5.75001 35.4613
v -12.6184 -5.88629 35.4153
v -12.5688 -6.02256 35.3693
v -12.9304 -5.93954 35.7533
v -12.8791 -6.07869 35.7077
v -12.8279 -6.21784 35.6621
v -12.097 -5.50148 34.8305
v -12.1432 -5.37095 34.8774
v -12.1894 -5.24042 34.9243
v -12.981 -6.69717 35.8646
v -13.6901 -7.45089 36.7016
v -13.7481 -7.30024 36.7455
v -13.5487 -6.95144 36.4962
v -13.6321 -7.60153 36.6577
v -13.5016 -7.89815 36.5699
v -13.4361 -7.24699 36.4075
v -13.7503 -8.11054 36.8652
v -13.4291 -8.04412 36.526
v -13.6758 -8.25924 36.8218
v -13.8248 -7.96183 36.9087
v -13.5741 -7.75218 36.6138
v -14.1367 -8.01508 37.2467
v -13.9989 -8.32292 37.1606
v -13.9225 -8.47437 37.1175
v -14.0754 -8.17147 37.2036
v -13.4006 -6.46349 36.2925
v -14.0634 -7.34774 37.0827
v -13.2913 -6.75329 36.203
v -13.6613 -6.65589 36.5849
v -13.605 -6.80366 36.5406
v -13.8844 -7.8083 36.9522
v -13.4924 -7.09921 36.4519
v -13.864 -6.99894 36.8334
v -13.806 -7.14959 36.7894
v -14.0037 -7.50126 37.0392
v -13.9441 -7.65478 36.9957
v -13.1398 -6.27109 36.0001
v -13.1928 -6.12906 36.0453
v -14.1981 -7.85868 37.2898
v -14.2594 -7.70228 37.3328
v -14.038 -6.54699 36.9651
v -14.1231 -7.19421 37.1262
v -14.1827 -7.04069 37.1697
v -14.2424 -6.88717 37.2132
v -14.5048 -7.0767 37.5051
v -14.4434 -7.23309 37.4621
v -13.8302 -6.21257 36.7179
v -14.3821 -7.38949 37.419
v -14.3207 -7.54589 37.3759
v -13.922 -6.84829 36.8773
v -13.98 -6.69764 36.9212
v -13.5098 -6.17369 36.382
v -13.7176 -6.50812 36.6292
v -13.7739 -6.36034 36.6736
v -13.4552 -6.31859 36.3373
v -12.7799 -4.20561 35.6339
v -12.7451 -4.34162 35.5874
v -13.3714 -4.38348 36.2551
v -12.5364 -3.91266 35.393
v -12.4361 -4.31174 35.2524
v -12.4696 -4.17871 35.2992
v -12.503 -4.04569 35.3461
v -12.8147 -4.0696 35.6803
v -13.3953 -4.24 36.3007
v -13.0206 -4.50452 35.8756
v -13.6107 -4.68537 36.4972
v -13.5717 -4.83032 36.452
v -13.2961 -4.66742 36.1638
v -13.3338 -4.52545 36.2094
v -13.0568 -4.36553 35.9217
v -12.571 -5.02165 35.3552
v -13.1833 -5.09334 36.027
v -13.1457 -5.23531 35.9814
v -12.3359 -4.71082 35.1117
v -12.3693 -4.57779 35.1586
v -12.4027 -4.44476 35.2055
v -12.7103 -4.47762 35.541
v -13.4157 -5.41014 36.2712
v -13.3767 -5.5551 36.226
v -12.6754 -4.61363 35.4945
v -12.8758 -5.06048 35.6915
v -12.912 -4.92149 35.7375
v -12.9482 -4.7825 35.7836
v -12.6406 -4.74964 35.4481
v -12.6058 -4.88565 35.4016
v -14.1227 -5.15613 37.0284
v -13.8876 -4.84529 36.785
v -13.6856 -5.58498 36.5611
v -13.726 -5.43704 36.6059
v -13.8472 -4.99322 36.7402
v -13.8068 -5.14116 36.6955
v -14.2687 -5.78074 37.1848
v -14.5846 -5.7957 37.5178
v -14.3983 -5.31903 37.3166
v -14.6292 -5.63882 37.5613
v -14.8114 -6.12444 37.7637
v -14.3551 -5.47293 37.2727
v -14.3119 -5.62684 37.2287
v -14.8574 -5.96457 37.8068
v -14.9033 -5.8047 37.8499
v -12.8395 -5.19947 35.6455
v -12.8033 -5.33846 35.5994
v -14.0959 -6.39634 37.009
v -13.4547 -5.26519 36.3164
v -13.4937 -5.12023 36.3616
v -13.5327 -4.97528 36.4068
v -13.2585 -4.80939 36.1182
v -13.0705 -5.51926 35.8901
v -13.1081 -5.37728 35.9358
v -13.9556 -5.75981 36.851
v -13.2209 -4.95137 36.0726
v -13.9138 -5.91073 36.8066
v -13.7664 -5.2891 36.6507
v -12.9844 -4.64351 35.8296
v -13.872 -6.06165 36.7623
v -14.302 -6.73364 37.2567
v -14.6275 -6.7639 37.5913
v -14.5661 -6.9203 37.5482
v -14.6734 -6.60404 37.6344
v -14.7194 -6.44417 37.6775
v -14.7654 -6.2843 37.7206
v -14.4955 -6.10947 37.4307
v -14.3617 -6.58012 37.3002
v -13.9973 -5.60889 36.8954
v -14.4063 -6.42324 37.3437
v -14.4509 -6.26635 37.3872
v -14.2255 -5.93464 37.1409
v -14.1823 -6.08854 37.0969
v -14.1391 -6.24244 37.053
v -14.54 -5.95259 37.4743
v -12.5193 -6.15884 35.3233
v -12.4697 -6.29512 35.2772
v -12.4201 -6.4314 35.2312
v -12.7254 -6.49614 35.5709
v -12.8222 -7.12325 35.729
v -12.6741 -6.63529 35.5253
v -13.0869 -6.41311 35.9549
v -13.034 -6.55514 35.9097
v -12.9281 -6.83919 35.8194
v -13.3798 -7.39476 36.3632
v -13.1275 -7.18799 36.0687
v -13.1821 -7.04309 36.1135
v -13.2367 -6.89819 36.1582
v -13.3459 -6.60839 36.2477
v -12.8752 -6.98122 35.7742
v -11.9121 -6.0236 34.6431
v -12.5716 -6.9136 35.4341
v -12.321 -6.70395 35.1392
v -12.2619 -5.96069 35.03
v -12.214 -6.0941 34.9836
v -12.1661 -6.2275 34.9371
v -12.1182 -6.3609 34.8907
v -12.0704 -6.49431 34.8443
v -11.8197 -6.28466 34.5493
v -12.3706 -6.56768 35.1852
v -12.0508 -5.63201 34.7837
v -12.0046 -5.76254 34.7368
v -11.9583 -5.89307 34.6899
v -11.8659 -6.15413 34.5962
v -12.6229 -6.77445 35.4797
v -12.4422 -7.18363 35.3429
v -12.5556 -7.67426 35.5483
v -12.867 -7.75436 35.8897
v -12.6889 -7.39875 35.6387
v -12.7556 -7.261 35.6838
v -12.3129 -7.45366 35.2517
v -12.3775 -7.31864 35.2973
v -12.0096 -6.62384 34.7978
v -12.5069 -7.04861 35.3885
v -12.0701 -7.23306 34.9551
v -12.1328 -7.10078 35.0011
v -12.1955 -6.9685 35.0471
v -12.2583 -6.83623 35.0932
v -12.6223 -7.5365 35.5935
v -11.7609 -6.41146 34.5025
v -13.5402 -9.23159 36.9023
v -13.1543 -9.30019 36.5175
v -13.2288 -9.15148 36.5609
v -12.7984 -7.89485 35.845
v -12.7298 -8.03535 35.8002
v -13.3033 -9.00278 36.6044
v -13.3778 -8.85407 36.6479
v -13.0412 -8.11546 36.1416
v -12.9706 -8.25869 36.0973
v -12.9001 -8.40192 36.0529
v -13.2115 -8.48203 36.3943
v -13.0664 -8.77396 36.3065
v -13.1389 -8.628 36.3504
v -13.4523 -8.70536 36.6913
v -12.9939 -8.91993 36.2626
v -13.1824 -7.829 36.2302
v -13.0043 -7.47338 35.9792
v -12.9356 -7.61387 35.9344
v -13.6167 -9.08015 36.9453
v -13.6931 -8.9287 36.9884
v -13.7696 -8.77726 37.0314
v -13.846 -8.62581 37.0745
v -13.2529 -7.68577 36.2745
v -13.1118 -7.97223 36.1859
v -13.3235 -7.54254 36.3189
v -13.0729 -7.33289 36.0239
v -13.284 -8.33606 36.4382
v -13.5268 -8.55666 36.7348
v -13.6013 -8.40795 36.7783
v -13.3565 -8.19009 36.4821
v -11.7057 -7.27153 34.5656
v -11.645 -7.40107 34.5192
v -11.5842 -7.5306 34.4727
v -11.9116 -8.2583 34.9782
v -11.1482 -7.66954 34.0338
v -11.4669 -7.04545 34.2681
v -11.9446 -7.49761 34.8631
v -11.2193 -7.54769 34.0806
v -11.3493 -7.29905 34.1744
v -11.4081 -7.17225 34.2213
v -11.2905 -7.42585 34.1275
v -11.9894 -8.12873 35.0237
v -11.7564 -7.89443 34.725
v -11.8338 -8.38787 34.9326
v -11.5234 -7.66014 34.4263
v -11.8273 -7.01246 34.6585
v -11.7021 -6.53826 34.4556
v -12.4223 -7.94976 35.458
v -12.1835 -7.72368 35.1605
v -12.2482 -7.58867 35.2061
v -11.6433 -6.66506 34.4087
v -11.5845 -6.79186 34.3619
v -11.5257 -6.91865 34.315
v -11.8192 -7.76216 34.771
v -11.8819 -7.62988 34.817
v -12.0073 -7.36533 34.9091
v -12.3557 -8.08751 35.4128
v -11.9488 -6.75338 34.7514
v -11.7665 -7.14199 34.612
v -11.8881 -6.88292 34.7049
v -12.7589 -8.68838 35.9643
v -12.8295 -8.54515 36.0086
v -12.5926 -8.31633 35.7107
v -12.6612 -8.17584 35.7555
v -12.289 -8.22527 35.3677
v -12.489 -7.81201 35.5032
v -12.524 -8.45682 35.666
v -12.1188 -7.8587 35.1149
v -12.0541 -7.99371 35.0693
v -12.9213 -9.0659 36.2187
v -12.6884 -8.83161 35.92
v -12.4554 -8.59731 35.6212
v -12.1424 -8.49517 35.2773
v -12.3731 -8.73204 35.5765
v -12.2224 -8.36302 35.3225
v -12.9315 -10.2596 36.6011
v -12.7491 -10.5497 36.5151
v -12.8403 -10.4047 36.5581
v -13.0226 -10.1146 36.6441
v -11.9023 -8.89161 35.1419
v -12.1264 -9.13621 35.4423
v -12.4349 -9.24351 35.7871
v -12.3504 -9.38081 35.7428
v -12.2659 -9.51811 35.6985
v -12.7096 -10.0125 36.3002
v -12.6207 -10.1549 36.2568
v -12.6612 -9.48553 36.0871
v -12.5318 -10.2974 36.2133
v -12.5745 -9.62541 36.0432
v -12.4878 -9.76528 35.9994
v -13.2961 -9.67951 36.7732
v -13.3873 -9.53448 36.8162
v -12.7986 -9.87 36.3437
v -12.8875 -9.72755 36.3871
v -12.9764 -9.5851 36.4306
v -13.1138 -9.96957 36.6871
v -13.205 -9.82454 36.7302
v -13.4638 -9.38304 36.8592
v -13.0654 -9.44264 36.474
v -12.0623 -8.62732 35.2322
v -12.2909 -8.86676 35.5318
v -12.7479 -9.34565 36.131
v -12.6039 -8.96891 35.8757
v -12.5194 -9.10621 35.8314
v -12.8346 -9.20577 36.1748
v -11.5097 5.8213 39.7252
v -11.9174 6.20417 40.3285
v -11.8409 6.32134 40.3734
v -11.7147 6.00999 40.0272
v -11.6392 6.12441 40.0725
v -11.994 6.08701 40.2836
v -11.5638 6.23883 40.1178
v -11.361 6.04464 39.8166
v -11.2867 6.15631 39.8623
v -11.2124 6.26798 39.908
v -11.4353 5.93297 39.7709
v -11.0828 5.96488 39.5606
v -11.0096 6.0738 39.6067
v -10.9364 6.18272 39.6528
v -10.7325 5.99128 39.3511
v -11.0545 6.48275 39.9994
v -10.3135 6.11561 39.1893
v -10.3457 6.49729 39.5835
v -10.4266 6.3994 39.537
v -10.5075 6.30151 39.4905
v -10.781 6.39213 39.745
v -11.4129 6.46766 40.2084
v -10.8037 6.79204 40.1365
v -11.1381 6.37965 39.9537
v -10.0749 6.40146 39.3299
v -10.8632 6.29164 39.6989
v -10.1545 6.30618 39.283
v -10.5884 6.20362 39.4441
v -11.4883 6.35324 40.1631
v -10.234 6.2109 39.2361
v -12.7103 5.99571 40.708
v -12.8679 5.75038 40.6197
v -12.912 6.19264 41.0089
v -12.9919 6.06723 40.9651
v -13.0718 5.94181 40.9214
v -13.1518 5.8164 40.8776
v -13.5167 5.75426 41.0922
v -13.1924 6.26691 41.2656
v -12.2237 5.7355 40.1488
v -12.1471 5.85267 40.1937
v -13.4356 5.88242 41.1355
v -12.0706 5.96984 40.2386
v -13.3545 6.01058 41.1789
v -13.2735 6.13875 41.2223
v -12.351 6.04411 40.4954
v -12.2374 6.7317 40.9728
v -11.6877 6.55567 40.4632
v -12.9492 6.6514 41.3957
v -12.8682 6.77956 41.4391
v -11.243 6.67906 40.2991
v -11.328 6.57336 40.2538
v -12.6954 7.02644 41.5258
v -12.5123 6.81971 41.2276
v -12.6037 7.14517 41.5692
v -12.512 7.26389 41.6126
v -12.5922 6.6943 41.1839
v -11.6014 6.66398 40.5082
v -12.3163 6.60903 40.9287
v -11.8749 6.7546 40.7626
v -12.1484 6.84521 41.017
v -12.5527 6.24104 40.7963
v -11.9626 6.64369 40.718
v -13.0303 6.52323 41.3523
v -11.7643 6.43851 40.4183
v -12.1957 6.28394 40.5844
v -12.2733 6.16402 40.5399
v -12.832 6.31806 41.0526
v -12.4739 6.3637 40.8404
v -12.6315 6.11837 40.7521
v -12.3951 6.48637 40.8846
v -12.7521 6.44347 41.0964
v -12.6722 6.56888 41.1401
v -12.118 6.40385 40.629
v -13.1114 6.39507 41.309
v -12.0403 6.52377 40.6735
v -9.4233 7.14608 39.7048
v -9.33607 7.23253 39.7517
v -9.59774 6.97317 39.6111
v -9.67728 6.87788 39.5642
v -9.75681 6.7826 39.5173
v -9.83634 6.68732 39.4705
v -10.0327 7.28741 40.1598
v -9.8604 7.08462 39.8624
v -9.68281 7.26241 39.9554
v -10.452 6.7941 39.9293
v -10.9882 6.99617 40.4351
v -10.3698 6.89459 39.9754
v -10.5529 7.10133 40.2736
v -10.6365 6.99823 40.2279
v -9.94128 6.98673 39.8159
v -10.7201 6.89513 40.1822
v -10.5343 6.69361 39.8832
v -10.6165 6.59312 39.8371
v -10.6987 6.49262 39.791
v -9.9954 6.49675 39.3767
v -9.91587 6.59203 39.4236
v -10.2875 6.99509 40.0215
v -10.8873 6.68894 40.0908
v -10.9709 6.58584 40.0451
v -10.2053 7.09558 40.0676
v -10.2648 6.59518 39.63
v -10.1839 6.69307 39.6765
v -11.1581 6.78477 40.3444
v -10.1031 6.79096 39.723
v -10.0222 6.88884 39.7694
v -12.0533 7.8575 41.8296
v -12.1451 7.73878 41.7862
v -11.077 7.74298 41.1636
v -11.5992 7.97076 41.6654
v -11.699 7.86478 41.6216
v -11.9616 7.97623 41.873
v -11.4366 7.30915 40.9853
v -11.1699 7.20551 40.7329
v -11.0836 7.31381 40.7778
v -10.9973 7.42212 40.8227
v -11.2562 7.0972 40.6879
v -10.9032 7.10187 40.4804
v -11.6143 7.5263 41.282
v -11.7893 7.74866 41.5779
v -11.8797 7.63254 41.5341
v -11.3425 6.9889 40.643
v -11.7873 6.86551 40.8071
v -11.4288 6.88059 40.5981
v -11.6996 6.97642 40.8517
v -11.5151 6.77229 40.5531
v -12.4202 7.38261 41.656
v -11.612 7.08733 40.8962
v -11.5243 7.19824 40.9408
v -12.1508 7.28418 41.4027
v -12.7871 6.90772 41.4824
v -11.0731 6.89047 40.3897
v -12.0594 6.95873 41.0612
v -12.4219 6.93583 41.2714
v -12.3315 7.05195 41.3152
v -12.2412 7.16807 41.359
v -10.8183 7.20757 40.5257
v -10.7333 7.31327 40.571
v -10.4693 7.20442 40.3193
v -11.3381 7.85687 41.4145
v -11.4363 7.75333 41.3703
v -11.1737 7.64188 41.119
v -11.349 7.42006 41.0299
v -12.3285 7.50134 41.6994
v -12.2368 7.62006 41.7428
v -12.0604 7.4003 41.4465
v -11.7034 7.41278 41.2378
v -11.7924 7.29927 41.1937
v -11.8814 7.18576 41.1495
v -11.9704 7.07224 41.1053
v -11.9701 7.51642 41.4903
v -12.7286 5.43642 40.2727
v -14.0027 4.79779 40.7888
v -12.7954 5.3084 40.2282
v -13.6555 5.48098 41.0055
v -12.6618 5.56444 40.3173
v -12.1569 5.31562 39.7554
v -13.7944 5.2077 40.9188
v -13.8638 5.07106 40.8755
v -13.9332 4.93442 40.8322
v -13.0821 5.36593 40.4873
v -13.1498 5.23504 40.4432
v -13.2174 5.10414 40.3991
v -13.4374 5.28969 40.7027
v -12.4428 5.37602 40.0141
v -11.8711 5.25523 39.4967
v -13.2317 5.69099 40.8339
v -12.9467 5.62772 40.5756
v -13.0144 5.49682 40.5314
v -12.3768 5.50117 40.059
v -13.3003 5.55722 40.7901
v -13.3688 5.42345 40.7464
v -12.7891 5.87304 40.6638
v -12.5841 5.68436 40.3618
v -12.5064 5.80427 40.4063
v -13.725 5.34434 40.9622
v -13.5861 5.61762 41.0488
v -12.4287 5.92419 40.4509
v -12.3003 5.61834 40.1039
v -11.3024 5.63811 39.4223
v -11.584 5.70963 39.6795
v -11.2292 5.74704 39.4684
v -10.6683 5.5985 38.9549
v -10.7392 5.49508 38.9081
v -10.5973 5.70192 39.0018
v -10.5264 5.80534 39.0487
v -10.4554 5.90877 39.0955
v -11.7901 5.89557 39.9819
v -10.6604 6.09745 39.3976
v -10.8046 5.88511 39.3046
v -10.8767 5.77894 39.2581
v -10.9487 5.67277 39.2117
v -11.0208 5.5666 39.1652
v -10.3845 6.01219 39.1424
v -11.8656 5.78115 39.9366
v -11.156 5.85596 39.5145
v -11.9994 5.01643 39.4053
v -13.0626 4.79633 40.0502
v -11.6485 5.0783 39.1919
v -12.7064 4.87544 39.8344
v -13.4205 4.71146 40.2667
v -12.6405 5.00059 39.8793
v -11.9353 5.13583 39.451
v -12.5746 5.12573 39.9242
v -12.5087 5.25088 39.9692
v -12.929 5.05236 40.1392
v -12.8622 5.18038 40.1837
v -11.5853 5.19483 39.238
v -12.352 4.94881 39.6195
v -12.287 5.07108 39.6648
v -12.222 5.19335 39.7101
v -11.0929 5.46042 39.1187
v -12.0919 5.4379 39.8007
v -11.8069 5.37463 39.5424
v -11.522 5.31135 39.2841
v -11.237 5.24808 39.0258
v -10.8102 5.39165 38.8612
v -10.8811 5.28823 38.8143
v -10.9521 5.18481 38.7675
v -12.0164 5.55232 39.846
v -11.941 5.66674 39.8913
v -11.7326 5.4863 39.5881
v -11.6583 5.59796 39.6338
v -11.4488 5.42028 39.3301
v -11.1649 5.35425 39.0722
v -11.3756 5.52919 39.3762
v -13.6115 4.31158 40.1344
v -13.6672 4.17348 40.0903
v -14.1415 4.52451 40.7021
v -13.905 4.34602 40.3966
v -13.9613 4.20494 40.3529
v -14.0721 4.66115 40.7455
v -13.7801 4.62086 40.484
v -13.7116 4.75462 40.5278
v -13.643 4.88839 40.5715
v -13.5745 5.02216 40.6152
v -13.5059 5.15592 40.659
v -14.1985 4.38046 40.6588
v -13.4881 4.58057 40.2226
v -13.8487 4.48709 40.4403
v -13.2851 4.97325 40.355
v -14.0176 4.06386 40.3092
v -13.7786 3.89727 40.0021
v -14.0739 3.92279 40.2655
v -12.5973 3.79523 38.9484
v -13.318 4.27714 39.8722
v -13.2968 3.58195 39.3855
v -12.8388 3.94991 39.2571
v -13.263 4.41227 39.9166
v -12.5441 3.92143 38.9941
v -12.4908 4.04763 39.0398
v -12.9464 3.69156 39.1666
v -13.5558 4.44968 40.1785
v -13.1962 4.54029 39.9612
v -12.8383 4.62514 39.7446
v -12.9042 4.5 39.6997
v -11.7363 4.33885 38.654
v -13.0246 4.2427 39.6099
v -12.0283 4.37914 38.9154
v -12.7311 4.20826 39.3477
v -12.3202 4.41943 39.1768
v -12.4376 4.17383 39.0855
v -11.7987 4.2252 38.6075
v -12.0916 4.26261 38.8693
v -11.6739 4.45251 38.7004
v -11.4443 4.29856 38.3925
v -11.3828 4.40935 38.4394
v -12.1441 4.13939 38.8232
v -12.1967 4.01616 38.7772
v -12.6773 4.33744 39.393
v -12.3844 4.30002 39.1311
v -12.9701 4.37485 39.6548
v -11.3618 5.02078 38.9328
v -12.7724 4.75029 39.7895
v -12.6122 4.45971 39.4383
v -12.5472 4.58199 39.4836
v -12.4821 4.70426 39.5289
v -12.4171 4.82653 39.5742
v -13.1294 4.66831 40.0057
v -13.3528 4.84236 40.3108
v -12.1919 4.65823 39.2682
v -12.1277 4.77763 39.3139
v -12.0636 4.89703 39.3596
v -12.9958 4.92434 40.0947
v -11.7118 4.96177 39.1458
v -11.2994 5.13443 38.9793
v -11.2597 4.63091 38.5331
v -11.7751 4.84525 39.0997
v -11.6115 4.56616 38.7469
v -12.2561 4.53883 39.2225
v -11.5491 4.67981 38.7934
v -11.4866 4.79347 38.8399
v -11.0751 4.96325 38.6737
v -11.0136 5.07403 38.7206
v -11.1367 4.85247 38.6268
v -11.1982 4.74169 38.58
v -11.965 4.49567 38.9615
v -11.3212 4.52013 38.4862
v -11.4242 4.90712 38.8863
v -11.9017 4.61219 39.0076
v -11.8384 4.72872 39.0536
v -12.4597 3.40004 38.5468
v -12.5123 3.27682 38.5007
v -12.3019 3.76972 38.685
v -12.4071 3.52327 38.5928
v -12.3545 3.64649 38.6389
v -12.6505 3.66903 38.9027
v -11.8654 3.36687 38.0176
v -12.7037 3.54283 38.8571
v -11.7626 3.60142 38.1113
v -12.8101 3.29043 38.7657
v -12.1625 3.38346 38.2822
v -12.8633 3.16423 38.72
v -12.1106 3.50371 38.3286
v -12.0586 3.62396 38.3751
v -11.814 3.48415 38.0644
v -13.8899 3.62107 39.9139
v -13.8343 3.75917 39.958
v -11.6599 3.83597 38.205
v -11.6086 3.95324 38.2519
v -12.2493 3.89294 38.7311
v -11.7113 3.71869 38.1582
v -11.8507 4.10495 38.561
v -11.9027 3.9847 38.5145
v -11.9546 3.86445 38.4681
v -11.5572 4.07051 38.2988
v -12.0066 3.74421 38.4216
v -13.4282 4.00689 39.7832
v -11.5058 4.18778 38.3456
v -13.4832 3.87176 39.7387
v -13.5383 3.73664 39.6942
v -13.7229 4.03538 40.0462
v -13.3731 4.14201 39.8277
v -13.2424 3.7141 39.4304
v -13.1879 3.84625 39.4753
v -13.1335 3.9784 39.5201
v -13.079 4.11055 39.565
v -12.8926 3.82074 39.2118
v -12.7849 4.07909 39.3024
v -14.2428 3.49955 40.1344
v -14.2554 4.2364 40.6155
v -14.4261 3.80424 40.4856
v -13.5934 3.60151 39.6497
v -14.3692 3.9483 40.5289
v -14.3123 4.09235 40.5722
v -14.1865 3.64063 40.1781
v -14.6538 3.22803 40.3124
v -13.9456 3.48297 39.8698
v -14.0013 3.34487 39.8257
v -13.4057 3.31765 39.2957
v -13.1079 3.30404 39.0307
v -13.7586 3.19613 39.5162
v -14.54 3.51614 40.399
v -14.5969 3.37209 40.3557
v -13.4602 3.1855 39.2508
v -13.1617 3.17486 38.9854
v -13.8438 2.91383 39.4273
v -12.7569 3.41663 38.8114
v -13.8012 3.05498 39.4717
v -13.5024 3.0474 39.2059
v -14.2991 3.35848 40.0907
v -14.7411 2.9274 40.2258
v -14.3987 3.07014 40.0033
v -14.442 2.92288 39.9596
v -14.0999 3.06256 39.7375
v -14.1429 2.91836 39.6934
v -13.3513 3.4498 39.3406
v -13.0541 3.43321 39.076
v -13.0003 3.56239 39.1213
v -14.6975 3.07772 40.2691
v -14.3554 3.2174 40.047
v -14.057 3.20676 39.7816
v -14.1302 3.78171 40.2218
v -13.7035 3.33126 39.5607
v -13.6484 3.46638 39.6052
v -14.4831 3.66019 40.4423
v -14.0141 2.34923 39.2494
v -15.0029 2.02552 39.9662
v -14.0567 2.20808 39.2049
v -14.0993 2.06693 39.1604
v -13.4131 2.36462 38.7138
v -14.3576 2.19733 39.4731
v -14.4005 2.05313 39.429
v -13.7559 2.21883 38.9367
v -13.7136 2.35692 38.9816
v -14.7017 2.03932 39.6976
v -15.0465 1.87521 39.9229
v -14.745 1.89206 39.6539
v -14.6584 2.18658 39.7413
v -14.1419 1.92578 39.1159
v -14.4434 1.90892 39.3849
v -13.8864 2.77268 39.3828
v -13.9289 2.63153 39.3383
v -14.5718 2.4811 39.8286
v -13.9715 2.49038 39.2938
v -14.9156 2.32615 40.0527
v -14.5285 2.62836 39.8723
v -14.4853 2.77562 39.916
v -14.9592 2.17583 40.0094
v -14.6151 2.33384 39.7849
v -14.8284 2.62678 40.1393
v -14.7847 2.77709 40.1826
v -14.1858 2.77415 39.6494
v -14.872 2.47646 40.096
v -14.2287 2.62995 39.6053
v -14.2717 2.48574 39.5612
v -13.8404 1.94263 38.8469
v -13.1542 2.24032 38.4003
v -12.3891 2.76533 38.0498
v -12.4299 2.63945 38.0033
v -13.1957 2.10834 38.3546
v -12.4708 2.51357 37.9569
v -13.7981 2.08073 38.8918
v -12.1706 2.51821 37.6895
v -12.2111 2.39539 37.6426
v -13.5388 1.95949 38.578
v -13.4969 2.09453 38.6232
v -12.8121 2.38 38.1782
v -12.7709 2.50894 38.2243
v -12.7297 2.63787 38.2703
v -13.455 2.22958 38.6685
v -13.5869 2.77121 39.1162
v -12.3074 3.01708 38.1428
v -13.2036 3.03982 38.9401
v -13.6291 2.63311 39.0713
v -12.6061 3.02466 38.4085
v -13.5447 2.90931 39.1611
v -13.2874 2.76974 38.8496
v -13.2455 2.90478 38.8949
v -12.2665 3.14296 38.1892
v -12.5649 3.1536 38.4546
v -12.2145 3.26321 38.2357
v -12.988 2.76827 38.583
v -11.9167 3.2496 37.9707
v -12.9049 3.03224 38.6743
v -12.9464 2.90026 38.6287
v -11.9681 3.13233 37.9238
v -14.3146 2.34153 39.5171
v -13.3293 2.6347 38.8043
v -13.3712 2.49966 38.759
v -12.6473 2.89573 38.3625
v -12.6885 2.7668 38.3164
v -12.1301 2.64104 37.7364
v -12.0896 2.76386 37.7832
v -13.6714 2.49502 39.0264
v -12.0491 2.88668 37.8301
v -12.0086 3.00951 37.877
v -13.0295 2.63628 38.5373
v -13.0711 2.5043 38.4917
v -12.3482 2.89121 38.0963
v -13.1126 2.37231 38.446
v -14.473 1.7598 39.3409
v -14.5025 1.61067 39.2968
v -14.2008 1.63375 39.027
v -14.1714 1.77976 39.0715
v -13.8698 1.79973 38.8021
v -15.0762 1.71986 39.8796
v -15.1059 1.56452 39.8364
v -15.1355 1.40918 39.7931
v -15.1652 1.25384 39.7499
v -14.532 1.46155 39.2527
v -14.7746 1.73983 39.6102
v -15.1949 1.0985 39.7066
v -14.8634 1.28313 39.4793
v -14.8338 1.43537 39.5229
v -14.8042 1.5876 39.5666
v -14.5911 1.1633 39.1646
v -14.6207 1.01418 39.1206
v -14.893 1.1309 39.4356
v -14.9226 0.978667 39.392
v -14.9522 0.826435 39.3483
v -14.2598 1.34172 38.9381
v -14.2303 1.48773 38.9826
v -13.9286 1.51392 38.7124
v -13.8992 1.65682 38.7572
v -14.2892 1.19571 38.8936
v -14.5616 1.31243 39.2087
v -15.2245 0.943156 39.6634
v -15.2542 0.787814 39.6201
v -13.5975 1.6799 38.4874
v -15.2839 0.632473 39.5769
v -12.2517 2.27257 37.5958
v -12.2922 2.14974 37.5489
v -12.3617 1.89956 37.4551
v -12.3327 2.02692 37.502
v -12.5525 2.26182 37.8639
v -12.8533 2.25107 38.1321
v -13.5682 1.8197 38.5327
v -12.6342 2.01006 37.771
v -12.9358 1.99321 38.04
v -13.2666 1.83966 38.2633
v -13.2373 1.97635 38.309
v -12.965 1.85963 37.9939
v -12.8945 2.12214 38.0861
v -12.5116 2.3877 37.9104
v -12.5934 2.13594 37.8175
v -12.7508 1.48819 37.5851
v -12.7216 1.61866 37.6316
v -12.9942 1.72605 37.9479
v -13.0234 1.59247 37.9018
v -13.0526 1.45889 37.8557
v -13.0818 1.32532 37.8097
v -12.6925 1.74913 37.6781
v -13.2958 1.70297 38.2176
v -13.3251 1.56629 38.172
v -12.6634 1.87959 37.7245
v -13.3544 1.4296 38.1263
v -13.6562 1.40031 38.3969
v -12.3908 1.7722 37.4083
v -12.4199 1.64484 37.3614
v -12.449 1.51748 37.3145
v -13.3836 1.29291 38.0807
v -13.6855 1.26051 38.3517
v -14.3777 0.757661 38.7603
v -14.6797 0.715932 39.0325
v -14.3187 1.04969 38.8492
v -13.6268 1.5401 38.4422
v -14.0462 0.942296 38.5329
v -14.0168 1.0852 38.5778
v -15.0114 0.52197 39.261
v -13.8029 0.701324 38.1706
v -13.9874 1.22811 38.6227
v -13.958 1.37101 38.6675
v -13.7735 0.841121 38.2159
v -13.7442 0.980917 38.2611
v -13.7148 1.12071 38.3064
v -13.9166 -0.302293 37.8539
v -13.2654 0.242608 37.4412
v -13.2821 0.10551 37.3951
v -13.5501 0.325455 37.7611
v -13.5831 0.044982 37.6698
v -13.5996 -0.095254 37.6241
v -13.8516 0.271203 38.0349
v -13.2487 0.379707 37.4872
v -13.232 0.516805 37.5333
v -12.9472 0.433958 37.2134
v -12.9303 0.567919 37.2599
v -12.6115 0.749856 37.0333
v -12.6286 0.619033 36.9865
v -13.5666 0.185218 37.7154
v -12.6457 0.48821 36.9396
v -14.4862 -0.1366 38.4936
v -14.1851 -0.076072 38.219
v -14.2012 -0.222584 38.1742
v -14.2172 -0.369096 38.1293
v -14.2332 -0.515607 38.0845
v -14.1691 0.070439 38.2639
v -13.5172 0.605927 37.8524
v -13.5337 0.465691 37.8067
v -13.2153 0.653903 37.5794
v -14.5178 -0.435899 38.4048
v -14.5336 -0.585548 38.3603
v -13.9004 -0.158919 37.8991
v -13.8841 -0.015545 37.9444
v -14.7872 -0.197127 38.7683
v -13.8679 0.127829 37.9896
v -15.1036 -0.41358 38.9993
v -15.0882 -0.257655 39.0429
v -15.4347 -0.79537 39.1879
v -14.8028 -0.349914 38.7242
v -15.119 -0.569505 38.9556
v -15.1343 -0.72543 38.912
v -15.4196 -0.636308 39.2311
v -15.4044 -0.477245 39.2743
v -14.834 -0.655489 38.6362
v -15.4499 -0.954433 39.1446
v -15.1497 -0.881354 38.8684
v -14.1371 0.363462 38.3535
v -14.1531 0.216951 38.3087
v -14.4546 0.162699 38.5825
v -14.4704 0.01305 38.5381
v -12.7799 1.35772 37.5387
v -12.8964 0.83584 37.3528
v -13.1986 0.791001 37.6254
v -13.1694 0.92458 37.6715
v -12.5943 0.880678 37.0802
v -12.478 1.39012 37.2677
v -12.8673 0.966309 37.3993
v -12.9134 0.701879 37.3063
v -12.8382 1.09678 37.4457
v -12.809 1.22725 37.4922
v -12.5071 1.26276 37.2208
v -12.5362 1.1354 37.1739
v -12.5652 1.00804 37.1271
v -13.111 1.19174 37.7636
v -13.4715 0.88285 37.9437
v -14.105 0.656485 38.4432
v -13.4422 1.01954 37.9893
v -13.4129 1.15623 38.035
v -14.7716 -0.04434 38.8123
v -14.756 0.108447 38.8563
v -14.0756 0.799391 38.4881
v -13.5007 0.746163 37.898
v -13.1402 1.05816 37.7175
v -14.4387 0.312348 38.627
v -14.4071 0.611647 38.7158
v -14.121 0.509974 38.3984
v -14.7093 0.566808 38.9884
v -15.0575 0.054195 39.1302
v -13.8191 0.55795 38.1254
v -13.8354 0.414577 38.0801
v -15.3135 0.477131 39.5336
v -14.9818 0.674202 39.3047
v -14.3482 0.903676 38.8047
v -14.6502 0.865055 39.0765
v -15.0421 0.21012 39.1738
v -15.3287 0.318069 39.4904
v -15.3438 0.159006 39.4472
v -15.359 -5.7e-05 39.404
v -15.3741 -0.15912 39.3607
v -15.3893 -0.318182 39.3175
v -14.7404 0.261234 38.9004
v -14.7248 0.414021 38.9444
v -14.4229 0.461998 38.6714
v -15.0268 0.366045 39.2174
v -15.0729 -0.10173 39.0865
v -4.76802 -13.59 31.1748
v -4.53249 -14.0578 31.4083
v -4.81816 -13.9434 31.5012
v -5.16454 -13.3842 31.3154
v -4.28256 -14.5287 31.6436
v -4.57543 -14.4128 31.7356
v -4.72186 -14.3549 31.7815
v -4.38965 -14.115 31.3619
v -4.67532 -14.0006 31.4547
v -4.35031 -13.7592 31.0342
v -4.62878 -13.6464 31.128
v -4.48955 -13.7028 31.0811
v -4.90019 -13.5214 31.2217
v -5.03237 -13.4528 31.2686
v -5.29672 -13.3156 31.3623
v -3.96115 -14.2865 31.2227
v -4.21108 -13.8155 30.9874
v -3.89313 -15.4204 32.1647
v -4.13612 -14.5867 31.5977
v -3.98969 -14.6446 31.5517
v -3.84325 -14.7026 31.5057
v -4.16826 -14.944 31.9262
v -4.01823 -15.0028 31.8807
v -3.86819 -15.0615 31.8352
v -3.71816 -15.1202 31.7897
v -4.04677 -15.3609 32.2097
v -4.24682 -14.1721 31.3155
v -4.10398 -14.2293 31.2691
v -4.07184 -13.8719 30.9405
v -3.9326 -13.9283 30.8936
v -3.13928 -17.4845 33.5981
v -3.31771 -17.4369 33.6409
v -3.78218 -16.1993 32.7795
v -3.45401 -16.3066 32.6912
v -3.28667 -16.3528 32.647
v -3.46805 -16.6675 33.022
v -3.29702 -16.7142 32.9783
v -3.12598 -16.7608 32.9346
v -3.4821 -17.0285 33.3528
v -3.30736 -17.0755 33.3096
v -3.43996 -15.9457 32.3603
v -3.42592 -15.5847 32.0295
v -3.13263 -17.1226 33.2664
v -3.58587 -15.5394 32.0746
v -3.63909 -16.6209 33.0657
v -3.80353 -16.559 33.1094
v -3.82487 -16.9188 33.4393
v -3.9929 -16.8561 33.4826
v -4.16093 -16.7935 33.5259
v -4.497 -16.6682 33.6124
v -3.67458 -17.3419 33.7265
v -4.53274 -17.0248 33.9405
v -4.3611 -17.0882 33.8977
v -4.18947 -17.1516 33.8549
v -4.01784 -17.215 33.8121
v -3.84621 -17.2785 33.7693
v -3.49614 -17.3894 33.6837
v -3.65683 -16.9814 33.3961
v -3.96796 -16.4972 33.1531
v -4.13239 -16.4353 33.1968
v -4.42899 -14.4708 31.6896
v -3.60361 -15.8999 32.4049
v -4.07531 -15.719 32.5388
v -3.62135 -16.2604 32.7353
v -4.23254 -15.6587 32.5834
v -3.94302 -16.1383 32.8236
v -4.38978 -15.5985 32.628
v -3.7395 -15.4799 32.1196
v -4.2004 -15.3014 32.2548
v -4.35404 -15.2419 32.2999
v -3.76084 -15.8396 32.4496
v -4.26468 -16.0161 32.912
v -4.10385 -16.0772 32.8678
v -4.3183 -14.8853 31.9717
v -4.46833 -14.8266 32.0173
v -3.25562 -15.2686 31.6532
v -2.93721 -14.6336 30.8978
v -3.24527 -14.9072 31.3219
v -2.78761 -15.0403 31.184
v -3.09937 -15.3134 31.6077
v -2.78613 -15.7658 31.8493
v -3.09272 -14.9516 31.2759
v -2.94016 -14.9959 31.2299
v -2.94312 -15.3582 31.5622
v -3.08607 -14.5897 30.9442
v -3.23492 -14.5458 30.9906
v -3.07942 -14.2279 30.6124
v -3.22458 -14.1844 30.6593
v -3.36974 -14.141 30.7062
v -2.78687 -15.4031 31.5166
v -3.27632 -15.9914 32.3157
v -3.53264 -14.458 31.0834
v -3.55038 -14.8185 31.4138
v -3.41187 -15.2238 31.6987
v -3.65413 -14.0411 30.7999
v -3.79337 -13.9847 30.8468
v -3.56812 -15.179 31.7442
v -3.81831 -14.3436 31.1762
v -3.26597 -15.63 31.9844
v -3.5149 -14.0975 30.753
v -3.69682 -14.7605 31.4598
v -3.67547 -14.4008 31.1298
v -3.91807 -15.7793 32.4942
v -3.39783 -14.8628 31.3678
v -3.38378 -14.5019 31.037
v -1.70119 -17.8315 33.256
v -1.88494 -17.8006 33.2987
v -2.42556 -17.6746 33.427
v -2.0687 -17.7696 33.3415
v -2.78539 -16.1285 32.182
v -2.94903 -16.0828 32.2266
v -1.51744 -17.8624 33.2132
v -2.30628 -15.9016 31.7141
v -1.94282 -16.7066 32.2939
v -2.25896 -17.358 33.0502
v -2.94607 -15.7205 31.8943
v -3.10602 -15.6753 31.9394
v -2.08422 -17.4051 33.007
v -2.28262 -16.6298 32.3822
v -2.61287 -16.9007 32.8036
v -2.95494 -16.8074 32.8909
v -2.43369 -17.3109 33.0934
v -2.60843 -17.2639 33.1367
v -2.78316 -17.2168 33.1799
v -2.9579 -17.1697 33.2231
v -2.24713 -17.7221 33.3842
v -2.60399 -17.6271 33.4698
v -2.78242 -17.5795 33.5126
v -2.96085 -17.532 33.5553
v -2.78464 -16.4913 32.5146
v -2.44183 -16.9473 32.7599
v -2.95199 -16.4451 32.5588
v -3.11267 -16.0371 32.2711
v -2.7839 -16.854 32.8473
v -3.11933 -16.3989 32.6029
v -2.4581 -16.22 32.0928
v -2.62174 -16.1743 32.1374
v -2.46623 -15.8563 31.7592
v -2.09975 -17.0405 32.6725
v -2.63062 -15.4479 31.4711
v -2.62618 -15.8111 31.8042
v -1.92353 -17.0712 32.6288
v -1.90423 -17.4359 32.9638
v -2.27079 -16.9939 32.7162
v -2.11528 -16.676 32.338
v -2.13081 -16.3114 32.0036
v -2.44996 -16.5836 32.4263
v -2.6173 -16.5375 32.4705
v -2.14634 -15.9469 31.6691
v -2.29445 -16.2657 32.0482
v -0.217174 -15.9001 30.7887
v 0.349193 -16.3097 30.9936
v 0.180672 -16.2948 31.0386
v 0.012151 -16.2798 31.0837
v -0.156371 -16.2649 31.1287
v 0.11227 -15.9304 30.6977
v -0.052452 -15.9152 30.7432
v -0.399582 -14.8056 29.7688
v -0.552905 -14.7897 29.8157
v -0.117055 -15.5506 30.4028
v -0.277977 -15.5352 30.4487
v -0.438898 -15.5198 30.4947
v -0.181657 -15.186 30.0624
v -0.338779 -15.1704 30.1088
v -0.495902 -15.1548 30.1552
v -1.30918 -14.6682 30.05
v -1.07555 -15.4288 30.6785
v -1.27107 -15.0334 30.3872
v -0.918148 -15.4589 30.6325
v -1.11743 -15.0634 30.3408
v -0.859549 -14.7579 29.9094
v -0.963788 -15.0935 30.2944
v -0.760742 -15.489 30.5866
v -0.810146 -15.1235 30.248
v -0.59982 -15.5044 30.5406
v -0.653024 -15.1391 30.2016
v -0.706227 -14.7738 29.8625
v -1.00943 -14.728 29.9563
v -1.15931 -14.6981 30.0031
v -1.45906 -14.6383 30.0969
v 0.638002 -17.7662 32.3591
v 0.335164 -18.1028 32.7858
v 0.522684 -18.1166 32.7431
v 0.270561 -17.7382 32.4454
v 0.710204 -18.1303 32.7004
v 0.454282 -17.7522 32.4022
v -0.095568 -16.6298 31.4687
v 0.076753 -16.6444 31.4241
v -0.034765 -16.9946 31.8086
v 0.141356 -17.009 31.7645
v 0.317477 -17.0235 31.7204
v 0.026038 -17.3594 32.1486
v 0.205959 -17.3736 32.105
v 0.385879 -17.3878 32.0613
v 0.086841 -17.7243 32.4886
v -0.908051 -16.8901 32.0292
v -0.333804 -17.331 32.2359
v -0.73559 -16.9207 31.9851
v -0.039877 -18.0754 32.8713
v -0.68995 -17.2861 32.3232
v -0.227397 -18.0616 32.914
v -0.64431 -17.6516 32.6613
v -0.59867 -18.017 32.9995
v -0.414917 -18.0479 32.9567
v -0.464321 -17.6824 32.6181
v -0.513724 -17.3168 32.2795
v -0.563128 -16.9513 31.9409
v 0.147643 -18.0891 32.8286
v -0.09688 -17.7103 32.5318
v -0.2806 -17.6963 32.5749
v -0.826869 -16.1898 31.3088
v -0.781229 -16.5552 31.6469
v -0.612532 -16.5857 31.6024
v -0.661935 -16.2202 31.2638
v -0.711339 -15.8546 30.9252
v -0.381895 -15.8849 30.8342
v -0.546617 -15.8698 30.8797
v -0.493414 -16.2351 31.2187
v -0.324892 -16.25 31.1737
v -0.872508 -15.8243 30.9707
v -0.44021 -16.6004 31.5578
v -0.267889 -16.6151 31.5132
v -0.387007 -16.9657 31.8968
v -0.210886 -16.9801 31.8527
v -0.153883 -17.3452 32.1923
v -2.20845 -14.4887 30.3312
v -2.0007 -15.6126 31.2891
v -2.03928 -14.8832 30.6193
v -1.88564 -14.9133 30.5729
v -1.732 -14.9433 30.5265
v -2.01999 -15.2479 30.9542
v -1.86258 -15.2781 30.9083
v -1.70518 -15.3082 30.8623
v -1.67836 -15.6731 31.1981
v -1.83953 -15.6428 31.2436
v -2.17739 -15.2178 31.0002
v -1.75882 -14.5784 30.1906
v -1.9087 -14.5485 30.2375
v -2.05857 -14.5186 30.2843
v -2.19292 -14.8532 30.6657
v -1.42471 -15.0034 30.4336
v -1.54777 -15.3383 30.8163
v -1.60894 -14.6083 30.1437
v -1.19485 -15.7638 31.0617
v -1.35602 -15.7336 31.1072
v -1.51719 -15.7033 31.1526
v -1.03368 -15.7941 31.0162
v -0.991802 -16.1594 31.3538
v -1.57835 -14.9733 30.48
v -1.11862 -16.4943 31.7361
v -0.949927 -16.5248 31.6915
v -1.15674 -16.1291 31.3989
v -1.32167 -16.0987 31.4439
v -1.39037 -15.3685 30.7704
v -1.23296 -15.3986 30.7244
v -2.31812 -15.5375 31.3801
v -2.16187 -15.5823 31.3346
v -2.78909 -14.3148 30.5187
v -2.63506 -15.0847 31.138
v -2.4825 -15.129 31.0921
v -2.32995 -15.1734 31.0461
v -2.93425 -14.2714 30.5656
v -2.47437 -15.4927 31.4256
v -2.35361 -14.4452 30.3781
v -2.49877 -14.4017 30.4249
v -2.64393 -14.3583 30.4718
v -2.49064 -14.7654 30.7585
v -2.6395 -14.7215 30.8049
v -2.78835 -14.6776 30.8513
v -2.34178 -14.8093 30.7121
v -1.45602 -16.4333 31.8253
v -1.28732 -16.4638 31.7807
v -1.4866 -16.0683 31.489
v -1.42544 -16.7983 32.1616
v -1.25297 -16.8289 32.1174
v -1.08051 -16.8595 32.0733
v -1.65154 -16.038 31.534
v -0.782424 -17.9861 33.0422
v -0.966177 -17.9552 33.085
v -1.21863 -17.194 32.4542
v -0.824299 -17.6207 32.7045
v -1.00429 -17.5899 32.7477
v -1.18428 -17.5591 32.791
v -0.866175 -17.2554 32.3669
v -1.0424 -17.2247 32.4105
v -1.36427 -17.5283 32.8342
v -1.81647 -16.0076 31.579
v -1.72425 -17.4667 32.9206
v -1.39485 -17.1633 32.4979
v -1.96211 -16.3419 31.959
v -1.62472 -16.4029 31.8698
v -1.54426 -17.4975 32.8774
v -1.79341 -16.3724 31.9144
v -1.14993 -17.9242 33.1277
v -1.5979 -16.7677 32.2057
v -1.33368 -17.8933 33.1705
v -1.77036 -16.7372 32.2498
v -1.9814 -15.9772 31.6241
v -1.7473 -17.1019 32.5852
v -1.57108 -17.1326 32.5415
v 3.46493 -15.5089 29.3922
v 3.47688 -15.1442 28.9951
v 3.48064 -14.7667 28.5971
v 3.16889 -14.8079 28.6908
v 3.62867 -15.4937 29.3462
v 3.78046 -15.8432 29.6974
v 3.93226 -16.1928 30.0485
v 3.76097 -16.2098 30.0935
v 3.0127 -14.8212 28.7377
v 2.8565 -14.8344 28.7846
v 4.10265 -16.1595 30.0035
v 3.94715 -15.8113 29.6519
v 3.15694 -15.1726 29.0879
v 3.32509 -14.7947 28.644
v 3.79541 -15.0855 28.9023
v 2.70031 -14.8476 28.8314
v 2.54411 -14.8609 28.8783
v 2.38792 -14.8741 28.9252
v 2.837 -15.201 29.1807
v 2.23172 -14.8873 28.972
v 3.27792 -15.8915 29.8338
v 3.1104 -15.9076 29.8792
v 2.94288 -15.9237 29.9247
v 2.67704 -15.2151 29.2271
v 3.13745 -15.5391 29.484
v 2.9737 -15.5543 29.53
v 2.80996 -15.5694 29.5759
v 2.64622 -15.5846 29.6218
v 2.99697 -15.1868 29.1343
v 2.51707 -15.2293 29.2735
v 5.28037 -17.4368 31.2806
v 5.44701 -17.7811 31.6336
v 5.25806 -17.8209 31.6763
v 5.06911 -17.8607 31.7189
v 4.25816 -16.5077 30.3551
v 4.23584 -16.8918 30.7508
v 4.08405 -16.5423 30.3996
v 4.41366 -16.8559 30.7067
v 4.59147 -16.82 30.6627
v 4.56916 -17.2041 31.0583
v 4.75069 -17.1669 31.0147
v 4.93221 -17.1297 30.9712
v 5.11374 -17.0925 30.9276
v 4.9099 -17.5138 31.3668
v 5.09514 -17.4753 31.3237
v 4.38763 -17.2413 31.1019
v 4.53943 -17.5908 31.453
v 4.72466 -17.5523 31.4099
v 4.69122 -17.9403 31.8041
v 3.73392 -16.5783 30.4887
v 3.44543 -15.8754 29.7883
v 4.057 -16.9107 30.7948
v 3.90899 -16.5603 30.4441
v 3.55886 -16.5962 30.5332
v 3.58968 -16.2268 30.1385
v 3.30119 -15.524 29.4381
v 3.41839 -16.2439 30.1835
v 3.61295 -15.8593 29.7428
v 4.88017 -17.9005 31.7615
v 4.50106 -17.9621 31.8468
v 4.20502 -17.2612 31.1455
v 3.98028 -17.6533 31.5824
v 4.02241 -17.2811 31.1891
v 3.8398 -17.301 31.2327
v 4.16666 -17.6325 31.5393
v 3.65719 -17.3209 31.2763
v 4.35304 -17.6117 31.4961
v 3.87817 -16.9297 30.8389
v 3.69933 -16.9486 30.8829
v 3.52049 -16.9676 30.927
v 3.34166 -16.9865 30.9711
v 3.3838 -16.6142 30.5777
v 3.2471 -16.2609 30.2285
v 3.07581 -16.278 30.2735
v 4.3109 -17.9839 31.8895
v 6.2028 -17.6218 31.4631
v 6.57776 -17.5242 31.3779
v 6.01385 -17.6616 31.5058
v 5.8249 -17.7014 31.5484
v 6.39174 -17.582 31.4205
v 5.63595 -17.7412 31.591
v 6.20656 -17.2442 31.0651
v 4.43226 -16.4731 30.3106
v 6.02132 -17.2827 31.1082
v 5.83608 -17.3213 31.1513
v 5.65085 -17.3598 31.1944
v 5.83985 -16.9437 30.7533
v 5.65832 -16.9809 30.7969
v 5.65837 -16.6046 30.3984
v 4.76929 -16.7841 30.6186
v 6.01137 -16.5159 30.3104
v 6.02137 -16.9065 30.7098
v 5.4769 -16.2656 30.0435
v 5.82257 -16.1799 29.9545
v 5.651 -16.231 29.999
v 6.18655 -16.4631 30.2663
v 6.20017 -16.852 30.6662
v 6.37896 -16.7975 30.6227
v 6.38897 -17.1881 31.0221
v 6.57137 -17.132 30.979
v 5.30279 -16.3002 30.088
v 5.29542 -15.9265 29.6886
v 5.83619 -16.5688 30.3544
v 6.76378 -17.4664 31.3353
v 5.46582 -15.8933 29.6436
v 4.91027 -14.88 28.5775
v 4.93248 -15.2484 28.9788
v 4.7695 -15.2791 29.0247
v 4.60653 -15.3098 29.0707
v 4.751 -14.9094 28.6239
v 4.59174 -14.9387 28.6703
v 4.43247 -14.9681 28.7167
v 4.27321 -14.9975 28.7631
v 5.11395 -15.5875 29.3337
v 4.41397 -14.5984 28.3159
v 4.25842 -14.6264 28.3628
v 4.10286 -14.6545 28.4096
v 4.78424 -16.0264 29.8236
v 4.95463 -15.9931 29.7786
v 5.12869 -16.3348 30.1325
v 4.11394 -15.0268 28.8095
v 4.78047 -16.4039 30.2216
v 3.6362 -14.7386 28.5502
v 3.79175 -14.7106 28.5034
v 3.94731 -14.6825 28.4565
v 5.12492 -16.7123 30.5305
v 3.63614 -15.1149 28.9487
v 3.95468 -15.0562 28.8559
v 5.47679 -17.0181 30.8405
v 3.79165 -15.4631 29.3003
v 3.95462 -15.4324 29.2544
v 4.1176 -15.4017 29.2084
v 3.31691 -15.1584 29.0415
v 4.11383 -15.7793 29.6064
v 4.44721 -15.7154 29.5155
v 4.61389 -15.6834 29.4701
v 4.28057 -15.3711 29.1625
v 4.27305 -16.1262 29.9585
v 4.44344 -16.0929 29.9135
v 4.61384 -16.0597 29.8686
v 4.44355 -15.3404 29.1166
v 4.28052 -15.7473 29.561
v 5.12503 -15.9598 29.7336
v 4.95458 -16.3694 30.1771
v 5.46561 -17.3983 31.2375
v 5.29527 -17.0553 30.884
v 5.48056 -16.6405 30.4425
v 5.30274 -16.6764 30.4865
v 4.94711 -16.7482 30.5746
v 4.60637 -16.4385 30.2661
v 2.10597 -15.9884 30.152
v 2.22 -16.347 30.4985
v 1.93912 -15.9887 30.1975
v 1.77227 -15.989 30.243
v 1.99194 -15.6297 29.8056
v 1.82889 -15.6294 29.8515
v 1.40018 -15.2685 29.5983
v 1.55943 -15.2693 29.5519
v 1.66585 -15.6292 29.8974
v 1.453 -14.9095 29.2064
v 1.60845 -14.9109 29.1595
v 1.76389 -14.9124 29.1126
v 1.5028 -15.6289 29.9434
v 1.87792 -15.271 29.4591
v 1.71867 -15.2702 29.5055
v 2.56194 -16.3291 30.4085
v 2.77537 -15.9398 29.9701
v 2.60785 -15.9559 30.0156
v 2.31873 -15.6148 29.7137
v 2.73323 -16.312 30.3635
v 2.44034 -15.9719 30.0611
v 2.48248 -15.5997 29.6678
v 2.3571 -15.2435 29.3199
v 2.19713 -15.2577 29.3663
v 2.90452 -16.295 30.3185
v 2.07552 -14.9006 29.0189
v 2.27282 -15.988 30.1065
v 2.15499 -15.63 29.7596
v 2.03716 -15.2719 29.4127
v 1.91933 -14.9138 29.0658
v 3.23474 -17.7367 31.7549
v 3.74043 -18.0493 32.0174
v 3.93059 -18.0275 31.9748
v 4.12075 -18.0057 31.9321
v 3.79389 -17.6742 31.6255
v 3.60751 -17.695 31.6686
v 3.42112 -17.7159 31.7118
v 2.85861 -16.6682 30.7113
v 3.47458 -17.3408 31.3198
v 3.29197 -17.3607 31.3634
v 3.16282 -17.0054 31.0151
v 2.98399 -17.0244 31.0592
v 3.20873 -16.6322 30.6223
v 3.03367 -16.6502 30.6668
v 3.55028 -18.0711 32.0601
v 2.04934 -16.348 30.5435
v 1.87869 -16.3489 30.5885
v 2.44805 -17.0644 31.1914
v 3.10936 -17.3805 31.407
v 2.92675 -17.4004 31.4506
v 2.39065 -16.3461 30.4535
v 2.80515 -17.0433 31.1032
v 2.50848 -16.7042 30.8004
v 2.62631 -17.0623 31.1473
v 1.60542 -15.9894 30.2884
v 1.98511 -16.7087 30.934
v 2.15957 -16.7072 30.8895
v 2.33402 -16.7057 30.8449
v 1.70803 -16.3498 30.6335
v 2.68355 -16.6862 30.7559
v 2.67611 -17.7817 31.8843
v 2.49024 -17.785 31.9274
v 3.36012 -18.0929 32.1027
v 2.86197 -17.7784 31.8411
v 2.56208 -17.423 31.5378
v 3.04836 -17.7576 31.798
v 2.38001 -17.4257 31.5815
v 2.9798 -18.1365 32.1881
v 2.26979 -17.0665 31.2355
v 2.09153 -17.0686 31.2795
v 2.41079 -18.1482 32.3161
v 2.74414 -17.4203 31.4942
v 2.60046 -18.1443 32.2734
v 2.79013 -18.1404 32.2308
v 3.16996 -18.1147 32.1454
v 0.204789 -15.5814 30.3109
v 0.276991 -15.9456 30.6523
v 0.289709 -15.2329 29.9231
v 0.213707 -14.869 29.5813
v -0.024535 -15.2017 30.016
v 0.132587 -15.2173 29.9695
v 0.060385 -14.8532 29.6282
v -0.092938 -14.8373 29.6751
v -0.24626 -14.8214 29.7219
v 0.606435 -15.9759 30.5613
v 0.441713 -15.9607 30.6068
v 0.526633 -15.6122 30.219
v 0.365711 -15.5968 30.265
v 0.043867 -15.566 30.3569
v 0.771156 -15.991 30.5158
v 1.10486 -15.9904 30.4249
v 0.938008 -15.9907 30.4703
v 0.687555 -15.6276 30.1731
v 0.446831 -15.2486 29.8767
v 1.1767 -15.6284 30.0353
v 1.01365 -15.6281 30.0812
v 0.850603 -15.6279 30.1271
v 0.367029 -14.8849 29.5345
v 1.02541 -16.3535 30.8135
v 1.19607 -16.3526 30.7685
v 0.922444 -15.2659 29.7375
v 0.763198 -15.2651 29.7839
v 0.520352 -14.9008 29.4876
v 1.28727 -16.7148 31.1122
v 0.603953 -15.2642 29.8303
v 1.36672 -16.3517 30.7235
v 1.53738 -16.3507 30.6785
v 1.63619 -16.7118 31.0231
v 1.81065 -16.7103 30.9786
v 1.46173 -16.7133 31.0677
v 1.08169 -15.2668 29.6911
v 1.27171 -15.99 30.3794
v 1.33975 -15.6287 29.9893
v 1.43856 -15.9897 30.3339
v 1.29756 -14.908 29.2533
v 1.24093 -15.2676 29.6447
v 1.14212 -14.9066 29.3001
v 0.986678 -14.9051 29.347
v 0.831236 -14.9037 29.3939
v 0.675794 -14.9022 29.4407
v 1.73501 -17.0728 31.3677
v 1.91327 -17.0707 31.3236
v 2.22112 -18.152 32.3588
v 2.03145 -18.1559 32.4015
v 1.46969 -17.4393 31.7995
v 1.65176 -17.4366 31.7559
v 1.83382 -17.4339 31.7123
v 2.01588 -17.4311 31.6687
v 2.19795 -17.4284 31.6251
v 1.74677 -17.7982 32.1001
v 1.93264 -17.7949 32.0569
v 2.1185 -17.7916 32.0138
v 2.30437 -17.7883 31.9706
v 1.37848 -17.077 31.4559
v 1.55675 -17.0749 31.4118
v 0.766038 -16.7032 31.2459
v 0.84584 -17.0668 31.5881
v 1.10556 -17.4447 31.8868
v 1.02196 -17.0813 31.544
v 0.938359 -16.7179 31.2013
v 1.5609 -17.8015 32.1432
v 1.37503 -17.8048 32.1864
v 1.65211 -18.1637 32.4869
v 0.854758 -16.3544 30.8586
v 0.517715 -16.3246 30.9486
v 0.686236 -16.3395 30.9036
v 1.11282 -16.7163 31.1567
v 1.28763 -17.442 31.8432
v 1.84178 -18.1598 32.4442
v 1.20022 -17.0792 31.4999
v 0.249074 -16.6591 31.3795
v 1.00544 -17.7941 32.2727
v 0.421396 -16.6738 31.335
v 0.593717 -16.6885 31.2904
v 0.493598 -17.0379 31.6763
v 0.669719 -17.0524 31.6322
v 0.5658 -17.4021 32.0177
v 0.745721 -17.4163 31.9741
v 0.925641 -17.4305 31.9304
v 0.821723 -17.7801 32.3159
v 1.18916 -17.8081 32.2295
v 0.897725 -18.144 32.6577
v 1.08525 -18.1578 32.615
v 1.46244 -18.1676 32.5296
v 1.27276 -18.1715 32.5723
v -12.658 -10.6947 36.4721
v -12.4615 -10.9769 36.3861
v -12.3561 -11.1141 36.3431
v -12.2508 -11.2513 36.3001
v -12.1454 -11.3885 36.2571
v -12.0401 -11.5256 36.2141
v -12.5668 -10.8397 36.429
v -12.0406 -10.4572 35.78
v -12.251 -10.7171 36.083
v -12.1482 -10.8518 36.0396
v -12.0453 -10.9866 35.9962
v -12.4428 -10.4398 36.1699
v -11.9424 -11.1214 35.9528
v -11.8396 -11.2562 35.9094
v -12.3539 -10.5823 36.1264
v -11.1304 -10.0533 34.7355
v -11.5243 -10.0651 35.1292
v -11.6197 -9.93746 35.174
v -11.7322 -10.3273 35.4327
v -11.2892 -9.29488 34.6135
v -11.5022 -9.55236 34.9161
v -11.7151 -9.80983 35.2187
v -11.928 -10.0673 35.5213
v -11.2234 -9.92809 34.7806
v -11.0375 -10.1786 34.6904
v -11.6343 -10.4574 35.3884
v -11.8301 -10.1973 35.477
v -11.9402 -10.5896 35.7362
v -11.3163 -9.80284 34.8258
v -11.4092 -9.6776 34.8709
v -10.7927 -8.27876 33.7994
v -11.3786 -8.52942 34.4949
v -11.303 -8.65642 34.4489
v -10.8638 -8.15692 33.8463
v -11.2274 -8.78341 34.4029
v -11.1519 -8.91041 34.3569
v -11.5226 -8.90616 34.7502
v -11.7422 -9.15591 35.0515
v -11.006 -7.91323 33.94
v -10.9349 -8.03507 33.8932
v -10.9367 -8.65551 34.0547
v -11.0101 -8.53109 34.1012
v -11.0834 -8.40667 34.1476
v -11.1567 -8.28225 34.1941
v -11.0763 -9.03741 34.3109
v -12.2086 -9.00149 35.487
v -11.8223 -9.02376 35.0967
v -11.9823 -8.75947 35.187
v -11.0771 -7.79138 33.9869
v -11.6004 -8.77659 34.7958
v -11.6782 -8.64702 34.8414
v -11.756 -8.51745 34.887
v -11.4501 -7.78456 34.3798
v -11.3034 -8.0334 34.2869
v -11.2301 -8.15783 34.2405
v -11.4541 -8.40242 34.541
v -11.3768 -7.90898 34.3334
v -11.5297 -8.27543 34.587
v -11.6809 -8.02143 34.679
v -11.6053 -8.14843 34.633
v -12.0441 -9.27094 35.3976
v -11.8796 -9.54039 35.3081
v -11.9619 -9.40566 35.3529
v -11.6622 -9.28806 35.0064
v -12.2277 -10.1849 35.8677
v -12.3144 -10.045 35.9116
v -12.4011 -9.90516 35.9555
v -12.0125 -9.93001 35.5656
v -12.097 -9.79271 35.6099
v -12.1409 -10.3248 35.8239
v -12.1815 -9.65541 35.6542
v -11.7973 -9.67511 35.2634
v -11.4448 -9.03574 34.7047
v -11.367 -9.16531 34.6591
v -11.5822 -9.42021 34.9612
v -11.2428 -10.9774 35.2113
v -11.3406 -10.8474 35.2556
v -11.4385 -10.7174 35.2999
v -11.8398 -10.722 35.6923
v -11.7394 -10.8544 35.6485
v -11.6391 -10.9868 35.6046
v -11.5364 -10.5874 35.3441
v -11.4383 -11.2516 35.5169
v -11.5387 -11.1192 35.5608
v -11.7367 -11.391 35.8659
v -11.4289 -10.1927 35.0845
v -11.3334 -10.3204 35.0398
v -11.238 -10.448 34.9951
v -11.8294 -11.8 36.1281
v -11.9347 -11.6628 36.1711
v -11.2375 -11.5164 35.4292
v -11.381 -12.3302 35.9562
v -11.4999 -12.2023 35.9992
v -11.724 -11.9372 36.0851
v -11.4281 -11.7954 35.7357
v -11.312 -11.9212 35.6923
v -11.047 -11.2375 35.1227
v -11.1241 -11.64 35.3854
v -11.1449 -11.1074 35.167
v -11.531 -11.6606 35.7791
v -11.6338 -11.5258 35.8225
v -11.3379 -11.384 35.4731
v -11.6187 -12.0744 36.0422
v -11.0472 -10.7032 34.9057
v -11.1426 -10.5756 34.9504
v -10.5675 -8.63815 33.6588
v -10.6069 -9.13417 33.869
v -10.4015 -8.86953 33.5651
v -10.4845 -8.75384 33.612
v -10.7779 -8.89801 33.9619
v -10.6924 -9.01609 33.9154
v -11.0179 -9.66345 34.4768
v -11.1083 -9.54059 34.5223
v -11.1988 -9.41774 34.5679
v -10.7216 -8.40061 33.7526
v -10.8634 -8.77993 34.0083
v -10.8124 -9.39881 34.1729
v -10.9004 -9.27834 34.2189
v -10.9883 -9.15787 34.2649
v -10.6505 -8.52245 33.7057
v -10.6561 -10.1549 34.2945
v -10.8564 -10.9585 34.8163
v -10.6658 -10.6795 34.5098
v -10.4752 -10.4006 34.2033
v -10.0695 -9.33231 33.3776
v -9.98649 -9.448 33.3308
v -10.7484 -11.0777 34.7716
v -10.2846 -10.1216 33.8968
v -10.4606 -9.88068 33.9889
v -10.265 -9.6065 33.6832
v -10.1795 -9.72458 33.6368
v -10.7587 -10.5543 34.5549
v -10.5606 -10.7966 34.4647
v -10.3726 -10.0012 33.9428
v -10.5657 -10.2777 34.2489
v -10.3185 -8.98523 33.5182
v -10.837 -9.90916 34.3856
v -10.9275 -9.78631 34.4312
v -10.2355 -9.10092 33.4714
v -10.1525 -9.21661 33.4245
v -10.5485 -9.76021 34.0349
v -10.7466 -10.032 34.34
v -10.5215 -9.25225 33.8226
v -10.9518 -10.8309 34.861
v -10.6365 -9.63974 34.0809
v -10.7245 -9.51928 34.1269
v -10.3505 -9.48841 33.7297
v -10.436 -9.37033 33.7761
v -10.9446 -10.3038 34.6452
v -10.8517 -10.4291 34.6001
v -9.7857 -10.6852 33.6668
v -9.96267 -10.9751 33.9755
v -9.86015 -11.09 33.9299
v -9.75764 -11.2049 33.8844
v -9.58612 -10.9107 33.5748
v -9.68591 -10.798 33.6208
v -9.88549 -10.5725 33.7128
v -9.43177 -10.1056 33.0496
v -9.52611 -9.99721 33.0964
v -9.62046 -9.88883 33.1433
v -9.7148 -9.78045 33.1902
v -9.51167 -10.506 33.3118
v -9.60873 -10.3954 33.3582
v -9.80287 -10.1743 33.4511
v -9.7058 -10.2849 33.4046
v -9.80915 -9.67207 33.237
v -10.2449 -11.1478 34.3293
v -10.3501 -11.0308 34.3744
v -10.4553 -10.9137 34.4195
v -10.0941 -9.84266 33.5904
v -10.0652 -10.8602 34.0211
v -10.1677 -10.7453 34.0666
v -10.2702 -10.6304 34.1122
v -10.3727 -10.5155 34.1578
v -9.90349 -9.56369 33.2839
v -9.98528 -10.4598 33.7589
v -10.0851 -10.3471 33.8048
v -9.997 -9.95321 33.5439
v -10.1849 -10.2343 33.8508
v -9.89994 -10.0638 33.4975
v -10.3303 -12.5052 35.0786
v -10.2169 -12.6288 35.0348
v -9.99273 -11.9125 34.4587
v -10.1007 -11.7932 34.5034
v -10.2086 -11.674 34.5481
v -10.383 -12.9273 35.3452
v -10.0508 -12.3302 34.7244
v -10.1396 -11.2649 34.2841
v -10.0344 -11.382 34.239
v -9.92916 -11.499 34.1939
v -9.82393 -11.6161 34.1487
v -10.2544 -13.0427 35.3018
v -10.4175 -13.3432 35.6126
v -10.2722 -12.0874 34.8129
v -10.1615 -12.2088 34.7686
v -10.8256 -11.4803 35.0342
v -10.7149 -11.6017 34.99
v -10.9056 -12.842 35.7844
v -10.9363 -11.3589 35.0785
v -11.0245 -12.714 35.8274
v -11.1959 -12.0469 35.6489
v -11.0107 -11.7636 35.3416
v -11.2622 -12.4582 35.9133
v -11.1433 -12.5861 35.8703
v -10.8475 -12.4242 35.5187
v -10.6405 -11.197 34.7269
v -10.9636 -12.2985 35.5621
v -11.0797 -12.1727 35.6055
v -10.8973 -11.8872 35.2977
v -10.7839 -12.0108 35.2539
v -10.6152 -12.6758 35.4319
v -10.4437 -12.3816 35.1224
v -10.5571 -12.258 35.1663
v -10.3829 -11.966 34.8572
v -10.5491 -13.2258 35.6555
v -10.6705 -12.1344 35.2101
v -10.4936 -11.8446 34.9014
v -10.6042 -11.7231 34.9457
v -10.6679 -13.0979 35.6985
v -10.7868 -12.9699 35.7415
v -10.5325 -11.3162 34.6822
v -10.4246 -11.4355 34.6375
v -10.3166 -11.5547 34.5928
v -10.7314 -12.55 35.4753
v -10.4991 -12.8015 35.3886
v -9.01779 -12.3793 33.8329
v -9.62834 -14.0474 35.355
v -9.36527 -14.2821 35.2692
v -9.49681 -14.1648 35.3121
v -9.16621 -12.6895 34.1459
v -9.43733 -12.8881 34.5032
v -9.35428 -13.8508 34.9982
v -9.48287 -13.7353 35.0416
v -9.61146 -13.6199 35.085
v -9.74005 -13.5045 35.1283
v -9.28597 -12.5799 34.1906
v -9.31462 -12.9996 34.4589
v -9.46304 -13.3098 34.772
v -9.33739 -13.4233 34.7281
v -9.13461 -12.2716 33.878
v -10.0229 -13.6953 35.4838
v -9.89141 -13.8127 35.4409
v -10.1545 -13.5779 35.5268
v -10.286 -13.4605 35.5697
v -9.75987 -13.93 35.398
v -10.0913 -12.7423 34.991
v -9.56003 -12.7765 34.5474
v -9.64525 -12.251 34.3246
v -9.68274 -12.6649 34.5917
v -9.83998 -12.9693 34.9034
v -9.71434 -13.0828 34.8596
v -9.86864 -13.389 35.1717
v -9.99723 -13.2736 35.2151
v -10.1258 -13.1582 35.2584
v -9.58869 -13.1963 34.8158
v -8.52917 -11.0388 32.6277
v -8.72096 -11.7591 33.2069
v -9.211 -11.7519 33.6566
v -9.09712 -11.8577 33.611
v -8.98325 -11.9634 33.5655
v -9.40573 -12.4702 34.2353
v -8.63421 -10.9389 32.6746
v -8.73926 -10.8389 32.7215
v -8.83189 -11.6552 33.2529
v -8.94282 -11.5514 33.2989
v -8.57254 -11.4489 32.8939
v -9.25143 -12.164 33.9231
v -8.68053 -11.347 32.9403
v -8.78852 -11.2452 32.9867
v -8.8965 -11.1433 33.0332
v -9.60188 -11.8409 34.0585
v -9.96563 -12.8558 34.9472
v -9.65513 -11.3198 33.8388
v -9.32487 -11.6462 33.7021
v -9.48506 -11.9486 34.0134
v -9.36824 -12.0563 33.9683
v -9.76501 -12.1413 34.3693
v -9.38654 -11.1361 33.4828
v -9.55262 -11.4347 33.7932
v -9.7187 -11.7332 34.1036
v -9.88477 -12.0317 34.414
v -9.52549 -12.3606 34.28
v -9.92814 -12.4418 34.6801
v -9.80544 -12.5534 34.6359
v -9.43875 -11.5404 33.7477
v -9.22047 -10.8376 33.1725
v -9.05375 -11.4476 33.3449
v -9.27561 -11.24 33.4369
v -9.05439 -10.5391 32.8621
v -9.16468 -11.3438 33.3909
v -9.00449 -11.0414 33.0796
v -9.11248 -10.9395 33.126
v -9.14873 -10.4307 32.909
v -9.48633 -11.0234 33.5289
v -8.94934 -10.639 32.8152
v -8.8443 -10.739 32.7683
v -9.31753 -10.7271 33.2189
v -9.4146 -10.6165 33.2653
v -9.24308 -10.3223 32.9558
v -9.33742 -10.214 33.0027
v -8.40115 -14.1612 34.4216
v -8.50561 -14.9154 35.0118
v -8.27728 -13.8369 34.1051
v -8.14344 -13.9374 34.0609
v -8.26416 -14.2634 34.3779
v -8.41113 -13.7364 34.1493
v -8.28412 -13.4137 33.8332
v -8.15342 -13.5126 33.7886
v -8.36233 -15.0209 34.9689
v -8.52502 -14.4855 34.7382
v -8.53814 -14.059 34.4654
v -8.38488 -14.5894 34.6948
v -8.1571 -13.0911 33.5172
v -8.64889 -14.8099 35.0547
v -8.24475 -14.6933 34.6515
v -9.22199 -14.3877 35.2263
v -9.06922 -13.2227 34.3705
v -9.19192 -13.1112 34.4147
v -8.94542 -14.1739 34.8682
v -9.0861 -13.6503 34.6405
v -9.22569 -13.9662 34.9549
v -9.08555 -14.0701 34.9115
v -8.93544 -14.5988 35.1405
v -8.79216 -14.7043 35.0976
v -9.07872 -14.4932 35.1834
v -9.04645 -12.7991 34.1013
v -9.21175 -13.5368 34.6843
v -8.80528 -14.2778 34.8248
v -8.86938 -12.0692 33.5199
v -8.90098 -12.487 33.7878
v -8.92669 -12.9087 34.0566
v -8.64163 -12.2807 33.4288
v -8.7555 -12.175 33.4744
v -8.38817 -12.0705 33.0689
v -8.24858 -11.7546 32.7546
v -8.78416 -12.5947 33.7427
v -8.66734 -12.7024 33.6976
v -8.80693 -13.0184 34.0119
v -8.67623 -13.1172 33.9672
v -8.40334 -12.482 33.3377
v -8.52776 -12.3865 33.3832
v -8.46456 -11.5508 32.8475
v -8.42413 -11.1388 32.5809
v -8.31908 -11.2387 32.534
v -8.61003 -11.8629 33.1609
v -8.27892 -12.5774 33.2922
v -8.15451 -12.6729 33.2466
v -8.41482 -13.3149 33.8779
v -8.94911 -13.7524 34.5968
v -8.67513 -13.9568 34.5092
v -8.53978 -12.7996 33.6525
v -8.41222 -12.8967 33.6074
v -8.28467 -12.9939 33.5623
v -8.54552 -13.216 33.9226
v -8.81212 -13.8546 34.553
v -8.66515 -14.3817 34.7815
v -8.81267 -13.4348 34.282
v -8.67882 -13.5353 34.2378
v -8.54497 -13.6359 34.1936
v -8.94651 -13.3343 34.3262
v -8.109 -11.4386 32.4403
v -8.13045 -11.8467 32.7082
v -7.87903 -11.6195 32.3465
v -7.76404 -11.71 32.2997
v -7.99401 -11.5291 32.3934
v -8.4991 -11.9667 33.1149
v -7.8942 -12.031 32.6153
v -8.35657 -11.6527 32.801
v -8.2669 -12.1643 33.0229
v -8.14563 -12.2581 32.9769
v -8.02435 -12.352 32.931
v -7.90308 -12.4458 32.885
v -8.01233 -11.9388 32.6617
v -8.21404 -11.3387 32.4871
v -8.03009 -12.7684 33.2011
v -7.92183 -15.3246 34.8402
v -8.21905 -15.1265 34.926
v -7.87574 -14.1384 33.9724
v -7.85319 -14.57 34.2465
v -7.96448 -14.901 34.5648
v -8.07578 -15.232 34.8831
v -8.00959 -14.0379 34.0167
v -8.12717 -14.3656 34.3341
v -7.99018 -14.4678 34.2903
v -8.10462 -14.7971 34.6082
v -7.48994 -13.9949 33.5653
v -7.59791 -14.3273 33.884
v -7.70588 -14.6597 34.2028
v -7.81385 -14.9921 34.5215
v -7.66322 -15.0833 34.4782
v -7.27399 -13.33 32.9278
v -7.76787 -15.4171 34.7974
v -7.34927 -14.0818 33.5206
v -7.20861 -14.1688 33.476
v -7.06794 -14.2558 33.4313
v -6.92727 -14.3427 33.3867
v -7.30994 -14.504 33.7956
v -7.16595 -14.5924 33.7514
v -7.02196 -14.6807 33.7072
v -7.55857 -14.7495 34.159
v -7.41126 -14.8392 34.1152
v -7.26396 -14.929 34.0715
v -7.51259 -15.1744 34.4349
v -7.36196 -15.2656 34.3916
v -7.21133 -15.3567 34.3482
v -7.07414 -12.2528 32.0185
v -7.30356 -12.4917 32.3832
v -7.18543 -12.5838 32.3368
v -6.95008 -12.3327 31.9716
v -6.96993 -13.9191 33.1113
v -7.10727 -13.8336 33.1564
v -7.24462 -13.748 33.2015
v -7.00594 -13.4984 32.8367
v -7.13997 -13.4142 32.8823
v -7.29673 -12.9148 32.655
v -6.90462 -13.1631 32.5171
v -7.16602 -12.9976 32.6091
v -7.03532 -13.0804 32.5631
v -6.80329 -12.8279 32.1975
v -7.05805 -12.6652 32.2903
v -7.53407 -11.8909 32.2059
v -7.38197 -13.6624 33.2465
v -7.64906 -11.8005 32.2528
v -7.42169 -12.3995 32.4296
v -7.77607 -12.1231 32.5689
v -7.65794 -12.2153 32.5225
v -7.53981 -12.3074 32.476
v -7.65685 -13.0549 33.0644
v -7.40802 -13.2459 32.9733
v -7.53927 -12.7272 32.747
v -7.66054 -12.6334 32.793
v -7.78181 -12.5396 32.839
v -7.30411 -12.0718 32.1122
v -7.41909 -11.9814 32.1591
v -7.18912 -12.1623 32.0653
v -7.76131 -13.8091 33.6546
v -7.89201 -13.7102 33.6993
v -7.7419 -14.2389 33.9282
v -8.02271 -13.6114 33.7439
v -7.64687 -13.4797 33.3367
v -7.77443 -13.3826 33.3818
v -7.90199 -13.2854 33.4269
v -7.6306 -13.9079 33.6099
v -8.02955 -13.1882 33.4721
v -7.45392 -14.4157 33.8398
v -7.53243 -13.1504 33.0189
v -7.78126 -12.9594 33.11
v -7.51931 -13.5769 33.2916
v -7.90568 -12.8639 33.1555
v -7.418 -12.821 32.701
v -4.58635 -15.894 33.0003
v -4.83306 -16.5429 33.6989
v -5.21926 -16.7711 34.1117
v -4.32896 -16.7308 33.5691
v -4.54701 -15.5382 32.6726
v -4.86148 -15.4176 32.7618
v -4.74718 -15.8329 33.0444
v -4.29682 -16.3735 33.2405
v -4.46126 -16.3116 33.2843
v -5.04763 -16.8345 34.0689
v -4.42552 -15.955 32.9561
v -5.16913 -16.4176 33.7854
v -5.27548 -15.9879 33.5028
v -5.11899 -16.0642 33.4591
v -5.22187 -15.6355 33.177
v -4.6613 -15.1228 32.39
v -5.06885 -15.7107 33.1328
v -5.01871 -15.3573 32.8064
v -4.66503 -16.6056 33.6556
v -4.95456 -16.126 33.4154
v -5.00109 -16.4803 33.7422
v -4.50767 -15.1824 32.3449
v -4.62569 -16.2498 33.328
v -4.70424 -15.4779 32.7172
v -4.90802 -15.7718 33.0886
v -4.79012 -16.1879 33.3717
v -5.32909 -16.3403 33.8287
v -5.70958 -16.5357 34.2403
v -4.876 -16.8979 34.0261
v -4.70437 -16.9614 33.9833
v -5.06103 -14.5785 32.1993
v -4.81494 -15.0633 32.4351
v -5.63205 -13.5253 31.7797
v -5.56107 -13.1784 31.456
v -4.8683 -14.2969 31.8275
v -4.91843 -14.6504 32.1538
v -5.4964 -13.595 31.7333
v -5.2251 -13.7344 31.6404
v -5.08946 -13.8041 31.594
v -4.96857 -15.0038 32.4801
v -5.00742 -14.2261 31.8735
v -5.14654 -14.1553 31.9194
v -4.95381 -13.8737 31.5476
v -4.7684 -14.7091 32.1083
v -4.61836 -14.7678 32.0628
v -5.84215 -13.8014 32.1493
v -5.11464 -14.9308 32.5252
v -5.26071 -14.8578 32.5703
v -5.16826 -15.2832 32.8511
v -5.90335 -13.3859 31.8725
v -5.48906 -16.2629 33.872
v -5.70303 -13.8722 32.1033
v -5.54614 -16.6142 34.1974
v -5.3827 -16.6926 34.1546
v -5.42479 -14.0137 32.0114
v -5.56391 -13.9429 32.0573
v -5.20363 -14.5066 32.2449
v -5.63141 -14.2909 32.3814
v -5.48882 -14.3628 32.3359
v -5.34622 -14.4347 32.2904
v -5.91661 -14.1471 32.4725
v -5.40678 -14.7849 32.6154
v -5.55285 -14.7119 32.6604
v -5.46734 -15.135 32.9403
v -5.3178 -15.2091 32.8957
v -5.5279 -15.4852 33.2653
v -5.37488 -15.5604 33.2211
v -5.82542 -13.0412 31.5498
v -5.28566 -14.0845 31.9654
v -5.7677 -13.4556 31.8261
v -5.69324 -13.1098 31.5029
v -5.36075 -13.6647 31.6868
v -5.98128 -13.7306 32.1953
v -5.42889 -13.247 31.4092
v -5.43197 -15.9116 33.5466
v -6.60881 -15.7213 34.175
v -6.75944 -15.6302 34.2183
v -7.0607 -15.4479 34.3049
v -6.67472 -15.288 33.8965
v -6.82203 -15.1982 33.9402
v -6.96934 -15.1085 33.984
v -7.11665 -15.0187 34.0277
v -6.91007 -15.539 34.2616
v -6.84417 -15.9724 34.5402
v -6.99812 -15.8798 34.583
v -7.15207 -15.7873 34.6259
v -7.30602 -15.6947 34.6688
v -7.61392 -15.5097 34.7545
v -7.45997 -15.6022 34.7116
v -6.69022 -16.0649 34.4973
v -6.83258 -14.0047 33.0662
v -6.7379 -13.6667 32.7457
v -6.87192 -13.5825 32.7912
v -6.93067 -12.7466 32.2439
v -6.32977 -12.7327 31.7373
v -6.45383 -12.6527 31.7841
v -6.5779 -12.5727 31.831
v -6.70196 -12.4927 31.8779
v -6.6759 -12.9093 32.1511
v -6.54852 -12.9907 32.1046
v -6.42114 -13.0721 32.0582
v -6.82602 -12.4127 31.9247
v -6.51251 -13.4115 32.3792
v -6.64321 -13.3287 32.4252
v -6.77391 -13.2459 32.4711
v -6.60387 -13.7509 32.7001
v -6.46985 -13.835 32.6546
v -6.59 -14.9458 33.5746
v -6.78661 -14.4297 33.3421
v -6.42055 -14.2614 32.9309
v -6.55789 -14.1758 32.976
v -6.69524 -14.0903 33.0211
v -6.64594 -14.5166 33.2974
v -6.50527 -14.6036 33.2528
v -6.87797 -14.7691 33.663
v -6.73398 -14.8574 33.6188
v -6.2832 -14.347 32.8858
v -6.36461 -14.6906 33.2081
v -6.44601 -15.0341 33.5304
v -6.33582 -13.9192 32.6091
v -6.3818 -13.4942 32.3332
v -6.08165 -12.8926 31.6435
v -6.03899 -13.3162 31.9189
v -6.20571 -12.8126 31.6904
v -6.2511 -13.577 32.2872
v -6.29376 -13.1534 32.0118
v -5.95759 -12.9726 31.5966
v -5.69892 -14.6389 32.7055
v -6.06552 -14.8387 33.1189
v -5.61689 -15.061 32.985
v -5.68092 -15.41 33.3095
v -6.1204 -13.6598 32.2412
v -6.2018 -14.0034 32.5635
v -6.16638 -13.2348 31.9654
v -5.58846 -15.8354 33.5903
v -5.76643 -14.9869 33.0296
v -6.05921 -14.0753 32.518
v -5.77401 -14.219 32.427
v -6.13713 -14.42 32.8407
v -5.87302 -16.4572 34.2831
v -5.99106 -14.4929 32.7957
v -5.84499 -14.5659 32.7506
v -5.64902 -16.1855 33.9153
v -5.80899 -16.1082 33.9586
v -5.91598 -14.9128 33.0742
v -5.96895 -16.0308 34.0018
v -5.74495 -15.7591 33.634
v -5.98696 -15.2597 33.3979
v -5.90144 -15.6828 33.6778
v -6.52678 -16.1434 34.4544
v -6.52741 -15.3777 33.8527
v -6.44885 -15.7987 34.1317
v -6.28888 -15.8761 34.0884
v -6.03646 -16.3788 34.3259
v -6.1999 -16.3003 34.3688
v -6.36334 -16.2218 34.4116
v -6.29299 -15.1093 33.4862
v -6.05794 -15.6065 33.7215
v -6.21443 -15.5303 33.7652
v -6.37092 -15.454 33.809
v -6.21506 -14.7646 33.1635
v -6.12892 -15.9534 34.0451
v -5.83394 -15.3348 33.3537
v -6.13997 -15.1845 33.442
f 5637 5649 5651
f 5688 5566 5574
f 5513 5493 5500
f 5952 5950 5937
f 6002 5984 5994
f 5766 5771 5758
f 5898 5897 5906
f 5371 5368 5372
f 5179 5180 5181
f 5244 5236 5252
f 5030 5032 5125
f 5101 5099 4943
f 4950 4882 4960
f 6232 6233 6229
f 6321 6320 6315
f 6208 6197 6220
f 6397 6388 6395
f 6491 6495 6494
f 6527 6541 6524
f 6670 6662 6657
f 6862 6866 6865
f 6933 6928 6932
f 6806 6691 6696
f 6999 6988 7000
f 7047 7065 7053
f 7256 7252 7245
f 7995 7997 7996
f 8019 8016 7939
f 7922 7923 8052
f 8118 8114 8125
f 8246 8232 8256
f 8271 8272 8273
f 8488 8487 8405
f 8447 8451 8452
f 7408 7434 7421
f 7554 7544 7545
f 7461 7438 7459
f 7731 7723 7729
f 7637 7631 7626
f 7784 7873 7783
f 9128 9123 9131
f 9216 9219 9211
f 9341 9331 9302
f 9348 9344 9437
f 9501 9497 9496
f 9643 9656 9642
f 9593 9569 9578
f 8548 8552 8559
f 8616 8610 8619
f 8703 8705 8706
f 9103 9116 9112
f 9012 9019 9015
f 8868 8850 8848
f 8885 8881 8883
f 4459 4458 4471
f 4265 4263 4264
f 4360 4359 4348
f 4786 4797 4789
f 4738 4750 4753
f 4549 4544 4548
f 4620 4619 4632
f 3999 4000 4058
f 4062 4195 4186
f 4155 4154 4153
f 3700 3693 3691
f 3727 3721 3824
f 3839 3844 3853
f 2819 2806 2830
f 2792 2790 2794
f 2964 2953 2963
f 2884 2878 2558
f 2538 2534 2469
f 2628 2634 2630
f 2713 2699 2722
f 3508 3486 3494
f 3614 3566 3556
f 3468 3460 3477
f 3443 3179 3182
f 3302 3304 3307
f 3157 3153 3156
f 3069 3067 3084
f 2264 2292 2266
f 2386 2170 2162
f 2155 2228 2223
f 1822 1814 1826
f 1907 1913 1904
f 2077 2078 2070
f 2002 2000 1236
f 1215 1305 1302
f 1296 1402 1291
f 1449 1460 1442
f 1666 1682 1665
f 1739 1749 1748
f 1635 1602 1521
f 782 786 784
f 849 844 842
f 694 689 699
f 668 652 643
f 1186 1188 1183
f 1081 1080 1079
f 976 982 984
f 590 587 583
f 474 466 503
f 349 368 352
f 399 401 391
f 170 262 265
f 31 44 43
f 135 122 127
f 100 99 95
f 92 91 99
f 96 98 91
f 101 97 98
f 105 94 97
f 102 93 94
f 126 131 93
f 130 127 131
f 114 109 113
f 113 120 115
f 115 110 90
f 90 89 86
f 86 88 84
f 84 87 83
f 83 85 76
f 76 92 100
f 108 22 109
f 109 119 120
f 120 106 110
f 110 80 89
f 89 79 88
f 88 78 87
f 87 77 85
f 85 96 92
f 17 16 22
f 22 118 119
f 119 117 106
f 106 116 80
f 80 128 79
f 79 81 78
f 78 82 77
f 77 101 96
f 18 66 16
f 16 65 118
f 118 64 117
f 117 111 116
f 116 132 128
f 128 133 81
f 81 103 82
f 82 105 101
f 55 63 66
f 66 62 65
f 65 67 64
f 64 69 111
f 111 123 132
f 132 124 133
f 133 125 103
f 103 102 105
f 54 51 63
f 63 70 62
f 62 144 67
f 67 143 69
f 69 142 123
f 123 141 124
f 124 104 125
f 125 126 102
f 46 71 51
f 51 61 70
f 70 139 144
f 144 138 143
f 143 137 142
f 142 136 141
f 141 129 104
f 104 130 126
f 45 72 71
f 71 73 61
f 61 74 139
f 139 150 138
f 138 148 137
f 137 149 136
f 136 134 129
f 129 135 130
f 43 40 72
f 72 68 73
f 73 75 74
f 74 140 150
f 150 147 148
f 148 146 149
f 149 145 134
f 134 121 135
f 112 108 114
f 107 17 108
f 48 18 17
f 60 55 18
f 57 54 55
f 52 46 54
f 36 45 46
f 37 43 45
f 249 245 247
f 247 240 248
f 248 24 20
f 20 25 2
f 2 26 29
f 29 27 28
f 28 50 23
f 23 107 112
f 252 10 245
f 245 11 240
f 240 12 24
f 24 30 25
f 25 21 26
f 26 19 27
f 27 49 50
f 50 48 107
f 253 242 10
f 10 244 11
f 11 14 12
f 12 15 30
f 30 1 21
f 21 47 19
f 19 56 49
f 49 60 48
f 239 251 242
f 242 250 244
f 244 4 14
f 14 3 15
f 15 5 1
f 1 59 47
f 47 58 56
f 56 57 60
f 281 288 251
f 251 279 250
f 250 289 4
f 4 6 3
f 3 7 5
f 5 33 59
f 59 53 58
f 58 52 57
f 282 278 288
f 288 277 279
f 279 290 289
f 289 291 6
f 6 8 7
f 7 34 33
f 33 35 53
f 53 36 52
f 283 276 278
f 278 275 277
f 277 292 290
f 290 293 291
f 291 9 8
f 8 39 34
f 34 38 35
f 35 37 36
f 264 259 276
f 276 298 275
f 275 297 292
f 292 296 293
f 293 295 9
f 9 13 39
f 39 32 38
f 38 31 37
f 265 260 259
f 259 286 298
f 298 284 297
f 297 287 296
f 296 285 295
f 295 294 13
f 13 42 32
f 32 41 31
f 246 252 249
f 241 253 252
f 243 239 253
f 232 281 239
f 274 282 281
f 263 283 282
f 267 264 283
f 258 265 264
f 217 193 183
f 183 194 182
f 182 230 236
f 236 231 238
f 238 233 237
f 237 272 273
f 273 269 280
f 280 241 246
f 214 222 193
f 193 186 194
f 194 234 230
f 230 184 231
f 231 225 233
f 233 226 272
f 272 270 269
f 269 243 241
f 201 196 222
f 222 206 186
f 186 227 234
f 234 228 184
f 184 229 225
f 225 254 226
f 226 271 270
f 270 232 243
f 203 208 196
f 196 207 206
f 206 176 227
f 227 166 228
f 228 235 229
f 229 257 254
f 254 256 271
f 271 274 232
f 187 204 208
f 208 200 207
f 207 179 176
f 176 169 166
f 166 167 235
f 235 178 257
f 257 261 256
f 256 263 274
f 188 195 204
f 204 197 200
f 200 159 179
f 179 175 169
f 169 180 167
f 167 177 178
f 178 266 261
f 261 267 263
f 191 157 195
f 195 156 197
f 197 155 159
f 159 153 175
f 175 268 180
f 180 173 177
f 177 255 266
f 266 258 267
f 209 151 157
f 157 163 156
f 156 164 155
f 155 165 153
f 153 152 268
f 268 174 173
f 173 168 255
f 255 170 258
f 391 402 151
f 151 154 163
f 163 158 164
f 164 160 165
f 165 161 152
f 152 162 174
f 174 172 168
f 168 171 170
f 219 214 217
f 213 201 214
f 215 203 201
f 190 187 203
f 181 188 187
f 185 191 188
f 205 209 191
f 396 391 209
f 434 440 418
f 418 417 409
f 409 416 410
f 410 413 224
f 224 218 223
f 223 216 221
f 221 212 220
f 220 213 219
f 441 412 440
f 440 408 417
f 417 420 416
f 416 407 413
f 413 406 218
f 218 210 216
f 216 211 212
f 212 215 213
f 433 376 412
f 412 403 408
f 408 415 420
f 420 414 407
f 407 411 406
f 406 404 210
f 210 192 211
f 211 190 215
f 435 419 376
f 376 373 403
f 403 398 415
f 415 405 414
f 414 429 411
f 411 430 404
f 404 189 192
f 192 181 190
f 428 431 419
f 419 378 373
f 373 387 398
f 398 397 405
f 405 392 429
f 429 198 430
f 430 199 189
f 189 185 181
f 427 432 431
f 431 386 378
f 378 385 387
f 387 388 397
f 397 389 392
f 392 390 198
f 198 202 199
f 199 205 185
f 425 426 432
f 432 384 386
f 386 383 385
f 385 382 388
f 388 393 389
f 389 394 390
f 390 395 202
f 202 396 205
f 353 357 426
f 426 381 384
f 384 380 383
f 383 379 382
f 382 355 393
f 393 354 394
f 394 400 395
f 395 399 396
f 352 343 357
f 357 348 381
f 381 377 380
f 380 375 379
f 379 374 355
f 355 356 354
f 354 351 400
f 400 350 399
f 436 441 434
f 445 433 441
f 446 435 433
f 423 428 435
f 422 427 428
f 313 425 427
f 345 353 425
f 347 352 353
f 304 316 307
f 307 301 308
f 308 324 326
f 326 323 327
f 327 442 439
f 439 443 438
f 438 444 437
f 437 445 436
f 325 322 316
f 316 522 301
f 301 299 324
f 324 321 323
f 323 320 442
f 442 447 443
f 443 421 444
f 444 446 445
f 309 306 322
f 322 520 522
f 522 512 299
f 299 331 321
f 321 319 320
f 320 318 447
f 447 424 421
f 421 423 446
f 310 491 306
f 306 490 520
f 520 332 512
f 512 333 331
f 331 364 319
f 319 317 318
f 318 315 424
f 424 422 423
f 509 305 491
f 491 303 490
f 490 302 332
f 332 334 333
f 333 363 364
f 364 362 317
f 317 314 315
f 315 313 422
f 508 510 305
f 305 335 303
f 303 311 302
f 302 336 334
f 334 361 363
f 363 360 362
f 362 344 314
f 314 345 313
f 521 500 510
f 510 494 335
f 335 337 311
f 311 338 336
f 336 365 361
f 361 366 360
f 360 346 344
f 344 347 345
f 502 339 500
f 500 328 494
f 494 329 337
f 337 330 338
f 338 359 365
f 365 367 366
f 366 358 346
f 346 349 347
f 503 504 339
f 339 340 328
f 328 341 329
f 329 342 330
f 330 369 359
f 359 370 367
f 367 371 358
f 358 372 349
f 300 325 304
f 486 309 325
f 492 310 309
f 519 509 310
f 518 508 509
f 513 521 508
f 498 502 521
f 496 503 502
f 458 457 452
f 452 455 453
f 453 459 454
f 454 460 483
f 483 480 482
f 482 484 481
f 481 485 312
f 312 486 300
f 465 461 457
f 457 462 455
f 455 448 459
f 459 476 460
f 460 487 480
f 480 488 484
f 484 489 485
f 485 492 486
f 464 449 461
f 461 463 462
f 462 450 448
f 448 467 476
f 476 478 487
f 487 517 488
f 488 516 489
f 489 519 492
f 547 451 449
f 449 589 463
f 463 582 450
f 450 569 467
f 467 477 478
f 478 479 517
f 517 511 516
f 516 518 519
f 592 597 451
f 451 585 589
f 589 570 582
f 582 468 569
f 569 469 477
f 477 515 479
f 479 514 511
f 511 513 518
f 580 571 597
f 597 588 585
f 585 572 570
f 570 573 468
f 468 470 469
f 469 471 515
f 515 499 514
f 514 498 513
f 545 574 571
f 571 575 588
f 588 576 572
f 572 497 573
f 573 577 470
f 470 568 471
f 471 472 499
f 499 496 498
f 591 594 574
f 574 581 575
f 575 578 576
f 576 495 497
f 497 501 577
f 577 579 568
f 568 473 472
f 472 474 496
f 583 596 594
f 594 593 581
f 581 595 578
f 578 493 495
f 495 507 501
f 501 506 579
f 579 505 473
f 473 475 474
f 456 465 458
f 548 464 465
f 551 547 464
f 539 592 547
f 552 580 592
f 544 545 580
f 584 591 545
f 562 583 591
f 1017 1030 1021
f 1021 1031 1020
f 1020 536 1019
f 1019 534 538
f 538 535 543
f 543 542 529
f 529 546 528
f 528 548 456
f 1025 1018 1030
f 1030 1040 1031
f 1031 537 536
f 536 532 534
f 534 531 535
f 535 549 542
f 542 550 546
f 546 551 548
f 1024 1037 1018
f 1018 1034 1040
f 1040 523 537
f 537 527 532
f 532 526 531
f 531 525 549
f 549 541 550
f 550 539 551
f 1023 1032 1037
f 1037 1035 1034
f 1034 563 523
f 523 564 527
f 527 524 526
f 526 533 525
f 525 540 541
f 541 552 539
f 1036 1043 1032
f 1032 1044 1035
f 1035 1045 563
f 563 561 564
f 564 565 524
f 524 557 533
f 533 530 540
f 540 544 552
f 1041 1046 1043
f 1043 989 1044
f 1044 988 1045
f 1045 554 561
f 561 555 565
f 565 556 557
f 557 586 530
f 530 584 544
f 1039 991 1046
f 1046 994 989
f 989 987 988
f 988 995 554
f 554 559 555
f 555 553 556
f 556 560 586
f 586 562 584
f 985 977 991
f 991 997 994
f 994 1001 987
f 987 1000 995
f 995 993 559
f 559 992 553
f 553 558 560
f 560 590 562
f 984 980 977
f 977 979 997
f 997 990 1001
f 1001 996 1000
f 1000 998 993
f 993 999 992
f 992 566 558
f 558 567 590
f 1022 1025 1017
f 1028 1024 1025
f 1026 1023 1024
f 1033 1036 1023
f 1038 1041 1036
f 1042 1039 1041
f 986 985 1039
f 972 984 985
f 900 897 902
f 902 911 1007
f 1007 910 1006
f 1006 1011 1004
f 1004 908 909
f 909 1005 1003
f 1003 1029 1002
f 1002 1028 1022
f 898 918 897
f 897 919 911
f 911 905 910
f 910 904 1011
f 1011 1012 908
f 908 903 1005
f 1005 1027 1029
f 1029 1026 1028
f 922 948 918
f 918 943 919
f 919 944 905
f 905 945 904
f 904 1015 1012
f 1012 1010 903
f 903 1009 1027
f 1027 1033 1026
f 951 953 948
f 948 954 943
f 943 955 944
f 944 899 945
f 945 962 1015
f 1015 1008 1010
f 1010 983 1009
f 1009 1038 1033
f 942 952 953
f 953 950 954
f 954 949 955
f 955 906 899
f 899 968 962
f 962 1016 1008
f 1008 975 983
f 983 1042 1038
f 929 936 952
f 952 946 950
f 950 947 949
f 949 907 906
f 906 978 968
f 968 961 1016
f 1016 1014 975
f 975 986 1042
f 933 939 936
f 936 958 946
f 946 957 947
f 947 963 907
f 907 974 978
f 978 960 961
f 961 1013 1014
f 1014 972 986
f 1078 927 939
f 939 932 958
f 958 966 957
f 957 967 963
f 963 973 974
f 974 969 960
f 960 970 1013
f 1013 976 972
f 1079 934 927
f 927 937 932
f 932 938 966
f 966 959 967
f 967 971 973
f 973 965 969
f 969 964 970
f 970 981 976
f 901 898 900
f 924 922 898
f 923 951 922
f 956 942 951
f 935 929 942
f 940 933 929
f 921 1078 933
f 1090 1079 1078
f 1055 1056 1058
f 1058 1063 1069
f 1069 1064 1070
f 1070 1065 914
f 914 1066 915
f 915 926 916
f 916 925 912
f 912 924 901
f 1059 1050 1056
f 1056 1067 1063
f 1063 1071 1064
f 1064 1072 1065
f 1065 1073 1066
f 1066 1074 926
f 926 920 925
f 925 923 924
f 1057 1075 1050
f 1050 1076 1067
f 1067 1054 1071
f 1071 1101 1072
f 1072 931 1073
f 1073 930 1074
f 1074 928 920
f 920 956 923
f 1093 1108 1075
f 1075 1109 1076
f 1076 1053 1054
f 1054 1052 1101
f 1101 1097 931
f 931 917 930
f 930 941 928
f 928 935 956
f 1092 1094 1108
f 1108 1113 1109
f 1109 1062 1053
f 1053 1087 1052
f 1052 1095 1097
f 1097 1096 917
f 917 913 941
f 941 940 935
f 1211 1114 1094
f 1094 1099 1113
f 1113 1100 1062
f 1062 1068 1087
f 1087 1084 1095
f 1095 1102 1096
f 1096 1077 913
f 913 921 940
f 1182 1120 1114
f 1114 1119 1099
f 1099 1117 1100
f 1100 1115 1068
f 1068 1106 1084
f 1084 1105 1102
f 1102 1089 1077
f 1077 1090 921
f 1112 1111 1120
f 1120 1110 1119
f 1119 1104 1117
f 1117 1103 1115
f 1115 1083 1106
f 1106 1091 1105
f 1105 1082 1089
f 1089 1081 1090
f 1183 1121 1111
f 1111 1107 1110
f 1110 1118 1104
f 1104 1098 1103
f 1103 1116 1083
f 1083 1085 1091
f 1091 1086 1082
f 1082 1088 1081
f 1060 1059 1055
f 1051 1057 1059
f 1047 1093 1057
f 1208 1092 1093
f 1200 1211 1092
f 1184 1182 1211
f 1193 1112 1182
f 1189 1183 1112
f 1148 1137 1139
f 1139 1149 1180
f 1180 1179 1181
f 1181 1168 1167
f 1167 1169 1176
f 1176 1177 1174
f 1174 1048 1061
f 1061 1051 1060
f 1142 1145 1137
f 1137 1173 1149
f 1149 1172 1179
f 1179 1171 1168
f 1168 1170 1169
f 1169 1197 1177
f 1177 1049 1048
f 1048 1047 1051
f 1141 1143 1145
f 1145 1140 1173
f 1173 1199 1172
f 1172 1178 1171
f 1171 1175 1170
f 1170 1210 1197
f 1197 1209 1049
f 1049 1208 1047
f 1163 1146 1143
f 1143 1147 1140
f 1140 1207 1199
f 1199 1206 1178
f 1178 1205 1175
f 1175 1204 1210
f 1210 1198 1209
f 1209 1200 1208
f 1164 651 1146
f 1146 1151 1147
f 1147 1150 1207
f 1207 1201 1206
f 1206 1185 1205
f 1205 1202 1204
f 1204 1203 1198
f 1198 1184 1200
f 654 1124 651
f 651 645 1151
f 1151 1125 1150
f 1150 1123 1201
f 1201 1126 1185
f 1185 1195 1202
f 1202 1194 1203
f 1203 1193 1184
f 649 1128 1124
f 1124 653 645
f 645 1129 1125
f 1125 1130 1123
f 1123 1131 1126
f 1126 1191 1195
f 1195 1190 1194
f 1194 1189 1193
f 648 655 1128
f 1128 656 653
f 653 657 1129
f 1129 647 1130
f 1130 1122 1131
f 1131 1133 1191
f 1191 1187 1190
f 1190 1186 1189
f 643 646 655
f 655 1134 656
f 656 1135 657
f 657 1136 647
f 647 1132 1122
f 1122 1127 1133
f 1133 1196 1187
f 1187 1192 1186
f 1138 1142 1148
f 1144 1141 1142
f 1160 1163 1141
f 1157 1164 1163
f 1154 654 1164
f 644 649 654
f 650 648 649
f 666 643 648
f 626 622 619
f 619 621 624
f 624 599 625
f 625 600 1165
f 1165 1152 1166
f 1166 1162 623
f 623 618 627
f 627 1144 1138
f 607 601 622
f 622 602 621
f 621 603 599
f 599 604 600
f 600 605 1152
f 1152 606 1162
f 1162 1161 618
f 618 1160 1144
f 710 608 601
f 601 609 602
f 602 610 603
f 603 613 604
f 604 614 605
f 605 1159 606
f 606 1158 1161
f 1161 1157 1160
f 711 716 608
f 608 611 609
f 609 612 610
f 610 598 613
f 613 620 614
f 614 1156 1159
f 1159 1155 1158
f 1158 1154 1157
f 704 641 716
f 716 637 611
f 611 636 612
f 612 617 598
f 598 616 620
f 620 672 1156
f 1156 1153 1155
f 1155 644 1154
f 642 631 641
f 641 630 637
f 637 628 636
f 636 629 617
f 617 615 616
f 616 671 672
f 672 670 1153
f 1153 650 644
f 717 696 631
f 631 632 630
f 630 633 628
f 628 634 629
f 629 662 615
f 615 669 671
f 671 667 670
f 670 666 650
f 701 700 696
f 696 688 632
f 632 638 633
f 633 639 634
f 634 664 662
f 662 663 669
f 669 665 667
f 667 668 666
f 699 693 700
f 700 692 688
f 688 691 638
f 638 640 639
f 639 658 664
f 664 659 663
f 663 661 665
f 665 660 668
f 712 607 626
f 707 710 607
f 705 711 710
f 702 704 711
f 635 642 704
f 726 717 642
f 719 701 717
f 697 699 701
f 736 742 746
f 746 741 745
f 745 733 744
f 744 740 743
f 743 739 713
f 713 709 714
f 714 708 715
f 715 707 712
f 865 856 742
f 742 738 741
f 741 737 733
f 733 735 740
f 740 734 739
f 739 720 709
f 709 706 708
f 708 705 707
f 866 854 856
f 856 853 738
f 738 732 737
f 737 724 735
f 735 725 734
f 734 727 720
f 720 703 706
f 706 702 705
f 858 852 854
f 854 855 853
f 853 673 732
f 732 685 724
f 724 729 725
f 725 718 727
f 727 730 703
f 703 635 702
f 857 826 852
f 852 674 855
f 855 683 673
f 673 682 685
f 685 721 729
f 729 722 718
f 718 723 730
f 730 726 635
f 835 829 826
f 826 830 674
f 674 678 683
f 683 680 682
f 682 681 721
f 721 728 722
f 722 731 723
f 723 719 726
f 824 831 829
f 829 823 830
f 830 836 678
f 678 679 680
f 680 687 681
f 681 686 728
f 728 698 731
f 731 697 719
f 841 850 831
f 831 834 823
f 823 827 836
f 836 825 679
f 679 684 687
f 687 677 686
f 686 695 698
f 698 694 697
f 842 851 850
f 850 828 834
f 834 822 827
f 827 832 825
f 825 833 684
f 684 675 677
f 677 676 695
f 695 690 694
f 862 865 736
f 859 866 865
f 864 858 866
f 860 857 858
f 875 835 857
f 877 824 835
f 840 841 824
f 847 842 841
f 763 764 888
f 888 894 887
f 887 896 886
f 886 895 872
f 872 880 869
f 869 878 867
f 867 861 863
f 863 859 862
f 762 767 764
f 764 893 894
f 894 892 896
f 896 891 895
f 895 870 880
f 880 881 878
f 878 879 861
f 861 864 859
f 766 765 767
f 767 772 893
f 893 885 892
f 892 884 891
f 891 883 870
f 870 874 881
f 881 873 879
f 879 860 864
f 768 771 765
f 765 770 772
f 772 889 885
f 885 890 884
f 884 882 883
f 883 868 874
f 874 871 873
f 873 875 860
f 806 802 771
f 771 815 770
f 770 814 889
f 889 813 890
f 890 812 882
f 882 843 868
f 868 876 871
f 871 877 875
f 796 798 802
f 802 803 815
f 815 809 814
f 814 808 813
f 813 807 812
f 812 839 843
f 843 838 876
f 876 840 877
f 793 801 798
f 798 800 803
f 803 810 809
f 809 811 808
f 808 816 807
f 807 837 839
f 839 846 838
f 838 847 840
f 799 792 801
f 801 797 800
f 800 795 810
f 810 817 811
f 811 818 816
f 816 819 837
f 837 848 846
f 846 849 847
f 784 781 792
f 792 780 797
f 797 804 795
f 795 805 817
f 817 794 818
f 818 820 819
f 819 821 848
f 848 845 849
f 769 762 763
f 773 766 762
f 775 768 766
f 774 806 768
f 761 796 806
f 778 793 796
f 791 799 793
f 787 784 799
f 1585 1578 1572
f 1572 1577 1586
f 1586 1576 1579
f 1579 1575 1574
f 1574 756 747
f 747 753 749
f 749 752 748
f 748 773 769
f 1560 1570 1578
f 1578 1580 1577
f 1577 1581 1576
f 1576 758 1575
f 1575 759 756
f 756 760 753
f 753 776 752
f 752 775 773
f 1559 1571 1570
f 1570 1556 1580
f 1580 1582 1581
f 1581 1573 758
f 758 754 759
f 759 750 760
f 760 755 776
f 776 774 775
f 1558 1569 1571
f 1571 1567 1556
f 1556 1543 1582
f 1582 1542 1573
f 1573 1584 754
f 754 1583 750
f 750 757 755
f 755 761 774
f 1522 1539 1569
f 1569 1565 1567
f 1567 1548 1543
f 1543 1553 1542
f 1542 1555 1584
f 1584 779 1583
f 1583 751 757
f 757 778 761
f 1535 1512 1539
f 1539 1534 1565
f 1565 1554 1548
f 1548 1552 1553
f 1553 1551 1555
f 1555 785 779
f 779 777 751
f 751 791 778
f 1527 1513 1512
f 1512 1531 1534
f 1534 1530 1554
f 1554 1549 1552
f 1552 1547 1551
f 1551 1546 785
f 785 788 777
f 777 787 791
f 1632 1532 1513
f 1513 1536 1531
f 1531 1537 1530
f 1530 1538 1549
f 1549 1544 1547
f 1547 1545 1546
f 1546 783 788
f 788 782 787
f 1521 1529 1532
f 1532 1528 1536
f 1536 1526 1537
f 1537 1524 1538
f 1538 1525 1544
f 1544 1550 1545
f 1545 789 783
f 783 790 782
f 1563 1560 1585
f 1557 1559 1560
f 1566 1558 1559
f 1516 1522 1558
f 1518 1535 1522
f 1533 1527 1535
f 1519 1632 1527
f 1646 1521 1632
f 1650 1645 1630
f 1630 1627 1631
f 1631 1624 1617
f 1617 1622 1618
f 1618 1625 1619
f 1619 1621 1568
f 1568 1562 1564
f 1564 1557 1563
f 1643 1649 1645
f 1645 1633 1627
f 1627 1634 1624
f 1624 1637 1622
f 1622 1629 1625
f 1625 1628 1621
f 1621 1561 1562
f 1562 1566 1557
f 1648 1652 1649
f 1649 1653 1633
f 1633 1655 1634
f 1634 1636 1637
f 1637 1620 1629
f 1629 1623 1628
f 1628 1515 1561
f 1561 1516 1566
f 1594 1807 1652
f 1652 1640 1653
f 1653 1641 1655
f 1655 1642 1636
f 1636 1626 1620
f 1620 1540 1623
f 1623 1517 1515
f 1515 1518 1516
f 1811 1605 1807
f 1807 1647 1640
f 1640 1610 1641
f 1641 1541 1642
f 1642 1614 1626
f 1626 1523 1540
f 1540 1514 1517
f 1517 1533 1518
f 1810 1615 1605
f 1605 1611 1647
f 1647 1616 1610
f 1610 1638 1541
f 1541 1639 1614
f 1614 1612 1523
f 1523 1520 1514
f 1514 1519 1533
f 1597 1589 1615
f 1615 1587 1611
f 1611 1590 1616
f 1616 1609 1638
f 1638 1608 1639
f 1639 1644 1612
f 1612 1607 1520
f 1520 1646 1519
f 1598 1591 1589
f 1589 1747 1587
f 1587 1592 1590
f 1590 1593 1609
f 1609 1604 1608
f 1608 1588 1644
f 1644 1603 1607
f 1607 1635 1646
f 1748 1743 1591
f 1591 1741 1747
f 1747 1596 1592
f 1592 1599 1593
f 1593 1600 1604
f 1604 1601 1588
f 1588 1606 1603
f 1603 1613 1635
f 1660 1643 1650
f 1659 1648 1643
f 1656 1594 1648
f 1654 1811 1594
f 1803 1810 1811
f 1799 1597 1810
f 1809 1598 1597
f 1595 1748 1598
f 1697 1782 1700
f 1700 1783 1784
f 1784 1791 1785
f 1785 1662 1788
f 1788 1661 1786
f 1786 1792 1787
f 1787 1794 1789
f 1789 1659 1660
f 1769 1780 1782
f 1782 1795 1783
f 1783 1790 1791
f 1791 1797 1662
f 1662 1658 1661
f 1661 1657 1792
f 1792 1796 1794
f 1794 1656 1659
f 1770 1779 1780
f 1780 1778 1795
f 1795 1777 1790
f 1790 1757 1797
f 1797 1793 1658
f 1658 1806 1657
f 1657 1651 1796
f 1796 1654 1656
f 1781 1776 1779
f 1779 1775 1778
f 1778 1774 1777
f 1777 1758 1757
f 1757 1759 1793
f 1793 1805 1806
f 1806 1804 1651
f 1651 1803 1654
f 1707 1773 1776
f 1776 1760 1775
f 1775 1761 1774
f 1774 1772 1758
f 1758 1802 1759
f 1759 1801 1805
f 1805 1800 1804
f 1804 1799 1803
f 1677 1669 1773
f 1773 1765 1760
f 1760 1753 1761
f 1761 1752 1772
f 1772 1771 1802
f 1802 1798 1801
f 1801 1808 1800
f 1800 1809 1799
f 1676 1671 1669
f 1669 1767 1765
f 1765 1766 1753
f 1753 1756 1752
f 1752 1751 1771
f 1771 1750 1798
f 1798 1812 1808
f 1808 1595 1809
f 1674 1673 1671
f 1671 1672 1767
f 1767 1755 1766
f 1766 1754 1756
f 1756 1746 1751
f 1751 1742 1750
f 1750 1740 1812
f 1812 1739 1595
f 1665 1664 1673
f 1673 1663 1672
f 1672 1764 1755
f 1755 1763 1754
f 1754 1762 1746
f 1746 1738 1742
f 1742 1745 1740
f 1740 1744 1739
f 1701 1769 1697
f 1768 1770 1769
f 1694 1781 1770
f 1704 1707 1781
f 1705 1677 1707
f 1668 1676 1677
f 1670 1674 1676
f 1675 1665 1674
f 1718 1712 1710
f 1710 1713 1711
f 1711 1722 1732
f 1732 1736 1734
f 1734 1735 1696
f 1696 1698 1703
f 1703 1699 1702
f 1702 1768 1701
f 1475 1472 1712
f 1712 1715 1713
f 1713 1716 1722
f 1722 1717 1736
f 1736 1737 1735
f 1735 1706 1698
f 1698 1695 1699
f 1699 1694 1768
f 1479 1502 1472
f 1472 1501 1715
f 1715 1709 1716
f 1716 1731 1717
f 1717 1730 1737
f 1737 1723 1706
f 1706 1693 1695
f 1695 1704 1694
f 1478 1471 1502
f 1502 1714 1501
f 1501 1708 1709
f 1709 1725 1731
f 1731 1729 1730
f 1730 1728 1723
f 1723 1724 1693
f 1693 1705 1704
f 1477 1473 1471
f 1471 1480 1714
f 1714 1721 1708
f 1708 1689 1725
f 1725 1726 1729
f 1729 1727 1728
f 1728 1667 1724
f 1724 1668 1705
f 1459 1720 1473
f 1473 1481 1480
f 1480 1719 1721
f 1721 1680 1689
f 1689 1681 1726
f 1726 1733 1727
f 1727 1683 1667
f 1667 1670 1668
f 1438 1458 1720
f 1720 1454 1481
f 1481 1453 1719
f 1719 1688 1680
f 1680 1678 1681
f 1681 1679 1733
f 1733 1687 1683
f 1683 1675 1670
f 1461 1462 1458
f 1458 1452 1454
f 1454 1455 1453
f 1453 1456 1688
f 1688 1457 1678
f 1678 1691 1679
f 1679 1690 1687
f 1687 1666 1675
f 1442 1466 1462
f 1462 1465 1452
f 1452 1464 1455
f 1455 1692 1456
f 1456 1463 1457
f 1457 1686 1691
f 1691 1685 1690
f 1690 1684 1666
f 1470 1475 1718
f 1467 1479 1475
f 1505 1478 1479
f 1507 1477 1478
f 1509 1459 1477
f 1474 1438 1459
f 1439 1461 1438
f 1445 1442 1461
f 1492 1483 1482
f 1482 1484 1488
f 1488 1485 1486
f 1486 1487 1498
f 1498 1511 1499
f 1499 1510 1468
f 1468 1476 1469
f 1469 1467 1470
f 1490 1416 1483
f 1483 1415 1484
f 1484 1495 1485
f 1485 1494 1487
f 1487 1497 1511
f 1511 1503 1510
f 1510 1504 1476
f 1476 1505 1467
f 1496 1414 1416
f 1416 1423 1415
f 1415 1424 1495
f 1495 1425 1494
f 1494 1489 1497
f 1497 1500 1503
f 1503 1506 1504
f 1504 1507 1505
f 1417 1413 1414
f 1414 1412 1423
f 1423 1430 1424
f 1424 1431 1425
f 1425 1451 1489
f 1489 1437 1500
f 1500 1508 1506
f 1506 1509 1507
f 1362 1394 1413
f 1413 1395 1412
f 1412 1411 1430
f 1430 1410 1431
f 1431 1434 1451
f 1451 1450 1437
f 1437 1446 1508
f 1508 1474 1509
f 1408 1398 1394
f 1394 1393 1395
f 1395 1407 1411
f 1411 1436 1410
f 1410 1435 1434
f 1434 1441 1450
f 1450 1440 1446
f 1446 1439 1474
f 1377 1404 1398
f 1398 1409 1393
f 1393 1419 1407
f 1407 1422 1436
f 1436 1403 1435
f 1435 1443 1441
f 1441 1444 1440
f 1440 1445 1439
f 1406 1392 1404
f 1404 1420 1409
f 1409 1421 1419
f 1419 1397 1422
f 1422 1396 1403
f 1403 1433 1443
f 1443 1432 1444
f 1444 1449 1445
f 1291 1399 1392
f 1392 1418 1420
f 1420 1426 1421
f 1421 1427 1397
f 1397 1428 1396
f 1396 1448 1433
f 1433 1447 1432
f 1432 1429 1449
f 1491 1490 1492
f 1493 1496 1490
f 1366 1417 1496
f 1368 1362 1417
f 1369 1408 1362
f 1365 1377 1408
f 1401 1406 1377
f 1405 1291 1406
f 1339 1346 1335
f 1335 1342 1334
f 1334 1370 1371
f 1371 1379 1386
f 1386 1374 1372
f 1372 1375 1373
f 1373 1363 1376
f 1376 1493 1491
f 1341 1333 1346
f 1346 1345 1342
f 1342 1378 1370
f 1370 1380 1379
f 1379 1364 1374
f 1374 1391 1375
f 1375 1367 1363
f 1363 1366 1493
f 1332 1354 1333
f 1333 1353 1345
f 1345 1385 1378
f 1378 1390 1380
f 1380 1389 1364
f 1364 1384 1391
f 1391 1383 1367
f 1367 1368 1366
f 1351 1326 1354
f 1354 1348 1353
f 1353 1349 1385
f 1385 1350 1390
f 1390 1352 1389
f 1389 1382 1384
f 1384 1381 1383
f 1383 1369 1368
f 1329 1323 1326
f 1326 1360 1348
f 1348 1301 1349
f 1349 1361 1350
f 1350 1359 1352
f 1352 1387 1382
f 1382 1388 1381
f 1381 1365 1369
f 1328 1330 1323
f 1323 1313 1360
f 1360 1358 1301
f 1301 1292 1361
f 1361 1357 1359
f 1359 1356 1387
f 1387 1400 1388
f 1388 1401 1365
f 1304 1314 1330
f 1330 1315 1313
f 1313 1316 1358
f 1358 1290 1292
f 1292 1289 1357
f 1357 1355 1356
f 1356 1347 1400
f 1400 1405 1401
f 1303 1306 1314
f 1314 1307 1315
f 1315 1308 1316
f 1316 1287 1290
f 1290 1293 1289
f 1289 1294 1355
f 1355 1295 1347
f 1347 1296 1405
f 1302 1310 1306
f 1306 1311 1307
f 1307 1312 1308
f 1308 1288 1287
f 1287 1298 1293
f 1293 1299 1294
f 1294 1300 1295
f 1295 1297 1296
f 1336 1341 1339
f 1343 1332 1341
f 1337 1351 1332
f 1331 1329 1351
f 1327 1328 1329
f 1322 1304 1328
f 1325 1303 1304
f 1309 1302 1303
f 1269 1266 1263
f 1263 1273 1279
f 1279 1272 1244
f 1244 1242 1245
f 1245 1243 1246
f 1246 1324 1340
f 1340 1344 1338
f 1338 1343 1336
f 1264 1274 1266
f 1266 1275 1273
f 1273 1276 1272
f 1272 1247 1242
f 1242 1321 1243
f 1243 1320 1324
f 1324 1252 1344
f 1344 1337 1343
f 1265 1284 1274
f 1274 1285 1275
f 1275 1283 1276
f 1276 1248 1247
f 1247 1249 1321
f 1321 1250 1320
f 1320 1251 1252
f 1252 1331 1337
f 1268 1270 1284
f 1284 1277 1285
f 1285 1280 1283
f 1283 1281 1248
f 1248 1282 1249
f 1249 1254 1250
f 1250 1255 1251
f 1251 1327 1331
f 1257 1258 1270
f 1270 1278 1277
f 1277 1286 1280
f 1280 1317 1281
f 1281 1318 1282
f 1282 1319 1254
f 1254 1253 1255
f 1255 1322 1327
f 1995 1239 1258
f 1258 1237 1278
f 1278 1219 1286
f 1286 1220 1317
f 1317 1221 1318
f 1318 1222 1319
f 1319 1256 1253
f 1253 1325 1322
f 1238 1241 1239
f 1239 1999 1237
f 1237 1232 1219
f 1219 1223 1220
f 1220 1225 1221
f 1221 1226 1222
f 1222 1224 1256
f 1256 1309 1325
f 1996 1233 1241
f 1241 1234 1999
f 1999 1235 1232
f 1232 1240 1223
f 1223 1218 1225
f 1225 1217 1226
f 1226 1216 1224
f 1224 1215 1309
f 1236 1231 1233
f 1233 1230 1234
f 1234 1229 1235
f 1235 1228 1240
f 1240 1227 1218
f 1218 1214 1217
f 1217 1213 1216
f 1216 1212 1215
f 1262 1264 1269
f 1267 1265 1264
f 2018 1268 1265
f 1271 1257 1268
f 2037 1995 1257
f 2003 1238 1995
f 2001 1996 1238
f 2007 1236 1996
f 2016 2025 2034
f 2034 2015 2038
f 2038 2027 2021
f 2021 2014 2022
f 2022 2010 1259
f 1259 2011 1260
f 1260 2031 1261
f 1261 1267 1262
f 2024 2033 2025
f 2025 2009 2015
f 2015 2012 2027
f 2027 2036 2014
f 2014 2017 2010
f 2010 2026 2011
f 2011 2028 2031
f 2031 2018 1267
f 2053 2040 2033
f 2033 2019 2009
f 2009 1976 2012
f 2012 2029 2036
f 2036 2030 2017
f 2017 2032 2026
f 2026 2020 2028
f 2028 1271 2018
f 2046 1975 2040
f 2040 1974 2019
f 2019 1987 1976
f 1976 1973 2029
f 2029 1972 2030
f 2030 2004 2032
f 2032 2005 2020
f 2020 2037 1271
f 1977 1971 1975
f 1975 1970 1974
f 1974 1969 1987
f 1987 1986 1973
f 1973 1988 1972
f 1972 1994 2004
f 2004 1997 2005
f 2005 2003 2037
f 2039 2082 1971
f 1971 1964 1970
f 1970 2035 1969
f 1969 1963 1986
f 1986 1967 1988
f 1988 2006 1994
f 1994 1993 1997
f 1997 2001 2003
f 2071 2080 2082
f 2082 2076 1964
f 1964 2079 2035
f 2035 1984 1963
f 1963 1983 1967
f 1967 1968 2006
f 2006 1998 1993
f 1993 2007 2001
f 2098 2081 2080
f 2080 1981 2076
f 2076 2083 2079
f 2079 1980 1984
f 1984 1979 1983
f 1983 1978 1968
f 1968 1965 1998
f 1998 2002 2007
f 2070 2069 2081
f 2081 1989 1981
f 1981 1990 2083
f 2083 1991 1980
f 1980 1992 1979
f 1979 1985 1978
f 1978 1982 1965
f 1965 1966 2002
f 2008 2024 2016
f 2043 2053 2024
f 2023 2046 2053
f 2049 1977 2046
f 2041 2039 1977
f 2074 2071 2039
f 2088 2098 2071
f 2094 2070 2098
f 2065 2055 2061
f 2061 2056 2062
f 2062 2057 2063
f 2063 2054 2066
f 2066 2068 2067
f 2067 2060 2052
f 2052 2042 2013
f 2013 2043 2008
f 1924 1919 2055
f 2055 2064 2056
f 2056 2099 2057
f 2057 2059 2054
f 2054 2058 2068
f 2068 2051 2060
f 2060 2050 2042
f 2042 2023 2043
f 1921 1918 1919
f 1919 2111 2064
f 2064 2104 2099
f 2099 2103 2059
f 2059 2100 2058
f 2058 2045 2051
f 2051 2048 2050
f 2050 2049 2023
f 1923 1920 1918
f 1918 2113 2111
f 2111 2112 2104
f 2104 2105 2103
f 2103 2102 2100
f 2100 2047 2045
f 2045 2044 2048
f 2048 2041 2049
f 1922 1888 1920
f 1920 1896 2113
f 2113 2106 2112
f 2112 2110 2105
f 2105 2108 2102
f 2102 2109 2047
f 2047 2101 2044
f 2044 2074 2041
f 1897 1895 1888
f 1888 1890 1896
f 1896 1889 2106
f 2106 2084 2110
f 2110 2086 2108
f 2108 2087 2109
f 2109 2107 2101
f 2101 2088 2074
f 1898 1891 1895
f 1895 1899 1890
f 1890 1900 1889
f 1889 2089 2084
f 2084 2090 2086
f 2086 2091 2087
f 2087 2093 2107
f 2107 2094 2088
f 1903 1917 1891
f 1891 1902 1899
f 1899 1901 1900
f 1900 2097 2089
f 2089 2085 2090
f 2090 2096 2091
f 2091 2075 2093
f 2093 2077 2094
f 1904 1914 1917
f 1917 1894 1902
f 1902 1893 1901
f 1901 1892 2097
f 2097 2095 2085
f 2085 2092 2096
f 2096 2073 2075
f 2075 2072 2077
f 1930 1924 2065
f 1925 1921 1924
f 1932 1923 1921
f 1927 1922 1923
f 1961 1897 1922
f 1957 1898 1897
f 1910 1903 1898
f 1906 1904 1903
f 1854 1848 1853
f 1853 1939 1934
f 1934 1940 1951
f 1951 1955 1952
f 1952 1954 1956
f 1956 1953 1928
f 1928 1926 1929
f 1929 1925 1930
f 1855 1849 1848
f 1848 1850 1939
f 1939 1941 1940
f 1940 1942 1955
f 1955 1950 1954
f 1954 1949 1953
f 1953 1931 1926
f 1926 1932 1925
f 1856 1847 1849
f 1849 1846 1850
f 1850 1938 1941
f 1941 1937 1942
f 1942 1936 1950
f 1950 1959 1949
f 1949 1960 1931
f 1931 1927 1932
f 1844 1845 1847
f 1847 1843 1846
f 1846 1935 1938
f 1938 1933 1937
f 1937 1943 1936
f 1936 1948 1959
f 1959 1962 1960
f 1960 1961 1927
f 1871 1858 1845
f 1845 1837 1843
f 1843 1835 1935
f 1935 1944 1933
f 1933 1945 1943
f 1943 1946 1948
f 1948 1958 1962
f 1962 1957 1961
f 1872 1815 1858
f 1858 1834 1837
f 1837 1833 1835
f 1835 1832 1944
f 1944 1947 1945
f 1945 1912 1946
f 1946 1911 1958
f 1958 1910 1957
f 1827 1816 1815
f 1815 1817 1834
f 1834 1830 1833
f 1833 1829 1832
f 1832 1828 1947
f 1947 1909 1912
f 1912 1905 1911
f 1911 1906 1910
f 1819 1818 1816
f 1816 1813 1817
f 1817 1838 1830
f 1830 1841 1829
f 1829 1836 1828
f 1828 1831 1909
f 1909 1908 1905
f 1905 1907 1906
f 1826 1820 1818
f 1818 1821 1813
f 1813 1824 1838
f 1838 1839 1841
f 1841 1840 1836
f 1836 1842 1831
f 1831 1916 1908
f 1908 1915 1907
f 1857 1855 1854
f 1852 1856 1855
f 1851 1844 1856
f 1860 1871 1844
f 1865 1872 1871
f 1869 1827 1872
f 1825 1819 1827
f 1823 1826 1819
f 2201 2189 2192
f 2192 2202 1886
f 1886 1881 1887
f 1887 1879 1873
f 1873 1876 1882
f 1882 1875 1883
f 1883 1874 1884
f 1884 1852 1857
f 2203 2200 2189
f 2189 2199 2202
f 2202 2198 1881
f 1881 1877 1879
f 1879 1878 1876
f 1876 1880 1875
f 1875 1885 1874
f 1874 1851 1852
f 2190 2197 2200
f 2200 2196 2199
f 2199 2195 2198
f 2198 2194 1877
f 1877 1866 1878
f 1878 1862 1880
f 1880 1859 1885
f 1885 1860 1851
f 2208 2215 2197
f 2197 2193 2196
f 2196 2250 2195
f 2195 2263 2194
f 2194 1861 1866
f 1866 1863 1862
f 1862 1864 1859
f 1859 1865 1860
f 2204 2236 2215
f 2215 2237 2193
f 2193 2262 2250
f 2250 2261 2263
f 2263 2260 1861
f 1861 1867 1863
f 1863 1868 1864
f 1864 1869 1865
f 2220 2227 2236
f 2236 2241 2237
f 2237 2234 2262
f 2262 2259 2261
f 2261 2258 2260
f 2260 2257 1867
f 1867 1870 1868
f 1868 1825 1869
f 2221 2229 2227
f 2227 2242 2241
f 2241 2243 2234
f 2234 2244 2259
f 2259 2256 2258
f 2258 2255 2257
f 2257 2251 1870
f 1870 1823 1825
f 2222 2224 2229
f 2229 2245 2242
f 2242 2246 2243
f 2243 2247 2244
f 2244 2248 2256
f 2256 2249 2255
f 2255 2254 2251
f 2251 1822 1823
f 2223 2225 2224
f 2224 2226 2245
f 2245 2235 2246
f 2246 2238 2247
f 2247 2239 2248
f 2248 2240 2249
f 2249 2253 2254
f 2254 2252 1822
f 2191 2203 2201
f 2205 2190 2203
f 2210 2208 2190
f 2213 2204 2208
f 2218 2220 2204
f 2219 2221 2220
f 2231 2222 2221
f 2230 2223 2222
f 2123 2118 2116
f 2116 2117 2124
f 2124 2125 2135
f 2135 2130 2136
f 2136 2132 2217
f 2217 2207 2216
f 2216 2206 2211
f 2211 2205 2191
f 2128 2122 2118
f 2118 2119 2117
f 2117 2120 2125
f 2125 2137 2130
f 2130 2140 2132
f 2132 2141 2207
f 2207 2209 2206
f 2206 2210 2205
f 2127 2174 2122
f 2122 2175 2119
f 2119 2126 2120
f 2120 2138 2137
f 2137 2139 2140
f 2140 2143 2141
f 2141 2212 2209
f 2209 2213 2210
f 2177 2185 2174
f 2174 2187 2175
f 2175 2186 2126
f 2126 2142 2138
f 2138 2131 2139
f 2139 2129 2143
f 2143 2214 2212
f 2212 2218 2213
f 2178 2183 2185
f 2185 2188 2187
f 2187 2182 2186
f 2186 2144 2142
f 2142 2133 2131
f 2131 2134 2129
f 2129 2233 2214
f 2214 2219 2218
f 2179 2184 2183
f 2183 2181 2188
f 2188 2180 2182
f 2182 2151 2144
f 2144 2152 2133
f 2133 2153 2134
f 2134 2232 2233
f 2233 2231 2219
f 2176 2169 2184
f 2184 2171 2181
f 2181 2165 2180
f 2180 2150 2151
f 2151 2146 2152
f 2152 2156 2153
f 2153 2158 2232
f 2232 2230 2231
f 2161 2168 2169
f 2169 2167 2171
f 2171 2166 2165
f 2165 2160 2150
f 2150 2154 2146
f 2146 2145 2156
f 2156 2157 2158
f 2158 2155 2230
f 2162 2172 2168
f 2168 2173 2167
f 2167 2159 2166
f 2166 2163 2160
f 2160 2164 2154
f 2154 2149 2145
f 2145 2148 2157
f 2157 2147 2155
f 2114 2128 2123
f 2121 2127 2128
f 2406 2177 2127
f 2412 2178 2177
f 2399 2179 2178
f 2390 2176 2179
f 2389 2161 2176
f 2385 2162 2161
f 2349 2415 2350
f 2350 2425 2414
f 2414 2427 2417
f 2417 2426 2400
f 2400 2403 2407
f 2407 2404 2408
f 2408 2409 2115
f 2115 2121 2114
f 2375 2379 2415
f 2415 2416 2425
f 2425 2421 2427
f 2427 2420 2426
f 2426 2401 2403
f 2403 2402 2404
f 2404 2405 2409
f 2409 2406 2121
f 2342 2381 2379
f 2379 2419 2416
f 2416 2424 2421
f 2421 2428 2420
f 2420 2418 2401
f 2401 2410 2402
f 2402 2411 2405
f 2405 2412 2406
f 2383 2378 2381
f 2381 2377 2419
f 2419 2376 2424
f 2424 2422 2428
f 2428 2423 2418
f 2418 2397 2410
f 2410 2413 2411
f 2411 2399 2412
f 2380 2373 2378
f 2378 2372 2377
f 2377 2371 2376
f 2376 2370 2422
f 2422 2396 2423
f 2423 2392 2397
f 2397 2391 2413
f 2413 2390 2399
f 2374 2273 2373
f 2373 2369 2372
f 2372 2354 2371
f 2371 2356 2370
f 2370 2384 2396
f 2396 2387 2392
f 2392 2388 2391
f 2391 2389 2390
f 2268 2382 2273
f 2273 2357 2369
f 2369 2358 2354
f 2354 2359 2356
f 2356 2360 2384
f 2384 2394 2387
f 2387 2395 2388
f 2388 2385 2389
f 2267 2275 2382
f 2382 2276 2357
f 2357 2361 2358
f 2358 2362 2359
f 2359 2363 2360
f 2360 2364 2394
f 2394 2393 2395
f 2395 2386 2385
f 2266 2265 2275
f 2275 2270 2276
f 2276 2368 2361
f 2361 2367 2362
f 2362 2366 2363
f 2363 2365 2364
f 2364 2355 2393
f 2393 2398 2386
f 2351 2375 2349
f 2344 2342 2375
f 2347 2383 2342
f 2348 2380 2383
f 2341 2374 2380
f 2278 2268 2374
f 2269 2267 2268
f 2272 2266 2267
f 2313 2321 2320
f 2320 2325 2336
f 2336 2319 2318
f 2318 2311 2316
f 2316 2339 2315
f 2315 2317 2353
f 2353 2343 2352
f 2352 2344 2351
f 2304 2303 2321
f 2321 2326 2325
f 2325 2322 2319
f 2319 2314 2311
f 2311 2312 2339
f 2339 2345 2317
f 2317 2346 2343
f 2343 2347 2344
f 2305 2302 2303
f 2303 2301 2326
f 2326 2328 2322
f 2322 2309 2314
f 2314 2330 2312
f 2312 2310 2345
f 2345 2340 2346
f 2346 2348 2347
f 3048 2293 2302
f 2302 2296 2301
f 2301 3087 2328
f 2328 2333 2309
f 2309 2334 2330
f 2330 2335 2310
f 2310 2338 2340
f 2340 2341 2348
f 3066 2288 2293
f 2293 3086 2296
f 2296 3078 3087
f 3087 2287 2333
f 2333 2327 2334
f 2334 2329 2335
f 2335 2277 2338
f 2338 2278 2341
f 3085 2291 2288
f 2288 2290 3086
f 3086 2337 3078
f 3078 2289 2287
f 2287 3077 2327
f 2327 2324 2329
f 2329 2271 2277
f 2277 2269 2278
f 2308 3058 2291
f 2291 3075 2290
f 2290 3076 2337
f 2337 2332 2289
f 2289 2331 3077
f 3077 2281 2324
f 2324 2274 2271
f 2271 2272 2269
f 3063 3068 3058
f 3058 3073 3075
f 3075 3074 3076
f 3076 2282 2332
f 2332 2283 2331
f 2331 2284 2281
f 2281 2285 2274
f 2274 2264 2272
f 3084 3079 3068
f 3068 3080 3073
f 3073 3081 3074
f 3074 2279 2282
f 2282 2280 2283
f 2283 3082 2284
f 2284 3083 2285
f 2285 2286 2264
f 2323 2304 2313
f 2297 2305 2304
f 3051 3048 2305
f 3047 3066 3048
f 3065 3085 3066
f 2294 2308 3085
f 3096 3063 2308
f 3088 3084 3063
f 3043 3045 3035
f 3035 3038 3056
f 3056 3039 3040
f 3040 3102 3041
f 3041 3090 3054
f 3054 3101 2299
f 2299 3057 2298
f 2298 2297 2323
f 3142 3140 3045
f 3045 3055 3038
f 3038 3052 3039
f 3039 3036 3102
f 3102 3092 3090
f 3090 2300 3101
f 3101 3053 3057
f 3057 3051 2297
f 3141 3031 3140
f 3140 3137 3055
f 3055 3050 3052
f 3052 3049 3036
f 3036 3029 3092
f 3092 2306 2300
f 2300 2307 3053
f 3053 3047 3051
f 3163 3034 3031
f 3031 3143 3137
f 3137 3097 3050
f 3050 3093 3049
f 3049 3046 3029
f 3029 3091 2306
f 2306 2295 2307
f 2307 3065 3047
f 3042 3177 3034
f 3034 3113 3143
f 3143 3072 3097
f 3097 3037 3093
f 3093 3044 3046
f 3046 3094 3091
f 3091 3095 2295
f 2295 2294 3065
f 3116 3105 3177
f 3177 3138 3113
f 3113 3104 3072
f 3072 3064 3037
f 3037 3098 3044
f 3044 3099 3094
f 3094 3100 3095
f 3095 3096 2294
f 3117 3103 3105
f 3105 3112 3138
f 3138 3134 3104
f 3104 3070 3064
f 3064 3147 3098
f 3098 3089 3099
f 3099 3061 3100
f 3100 3088 3096
f 3114 3158 3103
f 3103 3159 3112
f 3112 3146 3134
f 3134 3145 3070
f 3070 3062 3147
f 3147 3144 3089
f 3089 3071 3061
f 3061 3069 3088
f 3156 3162 3158
f 3158 3149 3159
f 3159 3133 3146
f 3146 3135 3145
f 3145 3136 3062
f 3062 3139 3144
f 3144 3059 3071
f 3071 3060 3069
f 3030 3142 3043
f 3132 3141 3142
f 3108 3163 3141
f 3110 3042 3163
f 3111 3116 3042
f 3170 3117 3116
f 3155 3114 3117
f 3165 3156 3114
f 3274 3271 3121
f 3121 3281 3120
f 3120 3280 3268
f 3268 3129 3119
f 3119 3106 3032
f 3032 3130 3028
f 3028 3131 3033
f 3033 3132 3030
f 3278 3279 3271
f 3271 3277 3281
f 3281 3127 3280
f 3280 3176 3129
f 3129 3175 3106
f 3106 3107 3130
f 3130 3118 3131
f 3131 3108 3132
f 3266 3256 3279
f 3279 3276 3277
f 3277 3123 3127
f 3127 3122 3176
f 3176 3174 3175
f 3175 3173 3107
f 3107 3109 3118
f 3118 3110 3108
f 3282 3258 3256
f 3256 3275 3276
f 3276 3273 3123
f 3123 3172 3122
f 3122 3125 3174
f 3174 3126 3173
f 3173 3128 3109
f 3109 3111 3110
f 3265 3322 3258
f 3258 3260 3275
f 3275 3171 3273
f 3273 3272 3172
f 3172 3164 3125
f 3125 3124 3126
f 3126 3115 3128
f 3128 3170 3111
f 3325 3299 3322
f 3322 3259 3260
f 3260 3255 3171
f 3171 3270 3272
f 3272 3169 3164
f 3164 3168 3124
f 3124 3167 3115
f 3115 3155 3170
f 3326 3303 3299
f 3299 3323 3259
f 3259 3324 3255
f 3255 3257 3270
f 3270 3253 3169
f 3169 3154 3168
f 3168 3166 3167
f 3167 3165 3155
f 3306 3305 3303
f 3303 3254 3323
f 3323 3327 3324
f 3324 3152 3257
f 3257 3151 3253
f 3253 3150 3154
f 3154 3148 3166
f 3166 3157 3165
f 3307 3298 3305
f 3305 3308 3254
f 3254 3261 3327
f 3327 3262 3152
f 3152 3263 3151
f 3151 3264 3150
f 3150 3160 3148
f 3148 3161 3157
f 3269 3278 3274
f 3293 3266 3278
f 3267 3282 3266
f 3290 3265 3282
f 3314 3325 3265
f 3313 3326 3325
f 3318 3306 3326
f 3316 3307 3306
f 3224 3209 3230
f 3230 3210 3217
f 3217 3211 3216
f 3216 3297 3289
f 3289 3296 3288
f 3288 3295 3287
f 3287 3294 3286
f 3286 3293 3269
f 3222 3214 3209
f 3209 3223 3210
f 3210 3233 3211
f 3211 3225 3297
f 3297 3283 3296
f 3296 3285 3295
f 3295 3284 3294
f 3294 3267 3293
f 3226 3229 3214
f 3214 3228 3223
f 3223 3215 3233
f 3233 3218 3225
f 3225 3292 3283
f 3283 3221 3285
f 3285 3291 3284
f 3284 3290 3267
f 3232 3237 3229
f 3229 3235 3228
f 3228 3220 3215
f 3215 3208 3218
f 3218 3219 3292
f 3292 3315 3221
f 3221 3317 3291
f 3291 3314 3290
f 3250 3205 3237
f 3237 3236 3235
f 3235 3195 3220
f 3220 3212 3208
f 3208 3213 3219
f 3219 3319 3315
f 3315 3320 3317
f 3317 3313 3314
f 3244 3189 3205
f 3205 3196 3236
f 3236 3197 3195
f 3195 3198 3212
f 3212 3193 3213
f 3213 3321 3319
f 3319 3312 3320
f 3320 3318 3313
f 3178 3188 3189
f 3189 3187 3196
f 3196 3186 3197
f 3197 3185 3198
f 3198 3199 3193
f 3193 3200 3321
f 3321 3311 3312
f 3312 3316 3318
f 3181 3184 3188
f 3188 3183 3187
f 3187 3206 3186
f 3186 3207 3185
f 3185 3194 3199
f 3199 3300 3200
f 3200 3301 3311
f 3311 3302 3316
f 3182 3191 3184
f 3184 3190 3183
f 3183 3201 3206
f 3206 3202 3207
f 3207 3203 3194
f 3194 3204 3300
f 3300 3310 3301
f 3301 3309 3302
f 3231 3222 3224
f 3227 3226 3222
f 3234 3232 3226
f 3252 3250 3232
f 3241 3244 3250
f 3246 3178 3244
f 3180 3181 3178
f 3447 3182 3181
f 3414 3415 3432
f 3432 3416 3412
f 3412 3417 3413
f 3413 3424 3430
f 3430 3425 3431
f 3431 3418 3428
f 3428 3429 3427
f 3427 3227 3231
f 3408 3404 3415
f 3415 3406 3416
f 3416 3426 3417
f 3417 3423 3424
f 3424 3422 3425
f 3425 3247 3418
f 3418 3248 3429
f 3429 3234 3227
f 3403 3410 3404
f 3404 3411 3406
f 3406 3409 3426
f 3426 3419 3423
f 3423 3420 3422
f 3422 3421 3247
f 3247 3251 3248
f 3248 3252 3234
f 3448 3450 3410
f 3410 3405 3411
f 3411 3407 3409
f 3409 3249 3419
f 3419 3238 3420
f 3420 3243 3421
f 3421 3242 3251
f 3251 3241 3252
f 3437 3433 3450
f 3450 3434 3405
f 3405 3435 3407
f 3407 3436 3249
f 3249 3240 3238
f 3238 3239 3243
f 3243 3245 3242
f 3242 3246 3241
f 3451 3438 3433
f 3433 3464 3434
f 3434 3476 3435
f 3435 3439 3436
f 3436 3440 3240
f 3240 3441 3239
f 3239 3442 3245
f 3245 3180 3246
f 3478 3452 3438
f 3438 3475 3464
f 3464 3453 3476
f 3476 3474 3439
f 3439 3449 3440
f 3440 3445 3441
f 3441 3446 3442
f 3442 3447 3180
f 3465 3454 3452
f 3452 3473 3475
f 3475 3455 3453
f 3453 3472 3474
f 3474 3456 3449
f 3449 3457 3445
f 3445 3444 3446
f 3446 3443 3447
f 3477 3461 3454
f 3454 3462 3473
f 3473 3469 3455
f 3455 3470 3472
f 3472 3471 3456
f 3456 3459 3457
f 3457 3458 3444
f 3444 3192 3443
f 3400 3408 3414
f 3383 3403 3408
f 3384 3448 3403
f 3374 3437 3448
f 3463 3451 3437
f 3382 3478 3451
f 3466 3465 3478
f 3467 3477 3465
f 3363 3369 3389
f 3389 3370 3397
f 3397 3390 3399
f 3399 3388 3396
f 3396 3391 3395
f 3395 3392 3401
f 3401 3373 3402
f 3402 3383 3400
f 3366 3331 3369
f 3369 3330 3370
f 3370 3367 3390
f 3390 3386 3388
f 3388 3394 3391
f 3391 3393 3392
f 3392 3385 3373
f 3373 3384 3383
f 3368 3336 3331
f 3331 3361 3330
f 3330 3362 3367
f 3367 3387 3386
f 3386 3398 3394
f 3394 3379 3393
f 3393 3378 3385
f 3385 3374 3384
f 3340 3360 3336
f 3336 3342 3361
f 3361 3341 3362
f 3362 3337 3387
f 3387 3375 3398
f 3398 3376 3379
f 3379 3377 3378
f 3378 3463 3374
f 3339 3359 3360
f 3360 3335 3342
f 3342 3334 3341
f 3341 3357 3337
f 3337 3332 3375
f 3375 3380 3376
f 3376 3381 3377
f 3377 3382 3463
f 3598 3358 3359
f 3359 3597 3335
f 3335 3565 3334
f 3334 3356 3357
f 3357 3333 3332
f 3332 3329 3380
f 3380 3347 3381
f 3381 3466 3382
f 3338 3564 3358
f 3358 3372 3597
f 3597 3563 3565
f 3565 3562 3356
f 3356 3350 3333
f 3333 3328 3329
f 3329 3343 3347
f 3347 3467 3466
f 3567 3364 3564
f 3564 3365 3372
f 3372 3344 3563
f 3563 3345 3562
f 3562 3346 3350
f 3350 3352 3328
f 3328 3353 3343
f 3343 3468 3467
f 3556 3558 3364
f 3364 3554 3365
f 3365 3560 3344
f 3344 3355 3345
f 3345 3354 3346
f 3346 3351 3352
f 3352 3349 3353
f 3353 3348 3468
f 3371 3366 3363
f 3586 3368 3366
f 3593 3340 3368
f 3595 3339 3340
f 3588 3598 3339
f 3592 3338 3598
f 3589 3567 3338
f 3616 3556 3567
f 3612 3628 3626
f 3626 3574 3611
f 3611 3573 3578
f 3578 3570 3580
f 3580 3571 3583
f 3583 3572 3582
f 3582 3585 3581
f 3581 3586 3371
f 3604 3627 3628
f 3628 3605 3574
f 3574 3579 3573
f 3573 3577 3570
f 3570 3576 3571
f 3571 3569 3572
f 3572 3594 3585
f 3585 3593 3586
f 3617 3540 3627
f 3627 3625 3605
f 3605 3606 3579
f 3579 3602 3577
f 3577 3601 3576
f 3576 3575 3569
f 3569 3596 3594
f 3594 3595 3593
f 3542 3550 3540
f 3540 3624 3625
f 3625 3603 3606
f 3606 3599 3602
f 3602 3600 3601
f 3601 3590 3575
f 3575 3587 3596
f 3596 3588 3595
f 3549 3630 3550
f 3550 3623 3624
f 3624 3622 3603
f 3603 3607 3599
f 3599 3621 3600
f 3600 3584 3590
f 3590 3591 3587
f 3587 3592 3588
f 3629 3631 3630
f 3630 3634 3623
f 3623 3633 3622
f 3622 3619 3607
f 3607 3568 3621
f 3621 3555 3584
f 3584 3561 3591
f 3591 3589 3592
f 3479 3490 3631
f 3631 3493 3634
f 3634 3638 3633
f 3633 3637 3619
f 3619 3618 3568
f 3568 3620 3555
f 3555 3615 3561
f 3561 3616 3589
f 3480 3481 3490
f 3490 3491 3493
f 3493 3489 3638
f 3638 3488 3637
f 3637 3487 3618
f 3618 3632 3620
f 3620 3559 3615
f 3615 3614 3616
f 3494 3482 3481
f 3481 3483 3491
f 3491 3484 3489
f 3489 3485 3488
f 3488 3642 3487
f 3487 3641 3632
f 3632 3640 3559
f 3559 3557 3614
f 3610 3604 3612
f 3613 3617 3604
f 3543 3542 3617
f 3545 3549 3542
f 3552 3629 3549
f 3635 3479 3629
f 3492 3480 3479
f 3505 3494 3480
f 3510 3512 3538
f 3538 3534 3536
f 3536 3531 3535
f 3535 3530 3537
f 3537 3544 3541
f 3541 3551 3608
f 3608 3548 3609
f 3609 3613 3610
f 3517 3511 3512
f 3512 3509 3534
f 3534 3526 3531
f 3531 3525 3530
f 3530 3524 3544
f 3544 3547 3551
f 3551 3546 3548
f 3548 3543 3613
f 3521 3513 3511
f 3511 3523 3509
f 3509 3514 3526
f 3526 3529 3525
f 3525 3528 3524
f 3524 3527 3547
f 3547 3539 3546
f 3546 3545 3543
f 2674 2685 3513
f 3513 3518 3523
f 3523 3516 3514
f 3514 3515 3529
f 3529 3533 3528
f 3528 3532 3527
f 3527 3553 3539
f 3539 3552 3545
f 2673 2686 2685
f 2685 2687 3518
f 3518 3519 3516
f 3516 3520 3515
f 3515 3636 3533
f 3533 3643 3532
f 3532 3503 3553
f 3553 3635 3552
f 2717 2727 2686
f 2686 2688 2687
f 2687 2689 3519
f 3519 3500 3520
f 3520 3499 3636
f 3636 3639 3643
f 3643 3497 3503
f 3503 3492 3635
f 2718 2726 2727
f 2727 2690 2688
f 2688 2691 2689
f 2689 2692 3500
f 3500 3495 3499
f 3499 3496 3639
f 3639 3498 3497
f 3497 3505 3492
f 2720 2724 2726
f 2726 2693 2690
f 2690 2694 2691
f 2691 2695 2692
f 2692 2696 3495
f 3495 3506 3496
f 3496 3507 3498
f 3498 3508 3505
f 2722 2716 2724
f 2724 2714 2693
f 2693 2684 2694
f 2694 2698 2695
f 2695 2697 2696
f 2696 3504 3506
f 3506 3502 3507
f 3507 3501 3508
f 3522 3517 3510
f 2669 3521 3517
f 2670 2674 3521
f 2680 2673 2674
f 2715 2717 2673
f 2721 2718 2717
f 2725 2720 2718
f 2728 2722 2720
f 2620 2623 2655
f 2655 2662 2656
f 2656 2666 2657
f 2657 2667 2663
f 2663 2668 2665
f 2665 2654 2682
f 2682 2676 2683
f 2683 2669 3522
f 2616 2622 2623
f 2623 2621 2662
f 2662 2664 2666
f 2666 2658 2667
f 2667 2677 2668
f 2668 2678 2654
f 2654 2675 2676
f 2676 2670 2669
f 2615 2618 2622
f 2622 2619 2621
f 2621 2613 2664
f 2664 2659 2658
f 2658 2671 2677
f 2677 2672 2678
f 2678 2679 2675
f 2675 2680 2670
f 2614 2610 2618
f 2618 2611 2619
f 2619 2642 2613
f 2613 2643 2659
f 2659 2660 2671
f 2671 2661 2672
f 2672 2681 2679
f 2679 2715 2680
f 2579 2612 2610
f 2610 2644 2611
f 2611 2645 2642
f 2642 2701 2643
f 2643 2709 2660
f 2660 2708 2661
f 2661 2719 2681
f 2681 2721 2715
f 2617 2637 2612
f 2612 2646 2644
f 2644 2647 2645
f 2645 2704 2701
f 2701 2703 2709
f 2709 2702 2708
f 2708 2723 2719
f 2719 2725 2721
f 2635 2638 2637
f 2637 2648 2646
f 2646 2649 2647
f 2647 2650 2704
f 2704 2705 2703
f 2703 2706 2702
f 2702 2707 2723
f 2723 2728 2725
f 2636 2633 2638
f 2638 2632 2648
f 2648 2653 2649
f 2649 2652 2650
f 2650 2651 2705
f 2705 2712 2706
f 2706 2700 2707
f 2707 2713 2728
f 2630 2625 2633
f 2633 2629 2632
f 2632 2624 2653
f 2653 2641 2652
f 2652 2640 2651
f 2651 2639 2712
f 2712 2711 2700
f 2700 2710 2713
f 2595 2616 2620
f 2609 2615 2616
f 2593 2614 2615
f 2585 2579 2614
f 2587 2617 2579
f 2590 2635 2617
f 2631 2636 2635
f 2501 2630 2636
f 2430 2438 2441
f 2441 2439 2440
f 2440 2600 2599
f 2599 2601 2588
f 2588 2589 2598
f 2598 2602 2597
f 2597 2603 2596
f 2596 2609 2595
f 2431 2434 2438
f 2438 2604 2439
f 2439 2605 2600
f 2600 2606 2601
f 2601 2608 2589
f 2589 2594 2602
f 2602 2592 2603
f 2603 2593 2609
f 2429 2475 2434
f 2434 2607 2604
f 2604 2432 2605
f 2605 2581 2606
f 2606 2582 2608
f 2608 2583 2594
f 2594 2584 2592
f 2592 2585 2593
f 2485 2480 2475
f 2475 2433 2607
f 2607 2478 2432
f 2432 2436 2581
f 2581 2490 2582
f 2582 2492 2583
f 2583 2586 2584
f 2584 2587 2585
f 2486 2472 2480
f 2480 2467 2433
f 2433 2488 2478
f 2478 2483 2436
f 2436 2482 2490
f 2490 2580 2492
f 2492 2591 2586
f 2586 2590 2587
f 2459 2464 2472
f 2472 2476 2467
f 2467 2477 2488
f 2488 2479 2483
f 2483 2481 2482
f 2482 2498 2580
f 2580 2496 2591
f 2591 2631 2590
f 2465 2468 2464
f 2464 2484 2476
f 2476 2495 2477
f 2477 2497 2479
f 2479 2474 2481
f 2481 2503 2498
f 2498 2502 2496
f 2496 2501 2631
f 2466 2461 2468
f 2468 2460 2484
f 2484 2462 2495
f 2495 2500 2497
f 2497 2499 2474
f 2474 2487 2503
f 2503 2489 2502
f 2502 2628 2501
f 2469 2473 2461
f 2461 2471 2460
f 2460 2470 2462
f 2462 2494 2500
f 2500 2493 2499
f 2499 2491 2487
f 2487 2627 2489
f 2489 2626 2628
f 2443 2431 2430
f 2458 2429 2431
f 2448 2485 2429
f 2456 2486 2485
f 2457 2459 2486
f 2541 2465 2459
f 2463 2466 2465
f 2546 2469 2466
f 2504 2517 2514
f 2514 2515 2506
f 2506 2509 2451
f 2451 2510 2455
f 2455 2513 2453
f 2453 2452 2450
f 2450 2437 2442
f 2442 2458 2443
f 2505 2512 2517
f 2517 2508 2515
f 2515 2507 2509
f 2509 2445 2510
f 2510 2446 2513
f 2513 2447 2452
f 2452 2435 2437
f 2437 2448 2458
f 2519 2520 2512
f 2512 2521 2508
f 2508 2516 2507
f 2507 2511 2445
f 2445 2518 2446
f 2446 2449 2447
f 2447 2444 2435
f 2435 2456 2448
f 2533 2523 2520
f 2520 2525 2521
f 2521 2530 2516
f 2516 2531 2511
f 2511 2542 2518
f 2518 2543 2449
f 2449 2454 2444
f 2444 2457 2456
f 2922 2918 2523
f 2523 2529 2525
f 2525 2528 2530
f 2530 2573 2531
f 2531 2574 2542
f 2542 2536 2543
f 2543 2535 2454
f 2454 2541 2457
f 2555 2559 2918
f 2918 2560 2529
f 2529 2561 2528
f 2528 2570 2573
f 2573 2571 2574
f 2574 2540 2536
f 2536 2539 2535
f 2535 2463 2541
f 2556 2563 2559
f 2559 2562 2560
f 2560 2567 2561
f 2561 2566 2570
f 2570 2568 2571
f 2571 2548 2540
f 2540 2547 2539
f 2539 2546 2463
f 2557 2549 2563
f 2563 2552 2562
f 2562 2569 2567
f 2567 2565 2566
f 2566 2564 2568
f 2568 2572 2548
f 2548 2537 2547
f 2547 2538 2546
f 2558 2551 2549
f 2549 2553 2552
f 2552 2576 2569
f 2569 2575 2565
f 2565 2577 2564
f 2564 2578 2572
f 2572 2545 2537
f 2537 2544 2538
f 2522 2505 2504
f 2526 2519 2505
f 2532 2533 2519
f 2916 2922 2533
f 2921 2555 2922
f 2554 2556 2555
f 2550 2557 2556
f 2889 2558 2557
f 2938 2939 2943
f 2943 2940 2945
f 2945 2941 2946
f 2946 2949 2948
f 2948 2910 2919
f 2919 2909 2920
f 2920 2527 2524
f 2524 2526 2522
f 2947 2952 2939
f 2939 2951 2940
f 2940 2950 2941
f 2941 2908 2949
f 2949 2911 2910
f 2910 2912 2909
f 2909 2913 2527
f 2527 2532 2526
f 2997 2942 2952
f 2952 2927 2951
f 2951 2923 2950
f 2950 2928 2908
f 2908 2929 2911
f 2911 2914 2912
f 2912 2915 2913
f 2913 2916 2532
f 2993 2984 2942
f 2942 2932 2927
f 2927 2933 2923
f 2923 2934 2928
f 2928 2935 2929
f 2929 2936 2914
f 2914 2917 2915
f 2915 2921 2916
f 2986 2996 2984
f 2984 2937 2932
f 2932 2931 2933
f 2933 2930 2934
f 2934 2926 2935
f 2935 2925 2936
f 2936 2924 2917
f 2917 2554 2921
f 2983 2893 2996
f 2996 2905 2937
f 2937 2895 2931
f 2931 2907 2930
f 2930 2879 2926
f 2926 2880 2925
f 2925 2881 2924
f 2924 2550 2554
f 2961 2906 2893
f 2893 2904 2905
f 2905 2903 2895
f 2895 2902 2907
f 2907 2885 2879
f 2879 2887 2880
f 2880 2888 2881
f 2881 2889 2550
f 2962 2960 2906
f 2906 2901 2904
f 2904 2900 2903
f 2903 2899 2902
f 2902 2892 2885
f 2885 2891 2887
f 2887 2886 2888
f 2888 2884 2889
f 2963 2958 2960
f 2960 2894 2901
f 2901 2896 2900
f 2900 2897 2899
f 2899 2898 2892
f 2892 2883 2891
f 2891 2890 2886
f 2886 2882 2884
f 2944 2947 2938
f 2990 2997 2947
f 2991 2993 2997
f 3027 2986 2993
f 2994 2983 2986
f 2955 2961 2983
f 2959 2962 2961
f 2966 2963 2962
f 2746 3012 3005
f 3005 3009 2998
f 2998 3013 3018
f 3018 3014 3016
f 3016 2987 2995
f 2995 3015 2988
f 2988 2989 2985
f 2985 2990 2944
f 2745 3004 3012
f 3012 3006 3009
f 3009 3017 3013
f 3013 3019 3014
f 3014 3020 2987
f 2987 3023 3015
f 3015 2992 2989
f 2989 2991 2990
f 2752 2754 3004
f 3004 3010 3006
f 3006 3008 3017
f 3017 3007 3019
f 3019 3024 3020
f 3020 3025 3023
f 3023 3026 2992
f 2992 3027 2991
f 2753 2788 2754
f 2754 2999 3010
f 3010 3000 3008
f 3008 3002 3007
f 3007 3003 3024
f 3024 3021 3025
f 3025 3022 3026
f 3026 2994 3027
f 2786 2785 2788
f 2788 3001 2999
f 2999 2976 3000
f 3000 2974 3002
f 3002 2973 3003
f 3003 2970 3021
f 3021 2956 3022
f 3022 2955 2994
f 2787 2782 2785
f 2785 2774 3001
f 3001 3011 2976
f 2976 2977 2974
f 2974 2978 2973
f 2973 2980 2970
f 2970 2957 2956
f 2956 2959 2955
f 2798 2791 2782
f 2782 2778 2774
f 2774 2777 3011
f 3011 2981 2977
f 2977 2979 2978
f 2978 2969 2980
f 2980 2967 2957
f 2957 2966 2959
f 2797 2795 2791
f 2791 2796 2778
f 2778 2780 2777
f 2777 2781 2981
f 2981 2971 2979
f 2979 2972 2969
f 2969 2965 2967
f 2967 2964 2966
f 2794 2801 2795
f 2795 2802 2796
f 2796 2803 2780
f 2780 2783 2781
f 2781 2982 2971
f 2971 2968 2972
f 2972 2975 2965
f 2965 2954 2964
f 2755 2745 2746
f 2749 2752 2745
f 2757 2753 2752
f 2747 2786 2753
f 2779 2787 2786
f 2776 2798 2787
f 2799 2797 2798
f 2772 2794 2797
f 2853 2862 2736
f 2736 2859 2735
f 2735 2741 2734
f 2734 2743 2733
f 2733 2742 2729
f 2729 2751 2744
f 2744 2750 2756
f 2756 2749 2755
f 2855 2858 2862
f 2862 2848 2859
f 2859 2769 2741
f 2741 2771 2743
f 2743 2732 2742
f 2742 2731 2751
f 2751 2758 2750
f 2750 2757 2749
f 2871 2850 2858
f 2858 2852 2848
f 2848 2851 2769
f 2769 2739 2771
f 2771 2773 2732
f 2732 2770 2731
f 2731 2748 2758
f 2758 2747 2757
f 2816 2817 2850
f 2850 2730 2852
f 2852 2740 2851
f 2851 2766 2739
f 2739 2764 2773
f 2773 2763 2770
f 2770 2759 2748
f 2748 2779 2747
f 2854 2811 2817
f 2817 2870 2730
f 2730 2738 2740
f 2740 2737 2766
f 2766 2760 2764
f 2764 2761 2763
f 2763 2775 2759
f 2759 2776 2779
f 2877 2872 2811
f 2811 2865 2870
f 2870 2873 2738
f 2738 2818 2737
f 2737 2765 2760
f 2760 2762 2761
f 2761 2784 2775
f 2775 2799 2776
f 2846 2828 2872
f 2872 2829 2865
f 2865 2814 2873
f 2873 2876 2818
f 2818 2804 2765
f 2765 2767 2762
f 2762 2768 2784
f 2784 2772 2799
f 2832 2831 2828
f 2828 2813 2829
f 2829 2812 2814
f 2814 2833 2876
f 2876 2815 2804
f 2804 2789 2767
f 2767 2793 2768
f 2768 2792 2772
f 2830 2824 2831
f 2831 2805 2813
f 2813 2810 2812
f 2812 2822 2833
f 2833 2809 2815
f 2815 2808 2789
f 2789 2807 2793
f 2793 2800 2792
f 2849 2855 2853
f 2860 2871 2855
f 2869 2816 2871
f 2867 2854 2816
f 2866 2877 2854
f 2864 2846 2877
f 2835 2832 2846
f 3897 2830 2832
f 3929 3931 3921
f 3921 3915 3920
f 3920 3913 3919
f 3919 3914 3916
f 3916 2847 2839
f 2839 2857 2840
f 2840 2875 2874
f 2874 2860 2849
f 3933 3935 3931
f 3931 3917 3915
f 3915 3918 3913
f 3913 2843 3914
f 3914 2842 2847
f 2847 2861 2857
f 2857 2845 2875
f 2875 2869 2860
f 3942 3905 3935
f 3935 3904 3917
f 3917 3922 3918
f 3918 2844 2843
f 2843 3923 2842
f 2842 2856 2861
f 2861 2841 2845
f 2845 2867 2869
f 3901 3900 3905
f 3905 3907 3904
f 3904 3873 3922
f 3922 2838 2844
f 2844 2837 3923
f 3923 3926 2856
f 2856 2821 2841
f 2841 2866 2867
f 3924 3874 3900
f 3900 3875 3907
f 3907 3877 3873
f 3873 2863 2838
f 2838 2834 2837
f 2837 2868 3926
f 3926 2836 2821
f 2821 2864 2866
f 3898 3910 3874
f 3874 3878 3875
f 3875 3869 3877
f 3877 3886 2863
f 2863 3887 2834
f 2834 2827 2868
f 2868 2825 2836
f 2836 2835 2864
f 3862 3882 3910
f 3910 3883 3878
f 3878 3895 3869
f 3869 3890 3886
f 3886 3891 3887
f 3887 3893 2827
f 2827 2823 2825
f 2825 3897 2835
f 3881 3840 3882
f 3882 3876 3883
f 3883 3896 3895
f 3895 3894 3890
f 3890 3885 3891
f 3891 3889 3893
f 3893 2820 2823
f 2823 2819 3897
f 3853 3849 3840
f 3840 3851 3876
f 3876 3879 3896
f 3896 3880 3894
f 3894 3892 3885
f 3885 3884 3889
f 3889 3888 2820
f 2820 2826 2819
f 3928 3933 3929
f 3936 3942 3933
f 3939 3901 3942
f 3925 3924 3901
f 3927 3898 3924
f 3903 3862 3898
f 3855 3881 3862
f 3871 3853 3881
f 3806 3820 3819
f 3819 3813 3810
f 3810 3817 3811
f 3811 3823 3821
f 3821 3932 3899
f 3899 3937 3906
f 3906 3934 3930
f 3930 3936 3928
f 3814 3822 3820
f 3820 3833 3813
f 3813 3818 3817
f 3817 3809 3823
f 3823 3815 3932
f 3932 3911 3937
f 3937 3938 3934
f 3934 3939 3936
f 3812 3816 3822
f 3822 3858 3833
f 3833 3859 3818
f 3818 3860 3809
f 3809 3912 3815
f 3815 3940 3911
f 3911 3941 3938
f 3938 3925 3939
f 3801 3720 3816
f 3816 3865 3858
f 3858 3866 3859
f 3859 3867 3860
f 3860 3854 3912
f 3912 3909 3940
f 3940 3908 3941
f 3941 3927 3925
f 3802 3719 3720
f 3720 3722 3865
f 3865 3868 3866
f 3866 3864 3867
f 3867 3848 3854
f 3854 3863 3909
f 3909 3902 3908
f 3908 3903 3927
f 3728 3723 3719
f 3719 3826 3722
f 3722 3825 3868
f 3868 3861 3864
f 3864 3857 3848
f 3848 3856 3863
f 3863 3870 3902
f 3902 3855 3903
f 3729 3725 3723
f 3723 3827 3826
f 3826 3828 3825
f 3825 3829 3861
f 3861 3852 3857
f 3857 3843 3856
f 3856 3872 3870
f 3870 3871 3855
f 3730 3732 3725
f 3725 3832 3827
f 3827 3831 3828
f 3828 3830 3829
f 3829 3850 3852
f 3852 3842 3843
f 3843 3841 3872
f 3872 3839 3871
f 3824 3838 3732
f 3732 3837 3832
f 3832 3836 3831
f 3831 3835 3830
f 3830 3834 3850
f 3850 3845 3842
f 3842 3846 3841
f 3841 3847 3839
f 3803 3814 3806
f 3805 3812 3814
f 3807 3801 3812
f 3798 3802 3801
f 3804 3728 3802
f 3726 3729 3728
f 3724 3730 3729
f 3791 3824 3730
f 3766 3777 3763
f 3763 3758 3762
f 3762 3757 3761
f 3761 3756 3759
f 3759 3755 3796
f 3796 3808 3799
f 3799 3794 3800
f 3800 3805 3803
f 3776 3765 3777
f 3777 3754 3758
f 3758 3753 3757
f 3757 3764 3756
f 3756 3749 3755
f 3755 3778 3808
f 3808 3795 3794
f 3794 3807 3805
f 3774 3653 3765
f 3765 3779 3754
f 3754 3751 3753
f 3753 3750 3764
f 3764 3752 3749
f 3749 3771 3778
f 3778 3797 3795
f 3795 3798 3807
f 3651 3646 3653
f 3653 3792 3779
f 3779 3793 3751
f 3751 3760 3750
f 3750 3767 3752
f 3752 3768 3771
f 3771 3731 3797
f 3797 3804 3798
f 3650 3784 3646
f 3646 3785 3792
f 3792 3786 3793
f 3793 3735 3760
f 3760 3734 3767
f 3767 3787 3768
f 3768 3733 3731
f 3731 3726 3804
f 3718 3783 3784
f 3784 3782 3785
f 3785 3697 3786
f 3786 3748 3735
f 3735 3742 3734
f 3734 3781 3787
f 3787 3780 3733
f 3733 3724 3726
f 3717 3703 3783
f 3783 3790 3782
f 3782 3702 3697
f 3697 3701 3748
f 3748 3741 3742
f 3742 3745 3781
f 3781 3789 3780
f 3780 3791 3724
f 3692 3699 3703
f 3703 3698 3790
f 3790 3696 3702
f 3702 3695 3701
f 3701 3747 3741
f 3741 3746 3745
f 3745 3744 3789
f 3789 3727 3791
f 3691 3689 3699
f 3699 3736 3698
f 3698 3737 3696
f 3696 3738 3695
f 3695 3788 3747
f 3747 3739 3746
f 3746 3740 3744
f 3744 3743 3727
f 3775 3776 3766
f 3770 3774 3776
f 3656 3651 3774
f 3645 3650 3651
f 3705 3718 3650
f 3708 3717 3718
f 3706 3692 3717
f 3694 3691 3692
f 3670 3665 3673
f 3673 3664 3672
f 3672 3663 3652
f 3652 3648 3649
f 3649 3647 3644
f 3644 3655 3773
f 3773 3769 3772
f 3772 3770 3775
f 3671 3660 3665
f 3665 3661 3664
f 3664 3662 3663
f 3663 3666 3648
f 3648 3654 3647
f 3647 3658 3655
f 3655 3657 3769
f 3769 3656 3770
f 4120 4115 3660
f 3660 3688 3661
f 3661 3669 3662
f 3662 3704 3666
f 3666 3707 3654
f 3654 3668 3658
f 3658 3667 3657
f 3657 3645 3656
f 4119 4151 4115
f 4115 3681 3688
f 3688 3676 3669
f 3669 3712 3704
f 3704 3713 3707
f 3707 3714 3668
f 3668 3715 3667
f 3667 3705 3645
f 4118 4149 4151
f 4151 4146 3681
f 3681 4138 3676
f 3676 3677 3712
f 3712 3711 3713
f 3713 3710 3714
f 3714 3709 3715
f 3715 3708 3705
f 4117 4145 4149
f 4149 4141 4146
f 4146 4139 4138
f 4138 3682 3677
f 3677 3684 3711
f 3711 3683 3710
f 3710 3716 3709
f 3709 3706 3708
f 4166 4156 4145
f 4145 4140 4141
f 4141 4142 4139
f 4139 4143 3682
f 3682 4144 3684
f 3684 3678 3683
f 3683 3674 3716
f 3716 3694 3706
f 4152 4158 4156
f 4156 4161 4140
f 4140 4147 4142
f 4142 3675 4143
f 4143 4148 4144
f 4144 3679 3678
f 3678 3680 3674
f 3674 3700 3694
f 4153 4165 4158
f 4158 4163 4161
f 4161 4150 4147
f 4147 4137 3675
f 3675 3687 4148
f 4148 3686 3679
f 3679 3685 3680
f 3680 3690 3700
f 3659 3671 3670
f 4112 4120 3671
f 4111 4119 4120
f 4108 4118 4119
f 4110 4117 4118
f 4160 4166 4117
f 4162 4152 4166
f 4164 4153 4152
f 4097 4205 4197
f 4197 4206 4199
f 4199 4207 4198
f 4198 4093 4101
f 4101 4094 4121
f 4121 4114 4116
f 4116 4113 4107
f 4107 4112 3659
f 4098 4208 4205
f 4205 4210 4206
f 4206 4095 4207
f 4207 4092 4093
f 4093 4104 4094
f 4094 4105 4114
f 4114 4109 4113
f 4113 4111 4112
f 4240 4202 4208
f 4208 4211 4210
f 4210 4209 4095
f 4095 4106 4092
f 4092 4103 4104
f 4104 4102 4105
f 4105 4096 4109
f 4109 4108 4111
f 4239 4201 4202
f 4202 4203 4211
f 4211 4204 4209
f 4209 4135 4106
f 4106 4134 4103
f 4103 4099 4102
f 4102 4157 4096
f 4096 4110 4108
f 4229 4176 4201
f 4201 4175 4203
f 4203 4174 4204
f 4204 4131 4135
f 4135 4130 4134
f 4134 4129 4099
f 4099 4159 4157
f 4157 4160 4110
f 4191 4188 4176
f 4176 4170 4175
f 4175 4169 4174
f 4174 4168 4131
f 4131 4128 4130
f 4130 4127 4129
f 4129 4126 4159
f 4159 4162 4160
f 4183 4182 4188
f 4188 4185 4170
f 4170 4171 4169
f 4169 4172 4168
f 4168 4173 4128
f 4128 4125 4127
f 4127 4124 4126
f 4126 4164 4162
f 4187 4194 4182
f 4182 4196 4185
f 4185 4177 4171
f 4171 4179 4172
f 4172 4178 4173
f 4173 4123 4125
f 4125 4122 4124
f 4124 4155 4164
f 4186 4192 4194
f 4194 4184 4196
f 4196 4167 4177
f 4177 4180 4179
f 4179 4181 4178
f 4178 4136 4123
f 4123 4133 4122
f 4122 4132 4155
f 4100 4098 4097
f 4235 4240 4098
f 4232 4239 4240
f 4230 4229 4239
f 4227 4191 4229
f 4193 4183 4191
f 4190 4187 4183
f 4189 4186 4187
f 4031 4028 4023
f 4023 4027 4024
f 4024 4217 4225
f 4225 4224 4226
f 4226 4238 4241
f 4241 4237 4228
f 4228 4236 4200
f 4200 4235 4100
f 4029 4026 4028
f 4028 4025 4027
f 4027 4221 4217
f 4217 4220 4224
f 4224 4219 4238
f 4238 4234 4237
f 4237 4233 4236
f 4236 4232 4235
f 4030 4022 4026
f 4026 4021 4025
f 4025 4020 4221
f 4221 4214 4220
f 4220 4212 4219
f 4219 4213 4234
f 4234 4231 4233
f 4233 4230 4232
f 4044 4079 4022
f 4022 4080 4021
f 4021 4081 4020
f 4020 4082 4214
f 4214 4215 4212
f 4212 4216 4213
f 4213 4218 4231
f 4231 4227 4230
f 4045 4083 4079
f 4079 4084 4080
f 4080 4085 4081
f 4081 4077 4082
f 4082 4086 4215
f 4215 4222 4216
f 4216 4223 4218
f 4218 4193 4227
f 4061 4056 4083
f 4083 4087 4084
f 4084 4088 4085
f 4085 4089 4077
f 4077 4090 4086
f 4086 4072 4222
f 4222 4071 4223
f 4223 4190 4193
f 4060 4053 4056
f 4056 4052 4087
f 4087 4078 4088
f 4088 4091 4089
f 4089 4070 4090
f 4090 4069 4072
f 4072 4068 4071
f 4071 4189 4190
f 4059 4048 4053
f 4053 4047 4052
f 4052 4049 4078
f 4078 4066 4091
f 4091 4065 4070
f 4070 4064 4069
f 4069 4063 4068
f 4068 4062 4189
f 4058 4055 4048
f 4048 4054 4047
f 4047 4050 4049
f 4049 4067 4066
f 4066 4073 4065
f 4065 4074 4064
f 4064 4075 4063
f 4063 4076 4062
f 4019 4029 4031
f 4017 4030 4029
f 4039 4044 4030
f 4036 4045 4044
f 4032 4061 4045
f 4051 4060 4061
f 4057 4059 4060
f 3998 4058 4059
f 3965 3969 3949
f 3949 3952 3953
f 3953 3956 3954
f 3954 3943 3955
f 3955 4043 4034
f 4034 4035 4046
f 4046 4042 4018
f 4018 4017 4019
f 3962 3967 3969
f 3969 3968 3952
f 3952 3944 3956
f 3956 3945 3943
f 3943 3946 4043
f 4043 4041 4035
f 4035 4040 4042
f 4042 4039 4017
f 3961 3971 3967
f 3967 3970 3968
f 3968 3948 3944
f 3944 3950 3945
f 3945 3951 3946
f 3946 4038 4041
f 4041 4037 4040
f 4040 4036 4039
f 3960 3966 3971
f 3971 4013 3970
f 3970 4003 3948
f 3948 3947 3950
f 3950 3994 3951
f 3951 3990 4038
f 4038 4033 4037
f 4037 4032 4036
f 3959 3977 3966
f 3966 4004 4013
f 4013 4005 4003
f 4003 4006 3947
f 3947 3992 3994
f 3994 3991 3990
f 3990 3988 4033
f 4033 4051 4032
f 3980 3984 3977
f 3977 3985 4004
f 4004 4011 4005
f 4005 4002 4006
f 4006 3989 3992
f 3992 3987 3991
f 3991 3995 3988
f 3988 4057 4051
f 3979 3981 3984
f 3984 3982 3985
f 3985 3983 4011
f 4011 4012 4002
f 4002 4007 3989
f 3989 3996 3987
f 3987 3997 3995
f 3995 3998 4057
f 4631 3978 3981
f 3981 3972 3982
f 3982 3986 3983
f 3983 4008 4012
f 4012 4009 4007
f 4007 4010 3996
f 3996 4001 3997
f 3997 3999 3998
f 4632 3976 3978
f 3978 3973 3972
f 3972 3974 3986
f 3986 3975 4008
f 4008 4014 4009
f 4009 4016 4010
f 4010 4015 4001
f 4001 3993 3999
f 3958 3962 3965
f 3964 3961 3962
f 3963 3960 3961
f 3957 3959 3960
f 4667 3980 3959
f 4675 3979 3980
f 4623 4631 3979
f 4628 4632 4631
f 4650 4659 4655
f 4655 4653 4682
f 4682 4692 4686
f 4686 4690 4684
f 4684 4689 4683
f 4683 4688 4680
f 4680 4681 4679
f 4679 3964 3958
f 4660 4648 4659
f 4659 4662 4653
f 4653 4676 4692
f 4692 4687 4690
f 4690 4678 4689
f 4689 4685 4688
f 4688 4691 4681
f 4681 3963 3964
f 4661 4649 4648
f 4648 4654 4662
f 4662 4666 4676
f 4676 4672 4687
f 4687 4673 4678
f 4678 4664 4685
f 4685 4674 4691
f 4691 3957 3963
f 4600 4598 4649
f 4649 4652 4654
f 4654 4651 4666
f 4666 4671 4672
f 4672 4670 4673
f 4673 4669 4664
f 4664 4668 4674
f 4674 4667 3957
f 4601 4599 4598
f 4598 4647 4652
f 4652 4646 4651
f 4651 4645 4671
f 4671 4665 4670
f 4670 4663 4669
f 4669 4677 4668
f 4668 4675 4667
f 4597 4557 4599
f 4599 4644 4647
f 4647 4643 4646
f 4646 4642 4645
f 4645 4641 4665
f 4665 4621 4663
f 4663 4622 4677
f 4677 4623 4675
f 4545 4556 4557
f 4557 4555 4644
f 4644 4633 4643
f 4643 4639 4642
f 4642 4638 4641
f 4641 4626 4621
f 4621 4627 4622
f 4622 4628 4623
f 4547 4554 4556
f 4556 4553 4555
f 4555 4636 4633
f 4633 4635 4639
f 4639 4634 4638
f 4638 4630 4626
f 4626 4625 4627
f 4627 4620 4628
f 4548 4550 4554
f 4554 4551 4553
f 4553 4552 4636
f 4636 4640 4635
f 4635 4637 4634
f 4634 4629 4630
f 4630 4624 4625
f 4625 4618 4620
f 4656 4660 4650
f 4658 4661 4660
f 4594 4600 4661
f 4595 4601 4600
f 4591 4597 4601
f 4588 4545 4597
f 4543 4547 4545
f 4546 4548 4547
f 4700 4702 4699
f 4699 4575 4584
f 4584 4580 4607
f 4607 4615 4616
f 4616 4612 4603
f 4603 4589 4602
f 4602 4590 4657
f 4657 4658 4656
f 4704 4694 4702
f 4702 4576 4575
f 4575 4578 4580
f 4580 4614 4615
f 4615 4613 4612
f 4612 4592 4589
f 4589 4593 4590
f 4590 4594 4658
f 4693 4707 4694
f 4694 4587 4576
f 4576 4586 4578
f 4578 4604 4614
f 4614 4605 4613
f 4613 4606 4592
f 4592 4596 4593
f 4593 4595 4594
f 4703 4724 4707
f 4707 4583 4587
f 4587 4582 4586
f 4586 4581 4604
f 4604 4609 4605
f 4605 4610 4606
f 4606 4617 4596
f 4596 4591 4595
f 4735 4723 4724
f 4724 4725 4583
f 4583 4574 4582
f 4582 4573 4581
f 4581 4585 4609
f 4609 4611 4610
f 4610 4608 4617
f 4617 4588 4591
f 4737 4728 4723
f 4723 4730 4725
f 4725 4736 4574
f 4574 4579 4573
f 4573 4577 4585
f 4585 4558 4611
f 4611 4559 4608
f 4608 4543 4588
f 4732 4734 4728
f 4728 4733 4730
f 4730 4731 4736
f 4736 4563 4579
f 4579 4561 4577
f 4577 4571 4558
f 4558 4572 4559
f 4559 4546 4543
f 4754 4739 4734
f 4734 4740 4733
f 4733 4741 4731
f 4731 4562 4563
f 4563 4567 4561
f 4561 4560 4571
f 4571 4570 4572
f 4572 4549 4546
f 4753 4745 4739
f 4739 4746 4740
f 4740 4747 4741
f 4741 4564 4562
f 4562 4565 4567
f 4567 4568 4560
f 4560 4569 4570
f 4570 4566 4549
f 4698 4704 4700
f 4705 4693 4704
f 4701 4703 4693
f 4697 4735 4703
f 4727 4737 4735
f 4729 4732 4737
f 4766 4754 4732
f 4749 4753 4754
f 4839 4829 4836
f 4836 4830 4716
f 4716 4715 4717
f 4717 4714 4718
f 4718 4713 4719
f 4719 4712 4695
f 4695 4706 4696
f 4696 4705 4698
f 4852 4831 4829
f 4829 4834 4830
f 4830 4755 4715
f 4715 4708 4714
f 4714 4709 4713
f 4713 4710 4712
f 4712 4711 4706
f 4706 4701 4705
f 4828 4774 4831
f 4831 4762 4834
f 4834 4838 4755
f 4755 4756 4708
f 4708 4722 4709
f 4709 4721 4710
f 4710 4720 4711
f 4711 4697 4701
f 4856 4844 4774
f 4774 4757 4762
f 4762 4835 4838
f 4838 4833 4756
f 4756 4832 4722
f 4722 4758 4721
f 4721 4726 4720
f 4720 4727 4697
f 4853 4759 4844
f 4844 4760 4757
f 4757 4771 4835
f 4835 4770 4833
f 4833 4837 4832
f 4832 4841 4758
f 4758 4761 4726
f 4726 4729 4727
f 4810 4811 4759
f 4759 4772 4760
f 4760 4773 4771
f 4771 4775 4770
f 4770 4763 4837
f 4837 4764 4841
f 4841 4765 4761
f 4761 4766 4729
f 4812 4808 4811
f 4811 4807 4772
f 4772 4769 4773
f 4773 4782 4775
f 4775 4781 4763
f 4763 4767 4764
f 4764 4751 4765
f 4765 4749 4766
f 4788 4799 4808
f 4808 4804 4807
f 4807 4777 4769
f 4769 4776 4782
f 4782 4768 4781
f 4781 4748 4767
f 4767 4752 4751
f 4751 4738 4749
f 4789 4801 4799
f 4799 4800 4804
f 4804 4778 4777
f 4777 4779 4776
f 4776 4780 4768
f 4768 4742 4748
f 4748 4743 4752
f 4752 4744 4738
f 4842 4852 4839
f 4857 4828 4852
f 4840 4856 4828
f 4850 4853 4856
f 4851 4810 4853
f 4798 4812 4810
f 4802 4788 4812
f 4792 4789 4788
f 4317 4328 4320
f 4320 4819 4816
f 4816 4818 4815
f 4815 4848 4814
f 4814 4855 4817
f 4817 4854 4849
f 4849 4846 4847
f 4847 4857 4842
f 4813 4820 4328
f 4328 4821 4819
f 4819 4822 4818
f 4818 4823 4848
f 4848 4824 4855
f 4855 4787 4854
f 4854 4845 4846
f 4846 4840 4857
f 4329 4825 4820
f 4820 4387 4821
f 4821 4378 4822
f 4822 4827 4823
f 4823 4826 4824
f 4824 4790 4787
f 4787 4791 4845
f 4845 4850 4840
f 4322 4386 4825
f 4825 4385 4387
f 4387 4384 4378
f 4378 4377 4827
f 4827 4383 4826
f 4826 4382 4790
f 4790 4843 4791
f 4791 4851 4850
f 4318 4381 4386
f 4386 4380 4385
f 4385 4376 4384
f 4384 4379 4377
f 4377 4388 4383
f 4383 4796 4382
f 4382 4809 4843
f 4843 4798 4851
f 4349 4375 4381
f 4381 4389 4380
f 4380 4369 4376
f 4376 4390 4379
f 4379 4806 4388
f 4388 4805 4796
f 4796 4803 4809
f 4809 4802 4798
f 4351 4391 4375
f 4375 4362 4389
f 4389 4795 4369
f 4369 4794 4390
f 4390 4368 4806
f 4806 4367 4805
f 4805 4793 4803
f 4803 4792 4802
f 4347 4361 4391
f 4391 4358 4362
f 4362 4366 4795
f 4795 4365 4794
f 4794 4364 4368
f 4368 4363 4367
f 4367 4784 4793
f 4793 4786 4792
f 4348 4350 4361
f 4361 4374 4358
f 4358 4373 4366
f 4366 4372 4365
f 4365 4371 4364
f 4364 4370 4363
f 4363 4783 4784
f 4784 4785 4786
f 4319 4813 4317
f 4327 4329 4813
f 4331 4322 4329
f 4324 4318 4322
f 4336 4349 4318
f 4334 4351 4349
f 4352 4347 4351
f 4357 4348 4347
f 4300 4288 4290
f 4290 4289 4293
f 4293 4291 4294
f 4294 4342 4335
f 4335 4341 4332
f 4332 4340 4323
f 4323 4326 4321
f 4321 4327 4319
f 4296 4287 4288
f 4288 4311 4289
f 4289 4312 4291
f 4291 4313 4342
f 4342 4338 4341
f 4341 4337 4340
f 4340 4330 4326
f 4326 4331 4327
f 4297 4275 4287
f 4287 4302 4311
f 4311 4306 4312
f 4312 4339 4313
f 4313 4343 4338
f 4338 4344 4337
f 4337 4325 4330
f 4330 4324 4331
f 4284 4274 4275
f 4275 4303 4302
f 4302 4304 4306
f 4306 4305 4339
f 4339 4307 4343
f 4343 4345 4344
f 4344 4346 4325
f 4325 4336 4324
f 4285 4272 4274
f 4274 4315 4303
f 4303 4249 4304
f 4304 4310 4305
f 4305 4309 4307
f 4307 4355 4345
f 4345 4333 4346
f 4346 4334 4336
f 4286 4314 4272
f 4272 4273 4315
f 4315 4250 4249
f 4249 4246 4310
f 4310 4252 4309
f 4309 4251 4355
f 4355 4354 4333
f 4333 4352 4334
f 4308 4260 4314
f 4314 4261 4273
f 4273 4276 4250
f 4250 4248 4246
f 4246 4247 4252
f 4252 4242 4251
f 4251 4356 4354
f 4354 4357 4352
f 4316 4266 4260
f 4260 4267 4261
f 4261 4268 4276
f 4276 4243 4248
f 4248 4244 4247
f 4247 4245 4242
f 4242 4353 4356
f 4356 4360 4357
f 4264 4269 4266
f 4266 4270 4267
f 4267 4271 4268
f 4268 4257 4243
f 4243 4253 4244
f 4244 4254 4245
f 4245 4255 4353
f 4353 4256 4360
f 4292 4296 4300
f 4298 4297 4296
f 4295 4284 4297
f 4278 4285 4284
f 4281 4286 4285
f 4279 4308 4286
f 4258 4316 4308
f 4259 4264 4316
f 4392 4399 4412
f 4412 4419 4413
f 4413 4418 4414
f 4414 4416 4411
f 4411 4415 4410
f 4410 4407 4408
f 4408 4299 4301
f 4301 4298 4292
f 4409 4400 4399
f 4399 4421 4419
f 4419 4420 4418
f 4418 4401 4416
f 4416 4417 4415
f 4415 4283 4407
f 4407 4280 4299
f 4299 4295 4298
f 4406 4402 4400
f 4400 4403 4421
f 4421 4404 4420
f 4420 4405 4401
f 4401 4430 4417
f 4417 4434 4283
f 4283 4277 4280
f 4280 4278 4295
f 4440 4438 4402
f 4402 4439 4403
f 4403 4397 4404
f 4404 4393 4405
f 4405 4435 4430
f 4430 4433 4434
f 4434 4282 4277
f 4277 4281 4278
f 4448 4446 4438
f 4438 4441 4439
f 4439 4449 4397
f 4397 4432 4393
f 4393 4424 4435
f 4435 4422 4433
f 4433 4425 4282
f 4282 4279 4281
f 4450 4447 4446
f 4446 4443 4441
f 4441 4453 4449
f 4449 4467 4432
f 4432 4457 4424
f 4424 4428 4422
f 4422 4262 4425
f 4425 4258 4279
f 4451 4466 4447
f 4447 4477 4443
f 4443 4442 4453
f 4453 4465 4467
f 4467 4427 4457
f 4457 4464 4428
f 4428 4426 4262
f 4262 4259 4258
f 4469 4478 4466
f 4466 4463 4477
f 4477 4462 4442
f 4442 4461 4465
f 4465 4423 4427
f 4427 4460 4464
f 4464 4431 4426
f 4426 4265 4259
f 4471 4455 4478
f 4478 4475 4463
f 4463 4482 4462
f 4462 4454 4461
f 4461 4456 4423
f 4423 4436 4460
f 4460 4452 4431
f 4431 4429 4265
f 4396 4409 4392
f 4395 4406 4409
f 4394 4440 4406
f 4398 4448 4440
f 4437 4450 4448
f 4445 4451 4450
f 4444 4469 4451
f 4473 4471 4469
f 4529 4536 4525
f 4525 4540 4524
f 4524 4518 4512
f 4512 4519 4509
f 4509 4511 4508
f 4508 4510 4507
f 4507 4503 4506
f 4506 4395 4396
f 8907 4538 4536
f 4536 4541 4540
f 4540 4523 4518
f 4518 4522 4519
f 4519 4505 4511
f 4511 4504 4510
f 4510 4502 4503
f 4503 4394 4395
f 4532 4542 4538
f 4538 4528 4541
f 4541 4521 4523
f 4523 4520 4522
f 4522 4513 4505
f 4505 4517 4504
f 4504 4501 4502
f 4502 4398 4394
f 4531 4535 4542
f 4542 4534 4528
f 4528 4516 4521
f 4521 4515 4520
f 4520 4514 4513
f 4513 4500 4517
f 4517 4479 4501
f 4501 4437 4398
f 8906 8895 4535
f 4535 4530 4534
f 4534 4488 4516
f 4516 4527 4515
f 4515 4526 4514
f 4514 4499 4500
f 4500 4498 4479
f 4479 4445 4437
f 8896 8892 8895
f 8895 8897 4530
f 4530 4489 4488
f 4488 4490 4527
f 4527 4483 4526
f 4526 4481 4499
f 4499 4480 4498
f 4498 4444 4445
f 8904 8898 8892
f 8892 8899 8897
f 8897 4491 4489
f 4489 4493 4490
f 4490 4492 4483
f 4483 4472 4481
f 4481 4487 4480
f 4480 4473 4444
f 8893 8900 8898
f 8898 8901 8899
f 8899 4486 4491
f 4491 4485 4493
f 4493 4484 4492
f 4492 4470 4472
f 4472 4468 4487
f 4487 4459 4473
f 8883 8878 8900
f 8900 8905 8901
f 8901 4494 4486
f 4486 4495 4485
f 4485 4496 4484
f 4484 4497 4470
f 4470 4474 4468
f 4468 4476 4459
f 4539 8907 4529
f 8911 4532 8907
f 8908 4531 4532
f 8915 8906 4531
f 8903 8896 8906
f 8894 8904 8896
f 8890 8893 8904
f 8888 8883 8893
f 8815 8928 8804
f 8804 8816 8924
f 8924 8929 8925
f 8925 8922 8926
f 8926 8914 8918
f 8918 8913 8917
f 8917 8912 8916
f 8916 8911 4539
f 8803 8931 8928
f 8928 8932 8816
f 8816 8933 8929
f 8929 8938 8922
f 8922 8942 8914
f 8914 8910 8913
f 8913 8909 8912
f 8912 8908 8911
f 8806 8813 8931
f 8931 8935 8932
f 8932 8943 8933
f 8933 8936 8938
f 8938 8937 8942
f 8942 4537 8910
f 8910 4533 8909
f 8909 8915 8908
f 8807 8812 8813
f 8813 8939 8935
f 8935 8940 8943
f 8943 8941 8936
f 8936 8919 8937
f 8937 8920 4537
f 4537 8944 4533
f 4533 8903 8915
f 8808 8836 8812
f 8812 8884 8939
f 8939 8951 8940
f 8940 8923 8941
f 8941 8945 8919
f 8919 8921 8920
f 8920 8902 8944
f 8944 8894 8903
f 8838 8839 8836
f 8836 8840 8884
f 8884 8891 8951
f 8951 8950 8923
f 8923 8927 8945
f 8945 8949 8921
f 8921 8948 8902
f 8902 8890 8894
f 8837 8841 8839
f 8839 8842 8840
f 8840 8843 8891
f 8891 8844 8950
f 8950 8947 8927
f 8927 8930 8949
f 8949 8889 8948
f 8948 8888 8890
f 8847 8849 8841
f 8841 8845 8842
f 8842 8846 8843
f 8843 8832 8844
f 8844 8946 8947
f 8947 8887 8930
f 8930 8886 8889
f 8889 8885 8888
f 8848 8860 8849
f 8849 8835 8845
f 8845 8834 8846
f 8846 8833 8832
f 8832 8882 8946
f 8946 8880 8887
f 8887 8879 8886
f 8886 8877 8885
f 8805 8803 8815
f 8934 8806 8803
f 8802 8807 8806
f 8859 8808 8807
f 8809 8838 8808
f 8854 8837 8838
f 8853 8847 8837
f 8862 8848 8847
f 8981 8975 8977
f 8977 8974 8821
f 8821 8831 8819
f 8819 8825 8818
f 8818 8820 8817
f 8817 8830 8811
f 8811 8814 8810
f 8810 8934 8805
f 8980 8970 8975
f 8975 8973 8974
f 8974 8829 8831
f 8831 8828 8825
f 8825 8827 8820
f 8820 8826 8830
f 8830 8857 8814
f 8814 8802 8934
f 8979 8972 8970
f 8970 8969 8973
f 8973 8968 8829
f 8829 8824 8828
f 8828 8823 8827
f 8827 8822 8826
f 8826 8852 8857
f 8857 8859 8802
f 8978 8967 8972
f 8972 8971 8969
f 8969 8976 8968
f 8968 8875 8824
f 8824 8874 8823
f 8823 8858 8822
f 8822 8856 8852
f 8852 8809 8859
f 9002 9011 8967
f 8967 8989 8971
f 8971 8995 8976
f 8976 8994 8875
f 8875 8873 8874
f 8874 8855 8858
f 8858 8851 8856
f 8856 8854 8809
f 9004 9003 9011
f 9011 8993 8989
f 8989 8992 8995
f 8995 8872 8994
f 8994 8871 8873
f 8873 8870 8855
f 8855 8869 8851
f 8851 8853 8854
f 9005 9001 9003
f 9003 9000 8993
f 8993 8991 8992
f 8992 8990 8872
f 8872 8867 8871
f 8871 8865 8870
f 8870 8864 8869
f 8869 8862 8853
f 9023 9017 9001
f 9001 8982 9000
f 9000 8988 8991
f 8991 8987 8990
f 8990 8986 8867
f 8867 8863 8865
f 8865 8866 8864
f 8864 8868 8862
f 9015 9026 9017
f 9017 9014 8982
f 8982 8996 8988
f 8988 8983 8987
f 8987 8984 8986
f 8986 8985 8863
f 8863 8876 8866
f 8866 8861 8868
f 8963 8980 8981
f 8965 8979 8980
f 8956 8978 8979
f 8952 9002 8978
f 8953 9004 9002
f 9009 9005 9004
f 8999 9023 9005
f 9016 9015 9023
f 9054 9053 9071
f 9071 9052 9070
f 9070 9062 9069
f 9069 9067 9068
f 9068 8958 9066
f 9066 8959 8961
f 8961 8966 8962
f 8962 8965 8963
f 9056 9048 9053
f 9053 9047 9052
f 9052 9046 9062
f 9062 9064 9067
f 9067 8964 8958
f 8958 8960 8959
f 8959 8957 8966
f 8966 8956 8965
f 9044 9043 9048
f 9048 9042 9047
f 9047 9063 9046
f 9046 9065 9064
f 9064 9006 8964
f 8964 8955 8960
f 8960 8954 8957
f 8957 8952 8956
f 9041 9050 9043
f 9043 9051 9042
f 9042 9057 9063
f 9063 9058 9065
f 9065 9010 9006
f 9006 8998 8955
f 8955 8997 8954
f 8954 8953 8952
f 9095 9098 9050
f 9050 9055 9051
f 9051 9061 9057
f 9057 9059 9058
f 9058 9060 9010
f 9010 9007 8998
f 8998 9008 8997
f 8997 9009 8953
f 9091 9101 9098
f 9098 9085 9055
f 9055 9086 9061
f 9061 9072 9059
f 9059 9073 9060
f 9060 9021 9007
f 9007 9020 9008
f 9008 8999 9009
f 9090 9099 9101
f 9101 9076 9085
f 9085 9077 9086
f 9086 9078 9072
f 9072 9079 9073
f 9073 9080 9021
f 9021 9018 9020
f 9020 9016 8999
f 9089 9093 9099
f 9099 9092 9076
f 9076 9081 9077
f 9077 9082 9078
f 9078 9083 9079
f 9079 9084 9080
f 9080 9013 9018
f 9018 9012 9016
f 9112 9115 9093
f 9093 9094 9092
f 9092 9100 9081
f 9081 9075 9082
f 9082 9074 9083
f 9083 9022 9084
f 9084 9024 9013
f 9013 9025 9012
f 9049 9056 9054
f 9045 9044 9056
f 9038 9041 9044
f 9036 9095 9041
f 9097 9091 9095
f 9087 9090 9091
f 9088 9089 9090
f 9110 9112 9089
f 8672 8677 8678
f 8678 8666 8660
f 8660 8665 8659
f 8659 8664 9035
f 9035 9031 9034
f 9034 9032 9033
f 9033 9029 9030
f 9030 9045 9049
f 8675 8676 8677
f 8677 8663 8666
f 8666 8662 8665
f 8665 8661 8664
f 8664 9040 9031
f 9031 9027 9032
f 9032 9039 9029
f 9029 9038 9045
f 8674 8718 8676
f 8676 8717 8663
f 8663 8652 8662
f 8662 8658 8661
f 8661 8657 9040
f 9040 9028 9027
f 9027 9037 9039
f 9039 9036 9038
f 8716 8719 8718
f 8718 8720 8717
f 8717 8656 8652
f 8652 8655 8658
f 8658 8654 8657
f 8657 8653 9028
f 9028 9096 9037
f 9037 9097 9036
f 8715 8722 8719
f 8719 8723 8720
f 8720 8688 8656
f 8656 8689 8655
f 8655 9102 8654
f 8654 9104 8653
f 8653 9105 9096
f 9096 9087 9097
f 8714 8724 8722
f 8722 8725 8723
f 8723 8690 8688
f 8688 8691 8689
f 8689 8692 9102
f 9102 9106 9104
f 9104 9107 9105
f 9105 9088 9087
f 8708 8698 8724
f 8724 8726 8725
f 8725 8693 8690
f 8690 8694 8691
f 8691 8695 8692
f 8692 9108 9106
f 9106 9109 9107
f 9107 9110 9088
f 8707 8711 8698
f 8698 8710 8726
f 8726 8696 8693
f 8693 8685 8694
f 8694 8687 8695
f 8695 8682 9108
f 9108 9111 9109
f 9109 9103 9110
f 8706 8702 8711
f 8711 8700 8710
f 8710 8709 8696
f 8696 8683 8685
f 8685 8684 8687
f 8687 8686 8682
f 8682 9113 9111
f 9111 9114 9103
f 8679 8675 8672
f 8673 8674 8675
f 8670 8716 8674
f 8721 8715 8716
f 8712 8714 8715
f 8713 8708 8714
f 8699 8707 8708
f 8701 8706 8707
f 8727 8729 8740
f 8740 8730 8739
f 8739 8731 8738
f 8738 8750 8744
f 8744 8742 8681
f 8681 8669 8667
f 8667 8671 8680
f 8680 8673 8679
f 8741 8732 8729
f 8729 8733 8730
f 8730 8734 8731
f 8731 8743 8750
f 8750 8755 8742
f 8742 8756 8669
f 8669 8668 8671
f 8671 8670 8673
f 8737 8728 8732
f 8732 8736 8733
f 8733 8735 8734
f 8734 8747 8743
f 8743 8746 8755
f 8755 8745 8756
f 8756 8748 8668
f 8668 8721 8670
f 8758 8799 8728
f 8728 8788 8736
f 8736 8778 8735
f 8735 8774 8747
f 8747 8754 8746
f 8746 8753 8745
f 8745 8749 8748
f 8748 8712 8721
f 8650 8791 8799
f 8799 8794 8788
f 8788 8792 8778
f 8778 8772 8774
f 8774 8773 8754
f 8754 8751 8753
f 8753 8752 8749
f 8749 8713 8712
f 8647 8615 8791
f 8791 8798 8794
f 8794 8796 8792
f 8792 8775 8772
f 8772 8776 8773
f 8773 8777 8751
f 8751 8697 8752
f 8752 8699 8713
f 8646 8643 8615
f 8615 8800 8798
f 8798 8801 8796
f 8796 8790 8775
f 8775 8781 8776
f 8776 8786 8777
f 8777 8785 8697
f 8697 8701 8699
f 8640 8644 8643
f 8643 8789 8800
f 8800 8793 8801
f 8801 8787 8790
f 8790 8784 8781
f 8781 8783 8786
f 8786 8782 8785
f 8785 8703 8701
f 8619 8608 8644
f 8644 8607 8789
f 8789 8613 8793
f 8793 8797 8787
f 8787 8795 8784
f 8784 8780 8783
f 8783 8779 8782
f 8782 8704 8703
f 8765 8741 8727
f 8771 8737 8741
f 8762 8758 8737
f 8757 8650 8758
f 8614 8647 8650
f 8651 8646 8647
f 8620 8640 8646
f 8645 8619 8640
f 8601 8606 8590
f 8590 8587 8589
f 8589 8586 8588
f 8588 8578 8763
f 8763 8770 8759
f 8759 8769 8767
f 8767 8768 8766
f 8766 8771 8765
f 8593 8605 8606
f 8606 8579 8587
f 8587 8583 8586
f 8586 8584 8578
f 8578 8580 8770
f 8770 8760 8769
f 8769 8761 8768
f 8768 8762 8771
f 8594 8595 8605
f 8605 8577 8579
f 8579 8581 8583
f 8583 8585 8584
f 8584 8591 8580
f 8580 8641 8760
f 8760 8764 8761
f 8761 8757 8762
f 8598 8543 8595
f 8595 8600 8577
f 8577 8618 8581
f 8581 8617 8585
f 8585 8582 8591
f 8591 8642 8641
f 8641 8639 8764
f 8764 8614 8757
f 8545 8542 8543
f 8543 8592 8600
f 8600 8634 8618
f 8618 8612 8617
f 8617 8611 8582
f 8582 8638 8642
f 8642 8637 8639
f 8639 8651 8614
f 8563 8535 8542
f 8542 8536 8592
f 8592 8636 8634
f 8634 8633 8612
f 8612 8631 8611
f 8611 8649 8638
f 8638 8648 8637
f 8637 8620 8651
f 8565 8537 8535
f 8535 8538 8536
f 8536 8539 8636
f 8636 8622 8633
f 8633 8635 8631
f 8631 8621 8649
f 8649 8632 8648
f 8648 8645 8620
f 8546 8540 8537
f 8537 8541 8538
f 8538 8544 8539
f 8539 8626 8622
f 8622 8625 8635
f 8635 8624 8621
f 8621 8623 8632
f 8632 8616 8645
f 8559 8558 8540
f 8540 8533 8541
f 8541 8532 8544
f 8544 8630 8626
f 8626 8629 8625
f 8625 8628 8624
f 8624 8609 8623
f 8623 8627 8616
f 8596 8593 8601
f 8603 8594 8593
f 8602 8598 8594
f 8526 8545 8598
f 8569 8563 8545
f 8572 8565 8563
f 8534 8546 8565
f 8547 8559 8546
f 8502 8510 8512
f 8512 8503 8513
f 8513 8509 8511
f 8511 8528 8518
f 8518 8529 8530
f 8530 8517 8531
f 8531 8599 8597
f 8597 8603 8596
f 8504 8508 8510
f 8510 8507 8503
f 8503 8562 8509
f 8509 8506 8528
f 8528 8520 8529
f 8529 8521 8517
f 8517 8522 8599
f 8599 8602 8603
f 9601 9610 8508
f 8508 9611 8507
f 8507 8576 8562
f 8562 8575 8506
f 8506 8523 8520
f 8520 8524 8521
f 8521 8525 8522
f 8522 8526 8602
f 9602 9598 9610
f 9610 9582 9611
f 9611 9588 8576
f 8576 8571 8575
f 8575 8570 8523
f 8523 8527 8524
f 8524 8519 8525
f 8525 8569 8526
f 9606 9572 9598
f 9598 9590 9582
f 9582 9571 9588
f 9588 8568 8571
f 8571 8566 8570
f 8570 8564 8527
f 8527 8604 8519
f 8519 8572 8569
f 9584 9591 9572
f 9572 9573 9590
f 9590 9567 9571
f 9571 9577 8568
f 8568 8573 8566
f 8566 8574 8564
f 8564 8567 8604
f 8604 8534 8572
f 9583 9586 9591
f 9591 9592 9573
f 9573 9589 9567
f 9567 9575 9577
f 9577 9574 8573
f 8573 8561 8574
f 8574 8560 8567
f 8567 8547 8534
f 9580 9587 9586
f 9586 9568 9592
f 9592 9585 9589
f 9589 8551 9575
f 9575 9570 9574
f 9574 8550 8561
f 8561 8549 8560
f 8560 8548 8547
f 9578 9576 9587
f 9587 9595 9568
f 9568 9596 9585
f 9585 8553 8551
f 8551 8554 9570
f 9570 8555 8550
f 8550 8556 8549
f 8549 8557 8548
f 8514 8504 8502
f 9609 9601 8504
f 9607 9602 9601
f 9597 9606 9602
f 9613 9584 9606
f 9615 9583 9584
f 9581 9580 9583
f 9579 9578 9580
f 9693 9616 9634
f 9634 9636 9637
f 9637 9599 9600
f 9600 9603 9640
f 9640 9638 8516
f 8516 9604 8505
f 8505 9605 8515
f 8515 9609 8514
f 9689 9639 9616
f 9616 9612 9636
f 9636 9618 9599
f 9599 9622 9603
f 9603 9621 9638
f 9638 9635 9604
f 9604 9608 9605
f 9605 9607 9609
f 9698 9703 9639
f 9639 9627 9612
f 9612 9704 9618
f 9618 9624 9622
f 9622 9625 9621
f 9621 9626 9635
f 9635 9623 9608
f 9608 9597 9607
f 9699 9705 9703
f 9703 9707 9627
f 9627 9708 9704
f 9704 9694 9624
f 9624 9629 9625
f 9625 9628 9626
f 9626 9614 9623
f 9623 9613 9597
f 9683 9727 9705
f 9705 9695 9707
f 9707 9711 9708
f 9708 9702 9694
f 9694 9696 9629
f 9629 9630 9628
f 9628 9631 9614
f 9614 9615 9613
f 9684 9723 9727
f 9727 9730 9695
f 9695 9714 9711
f 9711 9729 9702
f 9702 9697 9696
f 9696 9632 9630
f 9630 9633 9631
f 9631 9581 9615
f 9685 9726 9723
f 9723 9725 9730
f 9730 9724 9714
f 9714 9715 9729
f 9729 9713 9697
f 9697 9701 9632
f 9632 9641 9633
f 9633 9579 9581
f 9717 9718 9726
f 9726 9719 9725
f 9725 9728 9724
f 9724 9712 9715
f 9715 9710 9713
f 9713 9709 9701
f 9701 9617 9641
f 9641 9593 9579
f 9642 9716 9718
f 9718 9722 9719
f 9719 9721 9728
f 9728 9720 9712
f 9712 9706 9710
f 9710 9594 9709
f 9709 9619 9617
f 9617 9620 9593
f 9688 9689 9693
f 9700 9698 9689
f 9691 9699 9698
f 9686 9683 9699
f 9676 9684 9683
f 9680 9685 9684
f 9674 9717 9685
f 9645 9642 9717
f 9522 9536 9525
f 9525 9660 9668
f 9668 9535 9664
f 9664 9665 9663
f 9663 9666 9662
f 9662 9667 9661
f 9661 9692 9690
f 9690 9700 9688
f 9524 9533 9536
f 9536 9534 9660
f 9660 9532 9535
f 9535 9671 9665
f 9665 9670 9666
f 9666 9669 9667
f 9667 9687 9692
f 9692 9691 9700
f 9531 9507 9533
f 9533 9530 9534
f 9534 9529 9532
f 9532 9659 9671
f 9671 9658 9670
f 9670 9672 9669
f 9669 9673 9687
f 9687 9686 9691
f 9545 9538 9507
f 9507 9528 9530
f 9530 9527 9529
f 9529 9526 9659
f 9659 9657 9658
f 9658 9678 9672
f 9672 9677 9673
f 9673 9676 9686
f 9564 9502 9538
f 9538 9509 9528
f 9528 9510 9527
f 9527 9511 9526
f 9526 9512 9657
f 9657 9675 9678
f 9678 9679 9677
f 9677 9680 9676
f 9559 9503 9502
f 9502 9561 9509
f 9509 9513 9510
f 9510 9514 9511
f 9511 9515 9512
f 9512 9681 9675
f 9675 9682 9679
f 9679 9674 9680
f 9554 9504 9503
f 9503 9516 9561
f 9561 9517 9513
f 9513 9518 9514
f 9514 9648 9515
f 9515 9647 9681
f 9681 9646 9682
f 9682 9645 9674
f 9495 9505 9504
f 9504 9506 9516
f 9516 9519 9517
f 9517 9520 9518
f 9518 9521 9648
f 9648 9644 9647
f 9647 9649 9646
f 9646 9643 9645
f 9496 9492 9505
f 9505 9508 9506
f 9506 9654 9519
f 9519 9655 9520
f 9520 9653 9521
f 9521 9652 9644
f 9644 9651 9649
f 9649 9650 9643
f 9551 9524 9522
f 9523 9531 9524
f 9566 9545 9531
f 9562 9564 9545
f 9556 9559 9564
f 9552 9554 9559
f 9494 9495 9554
f 9500 9496 9495
f 9477 9478 9481
f 9481 9489 9479
f 9479 9483 9480
f 9480 9541 9539
f 9539 9542 9537
f 9537 9543 9550
f 9550 9540 9549
f 9549 9523 9551
f 9451 9485 9478
f 9478 9486 9489
f 9489 9487 9483
f 9483 9488 9541
f 9541 9548 9542
f 9542 9547 9543
f 9543 9546 9540
f 9540 9566 9523
f 9450 9456 9485
f 9485 9462 9486
f 9486 9463 9487
f 9487 9491 9488
f 9488 9565 9548
f 9548 9563 9547
f 9547 9544 9546
f 9546 9562 9566
f 9457 9467 9456
f 9456 9468 9462
f 9462 9469 9463
f 9463 9429 9491
f 9491 9560 9565
f 9565 9558 9563
f 9563 9557 9544
f 9544 9556 9562
f 9453 9455 9467
f 9467 9470 9468
f 9468 9464 9469
f 9469 9423 9429
f 9429 9424 9560
f 9560 9555 9558
f 9558 9553 9557
f 9557 9552 9556
f 9454 9473 9455
f 9455 9474 9470
f 9470 9475 9464
f 9464 9422 9423
f 9423 9419 9424
f 9424 9420 9555
f 9555 9498 9553
f 9553 9494 9552
f 9476 9465 9473
f 9473 9471 9474
f 9474 9466 9475
f 9475 9427 9422
f 9422 9417 9419
f 9419 9421 9420
f 9420 9499 9498
f 9498 9500 9494
f 9436 9438 9465
f 9465 9435 9471
f 9471 9444 9466
f 9466 9472 9427
f 9427 9426 9417
f 9417 9428 9421
f 9421 9431 9499
f 9499 9501 9500
f 9437 9432 9438
f 9438 9441 9435
f 9435 9439 9444
f 9444 9440 9472
f 9472 9430 9426
f 9426 9418 9428
f 9428 9425 9431
f 9431 9493 9501
f 9490 9451 9477
f 9484 9450 9451
f 9482 9457 9450
f 9448 9453 9457
f 9452 9454 9453
f 9447 9476 9454
f 9433 9436 9476
f 9443 9437 9436
f 9405 9408 9411
f 9411 9407 9412
f 9412 9386 9379
f 9379 9385 9378
f 9378 9384 9372
f 9372 9382 9459
f 9459 9458 9460
f 9460 9484 9490
f 9402 9404 9408
f 9408 9406 9407
f 9407 9403 9386
f 9386 9381 9385
f 9385 9380 9384
f 9384 9373 9382
f 9382 9461 9458
f 9458 9482 9484
f 9394 9401 9404
f 9404 9390 9406
f 9406 9374 9403
f 9403 9375 9381
f 9381 9376 9380
f 9380 9445 9373
f 9373 9449 9461
f 9461 9448 9482
f 9395 9387 9401
f 9401 9391 9390
f 9390 9392 9374
f 9374 9383 9375
f 9375 9356 9376
f 9376 9342 9445
f 9445 9446 9449
f 9449 9452 9448
f 9396 9393 9387
f 9387 9364 9391
f 9391 9398 9392
f 9392 9377 9383
f 9383 9352 9356
f 9356 9346 9342
f 9342 9442 9446
f 9446 9447 9452
f 9397 9399 9393
f 9393 9400 9364
f 9364 9365 9398
f 9398 9363 9377
f 9377 9347 9352
f 9352 9353 9346
f 9346 9434 9442
f 9442 9433 9447
f 9303 9362 9399
f 9399 9388 9400
f 9400 9366 9365
f 9365 9367 9363
f 9363 9371 9347
f 9347 9354 9353
f 9353 9355 9434
f 9434 9443 9433
f 9298 9308 9362
f 9362 9370 9388
f 9388 9369 9366
f 9366 9368 9367
f 9367 9351 9371
f 9371 9350 9354
f 9354 9349 9355
f 9355 9348 9443
f 9302 9309 9308
f 9308 9360 9370
f 9370 9359 9369
f 9369 9357 9368
f 9368 9358 9351
f 9351 9361 9350
f 9350 9343 9349
f 9349 9345 9348
f 9409 9402 9405
f 9413 9394 9402
f 9410 9395 9394
f 9389 9396 9395
f 9307 9397 9396
f 9299 9303 9397
f 9311 9298 9303
f 9297 9302 9298
f 9291 9294 9282
f 9282 9296 9277
f 9277 9280 9276
f 9276 9281 9275
f 9275 9279 9274
f 9274 9278 9416
f 9416 9414 9415
f 9415 9413 9409
f 9286 9295 9294
f 9294 9293 9296
f 9296 9292 9280
f 9280 9273 9281
f 9281 9267 9279
f 9279 9272 9278
f 9278 9271 9414
f 9414 9410 9413
f 9244 9290 9295
f 9295 9289 9293
f 9293 9288 9292
f 9292 9287 9273
f 9273 9268 9267
f 9267 9269 9272
f 9272 9270 9271
f 9271 9389 9410
f 9240 9249 9290
f 9290 9285 9289
f 9289 9284 9288
f 9288 9283 9287
f 9287 9304 9268
f 9268 9305 9269
f 9269 9306 9270
f 9270 9307 9389
f 9239 9243 9249
f 9249 9322 9285
f 9285 9337 9284
f 9284 9338 9283
f 9283 9339 9304
f 9304 9301 9305
f 9305 9300 9306
f 9306 9299 9307
f 9238 9315 9243
f 9243 9312 9322
f 9322 9313 9337
f 9337 9334 9338
f 9338 9333 9339
f 9339 9330 9301
f 9301 9310 9300
f 9300 9311 9299
f 9213 9214 9315
f 9315 9318 9312
f 9312 9325 9313
f 9313 9326 9334
f 9334 9332 9333
f 9333 9329 9330
f 9330 9328 9310
f 9310 9297 9311
f 9207 9212 9214
f 9214 9317 9318
f 9318 9324 9325
f 9325 9323 9326
f 9326 9321 9332
f 9332 9340 9329
f 9329 9327 9328
f 9328 9341 9297
f 9211 9209 9212
f 9212 9208 9317
f 9317 9319 9324
f 9324 9320 9323
f 9323 9316 9321
f 9321 9314 9340
f 9340 9336 9327
f 9327 9335 9341
f 9242 9286 9291
f 9247 9244 9286
f 9250 9240 9244
f 9251 9239 9240
f 9248 9238 9239
f 9260 9213 9238
f 9215 9207 9213
f 9218 9211 9207
f 9236 9226 9222
f 9222 9227 9225
f 9225 9223 9224
f 9224 9259 9252
f 9252 9264 9255
f 9255 9263 9256
f 9256 9246 9241
f 9241 9247 9242
f 9232 9235 9226
f 9226 9234 9227
f 9227 9233 9223
f 9223 9262 9259
f 9259 9261 9264
f 9264 9257 9263
f 9263 9245 9246
f 9246 9250 9247
f 9161 9230 9235
f 9235 9229 9234
f 9234 9228 9233
f 9233 9254 9262
f 9262 9253 9261
f 9261 9258 9257
f 9257 9237 9245
f 9245 9251 9250
f 9136 9146 9230
f 9230 9145 9229
f 9229 9140 9228
f 9228 9132 9254
f 9254 9141 9253
f 9253 9265 9258
f 9258 9266 9237
f 9237 9248 9251
f 9137 9134 9146
f 9146 9133 9145
f 9145 9202 9140
f 9140 9203 9132
f 9132 9204 9141
f 9141 9221 9265
f 9265 9220 9266
f 9266 9260 9248
f 9138 9143 9134
f 9134 9135 9133
f 9133 9142 9202
f 9202 9198 9203
f 9203 9194 9204
f 9204 9193 9221
f 9221 9192 9220
f 9220 9215 9260
f 9139 9124 9143
f 9143 9144 9135
f 9135 9195 9142
f 9142 9196 9198
f 9198 9197 9194
f 9194 9200 9193
f 9193 9199 9192
f 9192 9218 9215
f 9186 9125 9124
f 9124 9126 9144
f 9144 9127 9195
f 9195 9129 9196
f 9196 9130 9197
f 9197 9201 9200
f 9200 9217 9199
f 9199 9216 9218
f 9131 9118 9125
f 9125 9119 9126
f 9126 9120 9127
f 9127 9121 9129
f 9129 9122 9130
f 9130 9206 9201
f 9201 9205 9217
f 9217 9210 9216
f 9231 9232 9236
f 9157 9161 9232
f 9152 9136 9161
f 9190 9137 9136
f 9191 9138 9137
f 9188 9139 9138
f 9184 9186 9139
f 9181 9131 9186
f 7822 9169 7819
f 7819 9173 7816
f 7816 9170 9165
f 9165 9171 9155
f 9155 9160 9156
f 9156 9159 9150
f 9150 9158 9147
f 9147 9157 9231
f 7826 9175 9169
f 9169 9176 9173
f 9173 9174 9170
f 9170 9172 9171
f 9171 9148 9160
f 9160 9149 9159
f 9159 9151 9158
f 9158 9152 9157
f 7824 7815 9175
f 9175 7825 9176
f 9176 9168 9174
f 9174 9167 9172
f 9172 9166 9148
f 9148 9153 9149
f 9149 9189 9151
f 9151 9190 9152
f 7823 7854 7815
f 7815 7881 7825
f 7825 9164 9168
f 9168 7861 9167
f 9167 9163 9166
f 9166 9154 9153
f 9153 9180 9189
f 9189 9191 9190
f 7856 7855 7854
f 7854 7882 7881
f 7881 9162 9164
f 9164 7862 7861
f 7861 9177 9163
f 9163 9179 9154
f 9154 9178 9180
f 9180 9188 9191
f 7853 7884 7855
f 7855 7885 7882
f 7882 7863 9162
f 9162 7864 7862
f 7862 7865 9177
f 9177 9187 9179
f 9179 9185 9178
f 9178 9184 9188
f 7852 7886 7884
f 7884 7883 7885
f 7885 7868 7863
f 7863 7870 7864
f 7864 7871 7865
f 7865 9183 9187
f 9187 9182 9185
f 9185 9181 9184
f 7851 7880 7886
f 7886 7876 7883
f 7883 7875 7868
f 7868 7874 7870
f 7870 7866 7871
f 7871 7867 9183
f 9183 7869 9182
f 9182 9128 9181
f 7783 7872 7880
f 7880 7878 7876
f 7876 7877 7875
f 7875 7860 7874
f 7874 7857 7866
f 7866 7859 7867
f 7867 7858 7869
f 7869 9117 9128
f 7820 7826 7822
f 7814 7824 7826
f 7835 7823 7824
f 7850 7856 7823
f 7846 7853 7856
f 7848 7852 7853
f 7842 7851 7852
f 7796 7783 7851
f 7760 7774 7781
f 7781 7839 7828
f 7828 7841 7832
f 7832 7827 7833
f 7833 7840 7834
f 7834 7812 7817
f 7817 7813 7821
f 7821 7814 7820
f 7759 7779 7774
f 7774 7778 7839
f 7839 7777 7841
f 7841 7776 7827
f 7827 7837 7840
f 7840 7818 7812
f 7812 7836 7813
f 7813 7835 7814
f 7754 7775 7779
f 7779 7767 7778
f 7778 7773 7777
f 7777 7772 7776
f 7776 7831 7837
f 7837 7830 7818
f 7818 7849 7836
f 7836 7850 7835
f 7753 7771 7775
f 7775 7770 7767
f 7767 7780 7773
f 7773 7768 7772
f 7772 7847 7831
f 7831 7829 7830
f 7830 7838 7849
f 7849 7846 7850
f 7741 7798 7771
f 7771 7799 7770
f 7770 7769 7780
f 7780 7785 7768
f 7768 7786 7847
f 7847 7845 7829
f 7829 7844 7838
f 7838 7848 7846
f 7807 7804 7798
f 7798 7797 7799
f 7799 7805 7769
f 7769 7789 7785
f 7785 7790 7786
f 7786 7791 7845
f 7845 7843 7844
f 7844 7842 7848
f 7806 7621 7804
f 7804 7624 7797
f 7797 7811 7805
f 7805 7808 7789
f 7789 7792 7790
f 7790 7794 7791
f 7791 7793 7843
f 7843 7796 7842
f 7627 7623 7621
f 7621 7625 7624
f 7624 7810 7811
f 7811 7809 7808
f 7808 7795 7792
f 7792 7788 7794
f 7794 7787 7793
f 7793 7784 7796
f 7626 7629 7623
f 7623 7630 7625
f 7625 7803 7810
f 7810 7802 7809
f 7809 7801 7795
f 7795 7800 7788
f 7788 7782 7787
f 7787 7879 7784
f 7765 7759 7760
f 7758 7754 7759
f 7761 7753 7754
f 7766 7741 7753
f 7751 7807 7741
f 7747 7806 7807
f 7746 7627 7806
f 7620 7626 7627
f 7592 7603 7615
f 7615 7595 7614
f 7614 7604 7613
f 7613 7605 7762
f 7762 7755 7763
f 7763 7756 7764
f 7764 7757 7752
f 7752 7758 7765
f 7601 7606 7603
f 7603 7607 7595
f 7595 7608 7604
f 7604 7609 7605
f 7605 7737 7755
f 7755 7738 7756
f 7756 7739 7757
f 7757 7761 7758
f 7596 7593 7606
f 7606 7610 7607
f 7607 7611 7608
f 7608 7612 7609
f 7609 7602 7737
f 7737 7740 7738
f 7738 7742 7739
f 7739 7766 7761
f 7597 7590 7593
f 7593 7644 7610
f 7610 7643 7611
f 7611 7743 7612
f 7612 7744 7602
f 7602 7616 7740
f 7740 7745 7742
f 7742 7751 7766
f 7598 7658 7590
f 7590 7661 7644
f 7644 7632 7643
f 7643 7750 7743
f 7743 7634 7744
f 7744 7749 7616
f 7616 7748 7745
f 7745 7747 7751
f 7599 7660 7658
f 7658 7659 7661
f 7661 7635 7632
f 7632 7636 7750
f 7750 7619 7634
f 7634 7638 7749
f 7749 7622 7748
f 7748 7746 7747
f 7653 7647 7660
f 7660 7657 7659
f 7659 7656 7635
f 7635 7639 7636
f 7636 7640 7619
f 7619 7618 7638
f 7638 7617 7622
f 7622 7620 7746
f 7709 7722 7647
f 7647 7650 7657
f 7657 7649 7656
f 7656 7648 7639
f 7639 7633 7640
f 7640 7641 7618
f 7618 7642 7617
f 7617 7637 7620
f 7729 7724 7722
f 7722 7651 7650
f 7650 7652 7649
f 7649 7654 7648
f 7648 7655 7633
f 7633 7646 7641
f 7641 7645 7642
f 7642 7628 7637
f 7589 7601 7592
f 7587 7596 7601
f 7708 7597 7596
f 7714 7598 7597
f 7600 7599 7598
f 7591 7653 7599
f 7721 7709 7653
f 7735 7729 7709
f 7665 7662 7668
f 7668 7663 7667
f 7667 7683 7666
f 7666 7686 7682
f 7682 7690 7681
f 7681 7691 7680
f 7680 7677 7588
f 7588 7587 7589
f 7669 7676 7662
f 7662 7671 7663
f 7663 7720 7683
f 7683 7689 7686
f 7686 7688 7690
f 7690 7687 7691
f 7691 7707 7677
f 7677 7708 7587
f 7468 7675 7676
f 7676 7674 7671
f 7671 7713 7720
f 7720 7717 7689
f 7689 7678 7688
f 7688 7679 7687
f 7687 7715 7707
f 7707 7714 7708
f 7664 7672 7675
f 7675 7673 7674
f 7674 7712 7713
f 7713 7711 7717
f 7717 7710 7678
f 7678 7684 7679
f 7679 7685 7715
f 7715 7600 7714
f 7452 7693 7672
f 7672 7696 7673
f 7673 7697 7712
f 7712 7719 7711
f 7711 7695 7710
f 7710 7694 7684
f 7684 7594 7685
f 7685 7591 7600
f 7456 7466 7693
f 7693 7692 7696
f 7696 7465 7697
f 7697 7464 7719
f 7719 7730 7695
f 7695 7716 7694
f 7694 7718 7594
f 7594 7721 7591
f 7457 7463 7466
f 7466 7700 7692
f 7692 7703 7465
f 7465 7704 7464
f 7464 7698 7730
f 7730 7733 7716
f 7716 7734 7718
f 7718 7735 7721
f 7458 7462 7463
f 7463 7460 7700
f 7700 7701 7703
f 7703 7699 7704
f 7704 7736 7698
f 7698 7728 7733
f 7733 7732 7734
f 7734 7731 7735
f 7459 7439 7462
f 7462 7453 7460
f 7460 7706 7701
f 7701 7705 7699
f 7699 7702 7736
f 7736 7727 7728
f 7728 7726 7732
f 7732 7725 7731
f 7472 7669 7665
f 7476 7468 7669
f 7481 7664 7468
f 7670 7452 7664
f 7455 7456 7452
f 7451 7457 7456
f 7446 7458 7457
f 7443 7459 7458
f 7488 7487 7486
f 7486 7483 7495
f 7495 7473 7490
f 7490 7474 7496
f 7496 7485 7469
f 7469 7475 7470
f 7470 7467 7471
f 7471 7476 7472
f 7494 7505 7487
f 7487 7482 7483
f 7483 7484 7473
f 7473 7500 7474
f 7474 7477 7485
f 7485 7478 7475
f 7475 7479 7467
f 7467 7481 7476
f 7507 7511 7505
f 7505 7510 7482
f 7482 7489 7484
f 7484 7509 7500
f 7500 7480 7477
f 7477 7504 7478
f 7478 7501 7479
f 7479 7670 7481
f 7522 7515 7511
f 7511 7499 7510
f 7510 7497 7489
f 7489 7445 7509
f 7509 7447 7480
f 7480 7454 7504
f 7504 7498 7501
f 7501 7455 7670
f 7576 7575 7515
f 7515 7586 7499
f 7499 7585 7497
f 7497 7558 7445
f 7445 7437 7447
f 7447 7502 7454
f 7454 7503 7498
f 7498 7451 7455
f 7578 7577 7575
f 7575 7581 7586
f 7586 7559 7585
f 7585 7450 7558
f 7558 7449 7437
f 7437 7448 7502
f 7502 7506 7503
f 7503 7446 7451
f 7579 7582 7577
f 7577 7583 7581
f 7581 7560 7559
f 7559 7561 7450
f 7450 7562 7449
f 7449 7563 7448
f 7448 7444 7506
f 7506 7443 7446
f 7580 7555 7582
f 7582 7556 7583
f 7583 7567 7560
f 7560 7568 7561
f 7561 7569 7562
f 7562 7571 7563
f 7563 7442 7444
f 7444 7461 7443
f 7545 7546 7555
f 7555 7564 7556
f 7556 7565 7567
f 7567 7566 7568
f 7568 7570 7569
f 7569 7441 7571
f 7571 7557 7442
f 7442 7440 7461
f 7491 7494 7488
f 7508 7507 7494
f 7512 7522 7507
f 7584 7576 7522
f 7574 7578 7576
f 7573 7579 7578
f 7572 7580 7579
f 7542 7545 7580
f 7368 7384 7382
f 7382 7383 7381
f 7381 7536 7528
f 7528 7521 7518
f 7518 7526 7517
f 7517 7516 7493
f 7493 7525 7492
f 7492 7508 7491
f 7390 7388 7384
f 7384 7389 7383
f 7383 7378 7536
f 7536 7529 7521
f 7521 7535 7526
f 7526 7520 7516
f 7516 7519 7525
f 7525 7512 7508
f 7391 7385 7388
f 7388 7532 7389
f 7389 7530 7378
f 7378 7531 7529
f 7529 7539 7535
f 7535 7513 7520
f 7520 7514 7519
f 7519 7584 7512
f 7387 7380 7385
f 7385 7394 7532
f 7532 7393 7530
f 7530 7527 7531
f 7531 7541 7539
f 7539 7540 7513
f 7513 7523 7514
f 7514 7574 7584
f 7386 7436 7380
f 7380 7435 7394
f 7394 7392 7393
f 7393 7538 7527
f 7527 7537 7541
f 7541 7533 7540
f 7540 7524 7523
f 7523 7573 7574
f 7433 7374 7436
f 7436 7397 7435
f 7435 7432 7392
f 7392 7398 7538
f 7538 7552 7537
f 7537 7549 7533
f 7533 7534 7524
f 7524 7572 7573
f 7431 7428 7374
f 7374 7399 7397
f 7397 7395 7432
f 7432 7396 7398
f 7398 7401 7552
f 7552 7550 7549
f 7549 7553 7534
f 7534 7542 7572
f 7429 7423 7428
f 7428 7424 7399
f 7399 7402 7395
f 7395 7403 7396
f 7396 7400 7401
f 7401 7547 7550
f 7550 7551 7553
f 7553 7554 7542
f 7421 7427 7423
f 7423 7426 7424
f 7424 7425 7402
f 7402 7405 7403
f 7403 7406 7400
f 7400 7404 7547
f 7547 7548 7551
f 7551 7543 7554
f 7375 7390 7368
f 7371 7391 7390
f 7379 7387 7391
f 7377 7386 7387
f 7363 7433 7386
f 7366 7431 7433
f 7372 7429 7431
f 7422 7421 7429
f 7314 7304 7302
f 7302 7305 7313
f 7313 7306 7316
f 7316 7307 7315
f 7315 7308 7312
f 7312 7309 7370
f 7370 7373 7362
f 7362 7371 7375
f 7329 7337 7304
f 7304 7289 7305
f 7305 7310 7306
f 7306 7311 7307
f 7307 7297 7308
f 7308 7367 7309
f 7309 7376 7373
f 7373 7379 7371
f 7331 7333 7337
f 7337 7300 7289
f 7289 7303 7310
f 7310 7301 7311
f 7311 7299 7297
f 7297 7369 7367
f 7367 7365 7376
f 7376 7377 7379
f 7330 7335 7333
f 7333 7298 7300
f 7300 7296 7303
f 7303 7295 7301
f 7301 7294 7299
f 7299 7418 7369
f 7369 7364 7365
f 7365 7363 7377
f 7343 7340 7335
f 7335 7342 7298
f 7298 7293 7296
f 7296 7287 7295
f 7295 7292 7294
f 7294 7291 7418
f 7418 7417 7364
f 7364 7366 7363
f 7341 7350 7340
f 7340 7338 7342
f 7342 7348 7293
f 7293 7290 7287
f 7287 7416 7292
f 7292 7415 7291
f 7291 7407 7417
f 7417 7372 7366
f 7339 7349 7350
f 7350 7336 7338
f 7338 7332 7348
f 7348 7288 7290
f 7290 7414 7416
f 7416 7413 7415
f 7415 7430 7407
f 7407 7422 7372
f 7351 7354 7349
f 7349 7355 7336
f 7336 7347 7332
f 7332 7412 7288
f 7288 7411 7414
f 7414 7410 7413
f 7413 7409 7430
f 7430 7408 7422
f 8452 7359 7354
f 7354 7358 7355
f 7355 7357 7347
f 7347 7356 7412
f 7412 7353 7411
f 7411 7352 7410
f 7410 7420 7409
f 7409 7419 7408
f 7327 7329 7314
f 7320 7331 7329
f 7319 7330 7331
f 7345 7343 7330
f 7346 7341 7343
f 8431 7339 7341
f 8437 7351 7339
f 8450 8452 7351
f 8461 8464 8423
f 8423 8422 8424
f 8424 8421 8426
f 8426 7324 7326
f 7326 7323 7325
f 7325 7322 7317
f 7317 7321 7328
f 7328 7320 7327
f 8458 8435 8464
f 8464 8420 8422
f 8422 8419 8421
f 8421 8413 7324
f 7324 8414 7323
f 7323 7334 7322
f 7322 7318 7321
f 7321 7319 7320
f 8459 8433 8435
f 8435 8434 8420
f 8420 8415 8419
f 8419 8425 8413
f 8413 8416 8414
f 8414 8417 7334
f 7334 7344 7318
f 7318 7345 7319
f 8478 8485 8433
f 8433 8486 8434
f 8434 8418 8415
f 8415 8441 8425
f 8425 8439 8416
f 8416 8438 8417
f 8417 8412 7344
f 7344 7346 7345
f 8406 8482 8485
f 8485 8453 8486
f 8486 8454 8418
f 8418 8432 8441
f 8441 8428 8439
f 8439 8429 8438
f 8438 8430 8412
f 8412 8431 7346
f 8472 8499 8482
f 8482 8480 8453
f 8453 8455 8454
f 8454 8456 8432
f 8432 8427 8428
f 8428 7360 8429
f 8429 8436 8430
f 8430 8437 8431
f 8481 8498 8499
f 8499 8497 8480
f 8480 8476 8455
f 8455 8475 8456
f 8456 8440 8427
f 8427 8445 7360
f 7360 7361 8436
f 8436 8450 8437
f 8483 8500 8498
f 8498 8491 8497
f 8497 8484 8476
f 8476 8501 8475
f 8475 8443 8440
f 8440 8442 8445
f 8445 8446 7361
f 7361 8447 8450
f 8405 8492 8500
f 8500 8493 8491
f 8491 8494 8484
f 8484 8495 8501
f 8501 8496 8443
f 8443 8449 8442
f 8442 8448 8446
f 8446 8444 8447
f 8469 8458 8461
f 8463 8459 8458
f 8460 8478 8459
f 8471 8406 8478
f 8409 8472 8406
f 8477 8481 8472
f 8399 8483 8481
f 8400 8405 8483
f 8370 8391 8369
f 8369 8388 8394
f 8394 8383 8395
f 8395 8382 8396
f 8396 8457 8462
f 8462 8466 8467
f 8467 8465 8468
f 8468 8463 8469
f 8374 8378 8391
f 8391 8384 8388
f 8388 8385 8383
f 8383 8386 8382
f 8382 8387 8457
f 8457 8470 8466
f 8466 8479 8465
f 8465 8460 8463
f 8375 8376 8378
f 8378 8389 8384
f 8384 8390 8385
f 8385 8392 8386
f 8386 8397 8387
f 8387 8474 8470
f 8470 8473 8479
f 8479 8471 8460
f 8377 8373 8376
f 8376 8365 8389
f 8389 8402 8390
f 8390 8393 8392
f 8392 8398 8397
f 8397 8411 8474
f 8474 8410 8473
f 8473 8409 8471
f 8301 8341 8373
f 8373 8360 8365
f 8365 8359 8402
f 8402 8408 8393
f 8393 8407 8398
f 8398 8404 8411
f 8411 8403 8410
f 8410 8477 8409
f 8292 8340 8341
f 8341 8339 8360
f 8360 8358 8359
f 8359 8357 8408
f 8408 8361 8407
f 8407 8401 8404
f 8404 8489 8403
f 8403 8399 8477
f 8275 8337 8340
f 8340 8338 8339
f 8339 8346 8358
f 8358 8362 8357
f 8357 8352 8361
f 8361 8353 8401
f 8401 8490 8489
f 8489 8400 8399
f 8276 8347 8337
f 8337 8351 8338
f 8338 8350 8346
f 8346 8349 8362
f 8362 8354 8352
f 8352 8355 8353
f 8353 8356 8490
f 8490 8488 8400
f 8273 8342 8347
f 8347 8343 8351
f 8351 8344 8350
f 8350 8345 8349
f 8349 8348 8354
f 8354 8363 8355
f 8355 8364 8356
f 8356 8366 8488
f 8368 8374 8370
f 8381 8375 8374
f 8379 8377 8375
f 8296 8301 8377
f 8302 8292 8301
f 8298 8275 8292
f 8265 8276 8275
f 8268 8273 8276
f 8322 8308 8332
f 8332 8335 8331
f 8331 8294 8329
f 8329 8295 8328
f 8328 8297 8299
f 8299 8380 8300
f 8300 8371 8367
f 8367 8381 8368
f 8315 8311 8308
f 8308 8326 8335
f 8335 8327 8294
f 8294 8305 8295
f 8295 8304 8297
f 8297 8303 8380
f 8380 8372 8371
f 8371 8379 8381
f 8316 8320 8311
f 8311 8321 8326
f 8326 8318 8327
f 8327 8333 8305
f 8305 8334 8304
f 8304 8336 8303
f 8303 8293 8372
f 8372 8296 8379
f 8198 8309 8320
f 8320 8314 8321
f 8321 8313 8318
f 8318 8324 8333
f 8333 8325 8334
f 8334 8266 8336
f 8336 8306 8293
f 8293 8302 8296
f 8241 8245 8309
f 8309 8312 8314
f 8314 8307 8313
f 8313 8310 8324
f 8324 8330 8325
f 8325 8270 8266
f 8266 8269 8306
f 8306 8298 8302
f 8240 8244 8245
f 8245 8242 8312
f 8312 8277 8307
f 8307 8278 8310
f 8310 8280 8330
f 8330 8262 8270
f 8270 8264 8269
f 8269 8265 8298
f 8237 8250 8244
f 8244 8251 8242
f 8242 8288 8277
f 8277 8290 8278
f 8278 8291 8280
f 8280 8323 8262
f 8262 8267 8264
f 8264 8268 8265
f 8257 8248 8250
f 8250 8249 8251
f 8251 8283 8288
f 8288 8282 8290
f 8290 8279 8291
f 8291 8285 8323
f 8323 8274 8267
f 8267 8271 8268
f 8256 8255 8248
f 8248 8247 8249
f 8249 8287 8283
f 8283 8286 8282
f 8282 8289 8279
f 8279 8281 8285
f 8285 8284 8274
f 8274 8263 8271
f 8319 8315 8322
f 8317 8316 8315
f 8188 8198 8316
f 8196 8241 8198
f 8236 8240 8241
f 8235 8237 8240
f 8259 8257 8237
f 8234 8256 8257
f 8214 8208 8211
f 8211 8209 8205
f 8205 8210 8204
f 8204 8212 8207
f 8207 8200 8195
f 8195 8199 8201
f 8201 8197 8193
f 8193 8317 8319
f 8148 8153 8208
f 8208 8154 8209
f 8209 8206 8210
f 8210 8189 8212
f 8212 8191 8200
f 8200 8190 8199
f 8199 8187 8197
f 8197 8188 8317
f 8149 8147 8153
f 8153 8136 8154
f 8154 8135 8206
f 8206 8130 8189
f 8189 8192 8191
f 8191 8194 8190
f 8190 8243 8187
f 8187 8196 8188
f 8156 8145 8147
f 8147 8224 8136
f 8136 8133 8135
f 8135 8223 8130
f 8130 8137 8192
f 8192 8254 8194
f 8194 8253 8243
f 8243 8236 8196
f 8155 8143 8145
f 8145 8222 8224
f 8224 8221 8133
f 8133 8220 8223
f 8223 8219 8137
f 8137 8132 8254
f 8254 8252 8253
f 8253 8235 8236
f 8157 8131 8143
f 8143 8218 8222
f 8222 8213 8221
f 8221 8215 8220
f 8220 8216 8219
f 8219 8228 8132
f 8132 8260 8252
f 8252 8259 8235
f 8134 8112 8131
f 8131 8113 8218
f 8218 8217 8213
f 8213 8128 8215
f 8215 8203 8216
f 8216 8202 8228
f 8228 8233 8260
f 8260 8234 8259
f 8138 8115 8112
f 8112 8116 8113
f 8113 8127 8217
f 8217 8129 8128
f 8128 8258 8203
f 8203 8231 8202
f 8202 8225 8233
f 8233 8246 8234
f 8125 8123 8115
f 8115 8226 8116
f 8116 8230 8127
f 8127 8229 8129
f 8129 8227 8258
f 8258 8261 8231
f 8231 8238 8225
f 8225 8239 8246
f 8151 8148 8214
f 8142 8149 8148
f 8144 8156 8149
f 8146 8155 8156
f 8160 8157 8155
f 8141 8134 8157
f 8139 8138 8134
f 8124 8125 8138
f 8104 8171 8179
f 8179 8158 8178
f 8178 8184 8180
f 8180 8177 8181
f 8181 8176 8172
f 8172 8174 8183
f 8183 8150 8152
f 8152 8142 8151
f 8101 8093 8171
f 8171 8084 8158
f 8158 8170 8184
f 8184 8173 8177
f 8177 8186 8176
f 8176 8185 8174
f 8174 8182 8150
f 8150 8144 8142
f 8100 8051 8093
f 8093 8088 8084
f 8084 8082 8170
f 8170 8168 8173
f 8173 8167 8186
f 8186 8166 8185
f 8185 8175 8182
f 8182 8146 8144
f 8099 8042 8051
f 8051 8096 8088
f 8088 8095 8082
f 8082 8094 8168
f 8168 8163 8167
f 8167 8162 8166
f 8166 8161 8175
f 8175 8160 8146
f 8098 8050 8042
f 8042 8090 8096
f 8096 8089 8095
f 8095 8087 8094
f 8094 8085 8163
f 8163 8159 8162
f 8162 8140 8161
f 8161 8141 8160
f 8055 8037 8050
f 8050 8039 8090
f 8090 8092 8089
f 8089 8091 8087
f 8087 8169 8085
f 8085 8083 8159
f 8159 8164 8140
f 8140 8139 8141
f 8041 8054 8037
f 8037 8046 8039
f 8039 8047 8092
f 8092 8048 8091
f 8091 8126 8169
f 8169 8165 8083
f 8083 8086 8164
f 8164 8124 8139
f 8053 8056 8054
f 8054 8057 8046
f 8046 8049 8047
f 8047 8122 8048
f 8048 8121 8126
f 8126 8120 8165
f 8165 8119 8086
f 8086 8118 8124
f 8052 8062 8056
f 8056 8040 8057
f 8057 8061 8049
f 8049 8043 8122
f 8122 8044 8121
f 8121 8045 8120
f 8120 8038 8119
f 8119 8117 8118
f 8103 8101 8104
f 8110 8100 8101
f 8109 8099 8100
f 8107 8098 8099
f 8105 8055 8098
f 8064 8041 8055
f 8059 8053 8041
f 7918 8052 8053
f 7903 8074 8079
f 8079 7901 8072
f 8072 8075 8071
f 8071 8076 8070
f 8070 8077 8068
f 8068 8078 8069
f 8069 8097 8102
f 8102 8110 8103
f 7914 7900 8074
f 8074 7899 7901
f 7901 7898 8075
f 8075 8081 8076
f 8076 8067 8077
f 8077 8065 8078
f 8078 8111 8097
f 8097 8109 8110
f 7912 7896 7900
f 7900 7895 7899
f 7899 7894 7898
f 7898 7897 8081
f 8081 7887 8067
f 8067 8066 8065
f 8065 8108 8111
f 8111 8107 8109
f 7910 7915 7896
f 7896 7893 7895
f 7895 7891 7894
f 7894 7890 7897
f 7897 8073 7887
f 7887 8080 8066
f 8066 8106 8108
f 8108 8105 8107
f 7908 7950 7915
f 7915 7889 7893
f 7893 7888 7891
f 7891 7892 7890
f 7890 7928 8073
f 8073 7926 8080
f 8080 7925 8106
f 8106 8064 8105
f 7933 7961 7950
f 7950 7959 7889
f 7889 7951 7888
f 7888 7952 7892
f 7892 7931 7928
f 7928 8063 7926
f 7926 8060 7925
f 7925 8059 8064
f 7948 7944 7961
f 7961 7956 7959
f 7959 7954 7951
f 7951 7947 7952
f 7952 7955 7931
f 7931 7917 8063
f 8063 8058 8060
f 8060 7918 8059
f 7932 7942 7944
f 7944 7958 7956
f 7956 7957 7954
f 7954 7953 7947
f 7947 7919 7955
f 7955 7920 7917
f 7917 7921 8058
f 8058 7922 7918
f 7939 7935 7942
f 7942 7934 7958
f 7958 7949 7957
f 7957 7960 7953
f 7953 7924 7919
f 7919 7930 7920
f 7920 7929 7921
f 7921 7927 7922
f 7916 7914 7903
f 7906 7912 7914
f 7907 7910 7912
f 7902 7908 7910
f 7937 7933 7908
f 7943 7948 7933
f 7945 7932 7948
f 7946 7939 7932
f 7964 7976 7965
f 7965 7991 7966
f 7966 7990 7967
f 7967 7988 7982
f 7982 7987 7981
f 7981 7904 7911
f 7911 7905 7913
f 7913 7906 7916
f 7969 7986 7976
f 7976 7983 7991
f 7991 7973 7990
f 7990 7971 7988
f 7988 7978 7987
f 7987 7979 7904
f 7904 7980 7905
f 7905 7907 7906
f 7138 8024 7986
f 7986 7974 7983
f 7983 7975 7973
f 7973 7977 7971
f 7971 7909 7978
f 7978 7984 7979
f 7979 7985 7980
f 7980 7902 7907
f 7141 8023 8024
f 8024 8022 7974
f 7974 8003 7975
f 7975 7972 7977
f 7977 8017 7909
f 7909 7989 7984
f 7984 7936 7985
f 7985 7937 7902
f 7146 8001 8023
f 8023 8000 8022
f 8022 7999 8003
f 8003 8002 7972
f 7972 8007 8017
f 8017 8009 7989
f 7989 8011 7936
f 7936 7943 7937
f 7148 7144 8001
f 8001 8028 8000
f 8000 7998 7999
f 7999 8014 8002
f 8002 8013 8007
f 8007 8010 8009
f 8009 8008 8011
f 8011 7945 7943
f 8027 7137 7144
f 7144 8004 8028
f 8028 8032 7998
f 7998 8033 8014
f 8014 8034 8013
f 8013 8035 8010
f 8010 8018 8008
f 8008 7946 7945
f 8026 8005 7137
f 7137 8006 8004
f 8004 8036 8032
f 8032 8031 8033
f 8033 8015 8034
f 8034 8021 8035
f 8035 8020 8018
f 8018 8019 7946
f 7996 7992 8005
f 8005 7993 8006
f 8006 8030 8036
f 8036 8029 8031
f 8031 8012 8015
f 8015 7941 8021
f 8021 7940 8020
f 8020 7938 8019
f 7151 7969 7964
f 7149 7138 7969
f 7968 7141 7138
f 7192 7146 7141
f 7140 7148 7146
f 7150 8027 7148
f 7994 8026 8027
f 8025 7996 8026
f 7262 7128 7258
f 7258 7129 7122
f 7122 7130 7124
f 7124 7131 7125
f 7125 7132 7136
f 7136 7142 7963
f 7963 7970 7962
f 7962 7149 7151
f 7133 7264 7128
f 7128 7127 7129
f 7129 7190 7130
f 7130 7189 7131
f 7131 7134 7132
f 7132 7170 7142
f 7142 7188 7970
f 7970 7968 7149
f 7194 7263 7264
f 7264 7167 7127
f 7127 7135 7190
f 7190 7186 7189
f 7189 7187 7134
f 7134 7143 7170
f 7170 7191 7188
f 7188 7192 7968
f 7193 7172 7263
f 7263 7195 7167
f 7167 7180 7135
f 7135 7196 7186
f 7186 7145 7187
f 7187 7147 7143
f 7143 7139 7191
f 7191 7140 7192
f 7286 7275 7172
f 7172 7177 7195
f 7195 7279 7180
f 7180 7176 7196
f 7196 7175 7145
f 7145 7174 7147
f 7147 7168 7139
f 7139 7150 7140
f 7285 7155 7275
f 7275 7283 7177
f 7177 7171 7279
f 7279 7182 7176
f 7176 7173 7175
f 7175 7178 7174
f 7174 7179 7168
f 7168 7994 7150
f 7284 7242 7155
f 7155 7272 7283
f 7283 7162 7171
f 7171 7163 7182
f 7182 7183 7173
f 7173 7165 7178
f 7178 7181 7179
f 7179 8025 7994
f 7156 7255 7242
f 7242 7184 7272
f 7272 7185 7162
f 7162 7152 7163
f 7163 7153 7183
f 7183 7154 7165
f 7165 7169 7181
f 7181 7995 8025
f 7245 7250 7255
f 7255 7161 7184
f 7184 7160 7185
f 7185 7159 7152
f 7152 7158 7153
f 7153 7164 7154
f 7154 7166 7169
f 7169 7157 7995
f 7123 7133 7262
f 7126 7194 7133
f 7273 7193 7194
f 7282 7286 7193
f 7274 7285 7286
f 7247 7284 7285
f 7244 7156 7284
f 7249 7245 7156
f 7229 7240 7230
f 7230 7235 7261
f 7261 7213 7266
f 7266 7241 7265
f 7265 7271 7257
f 7257 7267 7259
f 7259 7270 7260
f 7260 7126 7123
f 7232 7214 7240
f 7240 7239 7235
f 7235 7238 7213
f 7213 7215 7241
f 7241 7237 7271
f 7271 7269 7267
f 7267 7268 7270
f 7270 7273 7126
f 7231 7236 7214
f 7214 7216 7239
f 7239 7228 7238
f 7238 7227 7215
f 7215 7276 7237
f 7237 7277 7269
f 7269 7280 7268
f 7268 7282 7273
f 7120 7218 7236
f 7236 7234 7216
f 7216 7219 7228
f 7228 7220 7227
f 7227 7221 7276
f 7276 7281 7277
f 7277 7278 7280
f 7280 7274 7282
f 7225 7212 7218
f 7218 7217 7234
f 7234 7222 7219
f 7219 7223 7220
f 7220 7224 7221
f 7221 7200 7281
f 7281 7248 7278
f 7278 7247 7274
f 7103 7057 7212
f 7212 7056 7217
f 7217 7206 7222
f 7222 7205 7223
f 7223 7204 7224
f 7224 7203 7200
f 7200 7246 7248
f 7248 7244 7247
f 7102 7055 7057
f 7057 7201 7056
f 7056 7197 7206
f 7206 7202 7205
f 7205 7207 7204
f 7204 7208 7203
f 7203 7243 7246
f 7246 7249 7244
f 7048 7054 7055
f 7055 7052 7201
f 7201 7051 7197
f 7197 7209 7202
f 7202 7210 7207
f 7207 7251 7208
f 7208 7254 7243
f 7243 7256 7249
f 7053 7061 7054
f 7054 7060 7052
f 7052 7059 7051
f 7051 7058 7209
f 7209 7198 7210
f 7210 7199 7251
f 7251 7211 7254
f 7254 7253 7256
f 7119 7232 7229
f 7233 7231 7232
f 7118 7120 7231
f 7108 7225 7120
f 7226 7103 7225
f 7095 7102 7103
f 7050 7048 7102
f 7049 7053 7048
f 7081 7088 7089
f 7089 7087 7090
f 7090 7086 7091
f 7091 7110 7115
f 7115 7111 7107
f 7107 7112 7109
f 7109 7113 7114
f 7114 7233 7119
f 7013 7009 7088
f 7088 7098 7087
f 7087 7085 7086
f 7086 7099 7110
f 7110 7100 7111
f 7111 7116 7112
f 7112 7117 7113
f 7113 7118 7233
f 7012 7011 7009
f 7009 7097 7098
f 7098 7079 7085
f 7085 7101 7099
f 7099 7104 7100
f 7100 7105 7116
f 7116 7121 7117
f 7117 7108 7118
f 7010 7077 7011
f 7011 7078 7097
f 7097 7080 7079
f 7079 7106 7101
f 7101 7096 7104
f 7104 7062 7105
f 7105 7092 7121
f 7121 7226 7108
f 7028 6973 7077
f 7077 7029 7078
f 7078 7083 7080
f 7080 7084 7106
f 7106 7082 7096
f 7096 7069 7062
f 7062 7094 7092
f 7092 7095 7226
f 6984 6972 6973
f 6973 6975 7029
f 7029 7093 7083
f 7083 6976 7084
f 7084 7076 7082
f 7082 7073 7069
f 7069 7072 7094
f 7094 7050 7095
f 7001 7031 6972
f 6972 6977 6975
f 6975 6978 7093
f 7093 6979 6976
f 6976 7068 7076
f 7076 7067 7073
f 7073 7066 7072
f 7072 7049 7050
f 7027 6980 7031
f 7031 6981 6977
f 6977 6982 6978
f 6978 6983 6979
f 6979 6974 7068
f 7068 7063 7067
f 7067 7064 7066
f 7066 7047 7049
f 7000 6990 6980
f 6980 6989 6981
f 6981 6986 6982
f 6982 6985 6983
f 6983 7075 6974
f 6974 7074 7063
f 7063 7071 7064
f 7064 7070 7047
f 7008 7013 7081
f 7003 7012 7013
f 7016 7010 7012
f 7005 7028 7010
f 7004 6984 7028
f 7007 7001 6984
f 6995 7027 7001
f 6997 7000 7027
f 6730 7037 7036
f 7036 7046 7035
f 7035 7045 7033
f 7033 7044 7032
f 7032 7043 7034
f 7034 7042 7015
f 7015 7041 7002
f 7002 7003 7008
f 6745 6743 7037
f 7037 6744 7046
f 7046 7040 7045
f 7045 7039 7044
f 7044 7038 7043
f 7043 7021 7042
f 7042 7014 7041
f 7041 7016 7003
f 6732 6733 6743
f 6743 6734 6744
f 6744 7030 7040
f 7040 6735 7039
f 7039 6736 7038
f 7038 7026 7021
f 7021 7006 7014
f 7014 7005 7016
f 6728 6737 6733
f 6733 6738 6734
f 6734 6739 7030
f 7030 7025 6735
f 6735 6740 6736
f 6736 7024 7026
f 7026 7023 7006
f 7006 7004 7005
f 6724 6731 6737
f 6737 6741 6738
f 6738 7022 6739
f 6739 7020 7025
f 7025 6742 6740
f 6740 7019 7024
f 7024 6992 7023
f 7023 7007 7004
f 6700 6671 6731
f 6731 6746 6741
f 6741 6685 7022
f 7022 7018 7020
f 7020 7017 6742
f 6742 6993 7019
f 7019 6994 6992
f 6992 6995 7007
f 6698 6684 6671
f 6671 6683 6746
f 6746 6682 6685
f 6685 6681 7018
f 7018 6680 7017
f 7017 6679 6993
f 6993 6996 6994
f 6994 6997 6995
f 6697 6678 6684
f 6684 6692 6683
f 6683 6695 6682
f 6682 6686 6681
f 6681 6677 6680
f 6680 6676 6679
f 6679 6998 6996
f 6996 6999 6997
f 6696 6689 6678
f 6678 6687 6692
f 6692 6672 6695
f 6695 6673 6686
f 6686 6674 6677
f 6677 6675 6676
f 6676 6987 6998
f 6998 6991 6999
f 6723 6745 6730
f 6727 6732 6745
f 6719 6728 6732
f 6729 6724 6728
f 6717 6700 6724
f 6694 6698 6700
f 6701 6697 6698
f 6800 6696 6697
f 6768 6773 6765
f 6765 6774 6712
f 6712 6775 6713
f 6713 6709 6715
f 6715 6710 6716
f 6716 6725 6721
f 6721 6726 6722
f 6722 6727 6723
f 6767 6763 6773
f 6773 6776 6774
f 6774 6810 6775
f 6775 6704 6709
f 6709 6705 6710
f 6710 6702 6725
f 6725 6720 6726
f 6726 6719 6727
f 6769 6772 6763
f 6763 6771 6776
f 6776 6770 6810
f 6810 6703 6704
f 6704 6706 6705
f 6705 6707 6702
f 6702 6718 6720
f 6720 6729 6719
f 6809 6811 6772
f 6772 6812 6771
f 6771 6813 6770
f 6770 6814 6703
f 6703 6708 6706
f 6706 6690 6707
f 6707 6688 6718
f 6718 6717 6729
f 6808 6815 6811
f 6811 6816 6812
f 6812 6807 6813
f 6813 6817 6814
f 6814 6794 6708
f 6708 6711 6690
f 6690 6693 6688
f 6688 6694 6717
f 6777 6790 6815
f 6815 6789 6816
f 6816 6818 6807
f 6807 6788 6817
f 6817 6819 6794
f 6794 6820 6711
f 6711 6714 6693
f 6693 6701 6694
f 6747 6787 6790
f 6790 6786 6789
f 6789 6785 6818
f 6818 6797 6788
f 6788 6784 6819
f 6819 6792 6820
f 6820 6799 6714
f 6714 6800 6701
f 6778 6783 6787
f 6787 6782 6786
f 6786 6801 6785
f 6785 6802 6797
f 6797 6803 6784
f 6784 6804 6792
f 6792 6805 6799
f 6799 6806 6800
f 6932 6780 6783
f 6783 6779 6782
f 6782 6791 6801
f 6801 6798 6802
f 6802 6796 6803
f 6803 6795 6804
f 6804 6793 6805
f 6805 6699 6806
f 6762 6767 6768
f 6766 6769 6767
f 6821 6809 6769
f 6756 6808 6809
f 6752 6777 6808
f 6748 6747 6777
f 6781 6778 6747
f 6759 6932 6778
f 6900 6908 6904
f 6904 6910 6899
f 6899 6915 6914
f 6914 6916 6913
f 6913 6917 6750
f 6750 6918 6754
f 6754 6757 6764
f 6764 6766 6762
f 6901 6911 6908
f 6908 6909 6910
f 6910 6924 6915
f 6915 6926 6916
f 6916 6912 6917
f 6917 6925 6918
f 6918 6751 6757
f 6757 6821 6766
f 6897 6906 6911
f 6911 6905 6909
f 6909 6923 6924
f 6924 6922 6926
f 6926 6758 6912
f 6912 6921 6925
f 6925 6749 6751
f 6751 6756 6821
f 6850 6966 6906
f 6906 6965 6905
f 6905 6944 6923
f 6923 6920 6922
f 6922 6919 6758
f 6758 6755 6921
f 6921 6753 6749
f 6749 6752 6756
f 6967 6960 6966
f 6966 6961 6965
f 6965 6903 6944
f 6944 6902 6920
f 6920 6939 6919
f 6919 6940 6755
f 6755 6761 6753
f 6753 6748 6752
f 6957 6963 6960
f 6960 6951 6961
f 6961 6952 6903
f 6903 6898 6902
f 6902 6929 6939
f 6939 6941 6940
f 6940 6760 6761
f 6761 6781 6748
f 6956 6953 6963
f 6963 6943 6951
f 6951 6942 6952
f 6952 6938 6898
f 6898 6937 6929
f 6929 6936 6941
f 6941 6935 6760
f 6760 6759 6781
f 6959 6945 6953
f 6953 6946 6943
f 6943 6934 6942
f 6942 6947 6938
f 6938 6948 6937
f 6937 6949 6936
f 6936 6950 6935
f 6935 6933 6759
f 6865 6969 6945
f 6945 6968 6946
f 6946 6964 6934
f 6934 6931 6947
f 6947 6955 6948
f 6948 6954 6949
f 6949 6927 6950
f 6950 6930 6933
f 6907 6901 6900
f 6843 6897 6901
f 6848 6850 6897
f 6958 6967 6850
f 6971 6957 6967
f 6970 6956 6957
f 6834 6959 6956
f 6864 6865 6959
f 6868 6878 6841
f 6841 6877 6842
f 6842 6839 6837
f 6837 6824 6822
f 6822 6825 6823
f 6823 6826 6847
f 6847 6827 6851
f 6851 6843 6907
f 6876 6873 6878
f 6878 6870 6877
f 6877 6845 6839
f 6839 6846 6824
f 6824 6828 6825
f 6825 6829 6826
f 6826 6849 6827
f 6827 6848 6843
f 6875 6869 6873
f 6873 6871 6870
f 6870 6835 6845
f 6845 6836 6846
f 6846 6840 6828
f 6828 6831 6829
f 6829 6962 6849
f 6849 6958 6848
f 6874 6648 6869
f 6869 6888 6871
f 6871 6867 6835
f 6835 6844 6836
f 6836 6838 6840
f 6840 6832 6831
f 6831 6830 6962
f 6962 6971 6958
f 6621 6891 6648
f 6648 6892 6888
f 6888 6893 6867
f 6867 6894 6844
f 6844 6855 6838
f 6838 6856 6832
f 6832 6833 6830
f 6830 6970 6971
f 6647 6663 6891
f 6891 6895 6892
f 6892 6896 6893
f 6893 6887 6894
f 6894 6890 6855
f 6855 6857 6856
f 6856 6863 6833
f 6833 6834 6970
f 6644 6668 6663
f 6663 6667 6895
f 6895 6666 6896
f 6896 6882 6887
f 6887 6883 6890
f 6890 6854 6857
f 6857 6853 6863
f 6863 6864 6834
f 6645 6665 6668
f 6668 6664 6667
f 6667 6885 6666
f 6666 6884 6882
f 6882 6886 6883
f 6883 6860 6854
f 6854 6861 6853
f 6853 6862 6864
f 6657 6661 6665
f 6665 6656 6664
f 6664 6660 6885
f 6885 6659 6884
f 6884 6889 6886
f 6886 6852 6860
f 6860 6858 6861
f 6861 6859 6862
f 6881 6876 6868
f 6879 6875 6876
f 6623 6874 6875
f 6617 6621 6874
f 6646 6647 6621
f 6651 6644 6647
f 6653 6645 6644
f 6669 6657 6645
f 6604 6625 6612
f 6612 6640 6613
f 6613 6596 6614
f 6614 6615 6616
f 6616 6611 6619
f 6619 6624 6620
f 6620 6872 6880
f 6880 6879 6881
f 6603 6639 6625
f 6625 6637 6640
f 6640 6636 6596
f 6596 6635 6615
f 6615 6610 6611
f 6611 6649 6624
f 6624 6622 6872
f 6872 6623 6879
f 6602 6561 6639
f 6639 6608 6637
f 6637 6560 6636
f 6636 6607 6635
f 6635 6641 6610
f 6610 6654 6649
f 6649 6618 6622
f 6622 6617 6623
f 6559 6554 6561
f 6561 6551 6608
f 6608 6630 6560
f 6560 6550 6607
f 6607 6655 6641
f 6641 6642 6654
f 6654 6643 6618
f 6618 6646 6617
f 6558 6552 6554
f 6554 6628 6551
f 6551 6562 6630
f 6630 6555 6550
f 6550 6638 6655
f 6655 6658 6642
f 6642 6650 6643
f 6643 6651 6646
f 6583 6538 6552
f 6552 6521 6628
f 6628 6553 6562
f 6562 6599 6555
f 6555 6600 6638
f 6638 6601 6658
f 6658 6652 6650
f 6650 6653 6651
f 6537 6547 6538
f 6538 6543 6521
f 6521 6525 6553
f 6553 6626 6599
f 6599 6627 6600
f 6600 6526 6601
f 6601 6520 6652
f 6652 6669 6653
f 6544 6540 6547
f 6547 6529 6543
f 6543 6530 6525
f 6525 6629 6626
f 6626 6633 6627
f 6627 6523 6526
f 6526 6522 6520
f 6520 6670 6669
f 6524 6534 6540
f 6540 6533 6529
f 6529 6532 6530
f 6530 6531 6629
f 6629 6632 6633
f 6633 6631 6523
f 6523 6634 6522
f 6522 6528 6670
f 6605 6603 6604
f 6606 6602 6603
f 6598 6559 6602
f 6557 6558 6559
f 6564 6583 6558
f 6588 6537 6583
f 6536 6544 6537
f 6548 6524 6544
f 6446 6447 6448
f 6448 6582 6587
f 6587 6581 6586
f 6586 6577 6566
f 6566 6576 6567
f 6567 6575 6568
f 6568 6574 6569
f 6569 6606 6605
f 6456 6451 6447
f 6447 6452 6582
f 6582 6580 6581
f 6581 6571 6577
f 6577 6570 6576
f 6576 6609 6575
f 6575 6597 6574
f 6574 6598 6606
f 6453 6454 6451
f 6451 6455 6452
f 6452 6591 6580
f 6580 6572 6571
f 6571 6573 6570
f 6570 6590 6609
f 6609 6556 6597
f 6597 6557 6598
f 6445 6457 6454
f 6454 6458 6455
f 6455 6476 6591
f 6591 6592 6572
f 6572 6595 6573
f 6573 6565 6590
f 6590 6563 6556
f 6556 6564 6557
f 6512 6518 6457
f 6457 6477 6458
f 6458 6479 6476
f 6476 6459 6592
f 6592 6579 6595
f 6595 6578 6565
f 6565 6589 6563
f 6563 6588 6564
f 6519 6496 6518
f 6518 6497 6477
f 6477 6480 6479
f 6479 6481 6459
f 6459 6535 6579
f 6579 6594 6578
f 6578 6593 6589
f 6589 6536 6588
f 6510 6482 6496
f 6496 6483 6497
f 6497 6475 6480
f 6480 6485 6481
f 6481 6584 6535
f 6535 6549 6594
f 6594 6539 6593
f 6593 6548 6536
f 6492 6503 6482
f 6482 6502 6483
f 6483 6486 6475
f 6475 6484 6485
f 6485 6585 6584
f 6584 6546 6549
f 6549 6545 6539
f 6539 6527 6548
f 6494 6500 6503
f 6503 6501 6502
f 6502 6504 6486
f 6486 6478 6484
f 6484 6487 6585
f 6585 6489 6546
f 6546 6488 6545
f 6545 6542 6527
f 6449 6456 6446
f 6450 6453 6456
f 6513 6445 6453
f 6505 6512 6445
f 6517 6519 6512
f 6509 6510 6519
f 6507 6492 6510
f 6493 6494 6492
f 6416 6417 6420
f 6420 6415 6421
f 6421 6467 6474
f 6474 6466 6473
f 6473 6465 6472
f 6472 6464 6471
f 6471 6463 6470
f 6470 6450 6449
f 6423 6425 6417
f 6417 6424 6415
f 6415 6426 6467
f 6467 6443 6466
f 6466 6460 6465
f 6465 6462 6464
f 6464 6468 6463
f 6463 6513 6450
f 6422 6418 6425
f 6425 6442 6424
f 6424 6441 6426
f 6426 6440 6443
f 6443 6439 6460
f 6460 6469 6462
f 6462 6461 6468
f 6468 6505 6513
f 6392 6428 6418
f 6418 6438 6442
f 6442 6437 6441
f 6441 6444 6440
f 6440 6436 6439
f 6439 6511 6469
f 6469 6514 6461
f 6461 6517 6505
f 6393 6406 6428
f 6428 6429 6438
f 6438 6435 6437
f 6437 6434 6444
f 6444 6433 6436
f 6436 6516 6511
f 6511 6515 6514
f 6514 6509 6517
f 6404 6409 6406
f 6406 6380 6429
f 6429 6371 6435
f 6435 6379 6434
f 6434 6432 6433
f 6433 6508 6516
f 6516 6506 6515
f 6515 6507 6509
f 6411 6387 6409
f 6409 6377 6380
f 6380 6374 6371
f 6371 6372 6379
f 6379 6373 6432
f 6432 6431 6508
f 6508 6430 6506
f 6506 6493 6507
f 6394 6385 6387
f 6387 6399 6377
f 6377 6381 6374
f 6374 6378 6372
f 6372 6376 6373
f 6373 6375 6431
f 6431 6490 6430
f 6430 6491 6493
f 6395 6398 6385
f 6385 6386 6399
f 6399 6389 6381
f 6381 6384 6378
f 6378 6383 6376
f 6376 6382 6375
f 6375 6498 6490
f 6490 6499 6491
f 6419 6423 6416
f 6427 6422 6423
f 6390 6392 6422
f 6396 6393 6392
f 6391 6404 6393
f 6110 6411 6404
f 6112 6394 6411
f 6101 6395 6394
f 6076 6078 6087
f 6087 6079 6086
f 6086 6090 6109
f 6109 6091 6111
f 6111 6102 6401
f 6401 6414 6400
f 6400 6413 6402
f 6402 6427 6419
f 6084 6118 6078
f 6078 6082 6079
f 6079 6092 6090
f 6090 6093 6091
f 6091 6410 6102
f 6102 6403 6414
f 6414 6405 6413
f 6413 6390 6427
f 6122 6120 6118
f 6118 6121 6082
f 6082 6094 6092
f 6092 6097 6093
f 6093 6408 6410
f 6410 6407 6403
f 6403 6412 6405
f 6405 6396 6390
f 6116 6127 6120
f 6120 6128 6121
f 6121 6098 6094
f 6094 6099 6097
f 6097 6103 6408
f 6408 6104 6407
f 6407 6105 6412
f 6412 6391 6396
f 6123 6130 6127
f 6127 6205 6128
f 6128 6191 6098
f 6098 6100 6099
f 6099 6115 6103
f 6103 6106 6104
f 6104 6108 6105
f 6105 6110 6391
f 6124 6126 6130
f 6130 6096 6205
f 6205 6199 6191
f 6191 6198 6100
f 6100 6095 6115
f 6115 6114 6106
f 6106 6113 6108
f 6108 6112 6110
f 6125 6196 6126
f 6126 6195 6096
f 6096 6194 6199
f 6199 6137 6198
f 6198 6138 6095
f 6095 6139 6114
f 6114 6107 6113
f 6113 6101 6112
f 6200 6192 6196
f 6196 6140 6195
f 6195 6141 6194
f 6194 6142 6137
f 6137 6143 6138
f 6138 6144 6139
f 6139 6145 6107
f 6107 6397 6101
f 6220 6203 6192
f 6192 6204 6140
f 6140 6131 6141
f 6141 6132 6142
f 6142 6133 6143
f 6143 6134 6144
f 6144 6135 6145
f 6145 6136 6397
f 6088 6084 6076
f 6081 6122 6084
f 6074 6116 6122
f 6129 6123 6116
f 6119 6124 6123
f 6117 6125 6124
f 6213 6200 6125
f 6212 6220 6200
f 6166 6161 6162
f 6162 6175 6165
f 6165 6154 6150
f 6150 6156 6149
f 6149 6157 6148
f 6148 6158 6147
f 6147 6080 6089
f 6089 6081 6088
f 6168 6172 6161
f 6161 6171 6175
f 6175 6085 6154
f 6154 6160 6156
f 6156 6159 6157
f 6157 6146 6158
f 6158 6153 6080
f 6080 6074 6081
f 6169 6365 6172
f 6172 6174 6171
f 6171 6083 6085
f 6085 6071 6160
f 6160 6217 6159
f 6159 6216 6146
f 6146 6155 6153
f 6153 6129 6074
f 6306 6186 6365
f 6365 6359 6174
f 6174 6187 6083
f 6083 6152 6071
f 6071 6077 6217
f 6217 6214 6216
f 6216 6075 6155
f 6155 6119 6129
f 6305 6366 6186
f 6186 6367 6359
f 6359 6368 6187
f 6187 6185 6152
f 6152 6151 6077
f 6077 6073 6214
f 6214 6072 6075
f 6075 6117 6119
f 6303 6184 6366
f 6366 6323 6367
f 6367 6369 6368
f 6368 6209 6185
f 6185 6210 6151
f 6151 6211 6073
f 6073 6206 6072
f 6072 6213 6117
f 6188 6183 6184
f 6184 6318 6323
f 6323 6319 6369
f 6369 6219 6209
f 6209 6218 6210
f 6210 6215 6211
f 6211 6207 6206
f 6206 6212 6213
f 6190 6182 6183
f 6183 6324 6318
f 6318 6325 6319
f 6319 6181 6219
f 6219 6180 6218
f 6218 6179 6215
f 6215 6193 6207
f 6207 6208 6212
f 6315 6312 6182
f 6182 6317 6324
f 6324 6316 6325
f 6325 6313 6181
f 6181 6178 6180
f 6180 6176 6179
f 6179 6201 6193
f 6193 6202 6208
f 6163 6168 6166
f 6170 6169 6168
f 6173 6306 6169
f 6302 6305 6306
f 6296 6303 6305
f 6307 6188 6303
f 6177 6190 6188
f 6189 6315 6190
f 6326 6333 6330
f 6330 6327 6331
f 6331 6328 6339
f 6339 6341 6345
f 6345 6338 6332
f 6332 6342 6167
f 6167 6343 6164
f 6164 6170 6163
f 6329 6334 6333
f 6333 6335 6327
f 6327 6336 6328
f 6328 6337 6341
f 6341 6346 6338
f 6338 6370 6342
f 6342 6347 6343
f 6343 6173 6170
f 6252 6263 6334
f 6334 6348 6335
f 6335 6349 6336
f 6336 6354 6337
f 6337 6344 6346
f 6346 6358 6370
f 6370 6355 6347
f 6347 6302 6173
f 6251 6260 6263
f 6263 6264 6348
f 6348 6353 6349
f 6349 6352 6354
f 6354 6351 6344
f 6344 6350 6358
f 6358 6363 6355
f 6355 6296 6302
f 6262 6228 6260
f 6260 6300 6264
f 6264 6299 6353
f 6353 6298 6352
f 6352 6308 6351
f 6351 6362 6350
f 6350 6360 6363
f 6363 6307 6296
f 6258 6225 6228
f 6228 6304 6300
f 6300 6301 6299
f 6299 6242 6298
f 6298 6243 6308
f 6308 6356 6362
f 6362 6357 6360
f 6360 6177 6307
f 6250 6222 6225
f 6225 6246 6304
f 6304 6241 6301
f 6301 6240 6242
f 6242 6238 6243
f 6243 6361 6356
f 6356 6364 6357
f 6357 6189 6177
f 6227 6237 6222
f 6222 6226 6246
f 6246 6239 6241
f 6241 6244 6240
f 6240 6322 6238
f 6238 6309 6361
f 6361 6310 6364
f 6364 6321 6189
f 6229 6234 6237
f 6237 6231 6226
f 6226 6236 6239
f 6239 6248 6244
f 6244 6314 6322
f 6322 6247 6309
f 6309 6297 6310
f 6310 6311 6321
f 6340 6329 6326
f 6255 6252 6329
f 6253 6251 6252
f 6259 6262 6251
f 6245 6258 6262
f 6249 6250 6258
f 6221 6227 6250
f 6230 6229 6227
f 6290 6281 4894
f 4894 6275 4895
f 4895 6272 6273
f 6273 6271 6289
f 6289 6254 6287
f 6287 6257 6261
f 6261 6256 6265
f 6265 6255 6340
f 4890 6267 6281
f 6281 6292 6275
f 6275 6268 6272
f 6272 6269 6271
f 6271 6270 6254
f 6254 6282 6257
f 6257 6284 6256
f 6256 6253 6255
f 4891 4902 6267
f 6267 6274 6292
f 6292 6285 6268
f 6268 6286 6269
f 6269 6276 6270
f 6270 6266 6282
f 6282 6280 6284
f 6284 6259 6253
f 4888 4901 4902
f 4902 6279 6274
f 6274 4900 6285
f 6285 4899 6286
f 6286 6278 6276
f 6276 6283 6266
f 6266 6277 6280
f 6280 6245 6259
f 4903 4898 4901
f 4901 4858 6279
f 6279 6295 4900
f 4900 6294 4899
f 4899 6293 6278
f 6278 6291 6283
f 6283 6224 6277
f 6277 6249 6245
f 4892 4881 4898
f 4898 4897 4858
f 4858 4896 6295
f 6295 4861 6294
f 6294 4860 6293
f 6293 4859 6291
f 6291 6288 6224
f 6224 6221 6249
f 4883 4887 4881
f 4881 4874 4897
f 4897 4884 4896
f 4896 4869 4861
f 4861 4870 4860
f 4860 4871 4859
f 4859 6223 6288
f 6288 6230 6221
f 4952 4951 4887
f 4887 4872 4874
f 4874 4879 4884
f 4884 4875 4869
f 4869 4873 4870
f 4870 4862 4871
f 4871 4868 6223
f 6223 6232 6230
f 4960 4885 4951
f 4951 4886 4872
f 4872 4863 4879
f 4879 4867 4875
f 4875 4866 4873
f 4873 4865 4862
f 4862 4864 4868
f 4868 6235 6232
f 4893 4890 6290
f 4926 4891 4890
f 4916 4888 4891
f 4909 4903 4888
f 4913 4892 4903
f 4889 4883 4892
f 4876 4952 4883
f 4953 4960 4952
f 4993 4967 4963
f 4963 4969 4929
f 4929 4932 4930
f 4930 4931 4918
f 4918 4928 4919
f 4919 4924 4920
f 4920 4927 4921
f 4921 4926 4893
f 4972 4970 4967
f 4967 4971 4969
f 4969 4965 4932
f 4932 4917 4931
f 4931 4925 4928
f 4928 4923 4924
f 4924 4922 4927
f 4927 4916 4926
f 4973 4977 4970
f 4970 4975 4971
f 4971 4976 4965
f 4965 4906 4917
f 4917 4907 4925
f 4925 4908 4923
f 4923 4904 4922
f 4922 4909 4916
f 4992 4980 4977
f 4977 4974 4975
f 4975 4964 4976
f 4976 4968 4906
f 4906 4910 4907
f 4907 4911 4908
f 4908 4912 4904
f 4904 4913 4909
f 4991 4983 4980
f 4980 4979 4974
f 4974 4966 4964
f 4964 4914 4968
f 4968 4880 4910
f 4910 4915 4911
f 4911 4905 4912
f 4912 4889 4913
f 4978 4982 4983
f 4983 4981 4979
f 4979 4941 4966
f 4966 4959 4914
f 4914 4958 4880
f 4880 4878 4915
f 4915 4877 4905
f 4905 4876 4889
f 4984 5098 4982
f 4982 4934 4981
f 4981 4937 4941
f 4941 4957 4959
f 4959 4956 4958
f 4958 4955 4878
f 4878 4954 4877
f 4877 4953 4876
f 5110 4940 5098
f 5098 4939 4934
f 4934 4938 4937
f 4937 4935 4957
f 4957 4936 4956
f 4956 4948 4955
f 4955 4949 4954
f 4954 4950 4953
f 4943 4942 4940
f 4940 4933 4939
f 4939 4947 4938
f 4938 4946 4935
f 4935 4945 4936
f 4936 4944 4948
f 4948 4962 4949
f 4949 4961 4950
f 4994 4972 4993
f 5000 4973 4972
f 4995 4992 4973
f 4987 4991 4992
f 4990 4978 4991
f 4988 4984 4978
f 5111 5110 4984
f 5106 4943 5110
f 5150 5149 5145
f 5145 5151 5143
f 5143 5144 5142
f 5142 5156 5004
f 5004 5003 5005
f 5005 5002 5006
f 5006 5001 4999
f 4999 5000 4994
f 5147 5127 5149
f 5149 5155 5151
f 5151 5154 5144
f 5144 5153 5156
f 5156 4998 5003
f 5003 4997 5002
f 5002 4996 5001
f 5001 4995 5000
f 5133 5132 5127
f 5127 5086 5155
f 5155 5152 5154
f 5154 5146 5153
f 5153 5148 4998
f 4998 4985 4997
f 4997 4986 4996
f 4996 4987 4995
f 5135 5131 5132
f 5132 5083 5086
f 5086 5084 5152
f 5152 5085 5146
f 5146 5087 5148
f 5148 5088 4985
f 4985 4989 4986
f 4986 4990 4987
f 5025 5116 5131
f 5131 5112 5083
f 5083 5082 5084
f 5084 5093 5085
f 5085 5096 5087
f 5087 5095 5088
f 5088 5094 4989
f 4989 4988 4990
f 5138 5140 5116
f 5116 5141 5112
f 5112 5126 5082
f 5082 5091 5093
f 5093 5092 5096
f 5096 5090 5095
f 5095 5089 5094
f 5094 5111 4988
f 5029 5117 5140
f 5140 5118 5141
f 5141 5119 5126
f 5126 5120 5091
f 5091 5109 5092
f 5092 5108 5090
f 5090 5107 5089
f 5089 5106 5111
f 5031 5121 5117
f 5117 5122 5118
f 5118 5123 5119
f 5119 5124 5120
f 5120 5104 5109
f 5109 5103 5108
f 5108 5102 5107
f 5107 5101 5106
f 5125 5024 5121
f 5121 5023 5122
f 5122 5115 5123
f 5123 5114 5124
f 5124 5113 5104
f 5104 5097 5103
f 5103 5105 5102
f 5102 5100 5101
f 5136 5147 5150
f 5130 5133 5147
f 5040 5135 5133
f 5128 5025 5135
f 5028 5138 5025
f 5022 5029 5138
f 5034 5031 5029
f 5035 5125 5031
f 5070 5077 5080
f 5080 5076 5079
f 5079 5051 5067
f 5067 5050 5041
f 5041 5047 5046
f 5046 5137 5129
f 5129 5139 5134
f 5134 5130 5136
f 5072 5075 5077
f 5077 5074 5076
f 5076 5053 5051
f 5051 5043 5050
f 5050 5042 5047
f 5047 5038 5137
f 5137 5039 5139
f 5139 5040 5130
f 5071 5261 5075
f 5075 5073 5074
f 5074 5055 5053
f 5053 5056 5043
f 5043 5044 5042
f 5042 5045 5038
f 5038 5037 5039
f 5039 5128 5040
f 5269 5255 5261
f 5261 5069 5073
f 5073 5068 5055
f 5055 5057 5056
f 5056 5058 5044
f 5044 5048 5045
f 5045 5049 5037
f 5037 5028 5128
f 5257 5059 5255
f 5255 5060 5069
f 5069 5061 5068
f 5068 5062 5057
f 5057 5052 5058
f 5058 5027 5048
f 5048 5026 5049
f 5049 5022 5028
f 5247 5063 5059
f 5059 5054 5060
f 5060 5014 5061
f 5061 5064 5062
f 5062 5065 5052
f 5052 5008 5027
f 5027 5033 5026
f 5026 5034 5022
f 5254 5260 5063
f 5063 5066 5054
f 5054 5011 5014
f 5014 5007 5064
f 5064 5015 5065
f 5065 5016 5008
f 5008 5036 5033
f 5033 5035 5034
f 5253 5259 5260
f 5260 5258 5066
f 5066 5017 5011
f 5011 5018 5007
f 5007 5019 5015
f 5015 5020 5016
f 5016 5021 5036
f 5036 5030 5035
f 5252 5248 5259
f 5259 5249 5258
f 5258 5250 5017
f 5017 5251 5018
f 5018 5010 5019
f 5019 5009 5020
f 5020 5012 5021
f 5021 5013 5030
f 5081 5072 5070
f 5078 5071 5072
f 5266 5269 5071
f 5273 5257 5269
f 5274 5247 5257
f 5276 5254 5247
f 5256 5253 5254
f 5243 5252 5253
f 5196 5279 5291
f 5291 5278 5287
f 5287 5280 5286
f 5286 5281 5285
f 5285 5277 5264
f 5264 5267 5263
f 5263 5268 5262
f 5262 5078 5081
f 5190 5200 5279
f 5279 5288 5278
f 5278 5282 5280
f 5280 5283 5281
f 5281 5284 5277
f 5277 5265 5267
f 5267 5271 5268
f 5268 5266 5078
f 5197 5201 5200
f 5200 5304 5288
f 5288 5297 5282
f 5282 5290 5283
f 5283 5289 5284
f 5284 5270 5265
f 5265 5272 5271
f 5271 5273 5266
f 5198 5188 5201
f 5201 5292 5304
f 5304 5301 5297
f 5297 5302 5290
f 5290 5305 5289
f 5289 5303 5270
f 5270 5275 5272
f 5272 5274 5273
f 5199 5160 5188
f 5188 5300 5292
f 5292 5299 5301
f 5301 5298 5302
f 5302 5296 5305
f 5305 5295 5303
f 5303 5294 5275
f 5275 5276 5274
f 5159 5161 5160
f 5160 5162 5300
f 5300 5293 5299
f 5299 5306 5298
f 5298 5237 5296
f 5296 5238 5295
f 5295 5239 5294
f 5294 5256 5276
f 5157 5163 5161
f 5161 5164 5162
f 5162 5165 5293
f 5293 5166 5306
f 5306 5240 5237
f 5237 5242 5238
f 5238 5232 5239
f 5239 5243 5256
f 5169 5182 5163
f 5163 5158 5164
f 5164 5168 5165
f 5165 5167 5166
f 5166 5241 5240
f 5240 5245 5242
f 5242 5246 5232
f 5232 5244 5243
f 5181 5184 5182
f 5182 5183 5158
f 5158 5172 5168
f 5168 5171 5167
f 5167 5170 5241
f 5241 5233 5245
f 5245 5234 5246
f 5246 5235 5244
f 5195 5190 5196
f 5192 5197 5190
f 5187 5198 5197
f 5189 5199 5198
f 5208 5159 5199
f 5203 5157 5159
f 5175 5169 5157
f 5177 5181 5169
f 5323 5325 5230
f 5230 5219 5217
f 5217 5220 5223
f 5223 5231 5222
f 5222 5225 5221
f 5221 5226 5218
f 5218 5193 5194
f 5194 5192 5195
f 5326 5324 5325
f 5325 5329 5219
f 5219 5228 5220
f 5220 5229 5231
f 5231 5224 5225
f 5225 5227 5226
f 5226 5191 5193
f 5193 5187 5192
f 5327 5332 5324
f 5324 5333 5329
f 5329 5204 5228
f 5228 5205 5229
f 5229 5206 5224
f 5224 5213 5227
f 5227 5214 5191
f 5191 5189 5187
f 5322 5334 5332
f 5332 5335 5333
f 5333 5216 5204
f 5204 5212 5205
f 5205 5207 5206
f 5206 5210 5213
f 5213 5202 5214
f 5214 5208 5189
f 5357 5366 5334
f 5334 5340 5335
f 5335 5341 5216
f 5216 5342 5212
f 5212 5209 5207
f 5207 5215 5210
f 5210 5211 5202
f 5202 5203 5208
f 5355 5365 5366
f 5366 5364 5340
f 5340 5345 5341
f 5341 5346 5342
f 5342 5347 5209
f 5209 5173 5215
f 5215 5174 5211
f 5211 5175 5203
f 5358 5363 5365
f 5365 5362 5364
f 5364 5349 5345
f 5345 5350 5346
f 5346 5351 5347
f 5347 5348 5173
f 5173 5176 5174
f 5174 5177 5175
f 5381 5361 5363
f 5363 5360 5362
f 5362 5359 5349
f 5349 5339 5350
f 5350 5343 5351
f 5351 5344 5348
f 5348 5178 5176
f 5176 5179 5177
f 5372 5356 5361
f 5361 5352 5360
f 5360 5354 5359
f 5359 5353 5339
f 5339 5337 5343
f 5343 5338 5344
f 5344 5186 5178
f 5178 5185 5179
f 5328 5326 5323
f 5331 5327 5326
f 5330 5322 5327
f 5320 5357 5322
f 5318 5355 5357
f 5375 5358 5355
f 5377 5381 5358
f 5380 5372 5381
f 5437 5417 5413
f 5413 5426 5412
f 5412 5425 5414
f 5414 5424 5416
f 5416 5316 5319
f 5319 5315 5321
f 5321 5314 5336
f 5336 5331 5328
f 5434 5441 5417
f 5417 5423 5426
f 5426 5415 5425
f 5425 5422 5424
f 5424 5310 5316
f 5316 5309 5315
f 5315 5308 5314
f 5314 5330 5331
f 5435 5439 5441
f 5441 5438 5423
f 5423 5421 5415
f 5415 5420 5422
f 5422 5312 5310
f 5310 5311 5309
f 5309 5307 5308
f 5308 5320 5330
f 5436 5431 5439
f 5439 5433 5438
f 5438 5432 5421
f 5421 5418 5420
f 5420 5419 5312
f 5312 5313 5311
f 5311 5317 5307
f 5307 5318 5320
f 5430 5411 5431
f 5431 5429 5433
f 5433 5395 5432
f 5432 5394 5418
f 5418 5392 5419
f 5419 5374 5313
f 5313 5369 5317
f 5317 5375 5318
f 5405 5410 5411
f 5411 5409 5429
f 5429 5387 5395
f 5395 5386 5394
f 5394 5385 5392
f 5392 5370 5374
f 5374 5376 5369
f 5369 5377 5375
f 5402 5404 5410
f 5410 5403 5409
f 5409 5382 5387
f 5387 5383 5386
f 5386 5388 5385
f 5385 5378 5370
f 5370 5379 5376
f 5376 5380 5377
f 5401 5398 5404
f 5404 5399 5403
f 5403 5400 5382
f 5382 5389 5383
f 5383 5390 5388
f 5388 5384 5378
f 5378 5373 5379
f 5379 5371 5380
f 5906 5900 5398
f 5398 5397 5399
f 5399 5407 5400
f 5400 5408 5389
f 5389 5396 5390
f 5390 5393 5384
f 5384 5391 5373
f 5373 5367 5371
f 5427 5434 5437
f 5440 5435 5434
f 5449 5436 5435
f 5446 5430 5436
f 5444 5405 5430
f 5891 5402 5405
f 5880 5401 5402
f 5406 5906 5401
f 5844 5842 5840
f 5840 5843 5833
f 5833 5838 5834
f 5834 5846 5835
f 5835 5455 5456
f 5456 5454 5443
f 5443 5453 5428
f 5428 5440 5427
f 5853 5847 5842
f 5842 5845 5843
f 5843 5841 5838
f 5838 5839 5846
f 5846 5452 5455
f 5455 5451 5454
f 5454 5450 5453
f 5453 5449 5440
f 5854 5851 5847
f 5847 5832 5845
f 5845 5837 5841
f 5841 5836 5839
f 5839 5448 5452
f 5452 5442 5451
f 5451 5447 5450
f 5450 5446 5449
f 5855 5849 5851
f 5851 5848 5832
f 5832 5889 5837
f 5837 5888 5836
f 5836 5887 5448
f 5448 5879 5442
f 5442 5445 5447
f 5447 5444 5446
f 5856 5871 5849
f 5849 5876 5848
f 5848 5877 5889
f 5889 5878 5888
f 5888 5882 5887
f 5887 5883 5879
f 5879 5884 5445
f 5445 5891 5444
f 5809 5810 5871
f 5871 5865 5876
f 5876 5869 5877
f 5877 5890 5878
f 5878 5886 5882
f 5882 5885 5883
f 5883 5881 5884
f 5884 5880 5891
f 5864 5867 5810
f 5810 5868 5865
f 5865 5870 5869
f 5869 5894 5890
f 5890 5893 5886
f 5886 5895 5885
f 5885 5896 5881
f 5881 5406 5880
f 5757 5872 5867
f 5867 5873 5868
f 5868 5874 5870
f 5870 5875 5894
f 5894 5904 5893
f 5893 5899 5895
f 5895 5892 5896
f 5896 5898 5406
f 5758 5768 5872
f 5872 5767 5873
f 5873 5862 5874
f 5874 5863 5875
f 5875 5903 5904
f 5904 5902 5899
f 5899 5905 5892
f 5892 5901 5898
f 5852 5853 5844
f 5850 5854 5853
f 5861 5855 5854
f 5858 5856 5855
f 5857 5809 5856
f 5805 5864 5809
f 5866 5757 5864
f 5764 5758 5757
f 5793 5797 5795
f 5795 5789 5825
f 5825 5826 5823
f 5823 5827 5820
f 5820 5828 5819
f 5819 5829 5818
f 5818 5817 5821
f 5821 5850 5852
f 5788 5801 5797
f 5797 5798 5789
f 5789 5803 5826
f 5826 5824 5827
f 5827 5830 5828
f 5828 5822 5829
f 5829 5831 5817
f 5817 5861 5850
f 5800 5790 5801
f 5801 5791 5798
f 5798 5792 5803
f 5803 5816 5824
f 5824 5806 5830
f 5830 5860 5822
f 5822 5859 5831
f 5831 5858 5861
f 5772 5799 5790
f 5790 5784 5791
f 5791 5815 5792
f 5792 5814 5816
f 5816 5813 5806
f 5806 5812 5860
f 5860 5811 5859
f 5859 5857 5858
f 5796 5996 5799
f 5799 5995 5784
f 5784 5782 5815
f 5815 5781 5814
f 5814 5808 5813
f 5813 5807 5812
f 5812 5804 5811
f 5811 5805 5857
f 6008 6001 5996
f 5996 5992 5995
f 5995 5778 5782
f 5782 5759 5781
f 5781 5760 5808
f 5808 5761 5807
f 5807 5802 5804
f 5804 5866 5805
f 6007 6003 6001
f 6001 5981 5992
f 5992 5773 5778
f 5778 5774 5759
f 5759 5775 5760
f 5760 5762 5761
f 5761 5763 5802
f 5802 5764 5866
f 5993 5776 6003
f 6003 5777 5981
f 5981 5991 5773
f 5773 5779 5774
f 5774 5780 5775
f 5775 5783 5762
f 5762 5765 5763
f 5763 5766 5764
f 5994 5989 5776
f 5776 5988 5777
f 5777 5987 5991
f 5991 5986 5779
f 5779 5985 5780
f 5780 5786 5783
f 5783 5770 5765
f 5765 5769 5766
f 5794 5788 5793
f 5787 5800 5788
f 6018 5772 5800
f 5785 5796 5772
f 6006 6008 5796
f 6009 6007 6008
f 6010 5993 6007
f 6000 5994 5993
f 6039 6038 6031
f 6031 6020 6030
f 6030 6037 6016
f 6016 6021 6014
f 6014 6005 6013
f 6013 6022 6011
f 6011 6023 6012
f 6012 5787 5794
f 6026 6028 6038
f 6038 6029 6020
f 6020 6024 6037
f 6037 6025 6021
f 6021 6015 6005
f 6005 5999 6022
f 6022 6019 6023
f 6023 6018 5787
f 6035 6040 6028
f 6028 6060 6029
f 6029 6017 6024
f 6024 6057 6025
f 6025 6058 6015
f 6015 6069 5999
f 5999 5998 6019
f 6019 5785 6018
f 6034 5936 6040
f 6040 6041 6060
f 6060 6066 6017
f 6017 6067 6057
f 6057 6068 6058
f 6058 5997 6069
f 6069 6004 5998
f 5998 6006 5785
f 5922 5935 5936
f 5936 6053 6041
f 6041 6064 6066
f 6066 6055 6067
f 6067 6056 6068
f 6068 6065 5997
f 5997 6070 6004
f 6004 6009 6006
f 5947 5949 5935
f 5935 6046 6053
f 6053 6052 6064
f 6064 6059 6055
f 6055 6061 6056
f 6056 6044 6065
f 6065 6045 6070
f 6070 6010 6009
f 5946 5948 5949
f 5949 5943 6046
f 6046 5938 6052
f 6052 5940 6059
f 6059 6062 6061
f 6061 6063 6044
f 6044 6051 6045
f 6045 6000 6010
f 5945 5961 5948
f 5948 5960 5943
f 5943 6050 5938
f 5938 6049 5940
f 5940 6048 6062
f 6062 5983 6063
f 6063 5982 6051
f 6051 6002 6000
f 5937 5964 5961
f 5961 5953 5960
f 5960 5965 6050
f 6050 6054 6049
f 6049 6043 6048
f 6048 5990 5983
f 5983 6042 5982
f 5982 6047 6002
f 6032 6026 6039
f 6036 6035 6026
f 6027 6034 6035
f 5976 5922 6034
f 5927 5947 5922
f 5939 5946 5947
f 5942 5945 5946
f 5954 5937 5945
f 5920 5917 5907
f 5907 5916 5919
f 5919 5915 5921
f 5921 5914 5923
f 5923 5934 5924
f 5924 5933 5926
f 5926 5932 6033
f 6033 6036 6032
f 5908 5911 5917
f 5917 5910 5916
f 5916 5909 5915
f 5915 5931 5914
f 5914 5930 5934
f 5934 5980 5933
f 5933 5979 5932
f 5932 6027 6036
f 5465 5913 5911
f 5911 5918 5910
f 5910 5929 5909
f 5909 5928 5931
f 5931 5967 5930
f 5930 5978 5980
f 5980 5977 5979
f 5979 5976 6027
f 5464 5512 5913
f 5913 5975 5918
f 5918 5974 5929
f 5929 5925 5928
f 5928 5959 5967
f 5967 5973 5978
f 5978 5972 5977
f 5977 5927 5976
f 5508 5511 5512
f 5512 5502 5975
f 5975 5971 5974
f 5974 5970 5925
f 5925 5958 5959
f 5959 5969 5973
f 5973 5944 5972
f 5972 5939 5927
f 5507 5510 5511
f 5511 5528 5502
f 5502 5531 5971
f 5971 5966 5970
f 5970 5968 5958
f 5958 5957 5969
f 5969 5941 5944
f 5944 5942 5939
f 5506 5509 5510
f 5510 5527 5528
f 5528 5526 5531
f 5531 5525 5966
f 5966 5524 5968
f 5968 5956 5957
f 5957 5955 5941
f 5941 5954 5942
f 5505 5494 5509
f 5509 5523 5527
f 5527 5522 5526
f 5526 5521 5525
f 5525 5520 5524
f 5524 5519 5956
f 5956 5951 5955
f 5955 5952 5954
f 5500 5490 5494
f 5494 5489 5523
f 5523 5530 5522
f 5522 5518 5521
f 5521 5529 5520
f 5520 5517 5519
f 5519 5962 5951
f 5951 5963 5952
f 5912 5908 5920
f 5470 5465 5908
f 5466 5464 5465
f 5458 5508 5464
f 5503 5507 5508
f 5516 5506 5507
f 5515 5505 5506
f 5514 5500 5505
f 5544 5542 5537
f 5537 5532 5480
f 5480 5483 5481
f 5481 5482 5460
f 5460 5468 5461
f 5461 5457 5462
f 5462 5469 5463
f 5463 5470 5912
f 5546 5541 5542
f 5542 5540 5532
f 5532 5484 5483
f 5483 5485 5482
f 5482 5473 5468
f 5468 5467 5457
f 5457 5471 5469
f 5469 5466 5470
f 5545 5578 5541
f 5541 5577 5540
f 5540 5579 5484
f 5484 5486 5485
f 5485 5472 5473
f 5473 5474 5467
f 5467 5459 5471
f 5471 5458 5466
f 5580 5588 5578
f 5578 5587 5577
f 5577 5586 5579
f 5579 5585 5486
f 5486 5479 5472
f 5472 5477 5474
f 5474 5504 5459
f 5459 5503 5458
f 5581 5598 5588
f 5588 5591 5587
f 5587 5582 5586
f 5586 5590 5585
f 5585 5488 5479
f 5479 5475 5477
f 5477 5476 5504
f 5504 5516 5503
f 5563 5605 5598
f 5598 5593 5591
f 5591 5584 5582
f 5582 5583 5590
f 5590 5487 5488
f 5488 5501 5475
f 5475 5478 5476
f 5476 5515 5516
f 5564 5575 5605
f 5605 5595 5593
f 5593 5596 5584
f 5584 5597 5583
f 5583 5495 5487
f 5487 5496 5501
f 5501 5497 5478
f 5478 5514 5515
f 5565 5576 5575
f 5575 5600 5595
f 5595 5601 5596
f 5596 5602 5597
f 5597 5603 5495
f 5495 5498 5496
f 5496 5499 5497
f 5497 5513 5514
f 5574 5567 5576
f 5576 5592 5600
f 5600 5606 5601
f 5601 5604 5602
f 5602 5599 5603
f 5603 5492 5498
f 5498 5594 5499
f 5499 5491 5513
f 5538 5546 5544
f 5534 5545 5546
f 5536 5580 5545
f 5589 5581 5580
f 5573 5563 5581
f 5571 5564 5563
f 5569 5565 5564
f 5568 5574 5565
f 5748 5755 5750
f 5750 5754 5751
f 5751 5559 5752
f 5752 5558 5756
f 5756 5549 5560
f 5560 5557 5543
f 5543 5535 5539
f 5539 5534 5538
f 5749 5742 5755
f 5755 5743 5754
f 5754 5744 5559
f 5559 5556 5558
f 5558 5561 5549
f 5549 5555 5557
f 5557 5533 5535
f 5535 5536 5534
f 5747 5726 5742
f 5742 5745 5743
f 5743 5746 5744
f 5744 5552 5556
f 5556 5551 5561
f 5561 5550 5555
f 5555 5547 5533
f 5533 5589 5536
f 5731 5725 5726
f 5726 5724 5745
f 5745 5753 5746
f 5746 5684 5552
f 5552 5548 5551
f 5551 5553 5550
f 5550 5554 5547
f 5547 5573 5589
f 5717 5723 5725
f 5725 5722 5724
f 5724 5683 5753
f 5753 5682 5684
f 5684 5687 5548
f 5548 5572 5553
f 5553 5562 5554
f 5554 5571 5573
f 5719 5718 5723
f 5723 5715 5722
f 5722 5712 5683
f 5683 5690 5682
f 5682 5685 5687
f 5687 5693 5572
f 5572 5570 5562
f 5562 5569 5571
f 5721 5707 5718
f 5718 5706 5715
f 5715 5705 5712
f 5712 5704 5690
f 5690 5689 5685
f 5685 5686 5693
f 5693 5694 5570
f 5570 5568 5569
f 5697 5703 5707
f 5707 5702 5706
f 5706 5701 5705
f 5705 5699 5704
f 5704 5698 5689
f 5689 5692 5686
f 5686 5691 5694
f 5694 5688 5568
f 5651 5648 5703
f 5703 5700 5702
f 5702 5711 5701
f 5701 5710 5699
f 5699 5709 5698
f 5698 5708 5692
f 5692 5695 5691
f 5691 5696 5688
f 5730 5749 5748
f 5734 5747 5749
f 5740 5731 5747
f 5737 5717 5731
f 5720 5719 5717
f 5714 5721 5719
f 5713 5697 5721
f 5641 5651 5697
f 5613 5615 5610
f 5610 5616 5609
f 5609 5617 5612
f 5612 5624 5623
f 5623 5736 5727
f 5727 5735 5728
f 5728 5733 5729
f 5729 5734 5730
f 5614 5618 5615
f 5615 5619 5616
f 5616 5620 5617
f 5617 5625 5624
f 5624 5622 5736
f 5736 5732 5735
f 5735 5741 5733
f 5733 5740 5734
f 5607 5611 5618
f 5618 5621 5619
f 5619 5626 5620
f 5620 5630 5625
f 5625 5636 5622
f 5622 5739 5732
f 5732 5738 5741
f 5741 5737 5740
f 5608 5659 5611
f 5611 5658 5621
f 5621 5635 5626
f 5626 5634 5630
f 5630 5633 5636
f 5636 5632 5739
f 5739 5631 5738
f 5738 5720 5737
f 5661 5656 5659
f 5659 5655 5658
f 5658 5652 5635
f 5635 5629 5634
f 5634 5628 5633
f 5633 5627 5632
f 5632 5716 5631
f 5631 5714 5720
f 5675 5670 5656
f 5656 5681 5655
f 5655 5653 5652
f 5652 5654 5629
f 5629 5642 5628
f 5628 5643 5627
f 5627 5638 5716
f 5716 5713 5714
f 5671 5678 5670
f 5670 5677 5681
f 5681 5676 5653
f 5653 5660 5654
f 5654 5646 5642
f 5642 5645 5643
f 5643 5644 5638
f 5638 5641 5713
f 5679 5663 5678
f 5678 5674 5677
f 5677 5673 5676
f 5676 5665 5660
f 5660 5666 5646
f 5646 5640 5645
f 5645 5639 5644
f 5644 5637 5641
f 5680 5669 5663
f 5663 5657 5674
f 5674 5667 5673
f 5673 5668 5665
f 5665 5662 5666
f 5666 5664 5640
f 5640 5650 5639
f 5639 5647 5637
f 5637 5647 5649
f 5688 5696 5566
f 5513 5491 5493
f 5952 5963 5950
f 6002 6047 5984
f 5766 5769 5771
f 5898 5901 5897
f 5371 5367 5368
f 5179 5185 5180
f 5244 5235 5236
f 5030 5013 5032
f 5101 5100 5099
f 4950 4961 4882
f 6232 6235 6233
f 6321 6311 6320
f 6208 6202 6197
f 6397 6136 6388
f 6491 6499 6495
f 6527 6542 6541
f 6670 6528 6662
f 6862 6859 6866
f 6933 6930 6928
f 6806 6699 6691
f 6999 6991 6988
f 7047 7070 7065
f 7256 7253 7252
f 7995 7157 7997
f 8019 7938 8016
f 7922 7927 7923
f 8118 8117 8114
f 8246 8239 8232
f 8271 8263 8272
f 8488 8366 8487
f 8447 8444 8451
f 7408 7419 7434
f 7554 7543 7544
f 7461 7440 7438
f 7731 7725 7723
f 7637 7628 7631
f 7784 7879 7873
f 9128 9117 9123
f 9216 9210 9219
f 9341 9335 9331
f 9348 9345 9344
f 9501 9493 9497
f 9643 9650 9656
f 9593 9620 9569
f 8548 8557 8552
f 8616 8627 8610
f 8703 8704 8705
f 9103 9114 9116
f 9012 9025 9019
f 8868 8861 8850
f 8885 8877 8881
f 4459 4476 4458
f 4265 4429 4263
f 4360 4256 4359
f 4786 4785 4797
f 4738 4744 4750
f 4549 4566 4544
f 4620 4618 4619
f 3999 3993 4000
f 4062 4076 4195
f 4155 4132 4154
f 3700 3690 3693
f 3727 3743 3721
f 3839 3847 3844
f 2819 2826 2806
f 2792 2800 2790
f 2964 2954 2953
f 2884 2882 2878
f 2538 2544 2534
f 2628 2626 2634
f 2713 2710 2699
f 3508 3501 3486
f 3614 3557 3566
f 3468 3348 3460
f 3443 3192 3179
f 3302 3309 3304
f 3157 3161 3153
f 3069 3060 3067
f 2264 2286 2292
f 2386 2398 2170
f 2155 2147 2228
f 1822 2252 1814
f 1907 1915 1913
f 2077 2072 2078
f 2002 1966 2000
f 1215 1212 1305
f 1296 1297 1402
f 1449 1429 1460
f 1666 1684 1682
f 1739 1744 1749
f 1635 1613 1602
f 782 790 786
f 849 845 844
f 694 690 689
f 668 660 652
f 1186 1192 1188
f 1081 1088 1080
f 976 981 982
f 590 567 587
f 474 475 466
f 349 372 368
f 399 350 401
f 170 171 262
f 31 41 44
f 135 121 122
f 100 92 99
f 92 96 91
f 96 101 98
f 101 105 97
f 105 102 94
f 102 126 93
f 126 130 131
f 130 135 127
f 114 108 109
f 113 109 120
f 115 120 110
f 90 110 89
f 86 89 88
f 84 88 87
f 83 87 85
f 76 85 92
f 108 17 22
f 109 22 119
f 120 119 106
f 110 106 80
f 89 80 79
f 88 79 78
f 87 78 77
f 85 77 96
f 17 18 16
f 22 16 118
f 119 118 117
f 106 117 116
f 80 116 128
f 79 128 81
f 78 81 82
f 77 82 101
f 18 55 66
f 16 66 65
f 118 65 64
f 117 64 111
f 116 111 132
f 128 132 133
f 81 133 103
f 82 103 105
f 55 54 63
f 66 63 62
f 65 62 67
f 64 67 69
f 111 69 123
f 132 123 124
f 133 124 125
f 103 125 102
f 54 46 51
f 63 51 70
f 62 70 144
f 67 144 143
f 69 143 142
f 123 142 141
f 124 141 104
f 125 104 126
f 46 45 71
f 51 71 61
f 70 61 139
f 144 139 138
f 143 138 137
f 142 137 136
f 141 136 129
f 104 129 130
f 45 43 72
f 71 72 73
f 61 73 74
f 139 74 150
f 138 150 148
f 137 148 149
f 136 149 134
f 129 134 135
f 43 44 40
f 72 40 68
f 73 68 75
f 74 75 140
f 150 140 147
f 148 147 146
f 149 146 145
f 134 145 121
f 112 107 108
f 107 48 17
f 48 60 18
f 60 57 55
f 57 52 54
f 52 36 46
f 36 37 45
f 37 31 43
f 249 252 245
f 247 245 240
f 248 240 24
f 20 24 25
f 2 25 26
f 29 26 27
f 28 27 50
f 23 50 107
f 252 253 10
f 245 10 11
f 240 11 12
f 24 12 30
f 25 30 21
f 26 21 19
f 27 19 49
f 50 49 48
f 253 239 242
f 10 242 244
f 11 244 14
f 12 14 15
f 30 15 1
f 21 1 47
f 19 47 56
f 49 56 60
f 239 281 251
f 242 251 250
f 244 250 4
f 14 4 3
f 15 3 5
f 1 5 59
f 47 59 58
f 56 58 57
f 281 282 288
f 251 288 279
f 250 279 289
f 4 289 6
f 3 6 7
f 5 7 33
f 59 33 53
f 58 53 52
f 282 283 278
f 288 278 277
f 279 277 290
f 289 290 291
f 6 291 8
f 7 8 34
f 33 34 35
f 53 35 36
f 283 264 276
f 278 276 275
f 277 275 292
f 290 292 293
f 291 293 9
f 8 9 39
f 34 39 38
f 35 38 37
f 264 265 259
f 276 259 298
f 275 298 297
f 292 297 296
f 293 296 295
f 9 295 13
f 39 13 32
f 38 32 31
f 265 262 260
f 259 260 286
f 298 286 284
f 297 284 287
f 296 287 285
f 295 285 294
f 13 294 42
f 32 42 41
f 246 241 252
f 241 243 253
f 243 232 239
f 232 274 281
f 274 263 282
f 263 267 283
f 267 258 264
f 258 170 265
f 217 214 193
f 183 193 194
f 182 194 230
f 236 230 231
f 238 231 233
f 237 233 272
f 273 272 269
f 280 269 241
f 214 201 222
f 193 222 186
f 194 186 234
f 230 234 184
f 231 184 225
f 233 225 226
f 272 226 270
f 269 270 243
f 201 203 196
f 222 196 206
f 186 206 227
f 234 227 228
f 184 228 229
f 225 229 254
f 226 254 271
f 270 271 232
f 203 187 208
f 196 208 207
f 206 207 176
f 227 176 166
f 228 166 235
f 229 235 257
f 254 257 256
f 271 256 274
f 187 188 204
f 208 204 200
f 207 200 179
f 176 179 169
f 166 169 167
f 235 167 178
f 257 178 261
f 256 261 263
f 188 191 195
f 204 195 197
f 200 197 159
f 179 159 175
f 169 175 180
f 167 180 177
f 178 177 266
f 261 266 267
f 191 209 157
f 195 157 156
f 197 156 155
f 159 155 153
f 175 153 268
f 180 268 173
f 177 173 255
f 266 255 258
f 209 391 151
f 157 151 163
f 156 163 164
f 155 164 165
f 153 165 152
f 268 152 174
f 173 174 168
f 255 168 170
f 391 401 402
f 151 402 154
f 163 154 158
f 164 158 160
f 165 160 161
f 152 161 162
f 174 162 172
f 168 172 171
f 219 213 214
f 213 215 201
f 215 190 203
f 190 181 187
f 181 185 188
f 185 205 191
f 205 396 209
f 396 399 391
f 434 441 440
f 418 440 417
f 409 417 416
f 410 416 413
f 224 413 218
f 223 218 216
f 221 216 212
f 220 212 213
f 441 433 412
f 440 412 408
f 417 408 420
f 416 420 407
f 413 407 406
f 218 406 210
f 216 210 211
f 212 211 215
f 433 435 376
f 412 376 403
f 408 403 415
f 420 415 414
f 407 414 411
f 406 411 404
f 210 404 192
f 211 192 190
f 435 428 419
f 376 419 373
f 403 373 398
f 415 398 405
f 414 405 429
f 411 429 430
f 404 430 189
f 192 189 181
f 428 427 431
f 419 431 378
f 373 378 387
f 398 387 397
f 405 397 392
f 429 392 198
f 430 198 199
f 189 199 185
f 427 425 432
f 431 432 386
f 378 386 385
f 387 385 388
f 397 388 389
f 392 389 390
f 198 390 202
f 199 202 205
f 425 353 426
f 432 426 384
f 386 384 383
f 385 383 382
f 388 382 393
f 389 393 394
f 390 394 395
f 202 395 396
f 353 352 357
f 426 357 381
f 384 381 380
f 383 380 379
f 382 379 355
f 393 355 354
f 394 354 400
f 395 400 399
f 352 368 343
f 357 343 348
f 381 348 377
f 380 377 375
f 379 375 374
f 355 374 356
f 354 356 351
f 400 351 350
f 436 445 441
f 445 446 433
f 446 423 435
f 423 422 428
f 422 313 427
f 313 345 425
f 345 347 353
f 347 349 352
f 304 325 316
f 307 316 301
f 308 301 324
f 326 324 323
f 327 323 442
f 439 442 443
f 438 443 444
f 437 444 445
f 325 309 322
f 316 322 522
f 301 522 299
f 324 299 321
f 323 321 320
f 442 320 447
f 443 447 421
f 444 421 446
f 309 310 306
f 322 306 520
f 522 520 512
f 299 512 331
f 321 331 319
f 320 319 318
f 447 318 424
f 421 424 423
f 310 509 491
f 306 491 490
f 520 490 332
f 512 332 333
f 331 333 364
f 319 364 317
f 318 317 315
f 424 315 422
f 509 508 305
f 491 305 303
f 490 303 302
f 332 302 334
f 333 334 363
f 364 363 362
f 317 362 314
f 315 314 313
f 508 521 510
f 305 510 335
f 303 335 311
f 302 311 336
f 334 336 361
f 363 361 360
f 362 360 344
f 314 344 345
f 521 502 500
f 510 500 494
f 335 494 337
f 311 337 338
f 336 338 365
f 361 365 366
f 360 366 346
f 344 346 347
f 502 503 339
f 500 339 328
f 494 328 329
f 337 329 330
f 338 330 359
f 365 359 367
f 366 367 358
f 346 358 349
f 503 466 504
f 339 504 340
f 328 340 341
f 329 341 342
f 330 342 369
f 359 369 370
f 367 370 371
f 358 371 372
f 300 486 325
f 486 492 309
f 492 519 310
f 519 518 509
f 518 513 508
f 513 498 521
f 498 496 502
f 496 474 503
f 458 465 457
f 452 457 455
f 453 455 459
f 454 459 460
f 483 460 480
f 482 480 484
f 481 484 485
f 312 485 486
f 465 464 461
f 457 461 462
f 455 462 448
f 459 448 476
f 460 476 487
f 480 487 488
f 484 488 489
f 485 489 492
f 464 547 449
f 461 449 463
f 462 463 450
f 448 450 467
f 476 467 478
f 487 478 517
f 488 517 516
f 489 516 519
f 547 592 451
f 449 451 589
f 463 589 582
f 450 582 569
f 467 569 477
f 478 477 479
f 517 479 511
f 516 511 518
f 592 580 597
f 451 597 585
f 589 585 570
f 582 570 468
f 569 468 469
f 477 469 515
f 479 515 514
f 511 514 513
f 580 545 571
f 597 571 588
f 585 588 572
f 570 572 573
f 468 573 470
f 469 470 471
f 515 471 499
f 514 499 498
f 545 591 574
f 571 574 575
f 588 575 576
f 572 576 497
f 573 497 577
f 470 577 568
f 471 568 472
f 499 472 496
f 591 583 594
f 574 594 581
f 575 581 578
f 576 578 495
f 497 495 501
f 577 501 579
f 568 579 473
f 472 473 474
f 583 587 596
f 594 596 593
f 581 593 595
f 578 595 493
f 495 493 507
f 501 507 506
f 579 506 505
f 473 505 475
f 456 548 465
f 548 551 464
f 551 539 547
f 539 552 592
f 552 544 580
f 544 584 545
f 584 562 591
f 562 590 583
f 1017 1025 1030
f 1021 1030 1031
f 1020 1031 536
f 1019 536 534
f 538 534 535
f 543 535 542
f 529 542 546
f 528 546 548
f 1025 1024 1018
f 1030 1018 1040
f 1031 1040 537
f 536 537 532
f 534 532 531
f 535 531 549
f 542 549 550
f 546 550 551
f 1024 1023 1037
f 1018 1037 1034
f 1040 1034 523
f 537 523 527
f 532 527 526
f 531 526 525
f 549 525 541
f 550 541 539
f 1023 1036 1032
f 1037 1032 1035
f 1034 1035 563
f 523 563 564
f 527 564 524
f 526 524 533
f 525 533 540
f 541 540 552
f 1036 1041 1043
f 1032 1043 1044
f 1035 1044 1045
f 563 1045 561
f 564 561 565
f 524 565 557
f 533 557 530
f 540 530 544
f 1041 1039 1046
f 1043 1046 989
f 1044 989 988
f 1045 988 554
f 561 554 555
f 565 555 556
f 557 556 586
f 530 586 584
f 1039 985 991
f 1046 991 994
f 989 994 987
f 988 987 995
f 554 995 559
f 555 559 553
f 556 553 560
f 586 560 562
f 985 984 977
f 991 977 997
f 994 997 1001
f 987 1001 1000
f 995 1000 993
f 559 993 992
f 553 992 558
f 560 558 590
f 984 982 980
f 977 980 979
f 997 979 990
f 1001 990 996
f 1000 996 998
f 993 998 999
f 992 999 566
f 558 566 567
f 1022 1028 1025
f 1028 1026 1024
f 1026 1033 1023
f 1033 1038 1036
f 1038 1042 1041
f 1042 986 1039
f 986 972 985
f 972 976 984
f 900 898 897
f 902 897 911
f 1007 911 910
f 1006 910 1011
f 1004 1011 908
f 909 908 1005
f 1003 1005 1029
f 1002 1029 1028
f 898 922 918
f 897 918 919
f 911 919 905
f 910 905 904
f 1011 904 1012
f 908 1012 903
f 1005 903 1027
f 1029 1027 1026
f 922 951 948
f 918 948 943
f 919 943 944
f 905 944 945
f 904 945 1015
f 1012 1015 1010
f 903 1010 1009
f 1027 1009 1033
f 951 942 953
f 948 953 954
f 943 954 955
f 944 955 899
f 945 899 962
f 1015 962 1008
f 1010 1008 983
f 1009 983 1038
f 942 929 952
f 953 952 950
f 954 950 949
f 955 949 906
f 899 906 968
f 962 968 1016
f 1008 1016 975
f 983 975 1042
f 929 933 936
f 952 936 946
f 950 946 947
f 949 947 907
f 906 907 978
f 968 978 961
f 1016 961 1014
f 975 1014 986
f 933 1078 939
f 936 939 958
f 946 958 957
f 947 957 963
f 907 963 974
f 978 974 960
f 961 960 1013
f 1014 1013 972
f 1078 1079 927
f 939 927 932
f 958 932 966
f 957 966 967
f 963 967 973
f 974 973 969
f 960 969 970
f 1013 970 976
f 1079 1080 934
f 927 934 937
f 932 937 938
f 966 938 959
f 967 959 971
f 973 971 965
f 969 965 964
f 970 964 981
f 901 924 898
f 924 923 922
f 923 956 951
f 956 935 942
f 935 940 929
f 940 921 933
f 921 1090 1078
f 1090 1081 1079
f 1055 1059 1056
f 1058 1056 1063
f 1069 1063 1064
f 1070 1064 1065
f 914 1065 1066
f 915 1066 926
f 916 926 925
f 912 925 924
f 1059 1057 1050
f 1056 1050 1067
f 1063 1067 1071
f 1064 1071 1072
f 1065 1072 1073
f 1066 1073 1074
f 926 1074 920
f 925 920 923
f 1057 1093 1075
f 1050 1075 1076
f 1067 1076 1054
f 1071 1054 1101
f 1072 1101 931
f 1073 931 930
f 1074 930 928
f 920 928 956
f 1093 1092 1108
f 1075 1108 1109
f 1076 1109 1053
f 1054 1053 1052
f 1101 1052 1097
f 931 1097 917
f 930 917 941
f 928 941 935
f 1092 1211 1094
f 1108 1094 1113
f 1109 1113 1062
f 1053 1062 1087
f 1052 1087 1095
f 1097 1095 1096
f 917 1096 913
f 941 913 940
f 1211 1182 1114
f 1094 1114 1099
f 1113 1099 1100
f 1062 1100 1068
f 1087 1068 1084
f 1095 1084 1102
f 1096 1102 1077
f 913 1077 921
f 1182 1112 1120
f 1114 1120 1119
f 1099 1119 1117
f 1100 1117 1115
f 1068 1115 1106
f 1084 1106 1105
f 1102 1105 1089
f 1077 1089 1090
f 1112 1183 1111
f 1120 1111 1110
f 1119 1110 1104
f 1117 1104 1103
f 1115 1103 1083
f 1106 1083 1091
f 1105 1091 1082
f 1089 1082 1081
f 1183 1188 1121
f 1111 1121 1107
f 1110 1107 1118
f 1104 1118 1098
f 1103 1098 1116
f 1083 1116 1085
f 1091 1085 1086
f 1082 1086 1088
f 1060 1051 1059
f 1051 1047 1057
f 1047 1208 1093
f 1208 1200 1092
f 1200 1184 1211
f 1184 1193 1182
f 1193 1189 1112
f 1189 1186 1183
f 1148 1142 1137
f 1139 1137 1149
f 1180 1149 1179
f 1181 1179 1168
f 1167 1168 1169
f 1176 1169 1177
f 1174 1177 1048
f 1061 1048 1051
f 1142 1141 1145
f 1137 1145 1173
f 1149 1173 1172
f 1179 1172 1171
f 1168 1171 1170
f 1169 1170 1197
f 1177 1197 1049
f 1048 1049 1047
f 1141 1163 1143
f 1145 1143 1140
f 1173 1140 1199
f 1172 1199 1178
f 1171 1178 1175
f 1170 1175 1210
f 1197 1210 1209
f 1049 1209 1208
f 1163 1164 1146
f 1143 1146 1147
f 1140 1147 1207
f 1199 1207 1206
f 1178 1206 1205
f 1175 1205 1204
f 1210 1204 1198
f 1209 1198 1200
f 1164 654 651
f 1146 651 1151
f 1147 1151 1150
f 1207 1150 1201
f 1206 1201 1185
f 1205 1185 1202
f 1204 1202 1203
f 1198 1203 1184
f 654 649 1124
f 651 1124 645
f 1151 645 1125
f 1150 1125 1123
f 1201 1123 1126
f 1185 1126 1195
f 1202 1195 1194
f 1203 1194 1193
f 649 648 1128
f 1124 1128 653
f 645 653 1129
f 1125 1129 1130
f 1123 1130 1131
f 1126 1131 1191
f 1195 1191 1190
f 1194 1190 1189
f 648 643 655
f 1128 655 656
f 653 656 657
f 1129 657 647
f 1130 647 1122
f 1131 1122 1133
f 1191 1133 1187
f 1190 1187 1186
f 643 652 646
f 655 646 1134
f 656 1134 1135
f 657 1135 1136
f 647 1136 1132
f 1122 1132 1127
f 1133 1127 1196
f 1187 1196 1192
f 1138 1144 1142
f 1144 1160 1141
f 1160 1157 1163
f 1157 1154 1164
f 1154 644 654
f 644 650 649
f 650 666 648
f 666 668 643
f 626 607 622
f 619 622 621
f 624 621 599
f 625 599 600
f 1165 600 1152
f 1166 1152 1162
f 623 1162 618
f 627 618 1144
f 607 710 601
f 622 601 602
f 621 602 603
f 599 603 604
f 600 604 605
f 1152 605 606
f 1162 606 1161
f 618 1161 1160
f 710 711 608
f 601 608 609
f 602 609 610
f 603 610 613
f 604 613 614
f 605 614 1159
f 606 1159 1158
f 1161 1158 1157
f 711 704 716
f 608 716 611
f 609 611 612
f 610 612 598
f 613 598 620
f 614 620 1156
f 1159 1156 1155
f 1158 1155 1154
f 704 642 641
f 716 641 637
f 611 637 636
f 612 636 617
f 598 617 616
f 620 616 672
f 1156 672 1153
f 1155 1153 644
f 642 717 631
f 641 631 630
f 637 630 628
f 636 628 629
f 617 629 615
f 616 615 671
f 672 671 670
f 1153 670 650
f 717 701 696
f 631 696 632
f 630 632 633
f 628 633 634
f 629 634 662
f 615 662 669
f 671 669 667
f 670 667 666
f 701 699 700
f 696 700 688
f 632 688 638
f 633 638 639
f 634 639 664
f 662 664 663
f 669 663 665
f 667 665 668
f 699 689 693
f 700 693 692
f 688 692 691
f 638 691 640
f 639 640 658
f 664 658 659
f 663 659 661
f 665 661 660
f 712 707 607
f 707 705 710
f 705 702 711
f 702 635 704
f 635 726 642
f 726 719 717
f 719 697 701
f 697 694 699
f 736 865 742
f 746 742 741
f 745 741 733
f 744 733 740
f 743 740 739
f 713 739 709
f 714 709 708
f 715 708 707
f 865 866 856
f 742 856 738
f 741 738 737
f 733 737 735
f 740 735 734
f 739 734 720
f 709 720 706
f 708 706 705
f 866 858 854
f 856 854 853
f 738 853 732
f 737 732 724
f 735 724 725
f 734 725 727
f 720 727 703
f 706 703 702
f 858 857 852
f 854 852 855
f 853 855 673
f 732 673 685
f 724 685 729
f 725 729 718
f 727 718 730
f 703 730 635
f 857 835 826
f 852 826 674
f 855 674 683
f 673 683 682
f 685 682 721
f 729 721 722
f 718 722 723
f 730 723 726
f 835 824 829
f 826 829 830
f 674 830 678
f 683 678 680
f 682 680 681
f 721 681 728
f 722 728 731
f 723 731 719
f 824 841 831
f 829 831 823
f 830 823 836
f 678 836 679
f 680 679 687
f 681 687 686
f 728 686 698
f 731 698 697
f 841 842 850
f 831 850 834
f 823 834 827
f 836 827 825
f 679 825 684
f 687 684 677
f 686 677 695
f 698 695 694
f 842 844 851
f 850 851 828
f 834 828 822
f 827 822 832
f 825 832 833
f 684 833 675
f 677 675 676
f 695 676 690
f 862 859 865
f 859 864 866
f 864 860 858
f 860 875 857
f 875 877 835
f 877 840 824
f 840 847 841
f 847 849 842
f 763 762 764
f 888 764 894
f 887 894 896
f 886 896 895
f 872 895 880
f 869 880 878
f 867 878 861
f 863 861 859
f 762 766 767
f 764 767 893
f 894 893 892
f 896 892 891
f 895 891 870
f 880 870 881
f 878 881 879
f 861 879 864
f 766 768 765
f 767 765 772
f 893 772 885
f 892 885 884
f 891 884 883
f 870 883 874
f 881 874 873
f 879 873 860
f 768 806 771
f 765 771 770
f 772 770 889
f 885 889 890
f 884 890 882
f 883 882 868
f 874 868 871
f 873 871 875
f 806 796 802
f 771 802 815
f 770 815 814
f 889 814 813
f 890 813 812
f 882 812 843
f 868 843 876
f 871 876 877
f 796 793 798
f 802 798 803
f 815 803 809
f 814 809 808
f 813 808 807
f 812 807 839
f 843 839 838
f 876 838 840
f 793 799 801
f 798 801 800
f 803 800 810
f 809 810 811
f 808 811 816
f 807 816 837
f 839 837 846
f 838 846 847
f 799 784 792
f 801 792 797
f 800 797 795
f 810 795 817
f 811 817 818
f 816 818 819
f 837 819 848
f 846 848 849
f 784 786 781
f 792 781 780
f 797 780 804
f 795 804 805
f 817 805 794
f 818 794 820
f 819 820 821
f 848 821 845
f 769 773 762
f 773 775 766
f 775 774 768
f 774 761 806
f 761 778 796
f 778 791 793
f 791 787 799
f 787 782 784
f 1585 1560 1578
f 1572 1578 1577
f 1586 1577 1576
f 1579 1576 1575
f 1574 1575 756
f 747 756 753
f 749 753 752
f 748 752 773
f 1560 1559 1570
f 1578 1570 1580
f 1577 1580 1581
f 1576 1581 758
f 1575 758 759
f 756 759 760
f 753 760 776
f 752 776 775
f 1559 1558 1571
f 1570 1571 1556
f 1580 1556 1582
f 1581 1582 1573
f 758 1573 754
f 759 754 750
f 760 750 755
f 776 755 774
f 1558 1522 1569
f 1571 1569 1567
f 1556 1567 1543
f 1582 1543 1542
f 1573 1542 1584
f 754 1584 1583
f 750 1583 757
f 755 757 761
f 1522 1535 1539
f 1569 1539 1565
f 1567 1565 1548
f 1543 1548 1553
f 1542 1553 1555
f 1584 1555 779
f 1583 779 751
f 757 751 778
f 1535 1527 1512
f 1539 1512 1534
f 1565 1534 1554
f 1548 1554 1552
f 1553 1552 1551
f 1555 1551 785
f 779 785 777
f 751 777 791
f 1527 1632 1513
f 1512 1513 1531
f 1534 1531 1530
f 1554 1530 1549
f 1552 1549 1547
f 1551 1547 1546
f 785 1546 788
f 777 788 787
f 1632 1521 1532
f 1513 1532 1536
f 1531 1536 1537
f 1530 1537 1538
f 1549 1538 1544
f 1547 1544 1545
f 1546 1545 783
f 788 783 782
f 1521 1602 1529
f 1532 1529 1528
f 1536 1528 1526
f 1537 1526 1524
f 1538 1524 1525
f 1544 1525 1550
f 1545 1550 789
f 783 789 790
f 1563 1557 1560
f 1557 1566 1559
f 1566 1516 1558
f 1516 1518 1522
f 1518 1533 1535
f 1533 1519 1527
f 1519 1646 1632
f 1646 1635 1521
f 1650 1643 1645
f 1630 1645 1627
f 1631 1627 1624
f 1617 1624 1622
f 1618 1622 1625
f 1619 1625 1621
f 1568 1621 1562
f 1564 1562 1557
f 1643 1648 1649
f 1645 1649 1633
f 1627 1633 1634
f 1624 1634 1637
f 1622 1637 1629
f 1625 1629 1628
f 1621 1628 1561
f 1562 1561 1566
f 1648 1594 1652
f 1649 1652 1653
f 1633 1653 1655
f 1634 1655 1636
f 1637 1636 1620
f 1629 1620 1623
f 1628 1623 1515
f 1561 1515 1516
f 1594 1811 1807
f 1652 1807 1640
f 1653 1640 1641
f 1655 1641 1642
f 1636 1642 1626
f 1620 1626 1540
f 1623 1540 1517
f 1515 1517 1518
f 1811 1810 1605
f 1807 1605 1647
f 1640 1647 1610
f 1641 1610 1541
f 1642 1541 1614
f 1626 1614 1523
f 1540 1523 1514
f 1517 1514 1533
f 1810 1597 1615
f 1605 1615 1611
f 1647 1611 1616
f 1610 1616 1638
f 1541 1638 1639
f 1614 1639 1612
f 1523 1612 1520
f 1514 1520 1519
f 1597 1598 1589
f 1615 1589 1587
f 1611 1587 1590
f 1616 1590 1609
f 1638 1609 1608
f 1639 1608 1644
f 1612 1644 1607
f 1520 1607 1646
f 1598 1748 1591
f 1589 1591 1747
f 1587 1747 1592
f 1590 1592 1593
f 1609 1593 1604
f 1608 1604 1588
f 1644 1588 1603
f 1607 1603 1635
f 1748 1749 1743
f 1591 1743 1741
f 1747 1741 1596
f 1592 1596 1599
f 1593 1599 1600
f 1604 1600 1601
f 1588 1601 1606
f 1603 1606 1613
f 1660 1659 1643
f 1659 1656 1648
f 1656 1654 1594
f 1654 1803 1811
f 1803 1799 1810
f 1799 1809 1597
f 1809 1595 1598
f 1595 1739 1748
f 1697 1769 1782
f 1700 1782 1783
f 1784 1783 1791
f 1785 1791 1662
f 1788 1662 1661
f 1786 1661 1792
f 1787 1792 1794
f 1789 1794 1659
f 1769 1770 1780
f 1782 1780 1795
f 1783 1795 1790
f 1791 1790 1797
f 1662 1797 1658
f 1661 1658 1657
f 1792 1657 1796
f 1794 1796 1656
f 1770 1781 1779
f 1780 1779 1778
f 1795 1778 1777
f 1790 1777 1757
f 1797 1757 1793
f 1658 1793 1806
f 1657 1806 1651
f 1796 1651 1654
f 1781 1707 1776
f 1779 1776 1775
f 1778 1775 1774
f 1777 1774 1758
f 1757 1758 1759
f 1793 1759 1805
f 1806 1805 1804
f 1651 1804 1803
f 1707 1677 1773
f 1776 1773 1760
f 1775 1760 1761
f 1774 1761 1772
f 1758 1772 1802
f 1759 1802 1801
f 1805 1801 1800
f 1804 1800 1799
f 1677 1676 1669
f 1773 1669 1765
f 1760 1765 1753
f 1761 1753 1752
f 1772 1752 1771
f 1802 1771 1798
f 1801 1798 1808
f 1800 1808 1809
f 1676 1674 1671
f 1669 1671 1767
f 1765 1767 1766
f 1753 1766 1756
f 1752 1756 1751
f 1771 1751 1750
f 1798 1750 1812
f 1808 1812 1595
f 1674 1665 1673
f 1671 1673 1672
f 1767 1672 1755
f 1766 1755 1754
f 1756 1754 1746
f 1751 1746 1742
f 1750 1742 1740
f 1812 1740 1739
f 1665 1682 1664
f 1673 1664 1663
f 1672 1663 1764
f 1755 1764 1763
f 1754 1763 1762
f 1746 1762 1738
f 1742 1738 1745
f 1740 1745 1744
f 1701 1768 1769
f 1768 1694 1770
f 1694 1704 1781
f 1704 1705 1707
f 1705 1668 1677
f 1668 1670 1676
f 1670 1675 1674
f 1675 1666 1665
f 1718 1475 1712
f 1710 1712 1713
f 1711 1713 1722
f 1732 1722 1736
f 1734 1736 1735
f 1696 1735 1698
f 1703 1698 1699
f 1702 1699 1768
f 1475 1479 1472
f 1712 1472 1715
f 1713 1715 1716
f 1722 1716 1717
f 1736 1717 1737
f 1735 1737 1706
f 1698 1706 1695
f 1699 1695 1694
f 1479 1478 1502
f 1472 1502 1501
f 1715 1501 1709
f 1716 1709 1731
f 1717 1731 1730
f 1737 1730 1723
f 1706 1723 1693
f 1695 1693 1704
f 1478 1477 1471
f 1502 1471 1714
f 1501 1714 1708
f 1709 1708 1725
f 1731 1725 1729
f 1730 1729 1728
f 1723 1728 1724
f 1693 1724 1705
f 1477 1459 1473
f 1471 1473 1480
f 1714 1480 1721
f 1708 1721 1689
f 1725 1689 1726
f 1729 1726 1727
f 1728 1727 1667
f 1724 1667 1668
f 1459 1438 1720
f 1473 1720 1481
f 1480 1481 1719
f 1721 1719 1680
f 1689 1680 1681
f 1726 1681 1733
f 1727 1733 1683
f 1667 1683 1670
f 1438 1461 1458
f 1720 1458 1454
f 1481 1454 1453
f 1719 1453 1688
f 1680 1688 1678
f 1681 1678 1679
f 1733 1679 1687
f 1683 1687 1675
f 1461 1442 1462
f 1458 1462 1452
f 1454 1452 1455
f 1453 1455 1456
f 1688 1456 1457
f 1678 1457 1691
f 1679 1691 1690
f 1687 1690 1666
f 1442 1460 1466
f 1462 1466 1465
f 1452 1465 1464
f 1455 1464 1692
f 1456 1692 1463
f 1457 1463 1686
f 1691 1686 1685
f 1690 1685 1684
f 1470 1467 1475
f 1467 1505 1479
f 1505 1507 1478
f 1507 1509 1477
f 1509 1474 1459
f 1474 1439 1438
f 1439 1445 1461
f 1445 1449 1442
f 1492 1490 1483
f 1482 1483 1484
f 1488 1484 1485
f 1486 1485 1487
f 1498 1487 1511
f 1499 1511 1510
f 1468 1510 1476
f 1469 1476 1467
f 1490 1496 1416
f 1483 1416 1415
f 1484 1415 1495
f 1485 1495 1494
f 1487 1494 1497
f 1511 1497 1503
f 1510 1503 1504
f 1476 1504 1505
f 1496 1417 1414
f 1416 1414 1423
f 1415 1423 1424
f 1495 1424 1425
f 1494 1425 1489
f 1497 1489 1500
f 1503 1500 1506
f 1504 1506 1507
f 1417 1362 1413
f 1414 1413 1412
f 1423 1412 1430
f 1424 1430 1431
f 1425 1431 1451
f 1489 1451 1437
f 1500 1437 1508
f 1506 1508 1509
f 1362 1408 1394
f 1413 1394 1395
f 1412 1395 1411
f 1430 1411 1410
f 1431 1410 1434
f 1451 1434 1450
f 1437 1450 1446
f 1508 1446 1474
f 1408 1377 1398
f 1394 1398 1393
f 1395 1393 1407
f 1411 1407 1436
f 1410 1436 1435
f 1434 1435 1441
f 1450 1441 1440
f 1446 1440 1439
f 1377 1406 1404
f 1398 1404 1409
f 1393 1409 1419
f 1407 1419 1422
f 1436 1422 1403
f 1435 1403 1443
f 1441 1443 1444
f 1440 1444 1445
f 1406 1291 1392
f 1404 1392 1420
f 1409 1420 1421
f 1419 1421 1397
f 1422 1397 1396
f 1403 1396 1433
f 1443 1433 1432
f 1444 1432 1449
f 1291 1402 1399
f 1392 1399 1418
f 1420 1418 1426
f 1421 1426 1427
f 1397 1427 1428
f 1396 1428 1448
f 1433 1448 1447
f 1432 1447 1429
f 1491 1493 1490
f 1493 1366 1496
f 1366 1368 1417
f 1368 1369 1362
f 1369 1365 1408
f 1365 1401 1377
f 1401 1405 1406
f 1405 1296 1291
f 1339 1341 1346
f 1335 1346 1342
f 1334 1342 1370
f 1371 1370 1379
f 1386 1379 1374
f 1372 1374 1375
f 1373 1375 1363
f 1376 1363 1493
f 1341 1332 1333
f 1346 1333 1345
f 1342 1345 1378
f 1370 1378 1380
f 1379 1380 1364
f 1374 1364 1391
f 1375 1391 1367
f 1363 1367 1366
f 1332 1351 1354
f 1333 1354 1353
f 1345 1353 1385
f 1378 1385 1390
f 1380 1390 1389
f 1364 1389 1384
f 1391 1384 1383
f 1367 1383 1368
f 1351 1329 1326
f 1354 1326 1348
f 1353 1348 1349
f 1385 1349 1350
f 1390 1350 1352
f 1389 1352 1382
f 1384 1382 1381
f 1383 1381 1369
f 1329 1328 1323
f 1326 1323 1360
f 1348 1360 1301
f 1349 1301 1361
f 1350 1361 1359
f 1352 1359 1387
f 1382 1387 1388
f 1381 1388 1365
f 1328 1304 1330
f 1323 1330 1313
f 1360 1313 1358
f 1301 1358 1292
f 1361 1292 1357
f 1359 1357 1356
f 1387 1356 1400
f 1388 1400 1401
f 1304 1303 1314
f 1330 1314 1315
f 1313 1315 1316
f 1358 1316 1290
f 1292 1290 1289
f 1357 1289 1355
f 1356 1355 1347
f 1400 1347 1405
f 1303 1302 1306
f 1314 1306 1307
f 1315 1307 1308
f 1316 1308 1287
f 1290 1287 1293
f 1289 1293 1294
f 1355 1294 1295
f 1347 1295 1296
f 1302 1305 1310
f 1306 1310 1311
f 1307 1311 1312
f 1308 1312 1288
f 1287 1288 1298
f 1293 1298 1299
f 1294 1299 1300
f 1295 1300 1297
f 1336 1343 1341
f 1343 1337 1332
f 1337 1331 1351
f 1331 1327 1329
f 1327 1322 1328
f 1322 1325 1304
f 1325 1309 1303
f 1309 1215 1302
f 1269 1264 1266
f 1263 1266 1273
f 1279 1273 1272
f 1244 1272 1242
f 1245 1242 1243
f 1246 1243 1324
f 1340 1324 1344
f 1338 1344 1343
f 1264 1265 1274
f 1266 1274 1275
f 1273 1275 1276
f 1272 1276 1247
f 1242 1247 1321
f 1243 1321 1320
f 1324 1320 1252
f 1344 1252 1337
f 1265 1268 1284
f 1274 1284 1285
f 1275 1285 1283
f 1276 1283 1248
f 1247 1248 1249
f 1321 1249 1250
f 1320 1250 1251
f 1252 1251 1331
f 1268 1257 1270
f 1284 1270 1277
f 1285 1277 1280
f 1283 1280 1281
f 1248 1281 1282
f 1249 1282 1254
f 1250 1254 1255
f 1251 1255 1327
f 1257 1995 1258
f 1270 1258 1278
f 1277 1278 1286
f 1280 1286 1317
f 1281 1317 1318
f 1282 1318 1319
f 1254 1319 1253
f 1255 1253 1322
f 1995 1238 1239
f 1258 1239 1237
f 1278 1237 1219
f 1286 1219 1220
f 1317 1220 1221
f 1318 1221 1222
f 1319 1222 1256
f 1253 1256 1325
f 1238 1996 1241
f 1239 1241 1999
f 1237 1999 1232
f 1219 1232 1223
f 1220 1223 1225
f 1221 1225 1226
f 1222 1226 1224
f 1256 1224 1309
f 1996 1236 1233
f 1241 1233 1234
f 1999 1234 1235
f 1232 1235 1240
f 1223 1240 1218
f 1225 1218 1217
f 1226 1217 1216
f 1224 1216 1215
f 1236 2000 1231
f 1233 1231 1230
f 1234 1230 1229
f 1235 1229 1228
f 1240 1228 1227
f 1218 1227 1214
f 1217 1214 1213
f 1216 1213 1212
f 1262 1267 1264
f 1267 2018 1265
f 2018 1271 1268
f 1271 2037 1257
f 2037 2003 1995
f 2003 2001 1238
f 2001 2007 1996
f 2007 2002 1236
f 2016 2024 2025
f 2034 2025 2015
f 2038 2015 2027
f 2021 2027 2014
f 2022 2014 2010
f 1259 2010 2011
f 1260 2011 2031
f 1261 2031 1267
f 2024 2053 2033
f 2025 2033 2009
f 2015 2009 2012
f 2027 2012 2036
f 2014 2036 2017
f 2010 2017 2026
f 2011 2026 2028
f 2031 2028 2018
f 2053 2046 2040
f 2033 2040 2019
f 2009 2019 1976
f 2012 1976 2029
f 2036 2029 2030
f 2017 2030 2032
f 2026 2032 2020
f 2028 2020 1271
f 2046 1977 1975
f 2040 1975 1974
f 2019 1974 1987
f 1976 1987 1973
f 2029 1973 1972
f 2030 1972 2004
f 2032 2004 2005
f 2020 2005 2037
f 1977 2039 1971
f 1975 1971 1970
f 1974 1970 1969
f 1987 1969 1986
f 1973 1986 1988
f 1972 1988 1994
f 2004 1994 1997
f 2005 1997 2003
f 2039 2071 2082
f 1971 2082 1964
f 1970 1964 2035
f 1969 2035 1963
f 1986 1963 1967
f 1988 1967 2006
f 1994 2006 1993
f 1997 1993 2001
f 2071 2098 2080
f 2082 2080 2076
f 1964 2076 2079
f 2035 2079 1984
f 1963 1984 1983
f 1967 1983 1968
f 2006 1968 1998
f 1993 1998 2007
f 2098 2070 2081
f 2080 2081 1981
f 2076 1981 2083
f 2079 2083 1980
f 1984 1980 1979
f 1983 1979 1978
f 1968 1978 1965
f 1998 1965 2002
f 2070 2078 2069
f 2081 2069 1989
f 1981 1989 1990
f 2083 1990 1991
f 1980 1991 1992
f 1979 1992 1985
f 1978 1985 1982
f 1965 1982 1966
f 2008 2043 2024
f 2043 2023 2053
f 2023 2049 2046
f 2049 2041 1977
f 2041 2074 2039
f 2074 2088 2071
f 2088 2094 2098
f 2094 2077 2070
f 2065 1924 2055
f 2061 2055 2056
f 2062 2056 2057
f 2063 2057 2054
f 2066 2054 2068
f 2067 2068 2060
f 2052 2060 2042
f 2013 2042 2043
f 1924 1921 1919
f 2055 1919 2064
f 2056 2064 2099
f 2057 2099 2059
f 2054 2059 2058
f 2068 2058 2051
f 2060 2051 2050
f 2042 2050 2023
f 1921 1923 1918
f 1919 1918 2111
f 2064 2111 2104
f 2099 2104 2103
f 2059 2103 2100
f 2058 2100 2045
f 2051 2045 2048
f 2050 2048 2049
f 1923 1922 1920
f 1918 1920 2113
f 2111 2113 2112
f 2104 2112 2105
f 2103 2105 2102
f 2100 2102 2047
f 2045 2047 2044
f 2048 2044 2041
f 1922 1897 1888
f 1920 1888 1896
f 2113 1896 2106
f 2112 2106 2110
f 2105 2110 2108
f 2102 2108 2109
f 2047 2109 2101
f 2044 2101 2074
f 1897 1898 1895
f 1888 1895 1890
f 1896 1890 1889
f 2106 1889 2084
f 2110 2084 2086
f 2108 2086 2087
f 2109 2087 2107
f 2101 2107 2088
f 1898 1903 1891
f 1895 1891 1899
f 1890 1899 1900
f 1889 1900 2089
f 2084 2089 2090
f 2086 2090 2091
f 2087 2091 2093
f 2107 2093 2094
f 1903 1904 1917
f 1891 1917 1902
f 1899 1902 1901
f 1900 1901 2097
f 2089 2097 2085
f 2090 2085 2096
f 2091 2096 2075
f 2093 2075 2077
f 1904 1913 1914
f 1917 1914 1894
f 1902 1894 1893
f 1901 1893 1892
f 2097 1892 2095
f 2085 2095 2092
f 2096 2092 2073
f 2075 2073 2072
f 1930 1925 1924
f 1925 1932 1921
f 1932 1927 1923
f 1927 1961 1922
f 1961 1957 1897
f 1957 1910 1898
f 1910 1906 1903
f 1906 1907 1904
f 1854 1855 1848
f 1853 1848 1939
f 1934 1939 1940
f 1951 1940 1955
f 1952 1955 1954
f 1956 1954 1953
f 1928 1953 1926
f 1929 1926 1925
f 1855 1856 1849
f 1848 1849 1850
f 1939 1850 1941
f 1940 1941 1942
f 1955 1942 1950
f 1954 1950 1949
f 1953 1949 1931
f 1926 1931 1932
f 1856 1844 1847
f 1849 1847 1846
f 1850 1846 1938
f 1941 1938 1937
f 1942 1937 1936
f 1950 1936 1959
f 1949 1959 1960
f 1931 1960 1927
f 1844 1871 1845
f 1847 1845 1843
f 1846 1843 1935
f 1938 1935 1933
f 1937 1933 1943
f 1936 1943 1948
f 1959 1948 1962
f 1960 1962 1961
f 1871 1872 1858
f 1845 1858 1837
f 1843 1837 1835
f 1935 1835 1944
f 1933 1944 1945
f 1943 1945 1946
f 1948 1946 1958
f 1962 1958 1957
f 1872 1827 1815
f 1858 1815 1834
f 1837 1834 1833
f 1835 1833 1832
f 1944 1832 1947
f 1945 1947 1912
f 1946 1912 1911
f 1958 1911 1910
f 1827 1819 1816
f 1815 1816 1817
f 1834 1817 1830
f 1833 1830 1829
f 1832 1829 1828
f 1947 1828 1909
f 1912 1909 1905
f 1911 1905 1906
f 1819 1826 1818
f 1816 1818 1813
f 1817 1813 1838
f 1830 1838 1841
f 1829 1841 1836
f 1828 1836 1831
f 1909 1831 1908
f 1905 1908 1907
f 1826 1814 1820
f 1818 1820 1821
f 1813 1821 1824
f 1838 1824 1839
f 1841 1839 1840
f 1836 1840 1842
f 1831 1842 1916
f 1908 1916 1915
f 1857 1852 1855
f 1852 1851 1856
f 1851 1860 1844
f 1860 1865 1871
f 1865 1869 1872
f 1869 1825 1827
f 1825 1823 1819
f 1823 1822 1826
f 2201 2203 2189
f 2192 2189 2202
f 1886 2202 1881
f 1887 1881 1879
f 1873 1879 1876
f 1882 1876 1875
f 1883 1875 1874
f 1884 1874 1852
f 2203 2190 2200
f 2189 2200 2199
f 2202 2199 2198
f 1881 2198 1877
f 1879 1877 1878
f 1876 1878 1880
f 1875 1880 1885
f 1874 1885 1851
f 2190 2208 2197
f 2200 2197 2196
f 2199 2196 2195
f 2198 2195 2194
f 1877 2194 1866
f 1878 1866 1862
f 1880 1862 1859
f 1885 1859 1860
f 2208 2204 2215
f 2197 2215 2193
f 2196 2193 2250
f 2195 2250 2263
f 2194 2263 1861
f 1866 1861 1863
f 1862 1863 1864
f 1859 1864 1865
f 2204 2220 2236
f 2215 2236 2237
f 2193 2237 2262
f 2250 2262 2261
f 2263 2261 2260
f 1861 2260 1867
f 1863 1867 1868
f 1864 1868 1869
f 2220 2221 2227
f 2236 2227 2241
f 2237 2241 2234
f 2262 2234 2259
f 2261 2259 2258
f 2260 2258 2257
f 1867 2257 1870
f 1868 1870 1825
f 2221 2222 2229
f 2227 2229 2242
f 2241 2242 2243
f 2234 2243 2244
f 2259 2244 2256
f 2258 2256 2255
f 2257 2255 2251
f 1870 2251 1823
f 2222 2223 2224
f 2229 2224 2245
f 2242 2245 2246
f 2243 2246 2247
f 2244 2247 2248
f 2256 2248 2249
f 2255 2249 2254
f 2251 2254 1822
f 2223 2228 2225
f 2224 2225 2226
f 2245 2226 2235
f 2246 2235 2238
f 2247 2238 2239
f 2248 2239 2240
f 2249 2240 2253
f 2254 2253 2252
f 2191 2205 2203
f 2205 2210 2190
f 2210 2213 2208
f 2213 2218 2204
f 2218 2219 2220
f 2219 2231 2221
f 2231 2230 2222
f 2230 2155 2223
f 2123 2128 2118
f 2116 2118 2117
f 2124 2117 2125
f 2135 2125 2130
f 2136 2130 2132
f 2217 2132 2207
f 2216 2207 2206
f 2211 2206 2205
f 2128 2127 2122
f 2118 2122 2119
f 2117 2119 2120
f 2125 2120 2137
f 2130 2137 2140
f 2132 2140 2141
f 2207 2141 2209
f 2206 2209 2210
f 2127 2177 2174
f 2122 2174 2175
f 2119 2175 2126
f 2120 2126 2138
f 2137 2138 2139
f 2140 2139 2143
f 2141 2143 2212
f 2209 2212 2213
f 2177 2178 2185
f 2174 2185 2187
f 2175 2187 2186
f 2126 2186 2142
f 2138 2142 2131
f 2139 2131 2129
f 2143 2129 2214
f 2212 2214 2218
f 2178 2179 2183
f 2185 2183 2188
f 2187 2188 2182
f 2186 2182 2144
f 2142 2144 2133
f 2131 2133 2134
f 2129 2134 2233
f 2214 2233 2219
f 2179 2176 2184
f 2183 2184 2181
f 2188 2181 2180
f 2182 2180 2151
f 2144 2151 2152
f 2133 2152 2153
f 2134 2153 2232
f 2233 2232 2231
f 2176 2161 2169
f 2184 2169 2171
f 2181 2171 2165
f 2180 2165 2150
f 2151 2150 2146
f 2152 2146 2156
f 2153 2156 2158
f 2232 2158 2230
f 2161 2162 2168
f 2169 2168 2167
f 2171 2167 2166
f 2165 2166 2160
f 2150 2160 2154
f 2146 2154 2145
f 2156 2145 2157
f 2158 2157 2155
f 2162 2170 2172
f 2168 2172 2173
f 2167 2173 2159
f 2166 2159 2163
f 2160 2163 2164
f 2154 2164 2149
f 2145 2149 2148
f 2157 2148 2147
f 2114 2121 2128
f 2121 2406 2127
f 2406 2412 2177
f 2412 2399 2178
f 2399 2390 2179
f 2390 2389 2176
f 2389 2385 2161
f 2385 2386 2162
f 2349 2375 2415
f 2350 2415 2425
f 2414 2425 2427
f 2417 2427 2426
f 2400 2426 2403
f 2407 2403 2404
f 2408 2404 2409
f 2115 2409 2121
f 2375 2342 2379
f 2415 2379 2416
f 2425 2416 2421
f 2427 2421 2420
f 2426 2420 2401
f 2403 2401 2402
f 2404 2402 2405
f 2409 2405 2406
f 2342 2383 2381
f 2379 2381 2419
f 2416 2419 2424
f 2421 2424 2428
f 2420 2428 2418
f 2401 2418 2410
f 2402 2410 2411
f 2405 2411 2412
f 2383 2380 2378
f 2381 2378 2377
f 2419 2377 2376
f 2424 2376 2422
f 2428 2422 2423
f 2418 2423 2397
f 2410 2397 2413
f 2411 2413 2399
f 2380 2374 2373
f 2378 2373 2372
f 2377 2372 2371
f 2376 2371 2370
f 2422 2370 2396
f 2423 2396 2392
f 2397 2392 2391
f 2413 2391 2390
f 2374 2268 2273
f 2373 2273 2369
f 2372 2369 2354
f 2371 2354 2356
f 2370 2356 2384
f 2396 2384 2387
f 2392 2387 2388
f 2391 2388 2389
f 2268 2267 2382
f 2273 2382 2357
f 2369 2357 2358
f 2354 2358 2359
f 2356 2359 2360
f 2384 2360 2394
f 2387 2394 2395
f 2388 2395 2385
f 2267 2266 2275
f 2382 2275 2276
f 2357 2276 2361
f 2358 2361 2362
f 2359 2362 2363
f 2360 2363 2364
f 2394 2364 2393
f 2395 2393 2386
f 2266 2292 2265
f 2275 2265 2270
f 2276 2270 2368
f 2361 2368 2367
f 2362 2367 2366
f 2363 2366 2365
f 2364 2365 2355
f 2393 2355 2398
f 2351 2344 2375
f 2344 2347 2342
f 2347 2348 2383
f 2348 2341 2380
f 2341 2278 2374
f 2278 2269 2268
f 2269 2272 2267
f 2272 2264 2266
f 2313 2304 2321
f 2320 2321 2325
f 2336 2325 2319
f 2318 2319 2311
f 2316 2311 2339
f 2315 2339 2317
f 2353 2317 2343
f 2352 2343 2344
f 2304 2305 2303
f 2321 2303 2326
f 2325 2326 2322
f 2319 2322 2314
f 2311 2314 2312
f 2339 2312 2345
f 2317 2345 2346
f 2343 2346 2347
f 2305 3048 2302
f 2303 2302 2301
f 2326 2301 2328
f 2322 2328 2309
f 2314 2309 2330
f 2312 2330 2310
f 2345 2310 2340
f 2346 2340 2348
f 3048 3066 2293
f 2302 2293 2296
f 2301 2296 3087
f 2328 3087 2333
f 2309 2333 2334
f 2330 2334 2335
f 2310 2335 2338
f 2340 2338 2341
f 3066 3085 2288
f 2293 2288 3086
f 2296 3086 3078
f 3087 3078 2287
f 2333 2287 2327
f 2334 2327 2329
f 2335 2329 2277
f 2338 2277 2278
f 3085 2308 2291
f 2288 2291 2290
f 3086 2290 2337
f 3078 2337 2289
f 2287 2289 3077
f 2327 3077 2324
f 2329 2324 2271
f 2277 2271 2269
f 2308 3063 3058
f 2291 3058 3075
f 2290 3075 3076
f 2337 3076 2332
f 2289 2332 2331
f 3077 2331 2281
f 2324 2281 2274
f 2271 2274 2272
f 3063 3084 3068
f 3058 3068 3073
f 3075 3073 3074
f 3076 3074 2282
f 2332 2282 2283
f 2331 2283 2284
f 2281 2284 2285
f 2274 2285 2264
f 3084 3067 3079
f 3068 3079 3080
f 3073 3080 3081
f 3074 3081 2279
f 2282 2279 2280
f 2283 2280 3082
f 2284 3082 3083
f 2285 3083 2286
f 2323 2297 2304
f 2297 3051 2305
f 3051 3047 3048
f 3047 3065 3066
f 3065 2294 3085
f 2294 3096 2308
f 3096 3088 3063
f 3088 3069 3084
f 3043 3142 3045
f 3035 3045 3038
f 3056 3038 3039
f 3040 3039 3102
f 3041 3102 3090
f 3054 3090 3101
f 2299 3101 3057
f 2298 3057 2297
f 3142 3141 3140
f 3045 3140 3055
f 3038 3055 3052
f 3039 3052 3036
f 3102 3036 3092
f 3090 3092 2300
f 3101 2300 3053
f 3057 3053 3051
f 3141 3163 3031
f 3140 3031 3137
f 3055 3137 3050
f 3052 3050 3049
f 3036 3049 3029
f 3092 3029 2306
f 2300 2306 2307
f 3053 2307 3047
f 3163 3042 3034
f 3031 3034 3143
f 3137 3143 3097
f 3050 3097 3093
f 3049 3093 3046
f 3029 3046 3091
f 2306 3091 2295
f 2307 2295 3065
f 3042 3116 3177
f 3034 3177 3113
f 3143 3113 3072
f 3097 3072 3037
f 3093 3037 3044
f 3046 3044 3094
f 3091 3094 3095
f 2295 3095 2294
f 3116 3117 3105
f 3177 3105 3138
f 3113 3138 3104
f 3072 3104 3064
f 3037 3064 3098
f 3044 3098 3099
f 3094 3099 3100
f 3095 3100 3096
f 3117 3114 3103
f 3105 3103 3112
f 3138 3112 3134
f 3104 3134 3070
f 3064 3070 3147
f 3098 3147 3089
f 3099 3089 3061
f 3100 3061 3088
f 3114 3156 3158
f 3103 3158 3159
f 3112 3159 3146
f 3134 3146 3145
f 3070 3145 3062
f 3147 3062 3144
f 3089 3144 3071
f 3061 3071 3069
f 3156 3153 3162
f 3158 3162 3149
f 3159 3149 3133
f 3146 3133 3135
f 3145 3135 3136
f 3062 3136 3139
f 3144 3139 3059
f 3071 3059 3060
f 3030 3132 3142
f 3132 3108 3141
f 3108 3110 3163
f 3110 3111 3042
f 3111 3170 3116
f 3170 3155 3117
f 3155 3165 3114
f 3165 3157 3156
f 3274 3278 3271
f 3121 3271 3281
f 3120 3281 3280
f 3268 3280 3129
f 3119 3129 3106
f 3032 3106 3130
f 3028 3130 3131
f 3033 3131 3132
f 3278 3266 3279
f 3271 3279 3277
f 3281 3277 3127
f 3280 3127 3176
f 3129 3176 3175
f 3106 3175 3107
f 3130 3107 3118
f 3131 3118 3108
f 3266 3282 3256
f 3279 3256 3276
f 3277 3276 3123
f 3127 3123 3122
f 3176 3122 3174
f 3175 3174 3173
f 3107 3173 3109
f 3118 3109 3110
f 3282 3265 3258
f 3256 3258 3275
f 3276 3275 3273
f 3123 3273 3172
f 3122 3172 3125
f 3174 3125 3126
f 3173 3126 3128
f 3109 3128 3111
f 3265 3325 3322
f 3258 3322 3260
f 3275 3260 3171
f 3273 3171 3272
f 3172 3272 3164
f 3125 3164 3124
f 3126 3124 3115
f 3128 3115 3170
f 3325 3326 3299
f 3322 3299 3259
f 3260 3259 3255
f 3171 3255 3270
f 3272 3270 3169
f 3164 3169 3168
f 3124 3168 3167
f 3115 3167 3155
f 3326 3306 3303
f 3299 3303 3323
f 3259 3323 3324
f 3255 3324 3257
f 3270 3257 3253
f 3169 3253 3154
f 3168 3154 3166
f 3167 3166 3165
f 3306 3307 3305
f 3303 3305 3254
f 3323 3254 3327
f 3324 3327 3152
f 3257 3152 3151
f 3253 3151 3150
f 3154 3150 3148
f 3166 3148 3157
f 3307 3304 3298
f 3305 3298 3308
f 3254 3308 3261
f 3327 3261 3262
f 3152 3262 3263
f 3151 3263 3264
f 3150 3264 3160
f 3148 3160 3161
f 3269 3293 3278
f 3293 3267 3266
f 3267 3290 3282
f 3290 3314 3265
f 3314 3313 3325
f 3313 3318 3326
f 3318 3316 3306
f 3316 3302 3307
f 3224 3222 3209
f 3230 3209 3210
f 3217 3210 3211
f 3216 3211 3297
f 3289 3297 3296
f 3288 3296 3295
f 3287 3295 3294
f 3286 3294 3293
f 3222 3226 3214
f 3209 3214 3223
f 3210 3223 3233
f 3211 3233 3225
f 3297 3225 3283
f 3296 3283 3285
f 3295 3285 3284
f 3294 3284 3267
f 3226 3232 3229
f 3214 3229 3228
f 3223 3228 3215
f 3233 3215 3218
f 3225 3218 3292
f 3283 3292 3221
f 3285 3221 3291
f 3284 3291 3290
f 3232 3250 3237
f 3229 3237 3235
f 3228 3235 3220
f 3215 3220 3208
f 3218 3208 3219
f 3292 3219 3315
f 3221 3315 3317
f 3291 3317 3314
f 3250 3244 3205
f 3237 3205 3236
f 3235 3236 3195
f 3220 3195 3212
f 3208 3212 3213
f 3219 3213 3319
f 3315 3319 3320
f 3317 3320 3313
f 3244 3178 3189
f 3205 3189 3196
f 3236 3196 3197
f 3195 3197 3198
f 3212 3198 3193
f 3213 3193 3321
f 3319 3321 3312
f 3320 3312 3318
f 3178 3181 3188
f 3189 3188 3187
f 3196 3187 3186
f 3197 3186 3185
f 3198 3185 3199
f 3193 3199 3200
f 3321 3200 3311
f 3312 3311 3316
f 3181 3182 3184
f 3188 3184 3183
f 3187 3183 3206
f 3186 3206 3207
f 3185 3207 3194
f 3199 3194 3300
f 3200 3300 3301
f 3311 3301 3302
f 3182 3179 3191
f 3184 3191 3190
f 3183 3190 3201
f 3206 3201 3202
f 3207 3202 3203
f 3194 3203 3204
f 3300 3204 3310
f 3301 3310 3309
f 3231 3227 3222
f 3227 3234 3226
f 3234 3252 3232
f 3252 3241 3250
f 3241 3246 3244
f 3246 3180 3178
f 3180 3447 3181
f 3447 3443 3182
f 3414 3408 3415
f 3432 3415 3416
f 3412 3416 3417
f 3413 3417 3424
f 3430 3424 3425
f 3431 3425 3418
f 3428 3418 3429
f 3427 3429 3227
f 3408 3403 3404
f 3415 3404 3406
f 3416 3406 3426
f 3417 3426 3423
f 3424 3423 3422
f 3425 3422 3247
f 3418 3247 3248
f 3429 3248 3234
f 3403 3448 3410
f 3404 3410 3411
f 3406 3411 3409
f 3426 3409 3419
f 3423 3419 3420
f 3422 3420 3421
f 3247 3421 3251
f 3248 3251 3252
f 3448 3437 3450
f 3410 3450 3405
f 3411 3405 3407
f 3409 3407 3249
f 3419 3249 3238
f 3420 3238 3243
f 3421 3243 3242
f 3251 3242 3241
f 3437 3451 3433
f 3450 3433 3434
f 3405 3434 3435
f 3407 3435 3436
f 3249 3436 3240
f 3238 3240 3239
f 3243 3239 3245
f 3242 3245 3246
f 3451 3478 3438
f 3433 3438 3464
f 3434 3464 3476
f 3435 3476 3439
f 3436 3439 3440
f 3240 3440 3441
f 3239 3441 3442
f 3245 3442 3180
f 3478 3465 3452
f 3438 3452 3475
f 3464 3475 3453
f 3476 3453 3474
f 3439 3474 3449
f 3440 3449 3445
f 3441 3445 3446
f 3442 3446 3447
f 3465 3477 3454
f 3452 3454 3473
f 3475 3473 3455
f 3453 3455 3472
f 3474 3472 3456
f 3449 3456 3457
f 3445 3457 3444
f 3446 3444 3443
f 3477 3460 3461
f 3454 3461 3462
f 3473 3462 3469
f 3455 3469 3470
f 3472 3470 3471
f 3456 3471 3459
f 3457 3459 3458
f 3444 3458 3192
f 3400 3383 3408
f 3383 3384 3403
f 3384 3374 3448
f 3374 3463 3437
f 3463 3382 3451
f 3382 3466 3478
f 3466 3467 3465
f 3467 3468 3477
f 3363 3366 3369
f 3389 3369 3370
f 3397 3370 3390
f 3399 3390 3388
f 3396 3388 3391
f 3395 3391 3392
f 3401 3392 3373
f 3402 3373 3383
f 3366 3368 3331
f 3369 3331 3330
f 3370 3330 3367
f 3390 3367 3386
f 3388 3386 3394
f 3391 3394 3393
f 3392 3393 3385
f 3373 3385 3384
f 3368 3340 3336
f 3331 3336 3361
f 3330 3361 3362
f 3367 3362 3387
f 3386 3387 3398
f 3394 3398 3379
f 3393 3379 3378
f 3385 3378 3374
f 3340 3339 3360
f 3336 3360 3342
f 3361 3342 3341
f 3362 3341 3337
f 3387 3337 3375
f 3398 3375 3376
f 3379 3376 3377
f 3378 3377 3463
f 3339 3598 3359
f 3360 3359 3335
f 3342 3335 3334
f 3341 3334 3357
f 3337 3357 3332
f 3375 3332 3380
f 3376 3380 3381
f 3377 3381 3382
f 3598 3338 3358
f 3359 3358 3597
f 3335 3597 3565
f 3334 3565 3356
f 3357 3356 3333
f 3332 3333 3329
f 3380 3329 3347
f 3381 3347 3466
f 3338 3567 3564
f 3358 3564 3372
f 3597 3372 3563
f 3565 3563 3562
f 3356 3562 3350
f 3333 3350 3328
f 3329 3328 3343
f 3347 3343 3467
f 3567 3556 3364
f 3564 3364 3365
f 3372 3365 3344
f 3563 3344 3345
f 3562 3345 3346
f 3350 3346 3352
f 3328 3352 3353
f 3343 3353 3468
f 3556 3566 3558
f 3364 3558 3554
f 3365 3554 3560
f 3344 3560 3355
f 3345 3355 3354
f 3346 3354 3351
f 3352 3351 3349
f 3353 3349 3348
f 3371 3586 3366
f 3586 3593 3368
f 3593 3595 3340
f 3595 3588 3339
f 3588 3592 3598
f 3592 3589 3338
f 3589 3616 3567
f 3616 3614 3556
f 3612 3604 3628
f 3626 3628 3574
f 3611 3574 3573
f 3578 3573 3570
f 3580 3570 3571
f 3583 3571 3572
f 3582 3572 3585
f 3581 3585 3586
f 3604 3617 3627
f 3628 3627 3605
f 3574 3605 3579
f 3573 3579 3577
f 3570 3577 3576
f 3571 3576 3569
f 3572 3569 3594
f 3585 3594 3593
f 3617 3542 3540
f 3627 3540 3625
f 3605 3625 3606
f 3579 3606 3602
f 3577 3602 3601
f 3576 3601 3575
f 3569 3575 3596
f 3594 3596 3595
f 3542 3549 3550
f 3540 3550 3624
f 3625 3624 3603
f 3606 3603 3599
f 3602 3599 3600
f 3601 3600 3590
f 3575 3590 3587
f 3596 3587 3588
f 3549 3629 3630
f 3550 3630 3623
f 3624 3623 3622
f 3603 3622 3607
f 3599 3607 3621
f 3600 3621 3584
f 3590 3584 3591
f 3587 3591 3592
f 3629 3479 3631
f 3630 3631 3634
f 3623 3634 3633
f 3622 3633 3619
f 3607 3619 3568
f 3621 3568 3555
f 3584 3555 3561
f 3591 3561 3589
f 3479 3480 3490
f 3631 3490 3493
f 3634 3493 3638
f 3633 3638 3637
f 3619 3637 3618
f 3568 3618 3620
f 3555 3620 3615
f 3561 3615 3616
f 3480 3494 3481
f 3490 3481 3491
f 3493 3491 3489
f 3638 3489 3488
f 3637 3488 3487
f 3618 3487 3632
f 3620 3632 3559
f 3615 3559 3614
f 3494 3486 3482
f 3481 3482 3483
f 3491 3483 3484
f 3489 3484 3485
f 3488 3485 3642
f 3487 3642 3641
f 3632 3641 3640
f 3559 3640 3557
f 3610 3613 3604
f 3613 3543 3617
f 3543 3545 3542
f 3545 3552 3549
f 3552 3635 3629
f 3635 3492 3479
f 3492 3505 3480
f 3505 3508 3494
f 3510 3517 3512
f 3538 3512 3534
f 3536 3534 3531
f 3535 3531 3530
f 3537 3530 3544
f 3541 3544 3551
f 3608 3551 3548
f 3609 3548 3613
f 3517 3521 3511
f 3512 3511 3509
f 3534 3509 3526
f 3531 3526 3525
f 3530 3525 3524
f 3544 3524 3547
f 3551 3547 3546
f 3548 3546 3543
f 3521 2674 3513
f 3511 3513 3523
f 3509 3523 3514
f 3526 3514 3529
f 3525 3529 3528
f 3524 3528 3527
f 3547 3527 3539
f 3546 3539 3545
f 2674 2673 2685
f 3513 2685 3518
f 3523 3518 3516
f 3514 3516 3515
f 3529 3515 3533
f 3528 3533 3532
f 3527 3532 3553
f 3539 3553 3552
f 2673 2717 2686
f 2685 2686 2687
f 3518 2687 3519
f 3516 3519 3520
f 3515 3520 3636
f 3533 3636 3643
f 3532 3643 3503
f 3553 3503 3635
f 2717 2718 2727
f 2686 2727 2688
f 2687 2688 2689
f 3519 2689 3500
f 3520 3500 3499
f 3636 3499 3639
f 3643 3639 3497
f 3503 3497 3492
f 2718 2720 2726
f 2727 2726 2690
f 2688 2690 2691
f 2689 2691 2692
f 3500 2692 3495
f 3499 3495 3496
f 3639 3496 3498
f 3497 3498 3505
f 2720 2722 2724
f 2726 2724 2693
f 2690 2693 2694
f 2691 2694 2695
f 2692 2695 2696
f 3495 2696 3506
f 3496 3506 3507
f 3498 3507 3508
f 2722 2699 2716
f 2724 2716 2714
f 2693 2714 2684
f 2694 2684 2698
f 2695 2698 2697
f 2696 2697 3504
f 3506 3504 3502
f 3507 3502 3501
f 3522 2669 3517
f 2669 2670 3521
f 2670 2680 2674
f 2680 2715 2673
f 2715 2721 2717
f 2721 2725 2718
f 2725 2728 2720
f 2728 2713 2722
f 2620 2616 2623
f 2655 2623 2662
f 2656 2662 2666
f 2657 2666 2667
f 2663 2667 2668
f 2665 2668 2654
f 2682 2654 2676
f 2683 2676 2669
f 2616 2615 2622
f 2623 2622 2621
f 2662 2621 2664
f 2666 2664 2658
f 2667 2658 2677
f 2668 2677 2678
f 2654 2678 2675
f 2676 2675 2670
f 2615 2614 2618
f 2622 2618 2619
f 2621 2619 2613
f 2664 2613 2659
f 2658 2659 2671
f 2677 2671 2672
f 2678 2672 2679
f 2675 2679 2680
f 2614 2579 2610
f 2618 2610 2611
f 2619 2611 2642
f 2613 2642 2643
f 2659 2643 2660
f 2671 2660 2661
f 2672 2661 2681
f 2679 2681 2715
f 2579 2617 2612
f 2610 2612 2644
f 2611 2644 2645
f 2642 2645 2701
f 2643 2701 2709
f 2660 2709 2708
f 2661 2708 2719
f 2681 2719 2721
f 2617 2635 2637
f 2612 2637 2646
f 2644 2646 2647
f 2645 2647 2704
f 2701 2704 2703
f 2709 2703 2702
f 2708 2702 2723
f 2719 2723 2725
f 2635 2636 2638
f 2637 2638 2648
f 2646 2648 2649
f 2647 2649 2650
f 2704 2650 2705
f 2703 2705 2706
f 2702 2706 2707
f 2723 2707 2728
f 2636 2630 2633
f 2638 2633 2632
f 2648 2632 2653
f 2649 2653 2652
f 2650 2652 2651
f 2705 2651 2712
f 2706 2712 2700
f 2707 2700 2713
f 2630 2634 2625
f 2633 2625 2629
f 2632 2629 2624
f 2653 2624 2641
f 2652 2641 2640
f 2651 2640 2639
f 2712 2639 2711
f 2700 2711 2710
f 2595 2609 2616
f 2609 2593 2615
f 2593 2585 2614
f 2585 2587 2579
f 2587 2590 2617
f 2590 2631 2635
f 2631 2501 2636
f 2501 2628 2630
f 2430 2431 2438
f 2441 2438 2439
f 2440 2439 2600
f 2599 2600 2601
f 2588 2601 2589
f 2598 2589 2602
f 2597 2602 2603
f 2596 2603 2609
f 2431 2429 2434
f 2438 2434 2604
f 2439 2604 2605
f 2600 2605 2606
f 2601 2606 2608
f 2589 2608 2594
f 2602 2594 2592
f 2603 2592 2593
f 2429 2485 2475
f 2434 2475 2607
f 2604 2607 2432
f 2605 2432 2581
f 2606 2581 2582
f 2608 2582 2583
f 2594 2583 2584
f 2592 2584 2585
f 2485 2486 2480
f 2475 2480 2433
f 2607 2433 2478
f 2432 2478 2436
f 2581 2436 2490
f 2582 2490 2492
f 2583 2492 2586
f 2584 2586 2587
f 2486 2459 2472
f 2480 2472 2467
f 2433 2467 2488
f 2478 2488 2483
f 2436 2483 2482
f 2490 2482 2580
f 2492 2580 2591
f 2586 2591 2590
f 2459 2465 2464
f 2472 2464 2476
f 2467 2476 2477
f 2488 2477 2479
f 2483 2479 2481
f 2482 2481 2498
f 2580 2498 2496
f 2591 2496 2631
f 2465 2466 2468
f 2464 2468 2484
f 2476 2484 2495
f 2477 2495 2497
f 2479 2497 2474
f 2481 2474 2503
f 2498 2503 2502
f 2496 2502 2501
f 2466 2469 2461
f 2468 2461 2460
f 2484 2460 2462
f 2495 2462 2500
f 2497 2500 2499
f 2474 2499 2487
f 2503 2487 2489
f 2502 2489 2628
f 2469 2534 2473
f 2461 2473 2471
f 2460 2471 2470
f 2462 2470 2494
f 2500 2494 2493
f 2499 2493 2491
f 2487 2491 2627
f 2489 2627 2626
f 2443 2458 2431
f 2458 2448 2429
f 2448 2456 2485
f 2456 2457 2486
f 2457 2541 2459
f 2541 2463 2465
f 2463 2546 2466
f 2546 2538 2469
f 2504 2505 2517
f 2514 2517 2515
f 2506 2515 2509
f 2451 2509 2510
f 2455 2510 2513
f 2453 2513 2452
f 2450 2452 2437
f 2442 2437 2458
f 2505 2519 2512
f 2517 2512 2508
f 2515 2508 2507
f 2509 2507 2445
f 2510 2445 2446
f 2513 2446 2447
f 2452 2447 2435
f 2437 2435 2448
f 2519 2533 2520
f 2512 2520 2521
f 2508 2521 2516
f 2507 2516 2511
f 2445 2511 2518
f 2446 2518 2449
f 2447 2449 2444
f 2435 2444 2456
f 2533 2922 2523
f 2520 2523 2525
f 2521 2525 2530
f 2516 2530 2531
f 2511 2531 2542
f 2518 2542 2543
f 2449 2543 2454
f 2444 2454 2457
f 2922 2555 2918
f 2523 2918 2529
f 2525 2529 2528
f 2530 2528 2573
f 2531 2573 2574
f 2542 2574 2536
f 2543 2536 2535
f 2454 2535 2541
f 2555 2556 2559
f 2918 2559 2560
f 2529 2560 2561
f 2528 2561 2570
f 2573 2570 2571
f 2574 2571 2540
f 2536 2540 2539
f 2535 2539 2463
f 2556 2557 2563
f 2559 2563 2562
f 2560 2562 2567
f 2561 2567 2566
f 2570 2566 2568
f 2571 2568 2548
f 2540 2548 2547
f 2539 2547 2546
f 2557 2558 2549
f 2563 2549 2552
f 2562 2552 2569
f 2567 2569 2565
f 2566 2565 2564
f 2568 2564 2572
f 2548 2572 2537
f 2547 2537 2538
f 2558 2878 2551
f 2549 2551 2553
f 2552 2553 2576
f 2569 2576 2575
f 2565 2575 2577
f 2564 2577 2578
f 2572 2578 2545
f 2537 2545 2544
f 2522 2526 2505
f 2526 2532 2519
f 2532 2916 2533
f 2916 2921 2922
f 2921 2554 2555
f 2554 2550 2556
f 2550 2889 2557
f 2889 2884 2558
f 2938 2947 2939
f 2943 2939 2940
f 2945 2940 2941
f 2946 2941 2949
f 2948 2949 2910
f 2919 2910 2909
f 2920 2909 2527
f 2524 2527 2526
f 2947 2997 2952
f 2939 2952 2951
f 2940 2951 2950
f 2941 2950 2908
f 2949 2908 2911
f 2910 2911 2912
f 2909 2912 2913
f 2527 2913 2532
f 2997 2993 2942
f 2952 2942 2927
f 2951 2927 2923
f 2950 2923 2928
f 2908 2928 2929
f 2911 2929 2914
f 2912 2914 2915
f 2913 2915 2916
f 2993 2986 2984
f 2942 2984 2932
f 2927 2932 2933
f 2923 2933 2934
f 2928 2934 2935
f 2929 2935 2936
f 2914 2936 2917
f 2915 2917 2921
f 2986 2983 2996
f 2984 2996 2937
f 2932 2937 2931
f 2933 2931 2930
f 2934 2930 2926
f 2935 2926 2925
f 2936 2925 2924
f 2917 2924 2554
f 2983 2961 2893
f 2996 2893 2905
f 2937 2905 2895
f 2931 2895 2907
f 2930 2907 2879
f 2926 2879 2880
f 2925 2880 2881
f 2924 2881 2550
f 2961 2962 2906
f 2893 2906 2904
f 2905 2904 2903
f 2895 2903 2902
f 2907 2902 2885
f 2879 2885 2887
f 2880 2887 2888
f 2881 2888 2889
f 2962 2963 2960
f 2906 2960 2901
f 2904 2901 2900
f 2903 2900 2899
f 2902 2899 2892
f 2885 2892 2891
f 2887 2891 2886
f 2888 2886 2884
f 2963 2953 2958
f 2960 2958 2894
f 2901 2894 2896
f 2900 2896 2897
f 2899 2897 2898
f 2892 2898 2883
f 2891 2883 2890
f 2886 2890 2882
f 2944 2990 2947
f 2990 2991 2997
f 2991 3027 2993
f 3027 2994 2986
f 2994 2955 2983
f 2955 2959 2961
f 2959 2966 2962
f 2966 2964 2963
f 2746 2745 3012
f 3005 3012 3009
f 2998 3009 3013
f 3018 3013 3014
f 3016 3014 2987
f 2995 2987 3015
f 2988 3015 2989
f 2985 2989 2990
f 2745 2752 3004
f 3012 3004 3006
f 3009 3006 3017
f 3013 3017 3019
f 3014 3019 3020
f 2987 3020 3023
f 3015 3023 2992
f 2989 2992 2991
f 2752 2753 2754
f 3004 2754 3010
f 3006 3010 3008
f 3017 3008 3007
f 3019 3007 3024
f 3020 3024 3025
f 3023 3025 3026
f 2992 3026 3027
f 2753 2786 2788
f 2754 2788 2999
f 3010 2999 3000
f 3008 3000 3002
f 3007 3002 3003
f 3024 3003 3021
f 3025 3021 3022
f 3026 3022 2994
f 2786 2787 2785
f 2788 2785 3001
f 2999 3001 2976
f 3000 2976 2974
f 3002 2974 2973
f 3003 2973 2970
f 3021 2970 2956
f 3022 2956 2955
f 2787 2798 2782
f 2785 2782 2774
f 3001 2774 3011
f 2976 3011 2977
f 2974 2977 2978
f 2973 2978 2980
f 2970 2980 2957
f 2956 2957 2959
f 2798 2797 2791
f 2782 2791 2778
f 2774 2778 2777
f 3011 2777 2981
f 2977 2981 2979
f 2978 2979 2969
f 2980 2969 2967
f 2957 2967 2966
f 2797 2794 2795
f 2791 2795 2796
f 2778 2796 2780
f 2777 2780 2781
f 2981 2781 2971
f 2979 2971 2972
f 2969 2972 2965
f 2967 2965 2964
f 2794 2790 2801
f 2795 2801 2802
f 2796 2802 2803
f 2780 2803 2783
f 2781 2783 2982
f 2971 2982 2968
f 2972 2968 2975
f 2965 2975 2954
f 2755 2749 2745
f 2749 2757 2752
f 2757 2747 2753
f 2747 2779 2786
f 2779 2776 2787
f 2776 2799 2798
f 2799 2772 2797
f 2772 2792 2794
f 2853 2855 2862
f 2736 2862 2859
f 2735 2859 2741
f 2734 2741 2743
f 2733 2743 2742
f 2729 2742 2751
f 2744 2751 2750
f 2756 2750 2749
f 2855 2871 2858
f 2862 2858 2848
f 2859 2848 2769
f 2741 2769 2771
f 2743 2771 2732
f 2742 2732 2731
f 2751 2731 2758
f 2750 2758 2757
f 2871 2816 2850
f 2858 2850 2852
f 2848 2852 2851
f 2769 2851 2739
f 2771 2739 2773
f 2732 2773 2770
f 2731 2770 2748
f 2758 2748 2747
f 2816 2854 2817
f 2850 2817 2730
f 2852 2730 2740
f 2851 2740 2766
f 2739 2766 2764
f 2773 2764 2763
f 2770 2763 2759
f 2748 2759 2779
f 2854 2877 2811
f 2817 2811 2870
f 2730 2870 2738
f 2740 2738 2737
f 2766 2737 2760
f 2764 2760 2761
f 2763 2761 2775
f 2759 2775 2776
f 2877 2846 2872
f 2811 2872 2865
f 2870 2865 2873
f 2738 2873 2818
f 2737 2818 2765
f 2760 2765 2762
f 2761 2762 2784
f 2775 2784 2799
f 2846 2832 2828
f 2872 2828 2829
f 2865 2829 2814
f 2873 2814 2876
f 2818 2876 2804
f 2765 2804 2767
f 2762 2767 2768
f 2784 2768 2772
f 2832 2830 2831
f 2828 2831 2813
f 2829 2813 2812
f 2814 2812 2833
f 2876 2833 2815
f 2804 2815 2789
f 2767 2789 2793
f 2768 2793 2792
f 2830 2806 2824
f 2831 2824 2805
f 2813 2805 2810
f 2812 2810 2822
f 2833 2822 2809
f 2815 2809 2808
f 2789 2808 2807
f 2793 2807 2800
f 2849 2860 2855
f 2860 2869 2871
f 2869 2867 2816
f 2867 2866 2854
f 2866 2864 2877
f 2864 2835 2846
f 2835 3897 2832
f 3897 2819 2830
f 3929 3933 3931
f 3921 3931 3915
f 3920 3915 3913
f 3919 3913 3914
f 3916 3914 2847
f 2839 2847 2857
f 2840 2857 2875
f 2874 2875 2860
f 3933 3942 3935
f 3931 3935 3917
f 3915 3917 3918
f 3913 3918 2843
f 3914 2843 2842
f 2847 2842 2861
f 2857 2861 2845
f 2875 2845 2869
f 3942 3901 3905
f 3935 3905 3904
f 3917 3904 3922
f 3918 3922 2844
f 2843 2844 3923
f 2842 3923 2856
f 2861 2856 2841
f 2845 2841 2867
f 3901 3924 3900
f 3905 3900 3907
f 3904 3907 3873
f 3922 3873 2838
f 2844 2838 2837
f 3923 2837 3926
f 2856 3926 2821
f 2841 2821 2866
f 3924 3898 3874
f 3900 3874 3875
f 3907 3875 3877
f 3873 3877 2863
f 2838 2863 2834
f 2837 2834 2868
f 3926 2868 2836
f 2821 2836 2864
f 3898 3862 3910
f 3874 3910 3878
f 3875 3878 3869
f 3877 3869 3886
f 2863 3886 3887
f 2834 3887 2827
f 2868 2827 2825
f 2836 2825 2835
f 3862 3881 3882
f 3910 3882 3883
f 3878 3883 3895
f 3869 3895 3890
f 3886 3890 3891
f 3887 3891 3893
f 2827 3893 2823
f 2825 2823 3897
f 3881 3853 3840
f 3882 3840 3876
f 3883 3876 3896
f 3895 3896 3894
f 3890 3894 3885
f 3891 3885 3889
f 3893 3889 2820
f 2823 2820 2819
f 3853 3844 3849
f 3840 3849 3851
f 3876 3851 3879
f 3896 3879 3880
f 3894 3880 3892
f 3885 3892 3884
f 3889 3884 3888
f 2820 3888 2826
f 3928 3936 3933
f 3936 3939 3942
f 3939 3925 3901
f 3925 3927 3924
f 3927 3903 3898
f 3903 3855 3862
f 3855 3871 3881
f 3871 3839 3853
f 3806 3814 3820
f 3819 3820 3813
f 3810 3813 3817
f 3811 3817 3823
f 3821 3823 3932
f 3899 3932 3937
f 3906 3937 3934
f 3930 3934 3936
f 3814 3812 3822
f 3820 3822 3833
f 3813 3833 3818
f 3817 3818 3809
f 3823 3809 3815
f 3932 3815 3911
f 3937 3911 3938
f 3934 3938 3939
f 3812 3801 3816
f 3822 3816 3858
f 3833 3858 3859
f 3818 3859 3860
f 3809 3860 3912
f 3815 3912 3940
f 3911 3940 3941
f 3938 3941 3925
f 3801 3802 3720
f 3816 3720 3865
f 3858 3865 3866
f 3859 3866 3867
f 3860 3867 3854
f 3912 3854 3909
f 3940 3909 3908
f 3941 3908 3927
f 3802 3728 3719
f 3720 3719 3722
f 3865 3722 3868
f 3866 3868 3864
f 3867 3864 3848
f 3854 3848 3863
f 3909 3863 3902
f 3908 3902 3903
f 3728 3729 3723
f 3719 3723 3826
f 3722 3826 3825
f 3868 3825 3861
f 3864 3861 3857
f 3848 3857 3856
f 3863 3856 3870
f 3902 3870 3855
f 3729 3730 3725
f 3723 3725 3827
f 3826 3827 3828
f 3825 3828 3829
f 3861 3829 3852
f 3857 3852 3843
f 3856 3843 3872
f 3870 3872 3871
f 3730 3824 3732
f 3725 3732 3832
f 3827 3832 3831
f 3828 3831 3830
f 3829 3830 3850
f 3852 3850 3842
f 3843 3842 3841
f 3872 3841 3839
f 3824 3721 3838
f 3732 3838 3837
f 3832 3837 3836
f 3831 3836 3835
f 3830 3835 3834
f 3850 3834 3845
f 3842 3845 3846
f 3841 3846 3847
f 3803 3805 3814
f 3805 3807 3812
f 3807 3798 3801
f 3798 3804 3802
f 3804 3726 3728
f 3726 3724 3729
f 3724 3791 3730
f 3791 3727 3824
f 3766 3776 3777
f 3763 3777 3758
f 3762 3758 3757
f 3761 3757 3756
f 3759 3756 3755
f 3796 3755 3808
f 3799 3808 3794
f 3800 3794 3805
f 3776 3774 3765
f 3777 3765 3754
f 3758 3754 3753
f 3757 3753 3764
f 3756 3764 3749
f 3755 3749 3778
f 3808 3778 3795
f 3794 3795 3807
f 3774 3651 3653
f 3765 3653 3779
f 3754 3779 3751
f 3753 3751 3750
f 3764 3750 3752
f 3749 3752 3771
f 3778 3771 3797
f 3795 3797 3798
f 3651 3650 3646
f 3653 3646 3792
f 3779 3792 3793
f 3751 3793 3760
f 3750 3760 3767
f 3752 3767 3768
f 3771 3768 3731
f 3797 3731 3804
f 3650 3718 3784
f 3646 3784 3785
f 3792 3785 3786
f 3793 3786 3735
f 3760 3735 3734
f 3767 3734 3787
f 3768 3787 3733
f 3731 3733 3726
f 3718 3717 3783
f 3784 3783 3782
f 3785 3782 3697
f 3786 3697 3748
f 3735 3748 3742
f 3734 3742 3781
f 3787 3781 3780
f 3733 3780 3724
f 3717 3692 3703
f 3783 3703 3790
f 3782 3790 3702
f 3697 3702 3701
f 3748 3701 3741
f 3742 3741 3745
f 3781 3745 3789
f 3780 3789 3791
f 3692 3691 3699
f 3703 3699 3698
f 3790 3698 3696
f 3702 3696 3695
f 3701 3695 3747
f 3741 3747 3746
f 3745 3746 3744
f 3789 3744 3727
f 3691 3693 3689
f 3699 3689 3736
f 3698 3736 3737
f 3696 3737 3738
f 3695 3738 3788
f 3747 3788 3739
f 3746 3739 3740
f 3744 3740 3743
f 3775 3770 3776
f 3770 3656 3774
f 3656 3645 3651
f 3645 3705 3650
f 3705 3708 3718
f 3708 3706 3717
f 3706 3694 3692
f 3694 3700 3691
f 3670 3671 3665
f 3673 3665 3664
f 3672 3664 3663
f 3652 3663 3648
f 3649 3648 3647
f 3644 3647 3655
f 3773 3655 3769
f 3772 3769 3770
f 3671 4120 3660
f 3665 3660 3661
f 3664 3661 3662
f 3663 3662 3666
f 3648 3666 3654
f 3647 3654 3658
f 3655 3658 3657
f 3769 3657 3656
f 4120 4119 4115
f 3660 4115 3688
f 3661 3688 3669
f 3662 3669 3704
f 3666 3704 3707
f 3654 3707 3668
f 3658 3668 3667
f 3657 3667 3645
f 4119 4118 4151
f 4115 4151 3681
f 3688 3681 3676
f 3669 3676 3712
f 3704 3712 3713
f 3707 3713 3714
f 3668 3714 3715
f 3667 3715 3705
f 4118 4117 4149
f 4151 4149 4146
f 3681 4146 4138
f 3676 4138 3677
f 3712 3677 3711
f 3713 3711 3710
f 3714 3710 3709
f 3715 3709 3708
f 4117 4166 4145
f 4149 4145 4141
f 4146 4141 4139
f 4138 4139 3682
f 3677 3682 3684
f 3711 3684 3683
f 3710 3683 3716
f 3709 3716 3706
f 4166 4152 4156
f 4145 4156 4140
f 4141 4140 4142
f 4139 4142 4143
f 3682 4143 4144
f 3684 4144 3678
f 3683 3678 3674
f 3716 3674 3694
f 4152 4153 4158
f 4156 4158 4161
f 4140 4161 4147
f 4142 4147 3675
f 4143 3675 4148
f 4144 4148 3679
f 3678 3679 3680
f 3674 3680 3700
f 4153 4154 4165
f 4158 4165 4163
f 4161 4163 4150
f 4147 4150 4137
f 3675 4137 3687
f 4148 3687 3686
f 3679 3686 3685
f 3680 3685 3690
f 3659 4112 3671
f 4112 4111 4120
f 4111 4108 4119
f 4108 4110 4118
f 4110 4160 4117
f 4160 4162 4166
f 4162 4164 4152
f 4164 4155 4153
f 4097 4098 4205
f 4197 4205 4206
f 4199 4206 4207
f 4198 4207 4093
f 4101 4093 4094
f 4121 4094 4114
f 4116 4114 4113
f 4107 4113 4112
f 4098 4240 4208
f 4205 4208 4210
f 4206 4210 4095
f 4207 4095 4092
f 4093 4092 4104
f 4094 4104 4105
f 4114 4105 4109
f 4113 4109 4111
f 4240 4239 4202
f 4208 4202 4211
f 4210 4211 4209
f 4095 4209 4106
f 4092 4106 4103
f 4104 4103 4102
f 4105 4102 4096
f 4109 4096 4108
f 4239 4229 4201
f 4202 4201 4203
f 4211 4203 4204
f 4209 4204 4135
f 4106 4135 4134
f 4103 4134 4099
f 4102 4099 4157
f 4096 4157 4110
f 4229 4191 4176
f 4201 4176 4175
f 4203 4175 4174
f 4204 4174 4131
f 4135 4131 4130
f 4134 4130 4129
f 4099 4129 4159
f 4157 4159 4160
f 4191 4183 4188
f 4176 4188 4170
f 4175 4170 4169
f 4174 4169 4168
f 4131 4168 4128
f 4130 4128 4127
f 4129 4127 4126
f 4159 4126 4162
f 4183 4187 4182
f 4188 4182 4185
f 4170 4185 4171
f 4169 4171 4172
f 4168 4172 4173
f 4128 4173 4125
f 4127 4125 4124
f 4126 4124 4164
f 4187 4186 4194
f 4182 4194 4196
f 4185 4196 4177
f 4171 4177 4179
f 4172 4179 4178
f 4173 4178 4123
f 4125 4123 4122
f 4124 4122 4155
f 4186 4195 4192
f 4194 4192 4184
f 4196 4184 4167
f 4177 4167 4180
f 4179 4180 4181
f 4178 4181 4136
f 4123 4136 4133
f 4122 4133 4132
f 4100 4235 4098
f 4235 4232 4240
f 4232 4230 4239
f 4230 4227 4229
f 4227 4193 4191
f 4193 4190 4183
f 4190 4189 4187
f 4189 4062 4186
f 4031 4029 4028
f 4023 4028 4027
f 4024 4027 4217
f 4225 4217 4224
f 4226 4224 4238
f 4241 4238 4237
f 4228 4237 4236
f 4200 4236 4235
f 4029 4030 4026
f 4028 4026 4025
f 4027 4025 4221
f 4217 4221 4220
f 4224 4220 4219
f 4238 4219 4234
f 4237 4234 4233
f 4236 4233 4232
f 4030 4044 4022
f 4026 4022 4021
f 4025 4021 4020
f 4221 4020 4214
f 4220 4214 4212
f 4219 4212 4213
f 4234 4213 4231
f 4233 4231 4230
f 4044 4045 4079
f 4022 4079 4080
f 4021 4080 4081
f 4020 4081 4082
f 4214 4082 4215
f 4212 4215 4216
f 4213 4216 4218
f 4231 4218 4227
f 4045 4061 4083
f 4079 4083 4084
f 4080 4084 4085
f 4081 4085 4077
f 4082 4077 4086
f 4215 4086 4222
f 4216 4222 4223
f 4218 4223 4193
f 4061 4060 4056
f 4083 4056 4087
f 4084 4087 4088
f 4085 4088 4089
f 4077 4089 4090
f 4086 4090 4072
f 4222 4072 4071
f 4223 4071 4190
f 4060 4059 4053
f 4056 4053 4052
f 4087 4052 4078
f 4088 4078 4091
f 4089 4091 4070
f 4090 4070 4069
f 4072 4069 4068
f 4071 4068 4189
f 4059 4058 4048
f 4053 4048 4047
f 4052 4047 4049
f 4078 4049 4066
f 4091 4066 4065
f 4070 4065 4064
f 4069 4064 4063
f 4068 4063 4062
f 4058 4000 4055
f 4048 4055 4054
f 4047 4054 4050
f 4049 4050 4067
f 4066 4067 4073
f 4065 4073 4074
f 4064 4074 4075
f 4063 4075 4076
f 4019 4017 4029
f 4017 4039 4030
f 4039 4036 4044
f 4036 4032 4045
f 4032 4051 4061
f 4051 4057 4060
f 4057 3998 4059
f 3998 3999 4058
f 3965 3962 3969
f 3949 3969 3952
f 3953 3952 3956
f 3954 3956 3943
f 3955 3943 4043
f 4034 4043 4035
f 4046 4035 4042
f 4018 4042 4017
f 3962 3961 3967
f 3969 3967 3968
f 3952 3968 3944
f 3956 3944 3945
f 3943 3945 3946
f 4043 3946 4041
f 4035 4041 4040
f 4042 4040 4039
f 3961 3960 3971
f 3967 3971 3970
f 3968 3970 3948
f 3944 3948 3950
f 3945 3950 3951
f 3946 3951 4038
f 4041 4038 4037
f 4040 4037 4036
f 3960 3959 3966
f 3971 3966 4013
f 3970 4013 4003
f 3948 4003 3947
f 3950 3947 3994
f 3951 3994 3990
f 4038 3990 4033
f 4037 4033 4032
f 3959 3980 3977
f 3966 3977 4004
f 4013 4004 4005
f 4003 4005 4006
f 3947 4006 3992
f 3994 3992 3991
f 3990 3991 3988
f 4033 3988 4051
f 3980 3979 3984
f 3977 3984 3985
f 4004 3985 4011
f 4005 4011 4002
f 4006 4002 3989
f 3992 3989 3987
f 3991 3987 3995
f 3988 3995 4057
f 3979 4631 3981
f 3984 3981 3982
f 3985 3982 3983
f 4011 3983 4012
f 4002 4012 4007
f 3989 4007 3996
f 3987 3996 3997
f 3995 3997 3998
f 4631 4632 3978
f 3981 3978 3972
f 3982 3972 3986
f 3983 3986 4008
f 4012 4008 4009
f 4007 4009 4010
f 3996 4010 4001
f 3997 4001 3999
f 4632 4619 3976
f 3978 3976 3973
f 3972 3973 3974
f 3986 3974 3975
f 4008 3975 4014
f 4009 4014 4016
f 4010 4016 4015
f 4001 4015 3993
f 3958 3964 3962
f 3964 3963 3961
f 3963 3957 3960
f 3957 4667 3959
f 4667 4675 3980
f 4675 4623 3979
f 4623 4628 4631
f 4628 4620 4632
f 4650 4660 4659
f 4655 4659 4653
f 4682 4653 4692
f 4686 4692 4690
f 4684 4690 4689
f 4683 4689 4688
f 4680 4688 4681
f 4679 4681 3964
f 4660 4661 4648
f 4659 4648 4662
f 4653 4662 4676
f 4692 4676 4687
f 4690 4687 4678
f 4689 4678 4685
f 4688 4685 4691
f 4681 4691 3963
f 4661 4600 4649
f 4648 4649 4654
f 4662 4654 4666
f 4676 4666 4672
f 4687 4672 4673
f 4678 4673 4664
f 4685 4664 4674
f 4691 4674 3957
f 4600 4601 4598
f 4649 4598 4652
f 4654 4652 4651
f 4666 4651 4671
f 4672 4671 4670
f 4673 4670 4669
f 4664 4669 4668
f 4674 4668 4667
f 4601 4597 4599
f 4598 4599 4647
f 4652 4647 4646
f 4651 4646 4645
f 4671 4645 4665
f 4670 4665 4663
f 4669 4663 4677
f 4668 4677 4675
f 4597 4545 4557
f 4599 4557 4644
f 4647 4644 4643
f 4646 4643 4642
f 4645 4642 4641
f 4665 4641 4621
f 4663 4621 4622
f 4677 4622 4623
f 4545 4547 4556
f 4557 4556 4555
f 4644 4555 4633
f 4643 4633 4639
f 4642 4639 4638
f 4641 4638 4626
f 4621 4626 4627
f 4622 4627 4628
f 4547 4548 4554
f 4556 4554 4553
f 4555 4553 4636
f 4633 4636 4635
f 4639 4635 4634
f 4638 4634 4630
f 4626 4630 4625
f 4627 4625 4620
f 4548 4544 4550
f 4554 4550 4551
f 4553 4551 4552
f 4636 4552 4640
f 4635 4640 4637
f 4634 4637 4629
f 4630 4629 4624
f 4625 4624 4618
f 4656 4658 4660
f 4658 4594 4661
f 4594 4595 4600
f 4595 4591 4601
f 4591 4588 4597
f 4588 4543 4545
f 4543 4546 4547
f 4546 4549 4548
f 4700 4704 4702
f 4699 4702 4575
f 4584 4575 4580
f 4607 4580 4615
f 4616 4615 4612
f 4603 4612 4589
f 4602 4589 4590
f 4657 4590 4658
f 4704 4693 4694
f 4702 4694 4576
f 4575 4576 4578
f 4580 4578 4614
f 4615 4614 4613
f 4612 4613 4592
f 4589 4592 4593
f 4590 4593 4594
f 4693 4703 4707
f 4694 4707 4587
f 4576 4587 4586
f 4578 4586 4604
f 4614 4604 4605
f 4613 4605 4606
f 4592 4606 4596
f 4593 4596 4595
f 4703 4735 4724
f 4707 4724 4583
f 4587 4583 4582
f 4586 4582 4581
f 4604 4581 4609
f 4605 4609 4610
f 4606 4610 4617
f 4596 4617 4591
f 4735 4737 4723
f 4724 4723 4725
f 4583 4725 4574
f 4582 4574 4573
f 4581 4573 4585
f 4609 4585 4611
f 4610 4611 4608
f 4617 4608 4588
f 4737 4732 4728
f 4723 4728 4730
f 4725 4730 4736
f 4574 4736 4579
f 4573 4579 4577
f 4585 4577 4558
f 4611 4558 4559
f 4608 4559 4543
f 4732 4754 4734
f 4728 4734 4733
f 4730 4733 4731
f 4736 4731 4563
f 4579 4563 4561
f 4577 4561 4571
f 4558 4571 4572
f 4559 4572 4546
f 4754 4753 4739
f 4734 4739 4740
f 4733 4740 4741
f 4731 4741 4562
f 4563 4562 4567
f 4561 4567 4560
f 4571 4560 4570
f 4572 4570 4549
f 4753 4750 4745
f 4739 4745 4746
f 4740 4746 4747
f 4741 4747 4564
f 4562 4564 4565
f 4567 4565 4568
f 4560 4568 4569
f 4570 4569 4566
f 4698 4705 4704
f 4705 4701 4693
f 4701 4697 4703
f 4697 4727 4735
f 4727 4729 4737
f 4729 4766 4732
f 4766 4749 4754
f 4749 4738 4753
f 4839 4852 4829
f 4836 4829 4830
f 4716 4830 4715
f 4717 4715 4714
f 4718 4714 4713
f 4719 4713 4712
f 4695 4712 4706
f 4696 4706 4705
f 4852 4828 4831
f 4829 4831 4834
f 4830 4834 4755
f 4715 4755 4708
f 4714 4708 4709
f 4713 4709 4710
f 4712 4710 4711
f 4706 4711 4701
f 4828 4856 4774
f 4831 4774 4762
f 4834 4762 4838
f 4755 4838 4756
f 4708 4756 4722
f 4709 4722 4721
f 4710 4721 4720
f 4711 4720 4697
f 4856 4853 4844
f 4774 4844 4757
f 4762 4757 4835
f 4838 4835 4833
f 4756 4833 4832
f 4722 4832 4758
f 4721 4758 4726
f 4720 4726 4727
f 4853 4810 4759
f 4844 4759 4760
f 4757 4760 4771
f 4835 4771 4770
f 4833 4770 4837
f 4832 4837 4841
f 4758 4841 4761
f 4726 4761 4729
f 4810 4812 4811
f 4759 4811 4772
f 4760 4772 4773
f 4771 4773 4775
f 4770 4775 4763
f 4837 4763 4764
f 4841 4764 4765
f 4761 4765 4766
f 4812 4788 4808
f 4811 4808 4807
f 4772 4807 4769
f 4773 4769 4782
f 4775 4782 4781
f 4763 4781 4767
f 4764 4767 4751
f 4765 4751 4749
f 4788 4789 4799
f 4808 4799 4804
f 4807 4804 4777
f 4769 4777 4776
f 4782 4776 4768
f 4781 4768 4748
f 4767 4748 4752
f 4751 4752 4738
f 4789 4797 4801
f 4799 4801 4800
f 4804 4800 4778
f 4777 4778 4779
f 4776 4779 4780
f 4768 4780 4742
f 4748 4742 4743
f 4752 4743 4744
f 4842 4857 4852
f 4857 4840 4828
f 4840 4850 4856
f 4850 4851 4853
f 4851 4798 4810
f 4798 4802 4812
f 4802 4792 4788
f 4792 4786 4789
f 4317 4813 4328
f 4320 4328 4819
f 4816 4819 4818
f 4815 4818 4848
f 4814 4848 4855
f 4817 4855 4854
f 4849 4854 4846
f 4847 4846 4857
f 4813 4329 4820
f 4328 4820 4821
f 4819 4821 4822
f 4818 4822 4823
f 4848 4823 4824
f 4855 4824 4787
f 4854 4787 4845
f 4846 4845 4840
f 4329 4322 4825
f 4820 4825 4387
f 4821 4387 4378
f 4822 4378 4827
f 4823 4827 4826
f 4824 4826 4790
f 4787 4790 4791
f 4845 4791 4850
f 4322 4318 4386
f 4825 4386 4385
f 4387 4385 4384
f 4378 4384 4377
f 4827 4377 4383
f 4826 4383 4382
f 4790 4382 4843
f 4791 4843 4851
f 4318 4349 4381
f 4386 4381 4380
f 4385 4380 4376
f 4384 4376 4379
f 4377 4379 4388
f 4383 4388 4796
f 4382 4796 4809
f 4843 4809 4798
f 4349 4351 4375
f 4381 4375 4389
f 4380 4389 4369
f 4376 4369 4390
f 4379 4390 4806
f 4388 4806 4805
f 4796 4805 4803
f 4809 4803 4802
f 4351 4347 4391
f 4375 4391 4362
f 4389 4362 4795
f 4369 4795 4794
f 4390 4794 4368
f 4806 4368 4367
f 4805 4367 4793
f 4803 4793 4792
f 4347 4348 4361
f 4391 4361 4358
f 4362 4358 4366
f 4795 4366 4365
f 4794 4365 4364
f 4368 4364 4363
f 4367 4363 4784
f 4793 4784 4786
f 4348 4359 4350
f 4361 4350 4374
f 4358 4374 4373
f 4366 4373 4372
f 4365 4372 4371
f 4364 4371 4370
f 4363 4370 4783
f 4784 4783 4785
f 4319 4327 4813
f 4327 4331 4329
f 4331 4324 4322
f 4324 4336 4318
f 4336 4334 4349
f 4334 4352 4351
f 4352 4357 4347
f 4357 4360 4348
f 4300 4296 4288
f 4290 4288 4289
f 4293 4289 4291
f 4294 4291 4342
f 4335 4342 4341
f 4332 4341 4340
f 4323 4340 4326
f 4321 4326 4327
f 4296 4297 4287
f 4288 4287 4311
f 4289 4311 4312
f 4291 4312 4313
f 4342 4313 4338
f 4341 4338 4337
f 4340 4337 4330
f 4326 4330 4331
f 4297 4284 4275
f 4287 4275 4302
f 4311 4302 4306
f 4312 4306 4339
f 4313 4339 4343
f 4338 4343 4344
f 4337 4344 4325
f 4330 4325 4324
f 4284 4285 4274
f 4275 4274 4303
f 4302 4303 4304
f 4306 4304 4305
f 4339 4305 4307
f 4343 4307 4345
f 4344 4345 4346
f 4325 4346 4336
f 4285 4286 4272
f 4274 4272 4315
f 4303 4315 4249
f 4304 4249 4310
f 4305 4310 4309
f 4307 4309 4355
f 4345 4355 4333
f 4346 4333 4334
f 4286 4308 4314
f 4272 4314 4273
f 4315 4273 4250
f 4249 4250 4246
f 4310 4246 4252
f 4309 4252 4251
f 4355 4251 4354
f 4333 4354 4352
f 4308 4316 4260
f 4314 4260 4261
f 4273 4261 4276
f 4250 4276 4248
f 4246 4248 4247
f 4252 4247 4242
f 4251 4242 4356
f 4354 4356 4357
f 4316 4264 4266
f 4260 4266 4267
f 4261 4267 4268
f 4276 4268 4243
f 4248 4243 4244
f 4247 4244 4245
f 4242 4245 4353
f 4356 4353 4360
f 4264 4263 4269
f 4266 4269 4270
f 4267 4270 4271
f 4268 4271 4257
f 4243 4257 4253
f 4244 4253 4254
f 4245 4254 4255
f 4353 4255 4256
f 4292 4298 4296
f 4298 4295 4297
f 4295 4278 4284
f 4278 4281 4285
f 4281 4279 4286
f 4279 4258 4308
f 4258 4259 4316
f 4259 4265 4264
f 4392 4409 4399
f 4412 4399 4419
f 4413 4419 4418
f 4414 4418 4416
f 4411 4416 4415
f 4410 4415 4407
f 4408 4407 4299
f 4301 4299 4298
f 4409 4406 4400
f 4399 4400 4421
f 4419 4421 4420
f 4418 4420 4401
f 4416 4401 4417
f 4415 4417 4283
f 4407 4283 4280
f 4299 4280 4295
f 4406 4440 4402
f 4400 4402 4403
f 4421 4403 4404
f 4420 4404 4405
f 4401 4405 4430
f 4417 4430 4434
f 4283 4434 4277
f 4280 4277 4278
f 4440 4448 4438
f 4402 4438 4439
f 4403 4439 4397
f 4404 4397 4393
f 4405 4393 4435
f 4430 4435 4433
f 4434 4433 4282
f 4277 4282 4281
f 4448 4450 4446
f 4438 4446 4441
f 4439 4441 4449
f 4397 4449 4432
f 4393 4432 4424
f 4435 4424 4422
f 4433 4422 4425
f 4282 4425 4279
f 4450 4451 4447
f 4446 4447 4443
f 4441 4443 4453
f 4449 4453 4467
f 4432 4467 4457
f 4424 4457 4428
f 4422 4428 4262
f 4425 4262 4258
f 4451 4469 4466
f 4447 4466 4477
f 4443 4477 4442
f 4453 4442 4465
f 4467 4465 4427
f 4457 4427 4464
f 4428 4464 4426
f 4262 4426 4259
f 4469 4471 4478
f 4466 4478 4463
f 4477 4463 4462
f 4442 4462 4461
f 4465 4461 4423
f 4427 4423 4460
f 4464 4460 4431
f 4426 4431 4265
f 4471 4458 4455
f 4478 4455 4475
f 4463 4475 4482
f 4462 4482 4454
f 4461 4454 4456
f 4423 4456 4436
f 4460 4436 4452
f 4431 4452 4429
f 4396 4395 4409
f 4395 4394 4406
f 4394 4398 4440
f 4398 4437 4448
f 4437 4445 4450
f 4445 4444 4451
f 4444 4473 4469
f 4473 4459 4471
f 4529 8907 4536
f 4525 4536 4540
f 4524 4540 4518
f 4512 4518 4519
f 4509 4519 4511
f 4508 4511 4510
f 4507 4510 4503
f 4506 4503 4395
f 8907 4532 4538
f 4536 4538 4541
f 4540 4541 4523
f 4518 4523 4522
f 4519 4522 4505
f 4511 4505 4504
f 4510 4504 4502
f 4503 4502 4394
f 4532 4531 4542
f 4538 4542 4528
f 4541 4528 4521
f 4523 4521 4520
f 4522 4520 4513
f 4505 4513 4517
f 4504 4517 4501
f 4502 4501 4398
f 4531 8906 4535
f 4542 4535 4534
f 4528 4534 4516
f 4521 4516 4515
f 4520 4515 4514
f 4513 4514 4500
f 4517 4500 4479
f 4501 4479 4437
f 8906 8896 8895
f 4535 8895 4530
f 4534 4530 4488
f 4516 4488 4527
f 4515 4527 4526
f 4514 4526 4499
f 4500 4499 4498
f 4479 4498 4445
f 8896 8904 8892
f 8895 8892 8897
f 4530 8897 4489
f 4488 4489 4490
f 4527 4490 4483
f 4526 4483 4481
f 4499 4481 4480
f 4498 4480 4444
f 8904 8893 8898
f 8892 8898 8899
f 8897 8899 4491
f 4489 4491 4493
f 4490 4493 4492
f 4483 4492 4472
f 4481 4472 4487
f 4480 4487 4473
f 8893 8883 8900
f 8898 8900 8901
f 8899 8901 4486
f 4491 4486 4485
f 4493 4485 4484
f 4492 4484 4470
f 4472 4470 4468
f 4487 4468 4459
f 8883 8881 8878
f 8900 8878 8905
f 8901 8905 4494
f 4486 4494 4495
f 4485 4495 4496
f 4484 4496 4497
f 4470 4497 4474
f 4468 4474 4476
f 4539 8911 8907
f 8911 8908 4532
f 8908 8915 4531
f 8915 8903 8906
f 8903 8894 8896
f 8894 8890 8904
f 8890 8888 8893
f 8888 8885 8883
f 8815 8803 8928
f 8804 8928 8816
f 8924 8816 8929
f 8925 8929 8922
f 8926 8922 8914
f 8918 8914 8913
f 8917 8913 8912
f 8916 8912 8911
f 8803 8806 8931
f 8928 8931 8932
f 8816 8932 8933
f 8929 8933 8938
f 8922 8938 8942
f 8914 8942 8910
f 8913 8910 8909
f 8912 8909 8908
f 8806 8807 8813
f 8931 8813 8935
f 8932 8935 8943
f 8933 8943 8936
f 8938 8936 8937
f 8942 8937 4537
f 8910 4537 4533
f 8909 4533 8915
f 8807 8808 8812
f 8813 8812 8939
f 8935 8939 8940
f 8943 8940 8941
f 8936 8941 8919
f 8937 8919 8920
f 4537 8920 8944
f 4533 8944 8903
f 8808 8838 8836
f 8812 8836 8884
f 8939 8884 8951
f 8940 8951 8923
f 8941 8923 8945
f 8919 8945 8921
f 8920 8921 8902
f 8944 8902 8894
f 8838 8837 8839
f 8836 8839 8840
f 8884 8840 8891
f 8951 8891 8950
f 8923 8950 8927
f 8945 8927 8949
f 8921 8949 8948
f 8902 8948 8890
f 8837 8847 8841
f 8839 8841 8842
f 8840 8842 8843
f 8891 8843 8844
f 8950 8844 8947
f 8927 8947 8930
f 8949 8930 8889
f 8948 8889 8888
f 8847 8848 8849
f 8841 8849 8845
f 8842 8845 8846
f 8843 8846 8832
f 8844 8832 8946
f 8947 8946 8887
f 8930 8887 8886
f 8889 8886 8885
f 8848 8850 8860
f 8849 8860 8835
f 8845 8835 8834
f 8846 8834 8833
f 8832 8833 8882
f 8946 8882 8880
f 8887 8880 8879
f 8886 8879 8877
f 8805 8934 8803
f 8934 8802 8806
f 8802 8859 8807
f 8859 8809 8808
f 8809 8854 8838
f 8854 8853 8837
f 8853 8862 8847
f 8862 8868 8848
f 8981 8980 8975
f 8977 8975 8974
f 8821 8974 8831
f 8819 8831 8825
f 8818 8825 8820
f 8817 8820 8830
f 8811 8830 8814
f 8810 8814 8934
f 8980 8979 8970
f 8975 8970 8973
f 8974 8973 8829
f 8831 8829 8828
f 8825 8828 8827
f 8820 8827 8826
f 8830 8826 8857
f 8814 8857 8802
f 8979 8978 8972
f 8970 8972 8969
f 8973 8969 8968
f 8829 8968 8824
f 8828 8824 8823
f 8827 8823 8822
f 8826 8822 8852
f 8857 8852 8859
f 8978 9002 8967
f 8972 8967 8971
f 8969 8971 8976
f 8968 8976 8875
f 8824 8875 8874
f 8823 8874 8858
f 8822 8858 8856
f 8852 8856 8809
f 9002 9004 9011
f 8967 9011 8989
f 8971 8989 8995
f 8976 8995 8994
f 8875 8994 8873
f 8874 8873 8855
f 8858 8855 8851
f 8856 8851 8854
f 9004 9005 9003
f 9011 9003 8993
f 8989 8993 8992
f 8995 8992 8872
f 8994 8872 8871
f 8873 8871 8870
f 8855 8870 8869
f 8851 8869 8853
f 9005 9023 9001
f 9003 9001 9000
f 8993 9000 8991
f 8992 8991 8990
f 8872 8990 8867
f 8871 8867 8865
f 8870 8865 8864
f 8869 8864 8862
f 9023 9015 9017
f 9001 9017 8982
f 9000 8982 8988
f 8991 8988 8987
f 8990 8987 8986
f 8867 8986 8863
f 8865 8863 8866
f 8864 8866 8868
f 9015 9019 9026
f 9017 9026 9014
f 8982 9014 8996
f 8988 8996 8983
f 8987 8983 8984
f 8986 8984 8985
f 8863 8985 8876
f 8866 8876 8861
f 8963 8965 8980
f 8965 8956 8979
f 8956 8952 8978
f 8952 8953 9002
f 8953 9009 9004
f 9009 8999 9005
f 8999 9016 9023
f 9016 9012 9015
f 9054 9056 9053
f 9071 9053 9052
f 9070 9052 9062
f 9069 9062 9067
f 9068 9067 8958
f 9066 8958 8959
f 8961 8959 8966
f 8962 8966 8965
f 9056 9044 9048
f 9053 9048 9047
f 9052 9047 9046
f 9062 9046 9064
f 9067 9064 8964
f 8958 8964 8960
f 8959 8960 8957
f 8966 8957 8956
f 9044 9041 9043
f 9048 9043 9042
f 9047 9042 9063
f 9046 9063 9065
f 9064 9065 9006
f 8964 9006 8955
f 8960 8955 8954
f 8957 8954 8952
f 9041 9095 9050
f 9043 9050 9051
f 9042 9051 9057
f 9063 9057 9058
f 9065 9058 9010
f 9006 9010 8998
f 8955 8998 8997
f 8954 8997 8953
f 9095 9091 9098
f 9050 9098 9055
f 9051 9055 9061
f 9057 9061 9059
f 9058 9059 9060
f 9010 9060 9007
f 8998 9007 9008
f 8997 9008 9009
f 9091 9090 9101
f 9098 9101 9085
f 9055 9085 9086
f 9061 9086 9072
f 9059 9072 9073
f 9060 9073 9021
f 9007 9021 9020
f 9008 9020 8999
f 9090 9089 9099
f 9101 9099 9076
f 9085 9076 9077
f 9086 9077 9078
f 9072 9078 9079
f 9073 9079 9080
f 9021 9080 9018
f 9020 9018 9016
f 9089 9112 9093
f 9099 9093 9092
f 9076 9092 9081
f 9077 9081 9082
f 9078 9082 9083
f 9079 9083 9084
f 9080 9084 9013
f 9018 9013 9012
f 9112 9116 9115
f 9093 9115 9094
f 9092 9094 9100
f 9081 9100 9075
f 9082 9075 9074
f 9083 9074 9022
f 9084 9022 9024
f 9013 9024 9025
f 9049 9045 9056
f 9045 9038 9044
f 9038 9036 9041
f 9036 9097 9095
f 9097 9087 9091
f 9087 9088 9090
f 9088 9110 9089
f 9110 9103 9112
f 8672 8675 8677
f 8678 8677 8666
f 8660 8666 8665
f 8659 8665 8664
f 9035 8664 9031
f 9034 9031 9032
f 9033 9032 9029
f 9030 9029 9045
f 8675 8674 8676
f 8677 8676 8663
f 8666 8663 8662
f 8665 8662 8661
f 8664 8661 9040
f 9031 9040 9027
f 9032 9027 9039
f 9029 9039 9038
f 8674 8716 8718
f 8676 8718 8717
f 8663 8717 8652
f 8662 8652 8658
f 8661 8658 8657
f 9040 8657 9028
f 9027 9028 9037
f 9039 9037 9036
f 8716 8715 8719
f 8718 8719 8720
f 8717 8720 8656
f 8652 8656 8655
f 8658 8655 8654
f 8657 8654 8653
f 9028 8653 9096
f 9037 9096 9097
f 8715 8714 8722
f 8719 8722 8723
f 8720 8723 8688
f 8656 8688 8689
f 8655 8689 9102
f 8654 9102 9104
f 8653 9104 9105
f 9096 9105 9087
f 8714 8708 8724
f 8722 8724 8725
f 8723 8725 8690
f 8688 8690 8691
f 8689 8691 8692
f 9102 8692 9106
f 9104 9106 9107
f 9105 9107 9088
f 8708 8707 8698
f 8724 8698 8726
f 8725 8726 8693
f 8690 8693 8694
f 8691 8694 8695
f 8692 8695 9108
f 9106 9108 9109
f 9107 9109 9110
f 8707 8706 8711
f 8698 8711 8710
f 8726 8710 8696
f 8693 8696 8685
f 8694 8685 8687
f 8695 8687 8682
f 9108 8682 9111
f 9109 9111 9103
f 8706 8705 8702
f 8711 8702 8700
f 8710 8700 8709
f 8696 8709 8683
f 8685 8683 8684
f 8687 8684 8686
f 8682 8686 9113
f 9111 9113 9114
f 8679 8673 8675
f 8673 8670 8674
f 8670 8721 8716
f 8721 8712 8715
f 8712 8713 8714
f 8713 8699 8708
f 8699 8701 8707
f 8701 8703 8706
f 8727 8741 8729
f 8740 8729 8730
f 8739 8730 8731
f 8738 8731 8750
f 8744 8750 8742
f 8681 8742 8669
f 8667 8669 8671
f 8680 8671 8673
f 8741 8737 8732
f 8729 8732 8733
f 8730 8733 8734
f 8731 8734 8743
f 8750 8743 8755
f 8742 8755 8756
f 8669 8756 8668
f 8671 8668 8670
f 8737 8758 8728
f 8732 8728 8736
f 8733 8736 8735
f 8734 8735 8747
f 8743 8747 8746
f 8755 8746 8745
f 8756 8745 8748
f 8668 8748 8721
f 8758 8650 8799
f 8728 8799 8788
f 8736 8788 8778
f 8735 8778 8774
f 8747 8774 8754
f 8746 8754 8753
f 8745 8753 8749
f 8748 8749 8712
f 8650 8647 8791
f 8799 8791 8794
f 8788 8794 8792
f 8778 8792 8772
f 8774 8772 8773
f 8754 8773 8751
f 8753 8751 8752
f 8749 8752 8713
f 8647 8646 8615
f 8791 8615 8798
f 8794 8798 8796
f 8792 8796 8775
f 8772 8775 8776
f 8773 8776 8777
f 8751 8777 8697
f 8752 8697 8699
f 8646 8640 8643
f 8615 8643 8800
f 8798 8800 8801
f 8796 8801 8790
f 8775 8790 8781
f 8776 8781 8786
f 8777 8786 8785
f 8697 8785 8701
f 8640 8619 8644
f 8643 8644 8789
f 8800 8789 8793
f 8801 8793 8787
f 8790 8787 8784
f 8781 8784 8783
f 8786 8783 8782
f 8785 8782 8703
f 8619 8610 8608
f 8644 8608 8607
f 8789 8607 8613
f 8793 8613 8797
f 8787 8797 8795
f 8784 8795 8780
f 8783 8780 8779
f 8782 8779 8704
f 8765 8771 8741
f 8771 8762 8737
f 8762 8757 8758
f 8757 8614 8650
f 8614 8651 8647
f 8651 8620 8646
f 8620 8645 8640
f 8645 8616 8619
f 8601 8593 8606
f 8590 8606 8587
f 8589 8587 8586
f 8588 8586 8578
f 8763 8578 8770
f 8759 8770 8769
f 8767 8769 8768
f 8766 8768 8771
f 8593 8594 8605
f 8606 8605 8579
f 8587 8579 8583
f 8586 8583 8584
f 8578 8584 8580
f 8770 8580 8760
f 8769 8760 8761
f 8768 8761 8762
f 8594 8598 8595
f 8605 8595 8577
f 8579 8577 8581
f 8583 8581 8585
f 8584 8585 8591
f 8580 8591 8641
f 8760 8641 8764
f 8761 8764 8757
f 8598 8545 8543
f 8595 8543 8600
f 8577 8600 8618
f 8581 8618 8617
f 8585 8617 8582
f 8591 8582 8642
f 8641 8642 8639
f 8764 8639 8614
f 8545 8563 8542
f 8543 8542 8592
f 8600 8592 8634
f 8618 8634 8612
f 8617 8612 8611
f 8582 8611 8638
f 8642 8638 8637
f 8639 8637 8651
f 8563 8565 8535
f 8542 8535 8536
f 8592 8536 8636
f 8634 8636 8633
f 8612 8633 8631
f 8611 8631 8649
f 8638 8649 8648
f 8637 8648 8620
f 8565 8546 8537
f 8535 8537 8538
f 8536 8538 8539
f 8636 8539 8622
f 8633 8622 8635
f 8631 8635 8621
f 8649 8621 8632
f 8648 8632 8645
f 8546 8559 8540
f 8537 8540 8541
f 8538 8541 8544
f 8539 8544 8626
f 8622 8626 8625
f 8635 8625 8624
f 8621 8624 8623
f 8632 8623 8616
f 8559 8552 8558
f 8540 8558 8533
f 8541 8533 8532
f 8544 8532 8630
f 8626 8630 8629
f 8625 8629 8628
f 8624 8628 8609
f 8623 8609 8627
f 8596 8603 8593
f 8603 8602 8594
f 8602 8526 8598
f 8526 8569 8545
f 8569 8572 8563
f 8572 8534 8565
f 8534 8547 8546
f 8547 8548 8559
f 8502 8504 8510
f 8512 8510 8503
f 8513 8503 8509
f 8511 8509 8528
f 8518 8528 8529
f 8530 8529 8517
f 8531 8517 8599
f 8597 8599 8603
f 8504 9601 8508
f 8510 8508 8507
f 8503 8507 8562
f 8509 8562 8506
f 8528 8506 8520
f 8529 8520 8521
f 8517 8521 8522
f 8599 8522 8602
f 9601 9602 9610
f 8508 9610 9611
f 8507 9611 8576
f 8562 8576 8575
f 8506 8575 8523
f 8520 8523 8524
f 8521 8524 8525
f 8522 8525 8526
f 9602 9606 9598
f 9610 9598 9582
f 9611 9582 9588
f 8576 9588 8571
f 8575 8571 8570
f 8523 8570 8527
f 8524 8527 8519
f 8525 8519 8569
f 9606 9584 9572
f 9598 9572 9590
f 9582 9590 9571
f 9588 9571 8568
f 8571 8568 8566
f 8570 8566 8564
f 8527 8564 8604
f 8519 8604 8572
f 9584 9583 9591
f 9572 9591 9573
f 9590 9573 9567
f 9571 9567 9577
f 8568 9577 8573
f 8566 8573 8574
f 8564 8574 8567
f 8604 8567 8534
f 9583 9580 9586
f 9591 9586 9592
f 9573 9592 9589
f 9567 9589 9575
f 9577 9575 9574
f 8573 9574 8561
f 8574 8561 8560
f 8567 8560 8547
f 9580 9578 9587
f 9586 9587 9568
f 9592 9568 9585
f 9589 9585 8551
f 9575 8551 9570
f 9574 9570 8550
f 8561 8550 8549
f 8560 8549 8548
f 9578 9569 9576
f 9587 9576 9595
f 9568 9595 9596
f 9585 9596 8553
f 8551 8553 8554
f 9570 8554 8555
f 8550 8555 8556
f 8549 8556 8557
f 8514 9609 8504
f 9609 9607 9601
f 9607 9597 9602
f 9597 9613 9606
f 9613 9615 9584
f 9615 9581 9583
f 9581 9579 9580
f 9579 9593 9578
f 9693 9689 9616
f 9634 9616 9636
f 9637 9636 9599
f 9600 9599 9603
f 9640 9603 9638
f 8516 9638 9604
f 8505 9604 9605
f 8515 9605 9609
f 9689 9698 9639
f 9616 9639 9612
f 9636 9612 9618
f 9599 9618 9622
f 9603 9622 9621
f 9638 9621 9635
f 9604 9635 9608
f 9605 9608 9607
f 9698 9699 9703
f 9639 9703 9627
f 9612 9627 9704
f 9618 9704 9624
f 9622 9624 9625
f 9621 9625 9626
f 9635 9626 9623
f 9608 9623 9597
f 9699 9683 9705
f 9703 9705 9707
f 9627 9707 9708
f 9704 9708 9694
f 9624 9694 9629
f 9625 9629 9628
f 9626 9628 9614
f 9623 9614 9613
f 9683 9684 9727
f 9705 9727 9695
f 9707 9695 9711
f 9708 9711 9702
f 9694 9702 9696
f 9629 9696 9630
f 9628 9630 9631
f 9614 9631 9615
f 9684 9685 9723
f 9727 9723 9730
f 9695 9730 9714
f 9711 9714 9729
f 9702 9729 9697
f 9696 9697 9632
f 9630 9632 9633
f 9631 9633 9581
f 9685 9717 9726
f 9723 9726 9725
f 9730 9725 9724
f 9714 9724 9715
f 9729 9715 9713
f 9697 9713 9701
f 9632 9701 9641
f 9633 9641 9579
f 9717 9642 9718
f 9726 9718 9719
f 9725 9719 9728
f 9724 9728 9712
f 9715 9712 9710
f 9713 9710 9709
f 9701 9709 9617
f 9641 9617 9593
f 9642 9656 9716
f 9718 9716 9722
f 9719 9722 9721
f 9728 9721 9720
f 9712 9720 9706
f 9710 9706 9594
f 9709 9594 9619
f 9617 9619 9620
f 9688 9700 9689
f 9700 9691 9698
f 9691 9686 9699
f 9686 9676 9683
f 9676 9680 9684
f 9680 9674 9685
f 9674 9645 9717
f 9645 9643 9642
f 9522 9524 9536
f 9525 9536 9660
f 9668 9660 9535
f 9664 9535 9665
f 9663 9665 9666
f 9662 9666 9667
f 9661 9667 9692
f 9690 9692 9700
f 9524 9531 9533
f 9536 9533 9534
f 9660 9534 9532
f 9535 9532 9671
f 9665 9671 9670
f 9666 9670 9669
f 9667 9669 9687
f 9692 9687 9691
f 9531 9545 9507
f 9533 9507 9530
f 9534 9530 9529
f 9532 9529 9659
f 9671 9659 9658
f 9670 9658 9672
f 9669 9672 9673
f 9687 9673 9686
f 9545 9564 9538
f 9507 9538 9528
f 9530 9528 9527
f 9529 9527 9526
f 9659 9526 9657
f 9658 9657 9678
f 9672 9678 9677
f 9673 9677 9676
f 9564 9559 9502
f 9538 9502 9509
f 9528 9509 9510
f 9527 9510 9511
f 9526 9511 9512
f 9657 9512 9675
f 9678 9675 9679
f 9677 9679 9680
f 9559 9554 9503
f 9502 9503 9561
f 9509 9561 9513
f 9510 9513 9514
f 9511 9514 9515
f 9512 9515 9681
f 9675 9681 9682
f 9679 9682 9674
f 9554 9495 9504
f 9503 9504 9516
f 9561 9516 9517
f 9513 9517 9518
f 9514 9518 9648
f 9515 9648 9647
f 9681 9647 9646
f 9682 9646 9645
f 9495 9496 9505
f 9504 9505 9506
f 9516 9506 9519
f 9517 9519 9520
f 9518 9520 9521
f 9648 9521 9644
f 9647 9644 9649
f 9646 9649 9643
f 9496 9497 9492
f 9505 9492 9508
f 9506 9508 9654
f 9519 9654 9655
f 9520 9655 9653
f 9521 9653 9652
f 9644 9652 9651
f 9649 9651 9650
f 9551 9523 9524
f 9523 9566 9531
f 9566 9562 9545
f 9562 9556 9564
f 9556 9552 9559
f 9552 9494 9554
f 9494 9500 9495
f 9500 9501 9496
f 9477 9451 9478
f 9481 9478 9489
f 9479 9489 9483
f 9480 9483 9541
f 9539 9541 9542
f 9537 9542 9543
f 9550 9543 9540
f 9549 9540 9523
f 9451 9450 9485
f 9478 9485 9486
f 9489 9486 9487
f 9483 9487 9488
f 9541 9488 9548
f 9542 9548 9547
f 9543 9547 9546
f 9540 9546 9566
f 9450 9457 9456
f 9485 9456 9462
f 9486 9462 9463
f 9487 9463 9491
f 9488 9491 9565
f 9548 9565 9563
f 9547 9563 9544
f 9546 9544 9562
f 9457 9453 9467
f 9456 9467 9468
f 9462 9468 9469
f 9463 9469 9429
f 9491 9429 9560
f 9565 9560 9558
f 9563 9558 9557
f 9544 9557 9556
f 9453 9454 9455
f 9467 9455 9470
f 9468 9470 9464
f 9469 9464 9423
f 9429 9423 9424
f 9560 9424 9555
f 9558 9555 9553
f 9557 9553 9552
f 9454 9476 9473
f 9455 9473 9474
f 9470 9474 9475
f 9464 9475 9422
f 9423 9422 9419
f 9424 9419 9420
f 9555 9420 9498
f 9553 9498 9494
f 9476 9436 9465
f 9473 9465 9471
f 9474 9471 9466
f 9475 9466 9427
f 9422 9427 9417
f 9419 9417 9421
f 9420 9421 9499
f 9498 9499 9500
f 9436 9437 9438
f 9465 9438 9435
f 9471 9435 9444
f 9466 9444 9472
f 9427 9472 9426
f 9417 9426 9428
f 9421 9428 9431
f 9499 9431 9501
f 9437 9344 9432
f 9438 9432 9441
f 9435 9441 9439
f 9444 9439 9440
f 9472 9440 9430
f 9426 9430 9418
f 9428 9418 9425
f 9431 9425 9493
f 9490 9484 9451
f 9484 9482 9450
f 9482 9448 9457
f 9448 9452 9453
f 9452 9447 9454
f 9447 9433 9476
f 9433 9443 9436
f 9443 9348 9437
f 9405 9402 9408
f 9411 9408 9407
f 9412 9407 9386
f 9379 9386 9385
f 9378 9385 9384
f 9372 9384 9382
f 9459 9382 9458
f 9460 9458 9484
f 9402 9394 9404
f 9408 9404 9406
f 9407 9406 9403
f 9386 9403 9381
f 9385 9381 9380
f 9384 9380 9373
f 9382 9373 9461
f 9458 9461 9482
f 9394 9395 9401
f 9404 9401 9390
f 9406 9390 9374
f 9403 9374 9375
f 9381 9375 9376
f 9380 9376 9445
f 9373 9445 9449
f 9461 9449 9448
f 9395 9396 9387
f 9401 9387 9391
f 9390 9391 9392
f 9374 9392 9383
f 9375 9383 9356
f 9376 9356 9342
f 9445 9342 9446
f 9449 9446 9452
f 9396 9397 9393
f 9387 9393 9364
f 9391 9364 9398
f 9392 9398 9377
f 9383 9377 9352
f 9356 9352 9346
f 9342 9346 9442
f 9446 9442 9447
f 9397 9303 9399
f 9393 9399 9400
f 9364 9400 9365
f 9398 9365 9363
f 9377 9363 9347
f 9352 9347 9353
f 9346 9353 9434
f 9442 9434 9433
f 9303 9298 9362
f 9399 9362 9388
f 9400 9388 9366
f 9365 9366 9367
f 9363 9367 9371
f 9347 9371 9354
f 9353 9354 9355
f 9434 9355 9443
f 9298 9302 9308
f 9362 9308 9370
f 9388 9370 9369
f 9366 9369 9368
f 9367 9368 9351
f 9371 9351 9350
f 9354 9350 9349
f 9355 9349 9348
f 9302 9331 9309
f 9308 9309 9360
f 9370 9360 9359
f 9369 9359 9357
f 9368 9357 9358
f 9351 9358 9361
f 9350 9361 9343
f 9349 9343 9345
f 9409 9413 9402
f 9413 9410 9394
f 9410 9389 9395
f 9389 9307 9396
f 9307 9299 9397
f 9299 9311 9303
f 9311 9297 9298
f 9297 9341 9302
f 9291 9286 9294
f 9282 9294 9296
f 9277 9296 9280
f 9276 9280 9281
f 9275 9281 9279
f 9274 9279 9278
f 9416 9278 9414
f 9415 9414 9413
f 9286 9244 9295
f 9294 9295 9293
f 9296 9293 9292
f 9280 9292 9273
f 9281 9273 9267
f 9279 9267 9272
f 9278 9272 9271
f 9414 9271 9410
f 9244 9240 9290
f 9295 9290 9289
f 9293 9289 9288
f 9292 9288 9287
f 9273 9287 9268
f 9267 9268 9269
f 9272 9269 9270
f 9271 9270 9389
f 9240 9239 9249
f 9290 9249 9285
f 9289 9285 9284
f 9288 9284 9283
f 9287 9283 9304
f 9268 9304 9305
f 9269 9305 9306
f 9270 9306 9307
f 9239 9238 9243
f 9249 9243 9322
f 9285 9322 9337
f 9284 9337 9338
f 9283 9338 9339
f 9304 9339 9301
f 9305 9301 9300
f 9306 9300 9299
f 9238 9213 9315
f 9243 9315 9312
f 9322 9312 9313
f 9337 9313 9334
f 9338 9334 9333
f 9339 9333 9330
f 9301 9330 9310
f 9300 9310 9311
f 9213 9207 9214
f 9315 9214 9318
f 9312 9318 9325
f 9313 9325 9326
f 9334 9326 9332
f 9333 9332 9329
f 9330 9329 9328
f 9310 9328 9297
f 9207 9211 9212
f 9214 9212 9317
f 9318 9317 9324
f 9325 9324 9323
f 9326 9323 9321
f 9332 9321 9340
f 9329 9340 9327
f 9328 9327 9341
f 9211 9219 9209
f 9212 9209 9208
f 9317 9208 9319
f 9324 9319 9320
f 9323 9320 9316
f 9321 9316 9314
f 9340 9314 9336
f 9327 9336 9335
f 9242 9247 9286
f 9247 9250 9244
f 9250 9251 9240
f 9251 9248 9239
f 9248 9260 9238
f 9260 9215 9213
f 9215 9218 9207
f 9218 9216 9211
f 9236 9232 9226
f 9222 9226 9227
f 9225 9227 9223
f 9224 9223 9259
f 9252 9259 9264
f 9255 9264 9263
f 9256 9263 9246
f 9241 9246 9247
f 9232 9161 9235
f 9226 9235 9234
f 9227 9234 9233
f 9223 9233 9262
f 9259 9262 9261
f 9264 9261 9257
f 9263 9257 9245
f 9246 9245 9250
f 9161 9136 9230
f 9235 9230 9229
f 9234 9229 9228
f 9233 9228 9254
f 9262 9254 9253
f 9261 9253 9258
f 9257 9258 9237
f 9245 9237 9251
f 9136 9137 9146
f 9230 9146 9145
f 9229 9145 9140
f 9228 9140 9132
f 9254 9132 9141
f 9253 9141 9265
f 9258 9265 9266
f 9237 9266 9248
f 9137 9138 9134
f 9146 9134 9133
f 9145 9133 9202
f 9140 9202 9203
f 9132 9203 9204
f 9141 9204 9221
f 9265 9221 9220
f 9266 9220 9260
f 9138 9139 9143
f 9134 9143 9135
f 9133 9135 9142
f 9202 9142 9198
f 9203 9198 9194
f 9204 9194 9193
f 9221 9193 9192
f 9220 9192 9215
f 9139 9186 9124
f 9143 9124 9144
f 9135 9144 9195
f 9142 9195 9196
f 9198 9196 9197
f 9194 9197 9200
f 9193 9200 9199
f 9192 9199 9218
f 9186 9131 9125
f 9124 9125 9126
f 9144 9126 9127
f 9195 9127 9129
f 9196 9129 9130
f 9197 9130 9201
f 9200 9201 9217
f 9199 9217 9216
f 9131 9123 9118
f 9125 9118 9119
f 9126 9119 9120
f 9127 9120 9121
f 9129 9121 9122
f 9130 9122 9206
f 9201 9206 9205
f 9217 9205 9210
f 9231 9157 9232
f 9157 9152 9161
f 9152 9190 9136
f 9190 9191 9137
f 9191 9188 9138
f 9188 9184 9139
f 9184 9181 9186
f 9181 9128 9131
f 7822 7826 9169
f 7819 9169 9173
f 7816 9173 9170
f 9165 9170 9171
f 9155 9171 9160
f 9156 9160 9159
f 9150 9159 9158
f 9147 9158 9157
f 7826 7824 9175
f 9169 9175 9176
f 9173 9176 9174
f 9170 9174 9172
f 9171 9172 9148
f 9160 9148 9149
f 9159 9149 9151
f 9158 9151 9152
f 7824 7823 7815
f 9175 7815 7825
f 9176 7825 9168
f 9174 9168 9167
f 9172 9167 9166
f 9148 9166 9153
f 9149 9153 9189
f 9151 9189 9190
f 7823 7856 7854
f 7815 7854 7881
f 7825 7881 9164
f 9168 9164 7861
f 9167 7861 9163
f 9166 9163 9154
f 9153 9154 9180
f 9189 9180 9191
f 7856 7853 7855
f 7854 7855 7882
f 7881 7882 9162
f 9164 9162 7862
f 7861 7862 9177
f 9163 9177 9179
f 9154 9179 9178
f 9180 9178 9188
f 7853 7852 7884
f 7855 7884 7885
f 7882 7885 7863
f 9162 7863 7864
f 7862 7864 7865
f 9177 7865 9187
f 9179 9187 9185
f 9178 9185 9184
f 7852 7851 7886
f 7884 7886 7883
f 7885 7883 7868
f 7863 7868 7870
f 7864 7870 7871
f 7865 7871 9183
f 9187 9183 9182
f 9185 9182 9181
f 7851 7783 7880
f 7886 7880 7876
f 7883 7876 7875
f 7868 7875 7874
f 7870 7874 7866
f 7871 7866 7867
f 9183 7867 7869
f 9182 7869 9128
f 7783 7873 7872
f 7880 7872 7878
f 7876 7878 7877
f 7875 7877 7860
f 7874 7860 7857
f 7866 7857 7859
f 7867 7859 7858
f 7869 7858 9117
f 7820 7814 7826
f 7814 7835 7824
f 7835 7850 7823
f 7850 7846 7856
f 7846 7848 7853
f 7848 7842 7852
f 7842 7796 7851
f 7796 7784 7783
f 7760 7759 7774
f 7781 7774 7839
f 7828 7839 7841
f 7832 7841 7827
f 7833 7827 7840
f 7834 7840 7812
f 7817 7812 7813
f 7821 7813 7814
f 7759 7754 7779
f 7774 7779 7778
f 7839 7778 7777
f 7841 7777 7776
f 7827 7776 7837
f 7840 7837 7818
f 7812 7818 7836
f 7813 7836 7835
f 7754 7753 7775
f 7779 7775 7767
f 7778 7767 7773
f 7777 7773 7772
f 7776 7772 7831
f 7837 7831 7830
f 7818 7830 7849
f 7836 7849 7850
f 7753 7741 7771
f 7775 7771 7770
f 7767 7770 7780
f 7773 7780 7768
f 7772 7768 7847
f 7831 7847 7829
f 7830 7829 7838
f 7849 7838 7846
f 7741 7807 7798
f 7771 7798 7799
f 7770 7799 7769
f 7780 7769 7785
f 7768 7785 7786
f 7847 7786 7845
f 7829 7845 7844
f 7838 7844 7848
f 7807 7806 7804
f 7798 7804 7797
f 7799 7797 7805
f 7769 7805 7789
f 7785 7789 7790
f 7786 7790 7791
f 7845 7791 7843
f 7844 7843 7842
f 7806 7627 7621
f 7804 7621 7624
f 7797 7624 7811
f 7805 7811 7808
f 7789 7808 7792
f 7790 7792 7794
f 7791 7794 7793
f 7843 7793 7796
f 7627 7626 7623
f 7621 7623 7625
f 7624 7625 7810
f 7811 7810 7809
f 7808 7809 7795
f 7792 7795 7788
f 7794 7788 7787
f 7793 7787 7784
f 7626 7631 7629
f 7623 7629 7630
f 7625 7630 7803
f 7810 7803 7802
f 7809 7802 7801
f 7795 7801 7800
f 7788 7800 7782
f 7787 7782 7879
f 7765 7758 7759
f 7758 7761 7754
f 7761 7766 7753
f 7766 7751 7741
f 7751 7747 7807
f 7747 7746 7806
f 7746 7620 7627
f 7620 7637 7626
f 7592 7601 7603
f 7615 7603 7595
f 7614 7595 7604
f 7613 7604 7605
f 7762 7605 7755
f 7763 7755 7756
f 7764 7756 7757
f 7752 7757 7758
f 7601 7596 7606
f 7603 7606 7607
f 7595 7607 7608
f 7604 7608 7609
f 7605 7609 7737
f 7755 7737 7738
f 7756 7738 7739
f 7757 7739 7761
f 7596 7597 7593
f 7606 7593 7610
f 7607 7610 7611
f 7608 7611 7612
f 7609 7612 7602
f 7737 7602 7740
f 7738 7740 7742
f 7739 7742 7766
f 7597 7598 7590
f 7593 7590 7644
f 7610 7644 7643
f 7611 7643 7743
f 7612 7743 7744
f 7602 7744 7616
f 7740 7616 7745
f 7742 7745 7751
f 7598 7599 7658
f 7590 7658 7661
f 7644 7661 7632
f 7643 7632 7750
f 7743 7750 7634
f 7744 7634 7749
f 7616 7749 7748
f 7745 7748 7747
f 7599 7653 7660
f 7658 7660 7659
f 7661 7659 7635
f 7632 7635 7636
f 7750 7636 7619
f 7634 7619 7638
f 7749 7638 7622
f 7748 7622 7746
f 7653 7709 7647
f 7660 7647 7657
f 7659 7657 7656
f 7635 7656 7639
f 7636 7639 7640
f 7619 7640 7618
f 7638 7618 7617
f 7622 7617 7620
f 7709 7729 7722
f 7647 7722 7650
f 7657 7650 7649
f 7656 7649 7648
f 7639 7648 7633
f 7640 7633 7641
f 7618 7641 7642
f 7617 7642 7637
f 7729 7723 7724
f 7722 7724 7651
f 7650 7651 7652
f 7649 7652 7654
f 7648 7654 7655
f 7633 7655 7646
f 7641 7646 7645
f 7642 7645 7628
f 7589 7587 7601
f 7587 7708 7596
f 7708 7714 7597
f 7714 7600 7598
f 7600 7591 7599
f 7591 7721 7653
f 7721 7735 7709
f 7735 7731 7729
f 7665 7669 7662
f 7668 7662 7663
f 7667 7663 7683
f 7666 7683 7686
f 7682 7686 7690
f 7681 7690 7691
f 7680 7691 7677
f 7588 7677 7587
f 7669 7468 7676
f 7662 7676 7671
f 7663 7671 7720
f 7683 7720 7689
f 7686 7689 7688
f 7690 7688 7687
f 7691 7687 7707
f 7677 7707 7708
f 7468 7664 7675
f 7676 7675 7674
f 7671 7674 7713
f 7720 7713 7717
f 7689 7717 7678
f 7688 7678 7679
f 7687 7679 7715
f 7707 7715 7714
f 7664 7452 7672
f 7675 7672 7673
f 7674 7673 7712
f 7713 7712 7711
f 7717 7711 7710
f 7678 7710 7684
f 7679 7684 7685
f 7715 7685 7600
f 7452 7456 7693
f 7672 7693 7696
f 7673 7696 7697
f 7712 7697 7719
f 7711 7719 7695
f 7710 7695 7694
f 7684 7694 7594
f 7685 7594 7591
f 7456 7457 7466
f 7693 7466 7692
f 7696 7692 7465
f 7697 7465 7464
f 7719 7464 7730
f 7695 7730 7716
f 7694 7716 7718
f 7594 7718 7721
f 7457 7458 7463
f 7466 7463 7700
f 7692 7700 7703
f 7465 7703 7704
f 7464 7704 7698
f 7730 7698 7733
f 7716 7733 7734
f 7718 7734 7735
f 7458 7459 7462
f 7463 7462 7460
f 7700 7460 7701
f 7703 7701 7699
f 7704 7699 7736
f 7698 7736 7728
f 7733 7728 7732
f 7734 7732 7731
f 7459 7438 7439
f 7462 7439 7453
f 7460 7453 7706
f 7701 7706 7705
f 7699 7705 7702
f 7736 7702 7727
f 7728 7727 7726
f 7732 7726 7725
f 7472 7476 7669
f 7476 7481 7468
f 7481 7670 7664
f 7670 7455 7452
f 7455 7451 7456
f 7451 7446 7457
f 7446 7443 7458
f 7443 7461 7459
f 7488 7494 7487
f 7486 7487 7483
f 7495 7483 7473
f 7490 7473 7474
f 7496 7474 7485
f 7469 7485 7475
f 7470 7475 7467
f 7471 7467 7476
f 7494 7507 7505
f 7487 7505 7482
f 7483 7482 7484
f 7473 7484 7500
f 7474 7500 7477
f 7485 7477 7478
f 7475 7478 7479
f 7467 7479 7481
f 7507 7522 7511
f 7505 7511 7510
f 7482 7510 7489
f 7484 7489 7509
f 7500 7509 7480
f 7477 7480 7504
f 7478 7504 7501
f 7479 7501 7670
f 7522 7576 7515
f 7511 7515 7499
f 7510 7499 7497
f 7489 7497 7445
f 7509 7445 7447
f 7480 7447 7454
f 7504 7454 7498
f 7501 7498 7455
f 7576 7578 7575
f 7515 7575 7586
f 7499 7586 7585
f 7497 7585 7558
f 7445 7558 7437
f 7447 7437 7502
f 7454 7502 7503
f 7498 7503 7451
f 7578 7579 7577
f 7575 7577 7581
f 7586 7581 7559
f 7585 7559 7450
f 7558 7450 7449
f 7437 7449 7448
f 7502 7448 7506
f 7503 7506 7446
f 7579 7580 7582
f 7577 7582 7583
f 7581 7583 7560
f 7559 7560 7561
f 7450 7561 7562
f 7449 7562 7563
f 7448 7563 7444
f 7506 7444 7443
f 7580 7545 7555
f 7582 7555 7556
f 7583 7556 7567
f 7560 7567 7568
f 7561 7568 7569
f 7562 7569 7571
f 7563 7571 7442
f 7444 7442 7461
f 7545 7544 7546
f 7555 7546 7564
f 7556 7564 7565
f 7567 7565 7566
f 7568 7566 7570
f 7569 7570 7441
f 7571 7441 7557
f 7442 7557 7440
f 7491 7508 7494
f 7508 7512 7507
f 7512 7584 7522
f 7584 7574 7576
f 7574 7573 7578
f 7573 7572 7579
f 7572 7542 7580
f 7542 7554 7545
f 7368 7390 7384
f 7382 7384 7383
f 7381 7383 7536
f 7528 7536 7521
f 7518 7521 7526
f 7517 7526 7516
f 7493 7516 7525
f 7492 7525 7508
f 7390 7391 7388
f 7384 7388 7389
f 7383 7389 7378
f 7536 7378 7529
f 7521 7529 7535
f 7526 7535 7520
f 7516 7520 7519
f 7525 7519 7512
f 7391 7387 7385
f 7388 7385 7532
f 7389 7532 7530
f 7378 7530 7531
f 7529 7531 7539
f 7535 7539 7513
f 7520 7513 7514
f 7519 7514 7584
f 7387 7386 7380
f 7385 7380 7394
f 7532 7394 7393
f 7530 7393 7527
f 7531 7527 7541
f 7539 7541 7540
f 7513 7540 7523
f 7514 7523 7574
f 7386 7433 7436
f 7380 7436 7435
f 7394 7435 7392
f 7393 7392 7538
f 7527 7538 7537
f 7541 7537 7533
f 7540 7533 7524
f 7523 7524 7573
f 7433 7431 7374
f 7436 7374 7397
f 7435 7397 7432
f 7392 7432 7398
f 7538 7398 7552
f 7537 7552 7549
f 7533 7549 7534
f 7524 7534 7572
f 7431 7429 7428
f 7374 7428 7399
f 7397 7399 7395
f 7432 7395 7396
f 7398 7396 7401
f 7552 7401 7550
f 7549 7550 7553
f 7534 7553 7542
f 7429 7421 7423
f 7428 7423 7424
f 7399 7424 7402
f 7395 7402 7403
f 7396 7403 7400
f 7401 7400 7547
f 7550 7547 7551
f 7553 7551 7554
f 7421 7434 7427
f 7423 7427 7426
f 7424 7426 7425
f 7402 7425 7405
f 7403 7405 7406
f 7400 7406 7404
f 7547 7404 7548
f 7551 7548 7543
f 7375 7371 7390
f 7371 7379 7391
f 7379 7377 7387
f 7377 7363 7386
f 7363 7366 7433
f 7366 7372 7431
f 7372 7422 7429
f 7422 7408 7421
f 7314 7329 7304
f 7302 7304 7305
f 7313 7305 7306
f 7316 7306 7307
f 7315 7307 7308
f 7312 7308 7309
f 7370 7309 7373
f 7362 7373 7371
f 7329 7331 7337
f 7304 7337 7289
f 7305 7289 7310
f 7306 7310 7311
f 7307 7311 7297
f 7308 7297 7367
f 7309 7367 7376
f 7373 7376 7379
f 7331 7330 7333
f 7337 7333 7300
f 7289 7300 7303
f 7310 7303 7301
f 7311 7301 7299
f 7297 7299 7369
f 7367 7369 7365
f 7376 7365 7377
f 7330 7343 7335
f 7333 7335 7298
f 7300 7298 7296
f 7303 7296 7295
f 7301 7295 7294
f 7299 7294 7418
f 7369 7418 7364
f 7365 7364 7363
f 7343 7341 7340
f 7335 7340 7342
f 7298 7342 7293
f 7296 7293 7287
f 7295 7287 7292
f 7294 7292 7291
f 7418 7291 7417
f 7364 7417 7366
f 7341 7339 7350
f 7340 7350 7338
f 7342 7338 7348
f 7293 7348 7290
f 7287 7290 7416
f 7292 7416 7415
f 7291 7415 7407
f 7417 7407 7372
f 7339 7351 7349
f 7350 7349 7336
f 7338 7336 7332
f 7348 7332 7288
f 7290 7288 7414
f 7416 7414 7413
f 7415 7413 7430
f 7407 7430 7422
f 7351 8452 7354
f 7349 7354 7355
f 7336 7355 7347
f 7332 7347 7412
f 7288 7412 7411
f 7414 7411 7410
f 7413 7410 7409
f 7430 7409 7408
f 8452 8451 7359
f 7354 7359 7358
f 7355 7358 7357
f 7347 7357 7356
f 7412 7356 7353
f 7411 7353 7352
f 7410 7352 7420
f 7409 7420 7419
f 7327 7320 7329
f 7320 7319 7331
f 7319 7345 7330
f 7345 7346 7343
f 7346 8431 7341
f 8431 8437 7339
f 8437 8450 7351
f 8450 8447 8452
f 8461 8458 8464
f 8423 8464 8422
f 8424 8422 8421
f 8426 8421 7324
f 7326 7324 7323
f 7325 7323 7322
f 7317 7322 7321
f 7328 7321 7320
f 8458 8459 8435
f 8464 8435 8420
f 8422 8420 8419
f 8421 8419 8413
f 7324 8413 8414
f 7323 8414 7334
f 7322 7334 7318
f 7321 7318 7319
f 8459 8478 8433
f 8435 8433 8434
f 8420 8434 8415
f 8419 8415 8425
f 8413 8425 8416
f 8414 8416 8417
f 7334 8417 7344
f 7318 7344 7345
f 8478 8406 8485
f 8433 8485 8486
f 8434 8486 8418
f 8415 8418 8441
f 8425 8441 8439
f 8416 8439 8438
f 8417 8438 8412
f 7344 8412 7346
f 8406 8472 8482
f 8485 8482 8453
f 8486 8453 8454
f 8418 8454 8432
f 8441 8432 8428
f 8439 8428 8429
f 8438 8429 8430
f 8412 8430 8431
f 8472 8481 8499
f 8482 8499 8480
f 8453 8480 8455
f 8454 8455 8456
f 8432 8456 8427
f 8428 8427 7360
f 8429 7360 8436
f 8430 8436 8437
f 8481 8483 8498
f 8499 8498 8497
f 8480 8497 8476
f 8455 8476 8475
f 8456 8475 8440
f 8427 8440 8445
f 7360 8445 7361
f 8436 7361 8450
f 8483 8405 8500
f 8498 8500 8491
f 8497 8491 8484
f 8476 8484 8501
f 8475 8501 8443
f 8440 8443 8442
f 8445 8442 8446
f 7361 8446 8447
f 8405 8487 8492
f 8500 8492 8493
f 8491 8493 8494
f 8484 8494 8495
f 8501 8495 8496
f 8443 8496 8449
f 8442 8449 8448
f 8446 8448 8444
f 8469 8463 8458
f 8463 8460 8459
f 8460 8471 8478
f 8471 8409 8406
f 8409 8477 8472
f 8477 8399 8481
f 8399 8400 8483
f 8400 8488 8405
f 8370 8374 8391
f 8369 8391 8388
f 8394 8388 8383
f 8395 8383 8382
f 8396 8382 8457
f 8462 8457 8466
f 8467 8466 8465
f 8468 8465 8463
f 8374 8375 8378
f 8391 8378 8384
f 8388 8384 8385
f 8383 8385 8386
f 8382 8386 8387
f 8457 8387 8470
f 8466 8470 8479
f 8465 8479 8460
f 8375 8377 8376
f 8378 8376 8389
f 8384 8389 8390
f 8385 8390 8392
f 8386 8392 8397
f 8387 8397 8474
f 8470 8474 8473
f 8479 8473 8471
f 8377 8301 8373
f 8376 8373 8365
f 8389 8365 8402
f 8390 8402 8393
f 8392 8393 8398
f 8397 8398 8411
f 8474 8411 8410
f 8473 8410 8409
f 8301 8292 8341
f 8373 8341 8360
f 8365 8360 8359
f 8402 8359 8408
f 8393 8408 8407
f 8398 8407 8404
f 8411 8404 8403
f 8410 8403 8477
f 8292 8275 8340
f 8341 8340 8339
f 8360 8339 8358
f 8359 8358 8357
f 8408 8357 8361
f 8407 8361 8401
f 8404 8401 8489
f 8403 8489 8399
f 8275 8276 8337
f 8340 8337 8338
f 8339 8338 8346
f 8358 8346 8362
f 8357 8362 8352
f 8361 8352 8353
f 8401 8353 8490
f 8489 8490 8400
f 8276 8273 8347
f 8337 8347 8351
f 8338 8351 8350
f 8346 8350 8349
f 8362 8349 8354
f 8352 8354 8355
f 8353 8355 8356
f 8490 8356 8488
f 8273 8272 8342
f 8347 8342 8343
f 8351 8343 8344
f 8350 8344 8345
f 8349 8345 8348
f 8354 8348 8363
f 8355 8363 8364
f 8356 8364 8366
f 8368 8381 8374
f 8381 8379 8375
f 8379 8296 8377
f 8296 8302 8301
f 8302 8298 8292
f 8298 8265 8275
f 8265 8268 8276
f 8268 8271 8273
f 8322 8315 8308
f 8332 8308 8335
f 8331 8335 8294
f 8329 8294 8295
f 8328 8295 8297
f 8299 8297 8380
f 8300 8380 8371
f 8367 8371 8381
f 8315 8316 8311
f 8308 8311 8326
f 8335 8326 8327
f 8294 8327 8305
f 8295 8305 8304
f 8297 8304 8303
f 8380 8303 8372
f 8371 8372 8379
f 8316 8198 8320
f 8311 8320 8321
f 8326 8321 8318
f 8327 8318 8333
f 8305 8333 8334
f 8304 8334 8336
f 8303 8336 8293
f 8372 8293 8296
f 8198 8241 8309
f 8320 8309 8314
f 8321 8314 8313
f 8318 8313 8324
f 8333 8324 8325
f 8334 8325 8266
f 8336 8266 8306
f 8293 8306 8302
f 8241 8240 8245
f 8309 8245 8312
f 8314 8312 8307
f 8313 8307 8310
f 8324 8310 8330
f 8325 8330 8270
f 8266 8270 8269
f 8306 8269 8298
f 8240 8237 8244
f 8245 8244 8242
f 8312 8242 8277
f 8307 8277 8278
f 8310 8278 8280
f 8330 8280 8262
f 8270 8262 8264
f 8269 8264 8265
f 8237 8257 8250
f 8244 8250 8251
f 8242 8251 8288
f 8277 8288 8290
f 8278 8290 8291
f 8280 8291 8323
f 8262 8323 8267
f 8264 8267 8268
f 8257 8256 8248
f 8250 8248 8249
f 8251 8249 8283
f 8288 8283 8282
f 8290 8282 8279
f 8291 8279 8285
f 8323 8285 8274
f 8267 8274 8271
f 8256 8232 8255
f 8248 8255 8247
f 8249 8247 8287
f 8283 8287 8286
f 8282 8286 8289
f 8279 8289 8281
f 8285 8281 8284
f 8274 8284 8263
f 8319 8317 8315
f 8317 8188 8316
f 8188 8196 8198
f 8196 8236 8241
f 8236 8235 8240
f 8235 8259 8237
f 8259 8234 8257
f 8234 8246 8256
f 8214 8148 8208
f 8211 8208 8209
f 8205 8209 8210
f 8204 8210 8212
f 8207 8212 8200
f 8195 8200 8199
f 8201 8199 8197
f 8193 8197 8317
f 8148 8149 8153
f 8208 8153 8154
f 8209 8154 8206
f 8210 8206 8189
f 8212 8189 8191
f 8200 8191 8190
f 8199 8190 8187
f 8197 8187 8188
f 8149 8156 8147
f 8153 8147 8136
f 8154 8136 8135
f 8206 8135 8130
f 8189 8130 8192
f 8191 8192 8194
f 8190 8194 8243
f 8187 8243 8196
f 8156 8155 8145
f 8147 8145 8224
f 8136 8224 8133
f 8135 8133 8223
f 8130 8223 8137
f 8192 8137 8254
f 8194 8254 8253
f 8243 8253 8236
f 8155 8157 8143
f 8145 8143 8222
f 8224 8222 8221
f 8133 8221 8220
f 8223 8220 8219
f 8137 8219 8132
f 8254 8132 8252
f 8253 8252 8235
f 8157 8134 8131
f 8143 8131 8218
f 8222 8218 8213
f 8221 8213 8215
f 8220 8215 8216
f 8219 8216 8228
f 8132 8228 8260
f 8252 8260 8259
f 8134 8138 8112
f 8131 8112 8113
f 8218 8113 8217
f 8213 8217 8128
f 8215 8128 8203
f 8216 8203 8202
f 8228 8202 8233
f 8260 8233 8234
f 8138 8125 8115
f 8112 8115 8116
f 8113 8116 8127
f 8217 8127 8129
f 8128 8129 8258
f 8203 8258 8231
f 8202 8231 8225
f 8233 8225 8246
f 8125 8114 8123
f 8115 8123 8226
f 8116 8226 8230
f 8127 8230 8229
f 8129 8229 8227
f 8258 8227 8261
f 8231 8261 8238
f 8225 8238 8239
f 8151 8142 8148
f 8142 8144 8149
f 8144 8146 8156
f 8146 8160 8155
f 8160 8141 8157
f 8141 8139 8134
f 8139 8124 8138
f 8124 8118 8125
f 8104 8101 8171
f 8179 8171 8158
f 8178 8158 8184
f 8180 8184 8177
f 8181 8177 8176
f 8172 8176 8174
f 8183 8174 8150
f 8152 8150 8142
f 8101 8100 8093
f 8171 8093 8084
f 8158 8084 8170
f 8184 8170 8173
f 8177 8173 8186
f 8176 8186 8185
f 8174 8185 8182
f 8150 8182 8144
f 8100 8099 8051
f 8093 8051 8088
f 8084 8088 8082
f 8170 8082 8168
f 8173 8168 8167
f 8186 8167 8166
f 8185 8166 8175
f 8182 8175 8146
f 8099 8098 8042
f 8051 8042 8096
f 8088 8096 8095
f 8082 8095 8094
f 8168 8094 8163
f 8167 8163 8162
f 8166 8162 8161
f 8175 8161 8160
f 8098 8055 8050
f 8042 8050 8090
f 8096 8090 8089
f 8095 8089 8087
f 8094 8087 8085
f 8163 8085 8159
f 8162 8159 8140
f 8161 8140 8141
f 8055 8041 8037
f 8050 8037 8039
f 8090 8039 8092
f 8089 8092 8091
f 8087 8091 8169
f 8085 8169 8083
f 8159 8083 8164
f 8140 8164 8139
f 8041 8053 8054
f 8037 8054 8046
f 8039 8046 8047
f 8092 8047 8048
f 8091 8048 8126
f 8169 8126 8165
f 8083 8165 8086
f 8164 8086 8124
f 8053 8052 8056
f 8054 8056 8057
f 8046 8057 8049
f 8047 8049 8122
f 8048 8122 8121
f 8126 8121 8120
f 8165 8120 8119
f 8086 8119 8118
f 8052 7923 8062
f 8056 8062 8040
f 8057 8040 8061
f 8049 8061 8043
f 8122 8043 8044
f 8121 8044 8045
f 8120 8045 8038
f 8119 8038 8117
f 8103 8110 8101
f 8110 8109 8100
f 8109 8107 8099
f 8107 8105 8098
f 8105 8064 8055
f 8064 8059 8041
f 8059 7918 8053
f 7918 7922 8052
f 7903 7914 8074
f 8079 8074 7901
f 8072 7901 8075
f 8071 8075 8076
f 8070 8076 8077
f 8068 8077 8078
f 8069 8078 8097
f 8102 8097 8110
f 7914 7912 7900
f 8074 7900 7899
f 7901 7899 7898
f 8075 7898 8081
f 8076 8081 8067
f 8077 8067 8065
f 8078 8065 8111
f 8097 8111 8109
f 7912 7910 7896
f 7900 7896 7895
f 7899 7895 7894
f 7898 7894 7897
f 8081 7897 7887
f 8067 7887 8066
f 8065 8066 8108
f 8111 8108 8107
f 7910 7908 7915
f 7896 7915 7893
f 7895 7893 7891
f 7894 7891 7890
f 7897 7890 8073
f 7887 8073 8080
f 8066 8080 8106
f 8108 8106 8105
f 7908 7933 7950
f 7915 7950 7889
f 7893 7889 7888
f 7891 7888 7892
f 7890 7892 7928
f 8073 7928 7926
f 8080 7926 7925
f 8106 7925 8064
f 7933 7948 7961
f 7950 7961 7959
f 7889 7959 7951
f 7888 7951 7952
f 7892 7952 7931
f 7928 7931 8063
f 7926 8063 8060
f 7925 8060 8059
f 7948 7932 7944
f 7961 7944 7956
f 7959 7956 7954
f 7951 7954 7947
f 7952 7947 7955
f 7931 7955 7917
f 8063 7917 8058
f 8060 8058 7918
f 7932 7939 7942
f 7944 7942 7958
f 7956 7958 7957
f 7954 7957 7953
f 7947 7953 7919
f 7955 7919 7920
f 7917 7920 7921
f 8058 7921 7922
f 7939 8016 7935
f 7942 7935 7934
f 7958 7934 7949
f 7957 7949 7960
f 7953 7960 7924
f 7919 7924 7930
f 7920 7930 7929
f 7921 7929 7927
f 7916 7906 7914
f 7906 7907 7912
f 7907 7902 7910
f 7902 7937 7908
f 7937 7943 7933
f 7943 7945 7948
f 7945 7946 7932
f 7946 8019 7939
f 7964 7969 7976
f 7965 7976 7991
f 7966 7991 7990
f 7967 7990 7988
f 7982 7988 7987
f 7981 7987 7904
f 7911 7904 7905
f 7913 7905 7906
f 7969 7138 7986
f 7976 7986 7983
f 7991 7983 7973
f 7990 7973 7971
f 7988 7971 7978
f 7987 7978 7979
f 7904 7979 7980
f 7905 7980 7907
f 7138 7141 8024
f 7986 8024 7974
f 7983 7974 7975
f 7973 7975 7977
f 7971 7977 7909
f 7978 7909 7984
f 7979 7984 7985
f 7980 7985 7902
f 7141 7146 8023
f 8024 8023 8022
f 7974 8022 8003
f 7975 8003 7972
f 7977 7972 8017
f 7909 8017 7989
f 7984 7989 7936
f 7985 7936 7937
f 7146 7148 8001
f 8023 8001 8000
f 8022 8000 7999
f 8003 7999 8002
f 7972 8002 8007
f 8017 8007 8009
f 7989 8009 8011
f 7936 8011 7943
f 7148 8027 7144
f 8001 7144 8028
f 8000 8028 7998
f 7999 7998 8014
f 8002 8014 8013
f 8007 8013 8010
f 8009 8010 8008
f 8011 8008 7945
f 8027 8026 7137
f 7144 7137 8004
f 8028 8004 8032
f 7998 8032 8033
f 8014 8033 8034
f 8013 8034 8035
f 8010 8035 8018
f 8008 8018 7946
f 8026 7996 8005
f 7137 8005 8006
f 8004 8006 8036
f 8032 8036 8031
f 8033 8031 8015
f 8034 8015 8021
f 8035 8021 8020
f 8018 8020 8019
f 7996 7997 7992
f 8005 7992 7993
f 8006 7993 8030
f 8036 8030 8029
f 8031 8029 8012
f 8015 8012 7941
f 8021 7941 7940
f 8020 7940 7938
f 7151 7149 7969
f 7149 7968 7138
f 7968 7192 7141
f 7192 7140 7146
f 7140 7150 7148
f 7150 7994 8027
f 7994 8025 8026
f 8025 7995 7996
f 7262 7133 7128
f 7258 7128 7129
f 7122 7129 7130
f 7124 7130 7131
f 7125 7131 7132
f 7136 7132 7142
f 7963 7142 7970
f 7962 7970 7149
f 7133 7194 7264
f 7128 7264 7127
f 7129 7127 7190
f 7130 7190 7189
f 7131 7189 7134
f 7132 7134 7170
f 7142 7170 7188
f 7970 7188 7968
f 7194 7193 7263
f 7264 7263 7167
f 7127 7167 7135
f 7190 7135 7186
f 7189 7186 7187
f 7134 7187 7143
f 7170 7143 7191
f 7188 7191 7192
f 7193 7286 7172
f 7263 7172 7195
f 7167 7195 7180
f 7135 7180 7196
f 7186 7196 7145
f 7187 7145 7147
f 7143 7147 7139
f 7191 7139 7140
f 7286 7285 7275
f 7172 7275 7177
f 7195 7177 7279
f 7180 7279 7176
f 7196 7176 7175
f 7145 7175 7174
f 7147 7174 7168
f 7139 7168 7150
f 7285 7284 7155
f 7275 7155 7283
f 7177 7283 7171
f 7279 7171 7182
f 7176 7182 7173
f 7175 7173 7178
f 7174 7178 7179
f 7168 7179 7994
f 7284 7156 7242
f 7155 7242 7272
f 7283 7272 7162
f 7171 7162 7163
f 7182 7163 7183
f 7173 7183 7165
f 7178 7165 7181
f 7179 7181 8025
f 7156 7245 7255
f 7242 7255 7184
f 7272 7184 7185
f 7162 7185 7152
f 7163 7152 7153
f 7183 7153 7154
f 7165 7154 7169
f 7181 7169 7995
f 7245 7252 7250
f 7255 7250 7161
f 7184 7161 7160
f 7185 7160 7159
f 7152 7159 7158
f 7153 7158 7164
f 7154 7164 7166
f 7169 7166 7157
f 7123 7126 7133
f 7126 7273 7194
f 7273 7282 7193
f 7282 7274 7286
f 7274 7247 7285
f 7247 7244 7284
f 7244 7249 7156
f 7249 7256 7245
f 7229 7232 7240
f 7230 7240 7235
f 7261 7235 7213
f 7266 7213 7241
f 7265 7241 7271
f 7257 7271 7267
f 7259 7267 7270
f 7260 7270 7126
f 7232 7231 7214
f 7240 7214 7239
f 7235 7239 7238
f 7213 7238 7215
f 7241 7215 7237
f 7271 7237 7269
f 7267 7269 7268
f 7270 7268 7273
f 7231 7120 7236
f 7214 7236 7216
f 7239 7216 7228
f 7238 7228 7227
f 7215 7227 7276
f 7237 7276 7277
f 7269 7277 7280
f 7268 7280 7282
f 7120 7225 7218
f 7236 7218 7234
f 7216 7234 7219
f 7228 7219 7220
f 7227 7220 7221
f 7276 7221 7281
f 7277 7281 7278
f 7280 7278 7274
f 7225 7103 7212
f 7218 7212 7217
f 7234 7217 7222
f 7219 7222 7223
f 7220 7223 7224
f 7221 7224 7200
f 7281 7200 7248
f 7278 7248 7247
f 7103 7102 7057
f 7212 7057 7056
f 7217 7056 7206
f 7222 7206 7205
f 7223 7205 7204
f 7224 7204 7203
f 7200 7203 7246
f 7248 7246 7244
f 7102 7048 7055
f 7057 7055 7201
f 7056 7201 7197
f 7206 7197 7202
f 7205 7202 7207
f 7204 7207 7208
f 7203 7208 7243
f 7246 7243 7249
f 7048 7053 7054
f 7055 7054 7052
f 7201 7052 7051
f 7197 7051 7209
f 7202 7209 7210
f 7207 7210 7251
f 7208 7251 7254
f 7243 7254 7256
f 7053 7065 7061
f 7054 7061 7060
f 7052 7060 7059
f 7051 7059 7058
f 7209 7058 7198
f 7210 7198 7199
f 7251 7199 7211
f 7254 7211 7253
f 7119 7233 7232
f 7233 7118 7231
f 7118 7108 7120
f 7108 7226 7225
f 7226 7095 7103
f 7095 7050 7102
f 7050 7049 7048
f 7049 7047 7053
f 7081 7013 7088
f 7089 7088 7087
f 7090 7087 7086
f 7091 7086 7110
f 7115 7110 7111
f 7107 7111 7112
f 7109 7112 7113
f 7114 7113 7233
f 7013 7012 7009
f 7088 7009 7098
f 7087 7098 7085
f 7086 7085 7099
f 7110 7099 7100
f 7111 7100 7116
f 7112 7116 7117
f 7113 7117 7118
f 7012 7010 7011
f 7009 7011 7097
f 7098 7097 7079
f 7085 7079 7101
f 7099 7101 7104
f 7100 7104 7105
f 7116 7105 7121
f 7117 7121 7108
f 7010 7028 7077
f 7011 7077 7078
f 7097 7078 7080
f 7079 7080 7106
f 7101 7106 7096
f 7104 7096 7062
f 7105 7062 7092
f 7121 7092 7226
f 7028 6984 6973
f 7077 6973 7029
f 7078 7029 7083
f 7080 7083 7084
f 7106 7084 7082
f 7096 7082 7069
f 7062 7069 7094
f 7092 7094 7095
f 6984 7001 6972
f 6973 6972 6975
f 7029 6975 7093
f 7083 7093 6976
f 7084 6976 7076
f 7082 7076 7073
f 7069 7073 7072
f 7094 7072 7050
f 7001 7027 7031
f 6972 7031 6977
f 6975 6977 6978
f 7093 6978 6979
f 6976 6979 7068
f 7076 7068 7067
f 7073 7067 7066
f 7072 7066 7049
f 7027 7000 6980
f 7031 6980 6981
f 6977 6981 6982
f 6978 6982 6983
f 6979 6983 6974
f 7068 6974 7063
f 7067 7063 7064
f 7066 7064 7047
f 7000 6988 6990
f 6980 6990 6989
f 6981 6989 6986
f 6982 6986 6985
f 6983 6985 7075
f 6974 7075 7074
f 7063 7074 7071
f 7064 7071 7070
f 7008 7003 7013
f 7003 7016 7012
f 7016 7005 7010
f 7005 7004 7028
f 7004 7007 6984
f 7007 6995 7001
f 6995 6997 7027
f 6997 6999 7000
f 6730 6745 7037
f 7036 7037 7046
f 7035 7046 7045
f 7033 7045 7044
f 7032 7044 7043
f 7034 7043 7042
f 7015 7042 7041
f 7002 7041 7003
f 6745 6732 6743
f 7037 6743 6744
f 7046 6744 7040
f 7045 7040 7039
f 7044 7039 7038
f 7043 7038 7021
f 7042 7021 7014
f 7041 7014 7016
f 6732 6728 6733
f 6743 6733 6734
f 6744 6734 7030
f 7040 7030 6735
f 7039 6735 6736
f 7038 6736 7026
f 7021 7026 7006
f 7014 7006 7005
f 6728 6724 6737
f 6733 6737 6738
f 6734 6738 6739
f 7030 6739 7025
f 6735 7025 6740
f 6736 6740 7024
f 7026 7024 7023
f 7006 7023 7004
f 6724 6700 6731
f 6737 6731 6741
f 6738 6741 7022
f 6739 7022 7020
f 7025 7020 6742
f 6740 6742 7019
f 7024 7019 6992
f 7023 6992 7007
f 6700 6698 6671
f 6731 6671 6746
f 6741 6746 6685
f 7022 6685 7018
f 7020 7018 7017
f 6742 7017 6993
f 7019 6993 6994
f 6992 6994 6995
f 6698 6697 6684
f 6671 6684 6683
f 6746 6683 6682
f 6685 6682 6681
f 7018 6681 6680
f 7017 6680 6679
f 6993 6679 6996
f 6994 6996 6997
f 6697 6696 6678
f 6684 6678 6692
f 6683 6692 6695
f 6682 6695 6686
f 6681 6686 6677
f 6680 6677 6676
f 6679 6676 6998
f 6996 6998 6999
f 6696 6691 6689
f 6678 6689 6687
f 6692 6687 6672
f 6695 6672 6673
f 6686 6673 6674
f 6677 6674 6675
f 6676 6675 6987
f 6998 6987 6991
f 6723 6727 6745
f 6727 6719 6732
f 6719 6729 6728
f 6729 6717 6724
f 6717 6694 6700
f 6694 6701 6698
f 6701 6800 6697
f 6800 6806 6696
f 6768 6767 6773
f 6765 6773 6774
f 6712 6774 6775
f 6713 6775 6709
f 6715 6709 6710
f 6716 6710 6725
f 6721 6725 6726
f 6722 6726 6727
f 6767 6769 6763
f 6773 6763 6776
f 6774 6776 6810
f 6775 6810 6704
f 6709 6704 6705
f 6710 6705 6702
f 6725 6702 6720
f 6726 6720 6719
f 6769 6809 6772
f 6763 6772 6771
f 6776 6771 6770
f 6810 6770 6703
f 6704 6703 6706
f 6705 6706 6707
f 6702 6707 6718
f 6720 6718 6729
f 6809 6808 6811
f 6772 6811 6812
f 6771 6812 6813
f 6770 6813 6814
f 6703 6814 6708
f 6706 6708 6690
f 6707 6690 6688
f 6718 6688 6717
f 6808 6777 6815
f 6811 6815 6816
f 6812 6816 6807
f 6813 6807 6817
f 6814 6817 6794
f 6708 6794 6711
f 6690 6711 6693
f 6688 6693 6694
f 6777 6747 6790
f 6815 6790 6789
f 6816 6789 6818
f 6807 6818 6788
f 6817 6788 6819
f 6794 6819 6820
f 6711 6820 6714
f 6693 6714 6701
f 6747 6778 6787
f 6790 6787 6786
f 6789 6786 6785
f 6818 6785 6797
f 6788 6797 6784
f 6819 6784 6792
f 6820 6792 6799
f 6714 6799 6800
f 6778 6932 6783
f 6787 6783 6782
f 6786 6782 6801
f 6785 6801 6802
f 6797 6802 6803
f 6784 6803 6804
f 6792 6804 6805
f 6799 6805 6806
f 6932 6928 6780
f 6783 6780 6779
f 6782 6779 6791
f 6801 6791 6798
f 6802 6798 6796
f 6803 6796 6795
f 6804 6795 6793
f 6805 6793 6699
f 6762 6766 6767
f 6766 6821 6769
f 6821 6756 6809
f 6756 6752 6808
f 6752 6748 6777
f 6748 6781 6747
f 6781 6759 6778
f 6759 6933 6932
f 6900 6901 6908
f 6904 6908 6910
f 6899 6910 6915
f 6914 6915 6916
f 6913 6916 6917
f 6750 6917 6918
f 6754 6918 6757
f 6764 6757 6766
f 6901 6897 6911
f 6908 6911 6909
f 6910 6909 6924
f 6915 6924 6926
f 6916 6926 6912
f 6917 6912 6925
f 6918 6925 6751
f 6757 6751 6821
f 6897 6850 6906
f 6911 6906 6905
f 6909 6905 6923
f 6924 6923 6922
f 6926 6922 6758
f 6912 6758 6921
f 6925 6921 6749
f 6751 6749 6756
f 6850 6967 6966
f 6906 6966 6965
f 6905 6965 6944
f 6923 6944 6920
f 6922 6920 6919
f 6758 6919 6755
f 6921 6755 6753
f 6749 6753 6752
f 6967 6957 6960
f 6966 6960 6961
f 6965 6961 6903
f 6944 6903 6902
f 6920 6902 6939
f 6919 6939 6940
f 6755 6940 6761
f 6753 6761 6748
f 6957 6956 6963
f 6960 6963 6951
f 6961 6951 6952
f 6903 6952 6898
f 6902 6898 6929
f 6939 6929 6941
f 6940 6941 6760
f 6761 6760 6781
f 6956 6959 6953
f 6963 6953 6943
f 6951 6943 6942
f 6952 6942 6938
f 6898 6938 6937
f 6929 6937 6936
f 6941 6936 6935
f 6760 6935 6759
f 6959 6865 6945
f 6953 6945 6946
f 6943 6946 6934
f 6942 6934 6947
f 6938 6947 6948
f 6937 6948 6949
f 6936 6949 6950
f 6935 6950 6933
f 6865 6866 6969
f 6945 6969 6968
f 6946 6968 6964
f 6934 6964 6931
f 6947 6931 6955
f 6948 6955 6954
f 6949 6954 6927
f 6950 6927 6930
f 6907 6843 6901
f 6843 6848 6897
f 6848 6958 6850
f 6958 6971 6967
f 6971 6970 6957
f 6970 6834 6956
f 6834 6864 6959
f 6864 6862 6865
f 6868 6876 6878
f 6841 6878 6877
f 6842 6877 6839
f 6837 6839 6824
f 6822 6824 6825
f 6823 6825 6826
f 6847 6826 6827
f 6851 6827 6843
f 6876 6875 6873
f 6878 6873 6870
f 6877 6870 6845
f 6839 6845 6846
f 6824 6846 6828
f 6825 6828 6829
f 6826 6829 6849
f 6827 6849 6848
f 6875 6874 6869
f 6873 6869 6871
f 6870 6871 6835
f 6845 6835 6836
f 6846 6836 6840
f 6828 6840 6831
f 6829 6831 6962
f 6849 6962 6958
f 6874 6621 6648
f 6869 6648 6888
f 6871 6888 6867
f 6835 6867 6844
f 6836 6844 6838
f 6840 6838 6832
f 6831 6832 6830
f 6962 6830 6971
f 6621 6647 6891
f 6648 6891 6892
f 6888 6892 6893
f 6867 6893 6894
f 6844 6894 6855
f 6838 6855 6856
f 6832 6856 6833
f 6830 6833 6970
f 6647 6644 6663
f 6891 6663 6895
f 6892 6895 6896
f 6893 6896 6887
f 6894 6887 6890
f 6855 6890 6857
f 6856 6857 6863
f 6833 6863 6834
f 6644 6645 6668
f 6663 6668 6667
f 6895 6667 6666
f 6896 6666 6882
f 6887 6882 6883
f 6890 6883 6854
f 6857 6854 6853
f 6863 6853 6864
f 6645 6657 6665
f 6668 6665 6664
f 6667 6664 6885
f 6666 6885 6884
f 6882 6884 6886
f 6883 6886 6860
f 6854 6860 6861
f 6853 6861 6862
f 6657 6662 6661
f 6665 6661 6656
f 6664 6656 6660
f 6885 6660 6659
f 6884 6659 6889
f 6886 6889 6852
f 6860 6852 6858
f 6861 6858 6859
f 6881 6879 6876
f 6879 6623 6875
f 6623 6617 6874
f 6617 6646 6621
f 6646 6651 6647
f 6651 6653 6644
f 6653 6669 6645
f 6669 6670 6657
f 6604 6603 6625
f 6612 6625 6640
f 6613 6640 6596
f 6614 6596 6615
f 6616 6615 6611
f 6619 6611 6624
f 6620 6624 6872
f 6880 6872 6879
f 6603 6602 6639
f 6625 6639 6637
f 6640 6637 6636
f 6596 6636 6635
f 6615 6635 6610
f 6611 6610 6649
f 6624 6649 6622
f 6872 6622 6623
f 6602 6559 6561
f 6639 6561 6608
f 6637 6608 6560
f 6636 6560 6607
f 6635 6607 6641
f 6610 6641 6654
f 6649 6654 6618
f 6622 6618 6617
f 6559 6558 6554
f 6561 6554 6551
f 6608 6551 6630
f 6560 6630 6550
f 6607 6550 6655
f 6641 6655 6642
f 6654 6642 6643
f 6618 6643 6646
f 6558 6583 6552
f 6554 6552 6628
f 6551 6628 6562
f 6630 6562 6555
f 6550 6555 6638
f 6655 6638 6658
f 6642 6658 6650
f 6643 6650 6651
f 6583 6537 6538
f 6552 6538 6521
f 6628 6521 6553
f 6562 6553 6599
f 6555 6599 6600
f 6638 6600 6601
f 6658 6601 6652
f 6650 6652 6653
f 6537 6544 6547
f 6538 6547 6543
f 6521 6543 6525
f 6553 6525 6626
f 6599 6626 6627
f 6600 6627 6526
f 6601 6526 6520
f 6652 6520 6669
f 6544 6524 6540
f 6547 6540 6529
f 6543 6529 6530
f 6525 6530 6629
f 6626 6629 6633
f 6627 6633 6523
f 6526 6523 6522
f 6520 6522 6670
f 6524 6541 6534
f 6540 6534 6533
f 6529 6533 6532
f 6530 6532 6531
f 6629 6531 6632
f 6633 6632 6631
f 6523 6631 6634
f 6522 6634 6528
f 6605 6606 6603
f 6606 6598 6602
f 6598 6557 6559
f 6557 6564 6558
f 6564 6588 6583
f 6588 6536 6537
f 6536 6548 6544
f 6548 6527 6524
f 6446 6456 6447
f 6448 6447 6582
f 6587 6582 6581
f 6586 6581 6577
f 6566 6577 6576
f 6567 6576 6575
f 6568 6575 6574
f 6569 6574 6606
f 6456 6453 6451
f 6447 6451 6452
f 6582 6452 6580
f 6581 6580 6571
f 6577 6571 6570
f 6576 6570 6609
f 6575 6609 6597
f 6574 6597 6598
f 6453 6445 6454
f 6451 6454 6455
f 6452 6455 6591
f 6580 6591 6572
f 6571 6572 6573
f 6570 6573 6590
f 6609 6590 6556
f 6597 6556 6557
f 6445 6512 6457
f 6454 6457 6458
f 6455 6458 6476
f 6591 6476 6592
f 6572 6592 6595
f 6573 6595 6565
f 6590 6565 6563
f 6556 6563 6564
f 6512 6519 6518
f 6457 6518 6477
f 6458 6477 6479
f 6476 6479 6459
f 6592 6459 6579
f 6595 6579 6578
f 6565 6578 6589
f 6563 6589 6588
f 6519 6510 6496
f 6518 6496 6497
f 6477 6497 6480
f 6479 6480 6481
f 6459 6481 6535
f 6579 6535 6594
f 6578 6594 6593
f 6589 6593 6536
f 6510 6492 6482
f 6496 6482 6483
f 6497 6483 6475
f 6480 6475 6485
f 6481 6485 6584
f 6535 6584 6549
f 6594 6549 6539
f 6593 6539 6548
f 6492 6494 6503
f 6482 6503 6502
f 6483 6502 6486
f 6475 6486 6484
f 6485 6484 6585
f 6584 6585 6546
f 6549 6546 6545
f 6539 6545 6527
f 6494 6495 6500
f 6503 6500 6501
f 6502 6501 6504
f 6486 6504 6478
f 6484 6478 6487
f 6585 6487 6489
f 6546 6489 6488
f 6545 6488 6542
f 6449 6450 6456
f 6450 6513 6453
f 6513 6505 6445
f 6505 6517 6512
f 6517 6509 6519
f 6509 6507 6510
f 6507 6493 6492
f 6493 6491 6494
f 6416 6423 6417
f 6420 6417 6415
f 6421 6415 6467
f 6474 6467 6466
f 6473 6466 6465
f 6472 6465 6464
f 6471 6464 6463
f 6470 6463 6450
f 6423 6422 6425
f 6417 6425 6424
f 6415 6424 6426
f 6467 6426 6443
f 6466 6443 6460
f 6465 6460 6462
f 6464 6462 6468
f 6463 6468 6513
f 6422 6392 6418
f 6425 6418 6442
f 6424 6442 6441
f 6426 6441 6440
f 6443 6440 6439
f 6460 6439 6469
f 6462 6469 6461
f 6468 6461 6505
f 6392 6393 6428
f 6418 6428 6438
f 6442 6438 6437
f 6441 6437 6444
f 6440 6444 6436
f 6439 6436 6511
f 6469 6511 6514
f 6461 6514 6517
f 6393 6404 6406
f 6428 6406 6429
f 6438 6429 6435
f 6437 6435 6434
f 6444 6434 6433
f 6436 6433 6516
f 6511 6516 6515
f 6514 6515 6509
f 6404 6411 6409
f 6406 6409 6380
f 6429 6380 6371
f 6435 6371 6379
f 6434 6379 6432
f 6433 6432 6508
f 6516 6508 6506
f 6515 6506 6507
f 6411 6394 6387
f 6409 6387 6377
f 6380 6377 6374
f 6371 6374 6372
f 6379 6372 6373
f 6432 6373 6431
f 6508 6431 6430
f 6506 6430 6493
f 6394 6395 6385
f 6387 6385 6399
f 6377 6399 6381
f 6374 6381 6378
f 6372 6378 6376
f 6373 6376 6375
f 6431 6375 6490
f 6430 6490 6491
f 6395 6388 6398
f 6385 6398 6386
f 6399 6386 6389
f 6381 6389 6384
f 6378 6384 6383
f 6376 6383 6382
f 6375 6382 6498
f 6490 6498 6499
f 6419 6427 6423
f 6427 6390 6422
f 6390 6396 6392
f 6396 6391 6393
f 6391 6110 6404
f 6110 6112 6411
f 6112 6101 6394
f 6101 6397 6395
f 6076 6084 6078
f 6087 6078 6079
f 6086 6079 6090
f 6109 6090 6091
f 6111 6091 6102
f 6401 6102 6414
f 6400 6414 6413
f 6402 6413 6427
f 6084 6122 6118
f 6078 6118 6082
f 6079 6082 6092
f 6090 6092 6093
f 6091 6093 6410
f 6102 6410 6403
f 6414 6403 6405
f 6413 6405 6390
f 6122 6116 6120
f 6118 6120 6121
f 6082 6121 6094
f 6092 6094 6097
f 6093 6097 6408
f 6410 6408 6407
f 6403 6407 6412
f 6405 6412 6396
f 6116 6123 6127
f 6120 6127 6128
f 6121 6128 6098
f 6094 6098 6099
f 6097 6099 6103
f 6408 6103 6104
f 6407 6104 6105
f 6412 6105 6391
f 6123 6124 6130
f 6127 6130 6205
f 6128 6205 6191
f 6098 6191 6100
f 6099 6100 6115
f 6103 6115 6106
f 6104 6106 6108
f 6105 6108 6110
f 6124 6125 6126
f 6130 6126 6096
f 6205 6096 6199
f 6191 6199 6198
f 6100 6198 6095
f 6115 6095 6114
f 6106 6114 6113
f 6108 6113 6112
f 6125 6200 6196
f 6126 6196 6195
f 6096 6195 6194
f 6199 6194 6137
f 6198 6137 6138
f 6095 6138 6139
f 6114 6139 6107
f 6113 6107 6101
f 6200 6220 6192
f 6196 6192 6140
f 6195 6140 6141
f 6194 6141 6142
f 6137 6142 6143
f 6138 6143 6144
f 6139 6144 6145
f 6107 6145 6397
f 6220 6197 6203
f 6192 6203 6204
f 6140 6204 6131
f 6141 6131 6132
f 6142 6132 6133
f 6143 6133 6134
f 6144 6134 6135
f 6145 6135 6136
f 6088 6081 6084
f 6081 6074 6122
f 6074 6129 6116
f 6129 6119 6123
f 6119 6117 6124
f 6117 6213 6125
f 6213 6212 6200
f 6212 6208 6220
f 6166 6168 6161
f 6162 6161 6175
f 6165 6175 6154
f 6150 6154 6156
f 6149 6156 6157
f 6148 6157 6158
f 6147 6158 6080
f 6089 6080 6081
f 6168 6169 6172
f 6161 6172 6171
f 6175 6171 6085
f 6154 6085 6160
f 6156 6160 6159
f 6157 6159 6146
f 6158 6146 6153
f 6080 6153 6074
f 6169 6306 6365
f 6172 6365 6174
f 6171 6174 6083
f 6085 6083 6071
f 6160 6071 6217
f 6159 6217 6216
f 6146 6216 6155
f 6153 6155 6129
f 6306 6305 6186
f 6365 6186 6359
f 6174 6359 6187
f 6083 6187 6152
f 6071 6152 6077
f 6217 6077 6214
f 6216 6214 6075
f 6155 6075 6119
f 6305 6303 6366
f 6186 6366 6367
f 6359 6367 6368
f 6187 6368 6185
f 6152 6185 6151
f 6077 6151 6073
f 6214 6073 6072
f 6075 6072 6117
f 6303 6188 6184
f 6366 6184 6323
f 6367 6323 6369
f 6368 6369 6209
f 6185 6209 6210
f 6151 6210 6211
f 6073 6211 6206
f 6072 6206 6213
f 6188 6190 6183
f 6184 6183 6318
f 6323 6318 6319
f 6369 6319 6219
f 6209 6219 6218
f 6210 6218 6215
f 6211 6215 6207
f 6206 6207 6212
f 6190 6315 6182
f 6183 6182 6324
f 6318 6324 6325
f 6319 6325 6181
f 6219 6181 6180
f 6218 6180 6179
f 6215 6179 6193
f 6207 6193 6208
f 6315 6320 6312
f 6182 6312 6317
f 6324 6317 6316
f 6325 6316 6313
f 6181 6313 6178
f 6180 6178 6176
f 6179 6176 6201
f 6193 6201 6202
f 6163 6170 6168
f 6170 6173 6169
f 6173 6302 6306
f 6302 6296 6305
f 6296 6307 6303
f 6307 6177 6188
f 6177 6189 6190
f 6189 6321 6315
f 6326 6329 6333
f 6330 6333 6327
f 6331 6327 6328
f 6339 6328 6341
f 6345 6341 6338
f 6332 6338 6342
f 6167 6342 6343
f 6164 6343 6170
f 6329 6252 6334
f 6333 6334 6335
f 6327 6335 6336
f 6328 6336 6337
f 6341 6337 6346
f 6338 6346 6370
f 6342 6370 6347
f 6343 6347 6173
f 6252 6251 6263
f 6334 6263 6348
f 6335 6348 6349
f 6336 6349 6354
f 6337 6354 6344
f 6346 6344 6358
f 6370 6358 6355
f 6347 6355 6302
f 6251 6262 6260
f 6263 6260 6264
f 6348 6264 6353
f 6349 6353 6352
f 6354 6352 6351
f 6344 6351 6350
f 6358 6350 6363
f 6355 6363 6296
f 6262 6258 6228
f 6260 6228 6300
f 6264 6300 6299
f 6353 6299 6298
f 6352 6298 6308
f 6351 6308 6362
f 6350 6362 6360
f 6363 6360 6307
f 6258 6250 6225
f 6228 6225 6304
f 6300 6304 6301
f 6299 6301 6242
f 6298 6242 6243
f 6308 6243 6356
f 6362 6356 6357
f 6360 6357 6177
f 6250 6227 6222
f 6225 6222 6246
f 6304 6246 6241
f 6301 6241 6240
f 6242 6240 6238
f 6243 6238 6361
f 6356 6361 6364
f 6357 6364 6189
f 6227 6229 6237
f 6222 6237 6226
f 6246 6226 6239
f 6241 6239 6244
f 6240 6244 6322
f 6238 6322 6309
f 6361 6309 6310
f 6364 6310 6321
f 6229 6233 6234
f 6237 6234 6231
f 6226 6231 6236
f 6239 6236 6248
f 6244 6248 6314
f 6322 6314 6247
f 6309 6247 6297
f 6310 6297 6311
f 6340 6255 6329
f 6255 6253 6252
f 6253 6259 6251
f 6259 6245 6262
f 6245 6249 6258
f 6249 6221 6250
f 6221 6230 6227
f 6230 6232 6229
f 6290 4890 6281
f 4894 6281 6275
f 4895 6275 6272
f 6273 6272 6271
f 6289 6271 6254
f 6287 6254 6257
f 6261 6257 6256
f 6265 6256 6255
f 4890 4891 6267
f 6281 6267 6292
f 6275 6292 6268
f 6272 6268 6269
f 6271 6269 6270
f 6254 6270 6282
f 6257 6282 6284
f 6256 6284 6253
f 4891 4888 4902
f 6267 4902 6274
f 6292 6274 6285
f 6268 6285 6286
f 6269 6286 6276
f 6270 6276 6266
f 6282 6266 6280
f 6284 6280 6259
f 4888 4903 4901
f 4902 4901 6279
f 6274 6279 4900
f 6285 4900 4899
f 6286 4899 6278
f 6276 6278 6283
f 6266 6283 6277
f 6280 6277 6245
f 4903 4892 4898
f 4901 4898 4858
f 6279 4858 6295
f 4900 6295 6294
f 4899 6294 6293
f 6278 6293 6291
f 6283 6291 6224
f 6277 6224 6249
f 4892 4883 4881
f 4898 4881 4897
f 4858 4897 4896
f 6295 4896 4861
f 6294 4861 4860
f 6293 4860 4859
f 6291 4859 6288
f 6224 6288 6221
f 4883 4952 4887
f 4881 4887 4874
f 4897 4874 4884
f 4896 4884 4869
f 4861 4869 4870
f 4860 4870 4871
f 4859 4871 6223
f 6288 6223 6230
f 4952 4960 4951
f 4887 4951 4872
f 4874 4872 4879
f 4884 4879 4875
f 4869 4875 4873
f 4870 4873 4862
f 4871 4862 4868
f 6223 4868 6232
f 4960 4882 4885
f 4951 4885 4886
f 4872 4886 4863
f 4879 4863 4867
f 4875 4867 4866
f 4873 4866 4865
f 4862 4865 4864
f 4868 4864 6235
f 4893 4926 4890
f 4926 4916 4891
f 4916 4909 4888
f 4909 4913 4903
f 4913 4889 4892
f 4889 4876 4883
f 4876 4953 4952
f 4953 4950 4960
f 4993 4972 4967
f 4963 4967 4969
f 4929 4969 4932
f 4930 4932 4931
f 4918 4931 4928
f 4919 4928 4924
f 4920 4924 4927
f 4921 4927 4926
f 4972 4973 4970
f 4967 4970 4971
f 4969 4971 4965
f 4932 4965 4917
f 4931 4917 4925
f 4928 4925 4923
f 4924 4923 4922
f 4927 4922 4916
f 4973 4992 4977
f 4970 4977 4975
f 4971 4975 4976
f 4965 4976 4906
f 4917 4906 4907
f 4925 4907 4908
f 4923 4908 4904
f 4922 4904 4909
f 4992 4991 4980
f 4977 4980 4974
f 4975 4974 4964
f 4976 4964 4968
f 4906 4968 4910
f 4907 4910 4911
f 4908 4911 4912
f 4904 4912 4913
f 4991 4978 4983
f 4980 4983 4979
f 4974 4979 4966
f 4964 4966 4914
f 4968 4914 4880
f 4910 4880 4915
f 4911 4915 4905
f 4912 4905 4889
f 4978 4984 4982
f 4983 4982 4981
f 4979 4981 4941
f 4966 4941 4959
f 4914 4959 4958
f 4880 4958 4878
f 4915 4878 4877
f 4905 4877 4876
f 4984 5110 5098
f 4982 5098 4934
f 4981 4934 4937
f 4941 4937 4957
f 4959 4957 4956
f 4958 4956 4955
f 4878 4955 4954
f 4877 4954 4953
f 5110 4943 4940
f 5098 4940 4939
f 4934 4939 4938
f 4937 4938 4935
f 4957 4935 4936
f 4956 4936 4948
f 4955 4948 4949
f 4954 4949 4950
f 4943 5099 4942
f 4940 4942 4933
f 4939 4933 4947
f 4938 4947 4946
f 4935 4946 4945
f 4936 4945 4944
f 4948 4944 4962
f 4949 4962 4961
f 4994 5000 4972
f 5000 4995 4973
f 4995 4987 4992
f 4987 4990 4991
f 4990 4988 4978
f 4988 5111 4984
f 5111 5106 5110
f 5106 5101 4943
f 5150 5147 5149
f 5145 5149 5151
f 5143 5151 5144
f 5142 5144 5156
f 5004 5156 5003
f 5005 5003 5002
f 5006 5002 5001
f 4999 5001 5000
f 5147 5133 5127
f 5149 5127 5155
f 5151 5155 5154
f 5144 5154 5153
f 5156 5153 4998
f 5003 4998 4997
f 5002 4997 4996
f 5001 4996 4995
f 5133 5135 5132
f 5127 5132 5086
f 5155 5086 5152
f 5154 5152 5146
f 5153 5146 5148
f 4998 5148 4985
f 4997 4985 4986
f 4996 4986 4987
f 5135 5025 5131
f 5132 5131 5083
f 5086 5083 5084
f 5152 5084 5085
f 5146 5085 5087
f 5148 5087 5088
f 4985 5088 4989
f 4986 4989 4990
f 5025 5138 5116
f 5131 5116 5112
f 5083 5112 5082
f 5084 5082 5093
f 5085 5093 5096
f 5087 5096 5095
f 5088 5095 5094
f 4989 5094 4988
f 5138 5029 5140
f 5116 5140 5141
f 5112 5141 5126
f 5082 5126 5091
f 5093 5091 5092
f 5096 5092 5090
f 5095 5090 5089
f 5094 5089 5111
f 5029 5031 5117
f 5140 5117 5118
f 5141 5118 5119
f 5126 5119 5120
f 5091 5120 5109
f 5092 5109 5108
f 5090 5108 5107
f 5089 5107 5106
f 5031 5125 5121
f 5117 5121 5122
f 5118 5122 5123
f 5119 5123 5124
f 5120 5124 5104
f 5109 5104 5103
f 5108 5103 5102
f 5107 5102 5101
f 5125 5032 5024
f 5121 5024 5023
f 5122 5023 5115
f 5123 5115 5114
f 5124 5114 5113
f 5104 5113 5097
f 5103 5097 5105
f 5102 5105 5100
f 5136 5130 5147
f 5130 5040 5133
f 5040 5128 5135
f 5128 5028 5025
f 5028 5022 5138
f 5022 5034 5029
f 5034 5035 5031
f 5035 5030 5125
f 5070 5072 5077
f 5080 5077 5076
f 5079 5076 5051
f 5067 5051 5050
f 5041 5050 5047
f 5046 5047 5137
f 5129 5137 5139
f 5134 5139 5130
f 5072 5071 5075
f 5077 5075 5074
f 5076 5074 5053
f 5051 5053 5043
f 5050 5043 5042
f 5047 5042 5038
f 5137 5038 5039
f 5139 5039 5040
f 5071 5269 5261
f 5075 5261 5073
f 5074 5073 5055
f 5053 5055 5056
f 5043 5056 5044
f 5042 5044 5045
f 5038 5045 5037
f 5039 5037 5128
f 5269 5257 5255
f 5261 5255 5069
f 5073 5069 5068
f 5055 5068 5057
f 5056 5057 5058
f 5044 5058 5048
f 5045 5048 5049
f 5037 5049 5028
f 5257 5247 5059
f 5255 5059 5060
f 5069 5060 5061
f 5068 5061 5062
f 5057 5062 5052
f 5058 5052 5027
f 5048 5027 5026
f 5049 5026 5022
f 5247 5254 5063
f 5059 5063 5054
f 5060 5054 5014
f 5061 5014 5064
f 5062 5064 5065
f 5052 5065 5008
f 5027 5008 5033
f 5026 5033 5034
f 5254 5253 5260
f 5063 5260 5066
f 5054 5066 5011
f 5014 5011 5007
f 5064 5007 5015
f 5065 5015 5016
f 5008 5016 5036
f 5033 5036 5035
f 5253 5252 5259
f 5260 5259 5258
f 5066 5258 5017
f 5011 5017 5018
f 5007 5018 5019
f 5015 5019 5020
f 5016 5020 5021
f 5036 5021 5030
f 5252 5236 5248
f 5259 5248 5249
f 5258 5249 5250
f 5017 5250 5251
f 5018 5251 5010
f 5019 5010 5009
f 5020 5009 5012
f 5021 5012 5013
f 5081 5078 5072
f 5078 5266 5071
f 5266 5273 5269
f 5273 5274 5257
f 5274 5276 5247
f 5276 5256 5254
f 5256 5243 5253
f 5243 5244 5252
f 5196 5190 5279
f 5291 5279 5278
f 5287 5278 5280
f 5286 5280 5281
f 5285 5281 5277
f 5264 5277 5267
f 5263 5267 5268
f 5262 5268 5078
f 5190 5197 5200
f 5279 5200 5288
f 5278 5288 5282
f 5280 5282 5283
f 5281 5283 5284
f 5277 5284 5265
f 5267 5265 5271
f 5268 5271 5266
f 5197 5198 5201
f 5200 5201 5304
f 5288 5304 5297
f 5282 5297 5290
f 5283 5290 5289
f 5284 5289 5270
f 5265 5270 5272
f 5271 5272 5273
f 5198 5199 5188
f 5201 5188 5292
f 5304 5292 5301
f 5297 5301 5302
f 5290 5302 5305
f 5289 5305 5303
f 5270 5303 5275
f 5272 5275 5274
f 5199 5159 5160
f 5188 5160 5300
f 5292 5300 5299
f 5301 5299 5298
f 5302 5298 5296
f 5305 5296 5295
f 5303 5295 5294
f 5275 5294 5276
f 5159 5157 5161
f 5160 5161 5162
f 5300 5162 5293
f 5299 5293 5306
f 5298 5306 5237
f 5296 5237 5238
f 5295 5238 5239
f 5294 5239 5256
f 5157 5169 5163
f 5161 5163 5164
f 5162 5164 5165
f 5293 5165 5166
f 5306 5166 5240
f 5237 5240 5242
f 5238 5242 5232
f 5239 5232 5243
f 5169 5181 5182
f 5163 5182 5158
f 5164 5158 5168
f 5165 5168 5167
f 5166 5167 5241
f 5240 5241 5245
f 5242 5245 5246
f 5232 5246 5244
f 5181 5180 5184
f 5182 5184 5183
f 5158 5183 5172
f 5168 5172 5171
f 5167 5171 5170
f 5241 5170 5233
f 5245 5233 5234
f 5246 5234 5235
f 5195 5192 5190
f 5192 5187 5197
f 5187 5189 5198
f 5189 5208 5199
f 5208 5203 5159
f 5203 5175 5157
f 5175 5177 5169
f 5177 5179 5181
f 5323 5326 5325
f 5230 5325 5219
f 5217 5219 5220
f 5223 5220 5231
f 5222 5231 5225
f 5221 5225 5226
f 5218 5226 5193
f 5194 5193 5192
f 5326 5327 5324
f 5325 5324 5329
f 5219 5329 5228
f 5220 5228 5229
f 5231 5229 5224
f 5225 5224 5227
f 5226 5227 5191
f 5193 5191 5187
f 5327 5322 5332
f 5324 5332 5333
f 5329 5333 5204
f 5228 5204 5205
f 5229 5205 5206
f 5224 5206 5213
f 5227 5213 5214
f 5191 5214 5189
f 5322 5357 5334
f 5332 5334 5335
f 5333 5335 5216
f 5204 5216 5212
f 5205 5212 5207
f 5206 5207 5210
f 5213 5210 5202
f 5214 5202 5208
f 5357 5355 5366
f 5334 5366 5340
f 5335 5340 5341
f 5216 5341 5342
f 5212 5342 5209
f 5207 5209 5215
f 5210 5215 5211
f 5202 5211 5203
f 5355 5358 5365
f 5366 5365 5364
f 5340 5364 5345
f 5341 5345 5346
f 5342 5346 5347
f 5209 5347 5173
f 5215 5173 5174
f 5211 5174 5175
f 5358 5381 5363
f 5365 5363 5362
f 5364 5362 5349
f 5345 5349 5350
f 5346 5350 5351
f 5347 5351 5348
f 5173 5348 5176
f 5174 5176 5177
f 5381 5372 5361
f 5363 5361 5360
f 5362 5360 5359
f 5349 5359 5339
f 5350 5339 5343
f 5351 5343 5344
f 5348 5344 5178
f 5176 5178 5179
f 5372 5368 5356
f 5361 5356 5352
f 5360 5352 5354
f 5359 5354 5353
f 5339 5353 5337
f 5343 5337 5338
f 5344 5338 5186
f 5178 5186 5185
f 5328 5331 5326
f 5331 5330 5327
f 5330 5320 5322
f 5320 5318 5357
f 5318 5375 5355
f 5375 5377 5358
f 5377 5380 5381
f 5380 5371 5372
f 5437 5434 5417
f 5413 5417 5426
f 5412 5426 5425
f 5414 5425 5424
f 5416 5424 5316
f 5319 5316 5315
f 5321 5315 5314
f 5336 5314 5331
f 5434 5435 5441
f 5417 5441 5423
f 5426 5423 5415
f 5425 5415 5422
f 5424 5422 5310
f 5316 5310 5309
f 5315 5309 5308
f 5314 5308 5330
f 5435 5436 5439
f 5441 5439 5438
f 5423 5438 5421
f 5415 5421 5420
f 5422 5420 5312
f 5310 5312 5311
f 5309 5311 5307
f 5308 5307 5320
f 5436 5430 5431
f 5439 5431 5433
f 5438 5433 5432
f 5421 5432 5418
f 5420 5418 5419
f 5312 5419 5313
f 5311 5313 5317
f 5307 5317 5318
f 5430 5405 5411
f 5431 5411 5429
f 5433 5429 5395
f 5432 5395 5394
f 5418 5394 5392
f 5419 5392 5374
f 5313 5374 5369
f 5317 5369 5375
f 5405 5402 5410
f 5411 5410 5409
f 5429 5409 5387
f 5395 5387 5386
f 5394 5386 5385
f 5392 5385 5370
f 5374 5370 5376
f 5369 5376 5377
f 5402 5401 5404
f 5410 5404 5403
f 5409 5403 5382
f 5387 5382 5383
f 5386 5383 5388
f 5385 5388 5378
f 5370 5378 5379
f 5376 5379 5380
f 5401 5906 5398
f 5404 5398 5399
f 5403 5399 5400
f 5382 5400 5389
f 5383 5389 5390
f 5388 5390 5384
f 5378 5384 5373
f 5379 5373 5371
f 5906 5897 5900
f 5398 5900 5397
f 5399 5397 5407
f 5400 5407 5408
f 5389 5408 5396
f 5390 5396 5393
f 5384 5393 5391
f 5373 5391 5367
f 5427 5440 5434
f 5440 5449 5435
f 5449 5446 5436
f 5446 5444 5430
f 5444 5891 5405
f 5891 5880 5402
f 5880 5406 5401
f 5406 5898 5906
f 5844 5853 5842
f 5840 5842 5843
f 5833 5843 5838
f 5834 5838 5846
f 5835 5846 5455
f 5456 5455 5454
f 5443 5454 5453
f 5428 5453 5440
f 5853 5854 5847
f 5842 5847 5845
f 5843 5845 5841
f 5838 5841 5839
f 5846 5839 5452
f 5455 5452 5451
f 5454 5451 5450
f 5453 5450 5449
f 5854 5855 5851
f 5847 5851 5832
f 5845 5832 5837
f 5841 5837 5836
f 5839 5836 5448
f 5452 5448 5442
f 5451 5442 5447
f 5450 5447 5446
f 5855 5856 5849
f 5851 5849 5848
f 5832 5848 5889
f 5837 5889 5888
f 5836 5888 5887
f 5448 5887 5879
f 5442 5879 5445
f 5447 5445 5444
f 5856 5809 5871
f 5849 5871 5876
f 5848 5876 5877
f 5889 5877 5878
f 5888 5878 5882
f 5887 5882 5883
f 5879 5883 5884
f 5445 5884 5891
f 5809 5864 5810
f 5871 5810 5865
f 5876 5865 5869
f 5877 5869 5890
f 5878 5890 5886
f 5882 5886 5885
f 5883 5885 5881
f 5884 5881 5880
f 5864 5757 5867
f 5810 5867 5868
f 5865 5868 5870
f 5869 5870 5894
f 5890 5894 5893
f 5886 5893 5895
f 5885 5895 5896
f 5881 5896 5406
f 5757 5758 5872
f 5867 5872 5873
f 5868 5873 5874
f 5870 5874 5875
f 5894 5875 5904
f 5893 5904 5899
f 5895 5899 5892
f 5896 5892 5898
f 5758 5771 5768
f 5872 5768 5767
f 5873 5767 5862
f 5874 5862 5863
f 5875 5863 5903
f 5904 5903 5902
f 5899 5902 5905
f 5892 5905 5901
f 5852 5850 5853
f 5850 5861 5854
f 5861 5858 5855
f 5858 5857 5856
f 5857 5805 5809
f 5805 5866 5864
f 5866 5764 5757
f 5764 5766 5758
f 5793 5788 5797
f 5795 5797 5789
f 5825 5789 5826
f 5823 5826 5827
f 5820 5827 5828
f 5819 5828 5829
f 5818 5829 5817
f 5821 5817 5850
f 5788 5800 5801
f 5797 5801 5798
f 5789 5798 5803
f 5826 5803 5824
f 5827 5824 5830
f 5828 5830 5822
f 5829 5822 5831
f 5817 5831 5861
f 5800 5772 5790
f 5801 5790 5791
f 5798 5791 5792
f 5803 5792 5816
f 5824 5816 5806
f 5830 5806 5860
f 5822 5860 5859
f 5831 5859 5858
f 5772 5796 5799
f 5790 5799 5784
f 5791 5784 5815
f 5792 5815 5814
f 5816 5814 5813
f 5806 5813 5812
f 5860 5812 5811
f 5859 5811 5857
f 5796 6008 5996
f 5799 5996 5995
f 5784 5995 5782
f 5815 5782 5781
f 5814 5781 5808
f 5813 5808 5807
f 5812 5807 5804
f 5811 5804 5805
f 6008 6007 6001
f 5996 6001 5992
f 5995 5992 5778
f 5782 5778 5759
f 5781 5759 5760
f 5808 5760 5761
f 5807 5761 5802
f 5804 5802 5866
f 6007 5993 6003
f 6001 6003 5981
f 5992 5981 5773
f 5778 5773 5774
f 5759 5774 5775
f 5760 5775 5762
f 5761 5762 5763
f 5802 5763 5764
f 5993 5994 5776
f 6003 5776 5777
f 5981 5777 5991
f 5773 5991 5779
f 5774 5779 5780
f 5775 5780 5783
f 5762 5783 5765
f 5763 5765 5766
f 5994 5984 5989
f 5776 5989 5988
f 5777 5988 5987
f 5991 5987 5986
f 5779 5986 5985
f 5780 5985 5786
f 5783 5786 5770
f 5765 5770 5769
f 5794 5787 5788
f 5787 6018 5800
f 6018 5785 5772
f 5785 6006 5796
f 6006 6009 6008
f 6009 6010 6007
f 6010 6000 5993
f 6000 6002 5994
f 6039 6026 6038
f 6031 6038 6020
f 6030 6020 6037
f 6016 6037 6021
f 6014 6021 6005
f 6013 6005 6022
f 6011 6022 6023
f 6012 6023 5787
f 6026 6035 6028
f 6038 6028 6029
f 6020 6029 6024
f 6037 6024 6025
f 6021 6025 6015
f 6005 6015 5999
f 6022 5999 6019
f 6023 6019 6018
f 6035 6034 6040
f 6028 6040 6060
f 6029 6060 6017
f 6024 6017 6057
f 6025 6057 6058
f 6015 6058 6069
f 5999 6069 5998
f 6019 5998 5785
f 6034 5922 5936
f 6040 5936 6041
f 6060 6041 6066
f 6017 6066 6067
f 6057 6067 6068
f 6058 6068 5997
f 6069 5997 6004
f 5998 6004 6006
f 5922 5947 5935
f 5936 5935 6053
f 6041 6053 6064
f 6066 6064 6055
f 6067 6055 6056
f 6068 6056 6065
f 5997 6065 6070
f 6004 6070 6009
f 5947 5946 5949
f 5935 5949 6046
f 6053 6046 6052
f 6064 6052 6059
f 6055 6059 6061
f 6056 6061 6044
f 6065 6044 6045
f 6070 6045 6010
f 5946 5945 5948
f 5949 5948 5943
f 6046 5943 5938
f 6052 5938 5940
f 6059 5940 6062
f 6061 6062 6063
f 6044 6063 6051
f 6045 6051 6000
f 5945 5937 5961
f 5948 5961 5960
f 5943 5960 6050
f 5938 6050 6049
f 5940 6049 6048
f 6062 6048 5983
f 6063 5983 5982
f 6051 5982 6002
f 5937 5950 5964
f 5961 5964 5953
f 5960 5953 5965
f 6050 5965 6054
f 6049 6054 6043
f 6048 6043 5990
f 5983 5990 6042
f 5982 6042 6047
f 6032 6036 6026
f 6036 6027 6035
f 6027 5976 6034
f 5976 5927 5922
f 5927 5939 5947
f 5939 5942 5946
f 5942 5954 5945
f 5954 5952 5937
f 5920 5908 5917
f 5907 5917 5916
f 5919 5916 5915
f 5921 5915 5914
f 5923 5914 5934
f 5924 5934 5933
f 5926 5933 5932
f 6033 5932 6036
f 5908 5465 5911
f 5917 5911 5910
f 5916 5910 5909
f 5915 5909 5931
f 5914 5931 5930
f 5934 5930 5980
f 5933 5980 5979
f 5932 5979 6027
f 5465 5464 5913
f 5911 5913 5918
f 5910 5918 5929
f 5909 5929 5928
f 5931 5928 5967
f 5930 5967 5978
f 5980 5978 5977
f 5979 5977 5976
f 5464 5508 5512
f 5913 5512 5975
f 5918 5975 5974
f 5929 5974 5925
f 5928 5925 5959
f 5967 5959 5973
f 5978 5973 5972
f 5977 5972 5927
f 5508 5507 5511
f 5512 5511 5502
f 5975 5502 5971
f 5974 5971 5970
f 5925 5970 5958
f 5959 5958 5969
f 5973 5969 5944
f 5972 5944 5939
f 5507 5506 5510
f 5511 5510 5528
f 5502 5528 5531
f 5971 5531 5966
f 5970 5966 5968
f 5958 5968 5957
f 5969 5957 5941
f 5944 5941 5942
f 5506 5505 5509
f 5510 5509 5527
f 5528 5527 5526
f 5531 5526 5525
f 5966 5525 5524
f 5968 5524 5956
f 5957 5956 5955
f 5941 5955 5954
f 5505 5500 5494
f 5509 5494 5523
f 5527 5523 5522
f 5526 5522 5521
f 5525 5521 5520
f 5524 5520 5519
f 5956 5519 5951
f 5955 5951 5952
f 5500 5493 5490
f 5494 5490 5489
f 5523 5489 5530
f 5522 5530 5518
f 5521 5518 5529
f 5520 5529 5517
f 5519 5517 5962
f 5951 5962 5963
f 5912 5470 5908
f 5470 5466 5465
f 5466 5458 5464
f 5458 5503 5508
f 5503 5516 5507
f 5516 5515 5506
f 5515 5514 5505
f 5514 5513 5500
f 5544 5546 5542
f 5537 5542 5532
f 5480 5532 5483
f 5481 5483 5482
f 5460 5482 5468
f 5461 5468 5457
f 5462 5457 5469
f 5463 5469 5470
f 5546 5545 5541
f 5542 5541 5540
f 5532 5540 5484
f 5483 5484 5485
f 5482 5485 5473
f 5468 5473 5467
f 5457 5467 5471
f 5469 5471 5466
f 5545 5580 5578
f 5541 5578 5577
f 5540 5577 5579
f 5484 5579 5486
f 5485 5486 5472
f 5473 5472 5474
f 5467 5474 5459
f 5471 5459 5458
f 5580 5581 5588
f 5578 5588 5587
f 5577 5587 5586
f 5579 5586 5585
f 5486 5585 5479
f 5472 5479 5477
f 5474 5477 5504
f 5459 5504 5503
f 5581 5563 5598
f 5588 5598 5591
f 5587 5591 5582
f 5586 5582 5590
f 5585 5590 5488
f 5479 5488 5475
f 5477 5475 5476
f 5504 5476 5516
f 5563 5564 5605
f 5598 5605 5593
f 5591 5593 5584
f 5582 5584 5583
f 5590 5583 5487
f 5488 5487 5501
f 5475 5501 5478
f 5476 5478 5515
f 5564 5565 5575
f 5605 5575 5595
f 5593 5595 5596
f 5584 5596 5597
f 5583 5597 5495
f 5487 5495 5496
f 5501 5496 5497
f 5478 5497 5514
f 5565 5574 5576
f 5575 5576 5600
f 5595 5600 5601
f 5596 5601 5602
f 5597 5602 5603
f 5495 5603 5498
f 5496 5498 5499
f 5497 5499 5513
f 5574 5566 5567
f 5576 5567 5592
f 5600 5592 5606
f 5601 5606 5604
f 5602 5604 5599
f 5603 5599 5492
f 5498 5492 5594
f 5499 5594 5491
f 5538 5534 5546
f 5534 5536 5545
f 5536 5589 5580
f 5589 5573 5581
f 5573 5571 5563
f 5571 5569 5564
f 5569 5568 5565
f 5568 5688 5574
f 5748 5749 5755
f 5750 5755 5754
f 5751 5754 5559
f 5752 5559 5558
f 5756 5558 5549
f 5560 5549 5557
f 5543 5557 5535
f 5539 5535 5534
f 5749 5747 5742
f 5755 5742 5743
f 5754 5743 5744
f 5559 5744 5556
f 5558 5556 5561
f 5549 5561 5555
f 5557 5555 5533
f 5535 5533 5536
f 5747 5731 5726
f 5742 5726 5745
f 5743 5745 5746
f 5744 5746 5552
f 5556 5552 5551
f 5561 5551 5550
f 5555 5550 5547
f 5533 5547 5589
f 5731 5717 5725
f 5726 5725 5724
f 5745 5724 5753
f 5746 5753 5684
f 5552 5684 5548
f 5551 5548 5553
f 5550 5553 5554
f 5547 5554 5573
f 5717 5719 5723
f 5725 5723 5722
f 5724 5722 5683
f 5753 5683 5682
f 5684 5682 5687
f 5548 5687 5572
f 5553 5572 5562
f 5554 5562 5571
f 5719 5721 5718
f 5723 5718 5715
f 5722 5715 5712
f 5683 5712 5690
f 5682 5690 5685
f 5687 5685 5693
f 5572 5693 5570
f 5562 5570 5569
f 5721 5697 5707
f 5718 5707 5706
f 5715 5706 5705
f 5712 5705 5704
f 5690 5704 5689
f 5685 5689 5686
f 5693 5686 5694
f 5570 5694 5568
f 5697 5651 5703
f 5707 5703 5702
f 5706 5702 5701
f 5705 5701 5699
f 5704 5699 5698
f 5689 5698 5692
f 5686 5692 5691
f 5694 5691 5688
f 5651 5649 5648
f 5703 5648 5700
f 5702 5700 5711
f 5701 5711 5710
f 5699 5710 5709
f 5698 5709 5708
f 5692 5708 5695
f 5691 5695 5696
f 5730 5734 5749
f 5734 5740 5747
f 5740 5737 5731
f 5737 5720 5717
f 5720 5714 5719
f 5714 5713 5721
f 5713 5641 5697
f 5641 5637 5651
f 5613 5614 5615
f 5610 5615 5616
f 5609 5616 5617
f 5612 5617 5624
f 5623 5624 5736
f 5727 5736 5735
f 5728 5735 5733
f 5729 5733 5734
f 5614 5607 5618
f 5615 5618 5619
f 5616 5619 5620
f 5617 5620 5625
f 5624 5625 5622
f 5736 5622 5732
f 5735 5732 5741
f 5733 5741 5740
f 5607 5608 5611
f 5618 5611 5621
f 5619 5621 5626
f 5620 5626 5630
f 5625 5630 5636
f 5622 5636 5739
f 5732 5739 5738
f 5741 5738 5737
f 5608 5661 5659
f 5611 5659 5658
f 5621 5658 5635
f 5626 5635 5634
f 5630 5634 5633
f 5636 5633 5632
f 5739 5632 5631
f 5738 5631 5720
f 5661 5675 5656
f 5659 5656 5655
f 5658 5655 5652
f 5635 5652 5629
f 5634 5629 5628
f 5633 5628 5627
f 5632 5627 5716
f 5631 5716 5714
f 5675 5671 5670
f 5656 5670 5681
f 5655 5681 5653
f 5652 5653 5654
f 5629 5654 5642
f 5628 5642 5643
f 5627 5643 5638
f 5716 5638 5713
f 5671 5679 5678
f 5670 5678 5677
f 5681 5677 5676
f 5653 5676 5660
f 5654 5660 5646
f 5642 5646 5645
f 5643 5645 5644
f 5638 5644 5641
f 5679 5680 5663
f 5678 5663 5674
f 5677 5674 5673
f 5676 5673 5665
f 5660 5665 5666
f 5646 5666 5640
f 5645 5640 5639
f 5644 5639 5637
f 5680 5672 5669
f 5663 5669 5657
f 5674 5657 5667
f 5673 5667 5668
f 5665 5668 5662
f 5666 5662 5664
f 5640 5664 5650
f 5639 5650 5647
